id_etudiant,filiere,niveau,moyenne_generale,note_algorithmique,note_poo,note_génie_logiciel,note_bdd,note_architecture,note_ia,note_web,note_réseaux,note_tcp/ip,note_sécurité_réseau,note_administration_linux,note_télécoms,note_statistiques,note_python,note_big_data,note_visualisation,note_électronique,note_programmation_c,note_microcontrôleurs,note_fpga,note_temps_réel,note_cryptographie,note_forensics,note_pentesting,note_osint,note_mobile,note_cloud,competences,interets,sujet_choisi,domaine_cible
ETU-0001,Génie Informatique,Licence 3,12.99,8.3,0.0,0.0,11.3,0.0,16.8,16.1,10.7,0.0,0.0,0.0,0.0,0.0,0.0,0.0,0.0,0.0,0.0,0.0,0.0,0.0,0.0,0.0,0.0,0.0,18.7,9.0,scikit-learn|TensorFlow|Pandas|MongoDB|MySQL|Kotlin,data science|analyse|électronique|infrastructure,Classification automatique des documents administratifs par NLP,IA / Machine Learning
ETU-0002,Génie Logiciel,Licence 3,11.39,12.6,12.3,12.1,11.2,8.5,13.5,9.5,0.0,0.0,0.0,0.0,0.0,0.0,0.0,0.0,0.0,0.0,0.0,0.0,0.0,0.0,0.0,0.0,0.0,0.0,0.0,0.0,Pandas|Raspberry Pi|Linux|Kubernetes|Pentesting|VHDL,statistiques|automatisation,Analyse de sentiment des réseaux sociaux pour les élections africaines,IA / Machine Learning
ETU-0003,Data Science,Master 1,13.68,0.0,0.0,0.0,0.0,0.0,10.1,0.0,0.0,0.0,0.0,0.0,0.0,10.5,19.2,15.8,15.3,0.0,0.0,0.0,0.0,0.0,0.0,0.0,0.0,0.0,0.0,0.0,FastAPI|Flutter|Cryptographie|Cisco,infrastructure|protection des données|recherche|automatisation,Reconnaissance vocale pour les langues locales africaines,IA / Machine Learning
ETU-0004,Réseaux et Télécommunications,Master 1,14.24,0.0,0.0,0.0,0.0,0.0,0.0,0.0,9.7,16.9,14.5,17.0,13.1,0.0,0.0,0.0,0.0,0.0,0.0,0.0,0.0,0.0,0.0,0.0,0.0,0.0,0.0,0.0,Pentesting|MySQL|Node.js|Kotlin|Swift|Pandas,e-commerce|applications web,Application mobile de paiement via mobile money pour petits commerçants,Mobile
ETU-0005,Génie Informatique,Master 2,13.67,9.4,0.0,0.0,18.6,0.0,17.2,12.1,17.0,0.0,0.0,0.0,0.0,0.0,0.0,0.0,0.0,0.0,0.0,0.0,0.0,0.0,0.0,0.0,0.0,0.0,11.5,9.9,Redis|Kotlin|HTML/CSS,design UI|hacking éthique|infrastructure|analyse,Application web de gestion des ressources humaines pour PME,Développement Web
ETU-0006,Data Science,Licence 3,13.03,0.0,0.0,0.0,0.0,0.0,8.8,0.0,0.0,0.0,0.0,0.0,0.0,8.7,19.4,9.0,13.8,0.0,0.0,0.0,0.0,0.0,0.0,0.0,0.0,0.0,0.0,0.0,Node.js|Terraform|React Native|Raspberry Pi,protocoles|déploiement,Classification automatique des documents administratifs par NLP,IA / Machine Learning
ETU-0007,Systèmes Embarqués,Master 2,11.22,0.0,0.0,0.0,0.0,0.0,0.0,0.0,0.0,0.0,0.0,0.0,0.0,0.0,0.0,0.0,0.0,13.4,11.0,8.8,8.3,14.6,0.0,0.0,0.0,0.0,0.0,0.0,Python|Deep Learning|AWS|NLP,statistiques|automatisation,Reconnaissance vocale pour les langues locales africaines,IA / Machine Learning
ETU-0008,Réseaux et Télécommunications,Master 1,12.7,0.0,0.0,0.0,0.0,0.0,0.0,0.0,17.7,10.3,9.2,13.2,13.1,0.0,0.0,0.0,0.0,0.0,0.0,0.0,0.0,0.0,0.0,0.0,0.0,0.0,0.0,0.0,NLP|CI/CD|React|Terraform|OWASP|Wireshark,télécommunications|analyse,Simulation d'un réseau de capteurs IoT pour smart city,Réseaux
ETU-0009,Génie Logiciel,Licence 3,12.61,15.8,14.5,8.2,9.1,17.0,10.8,12.9,0.0,0.0,0.0,0.0,0.0,0.0,0.0,0.0,0.0,0.0,0.0,0.0,0.0,0.0,0.0,0.0,0.0,0.0,0.0,0.0,MongoDB|OWASP|NLP|FastAPI|Cryptographie|Python,protocoles|systèmes temps réel|sécurité informatique,Système de recommandation de cours en ligne par apprentissage automatique,IA / Machine Learning
ETU-0010,Génie Informatique,Master 1,13.47,8.7,0.0,0.0,15.0,0.0,18.2,9.9,14.0,0.0,0.0,0.0,0.0,0.0,0.0,0.0,0.0,0.0,0.0,0.0,0.0,0.0,0.0,0.0,0.0,0.0,19.5,9.0,Deep Learning|Docker|ElasticSearch|OWASP,télécommunications|automatisation,Système de détection de fraude bancaire par deep learning,IA / Machine Learning
ETU-0011,Réseaux et Télécommunications,Master 2,15.12,0.0,0.0,0.0,0.0,0.0,0.0,0.0,15.7,13.5,19.1,19.2,8.1,0.0,0.0,0.0,0.0,0.0,0.0,0.0,0.0,0.0,0.0,0.0,0.0,0.0,0.0,0.0,Deep Learning|Arduino|MongoDB,protocoles|startup|applications mobiles|statistiques,Déploiement d'un réseau LAN sécurisé pour établissement scolaire,Réseaux
ETU-0012,Génie Informatique,Master 2,12.83,11.6,0.0,0.0,16.0,0.0,9.6,9.4,19.3,0.0,0.0,0.0,0.0,0.0,0.0,0.0,0.0,0.0,0.0,0.0,0.0,0.0,0.0,0.0,0.0,0.0,9.3,14.6,Linux|Docker|MongoDB|Wireshark|AWS,infrastructure|automatisation|protocoles,Architecture microservices avec Docker et Kubernetes,Cloud / DevOps
ETU-0013,Réseaux et Télécommunications,Master 2,14.62,0.0,0.0,0.0,0.0,0.0,0.0,0.0,13.3,16.5,14.7,9.3,19.3,0.0,0.0,0.0,0.0,0.0,0.0,0.0,0.0,0.0,0.0,0.0,0.0,0.0,0.0,0.0,Arduino|scikit-learn|Pentesting|Assembleur,applications web|robotique|startup|automatisation,Robot de désinfection automatique pour établissements de santé,Systèmes
ETU-0014,Systèmes Embarqués,Master 2,14.9,0.0,0.0,0.0,0.0,0.0,0.0,0.0,0.0,0.0,0.0,0.0,0.0,0.0,0.0,0.0,0.0,17.0,19.1,10.8,10.0,17.6,0.0,0.0,0.0,0.0,0.0,0.0,Forensics|TensorFlow|HTML/CSS|Wireshark,télécommunications|administration réseau|gestion des données,Mise en place d'un réseau WiFi municipal à faible coût,Réseaux
ETU-0015,Réseaux et Télécommunications,Licence 3,13.22,0.0,0.0,0.0,0.0,0.0,0.0,0.0,15.9,12.8,11.3,8.8,17.3,0.0,0.0,0.0,0.0,0.0,0.0,0.0,0.0,0.0,0.0,0.0,0.0,0.0,0.0,0.0,CI/CD|Kotlin|OWASP|Arduino|Wireshark,e-commerce|protocoles,Simulation d'un réseau de capteurs IoT pour smart city,Réseaux
ETU-0016,Génie Logiciel,Master 1,14.13,18.8,10.3,8.5,13.2,14.2,17.7,16.2,0.0,0.0,0.0,0.0,0.0,0.0,0.0,0.0,0.0,0.0,0.0,0.0,0.0,0.0,0.0,0.0,0.0,0.0,0.0,0.0,Pentesting|Kali Linux|Deep Learning|Terraform,protection des données|e-commerce|hacking éthique,Mise en place d'un SIEM pour la détection des intrusions,Cybersécurité
ETU-0017,Cybersécurité,Master 2,11.76,0.0,0.0,0.0,0.0,0.0,0.0,0.0,0.0,0.0,14.6,0.0,0.0,0.0,0.0,0.0,0.0,0.0,0.0,0.0,0.0,0.0,11.6,8.0,11.4,13.2,0.0,0.0,Flutter|Android|MongoDB|Kotlin|React Native,gestion des données|développement web|sécurité informatique|infrastructure,Application mobile de paiement via mobile money pour petits commerçants,Mobile
ETU-0018,Réseaux et Télécommunications,Master 1,15.9,0.0,0.0,0.0,0.0,0.0,0.0,0.0,15.3,17.2,13.5,18.6,14.9,0.0,0.0,0.0,0.0,0.0,0.0,0.0,0.0,0.0,0.0,0.0,0.0,0.0,0.0,0.0,Swift|OWASP|ElasticSearch|Django|Python|React,infrastructure|performance|déploiement,Étude et déploiement de la fibre optique dans une université,Réseaux
ETU-0019,Systèmes Embarqués,Master 2,16.38,0.0,0.0,0.0,0.0,0.0,0.0,0.0,0.0,0.0,0.0,0.0,0.0,0.0,0.0,0.0,0.0,17.8,18.7,13.1,18.9,13.4,0.0,0.0,0.0,0.0,0.0,0.0,React Native|Android|Redis|ElasticSearch,administration réseau|déploiement|automatisation|télécommunications,Conception d'un système d'irrigation automatique intelligent,Systèmes
ETU-0020,Génie Informatique,Licence 3,13.09,8.8,0.0,0.0,12.9,0.0,13.0,10.5,14.5,0.0,0.0,0.0,0.0,0.0,0.0,0.0,0.0,0.0,0.0,0.0,0.0,0.0,0.0,0.0,0.0,0.0,13.0,18.9,VHDL|Cryptographie|React Native,applications mobiles|hacking éthique,Système de géolocalisation des transports en commun à Lomé,Mobile
ETU-0021,Data Science,Master 1,15.82,0.0,0.0,0.0,0.0,0.0,18.1,0.0,0.0,0.0,0.0,0.0,0.0,13.8,16.0,17.6,16.7,0.0,0.0,0.0,0.0,0.0,0.0,0.0,0.0,0.0,0.0,0.0,Kubernetes|Arduino|TensorFlow|OWASP,data science|développement web|robotique|startup,Système de détection de fraude bancaire par deep learning,IA / Machine Learning
ETU-0022,Data Science,Licence 3,13.02,0.0,0.0,0.0,0.0,0.0,8.8,0.0,0.0,0.0,0.0,0.0,0.0,13.6,8.6,19.4,10.7,0.0,0.0,0.0,0.0,0.0,0.0,0.0,0.0,0.0,0.0,0.0,TensorFlow|ElasticSearch|PostgreSQL,applications web|télécommunications,Détection des maladies agricoles par vision par ordinateur,IA / Machine Learning
ETU-0023,Réseaux et Télécommunications,Master 1,12.98,0.0,0.0,0.0,0.0,0.0,0.0,0.0,9.3,8.3,11.7,16.1,19.5,0.0,0.0,0.0,0.0,0.0,0.0,0.0,0.0,0.0,0.0,0.0,0.0,0.0,0.0,0.0,PostgreSQL|Deep Learning|Assembleur|ElasticSearch|React|TCP/IP,e-commerce|automatisation|applications mobiles|robotique,Optimisation de la qualité de service dans les réseaux mobiles 4G,Réseaux
ETU-0024,Génie Informatique,Licence 3,15.26,13.2,0.0,0.0,16.8,0.0,11.2,17.7,19.6,0.0,0.0,0.0,0.0,0.0,0.0,0.0,0.0,0.0,0.0,0.0,0.0,0.0,0.0,0.0,0.0,0.0,14.5,13.8,Assembleur|Cisco|VPN|ElasticSearch|Pandas|CI/CD,télécommunications|systèmes temps réel|fintech,Étude et déploiement de la fibre optique dans une université,Réseaux
ETU-0025,Cybersécurité,Licence 3,12.6,0.0,0.0,0.0,0.0,0.0,0.0,0.0,0.0,0.0,10.3,0.0,0.0,0.0,0.0,0.0,0.0,0.0,0.0,0.0,0.0,0.0,14.2,10.9,12.9,14.7,0.0,0.0,React Native|CI/CD|Swift|Android,développement web|sécurité informatique,Application de suivi de grossesse pour zones rurales,Mobile
ETU-0026,Data Science,Master 2,13.55,0.0,0.0,0.0,0.0,0.0,16.9,0.0,0.0,0.0,0.0,0.0,0.0,13.4,10.8,16.7,11.8,0.0,0.0,0.0,0.0,0.0,0.0,0.0,0.0,0.0,0.0,0.0,PostgreSQL|MongoDB|React Native|Cisco,déploiement|sécurité informatique|design UI|analyse,Optimisation des requêtes dans les systèmes de gestion hospitalière,Bases de données
ETU-0027,Génie Informatique,Master 1,12.16,9.2,0.0,0.0,8.1,0.0,13.7,12.1,11.4,0.0,0.0,0.0,0.0,0.0,0.0,0.0,0.0,0.0,0.0,0.0,0.0,0.0,0.0,0.0,0.0,0.0,19.6,11.0,Vue.js|Deep Learning|OWASP|Swift|CI/CD|VHDL,recherche|applications web|hacking éthique|développement web,Reconnaissance vocale pour les langues locales africaines,IA / Machine Learning
ETU-0028,Data Science,Master 2,16.45,0.0,0.0,0.0,0.0,0.0,19.4,0.0,0.0,0.0,0.0,0.0,0.0,19.9,15.5,15.3,16.9,0.0,0.0,0.0,0.0,0.0,0.0,0.0,0.0,0.0,0.0,0.0,AWS|MongoDB|Redis|Terraform,gestion des données|télécommunications,Système d'archivage intelligent des actes d'état civil,Bases de données
ETU-0029,Génie Logiciel,Master 2,13.14,10.8,11.2,17.5,15.1,17.6,10.4,9.4,0.0,0.0,0.0,0.0,0.0,0.0,0.0,0.0,0.0,0.0,0.0,0.0,0.0,0.0,0.0,0.0,0.0,0.0,0.0,0.0,CI/CD|Django|Cisco|Deep Learning,gestion des données|hacking éthique,Système de gestion des bourses universitaires en ligne,Développement Web
ETU-0030,Systèmes Embarqués,Master 1,10.72,0.0,0.0,0.0,0.0,0.0,0.0,0.0,0.0,0.0,0.0,0.0,0.0,0.0,0.0,0.0,0.0,9.0,8.5,13.2,11.9,11.0,0.0,0.0,0.0,0.0,0.0,0.0,MySQL|VHDL|Assembleur,administration réseau|automatisation,Système embarqué de surveillance de la qualité de l'air,Systèmes
ETU-0031,Systèmes Embarqués,Master 1,11.38,0.0,0.0,0.0,0.0,0.0,0.0,0.0,0.0,0.0,0.0,0.0,0.0,0.0,0.0,0.0,0.0,12.9,11.9,9.3,9.9,12.9,0.0,0.0,0.0,0.0,0.0,0.0,Linux|OWASP|Raspberry Pi|scikit-learn|Flutter|Pandas,protocoles|protection des données|e-commerce,Système de contrôle d'accès biométrique à faible coût,Systèmes
ETU-0032,Cybersécurité,Master 1,15.34,0.0,0.0,0.0,0.0,0.0,0.0,0.0,0.0,0.0,17.1,0.0,0.0,0.0,0.0,0.0,0.0,0.0,0.0,0.0,0.0,0.0,15.5,10.4,14.6,19.1,0.0,0.0,Swift|Vue.js|TensorFlow|Docker|ElasticSearch|FastAPI,intelligence artificielle|électronique|développement web,Portail de téléservices administratifs pour mairies,Développement Web
ETU-0033,Data Science,Master 1,15.83,0.0,0.0,0.0,0.0,0.0,19.1,0.0,0.0,0.0,0.0,0.0,0.0,18.0,10.9,14.6,12.6,0.0,0.0,0.0,0.0,0.0,0.0,0.0,0.0,0.0,0.0,0.0,Deep Learning|Cisco|Forensics|Wireshark,administration réseau|intelligence artificielle|sécurité informatique|hacking éthique,Système de détection de fraude bancaire par deep learning,IA / Machine Learning
ETU-0034,Systèmes Embarqués,Master 1,16.0,0.0,0.0,0.0,0.0,0.0,0.0,0.0,0.0,0.0,0.0,0.0,0.0,0.0,0.0,0.0,0.0,18.4,19.8,10.9,12.6,18.3,0.0,0.0,0.0,0.0,0.0,0.0,scikit-learn|VPN|React Native|Cryptographie|Kubernetes|Django,automatisation|startup|infrastructure,Analyse de sentiment des réseaux sociaux pour les élections africaines,IA / Machine Learning
ETU-0035,Génie Logiciel,Master 1,13.41,17.4,11.2,15.5,12.8,9.0,11.9,16.1,0.0,0.0,0.0,0.0,0.0,0.0,0.0,0.0,0.0,0.0,0.0,0.0,0.0,0.0,0.0,0.0,0.0,0.0,0.0,0.0,VPN|AWS|Swift|Arduino|scikit-learn|Deep Learning,sécurité informatique|infrastructure,Système de recommandation de cours en ligne par apprentissage automatique,IA / Machine Learning
ETU-0036,Data Science,Licence 3,13.4,0.0,0.0,0.0,0.0,0.0,17.5,0.0,0.0,0.0,0.0,0.0,0.0,11.5,9.7,14.4,14.8,0.0,0.0,0.0,0.0,0.0,0.0,0.0,0.0,0.0,0.0,0.0,HTML/CSS|Pandas|Kubernetes|Cryptographie,télécommunications|automatisation|applications web|infrastructure,Reconnaissance vocale pour les langues locales africaines,IA / Machine Learning
ETU-0037,Data Science,Master 2,15.42,0.0,0.0,0.0,0.0,0.0,20.0,0.0,0.0,0.0,0.0,0.0,0.0,11.6,16.3,13.5,11.6,0.0,0.0,0.0,0.0,0.0,0.0,0.0,0.0,0.0,0.0,0.0,React|ElasticSearch|Cryptographie|VHDL|Firewall|Kubernetes,sécurité informatique|data science|santé numérique,Prédiction du taux de décrochage scolaire par machine learning,IA / Machine Learning
ETU-0038,Réseaux et Télécommunications,Master 2,13.32,0.0,0.0,0.0,0.0,0.0,0.0,0.0,17.6,10.6,10.3,11.0,17.1,0.0,0.0,0.0,0.0,0.0,0.0,0.0,0.0,0.0,0.0,0.0,0.0,0.0,0.0,0.0,AWS|React|CI/CD|scikit-learn,IoT|automatisation|UX mobile,Système de sauvegarde automatique dans le cloud pour PME africaines,Cloud / DevOps
ETU-0039,Cybersécurité,Master 1,15.7,0.0,0.0,0.0,0.0,0.0,0.0,0.0,0.0,0.0,11.1,0.0,0.0,0.0,0.0,0.0,0.0,0.0,0.0,0.0,0.0,0.0,18.0,17.9,13.8,17.7,0.0,0.0,Vue.js|Flutter|Deep Learning|Django|MySQL,santé numérique|UX mobile|développement web|intelligence artificielle,Mise en place d'un SIEM pour la détection des intrusions,Cybersécurité
ETU-0040,Systèmes Embarqués,Licence 3,15.54,0.0,0.0,0.0,0.0,0.0,0.0,0.0,0.0,0.0,0.0,0.0,0.0,0.0,0.0,0.0,0.0,15.4,19.3,11.9,15.3,15.8,0.0,0.0,0.0,0.0,0.0,0.0,TCP/IP|CI/CD|Forensics|Vue.js|Node.js|scikit-learn,hacking éthique|automatisation,Robot de désinfection automatique pour établissements de santé,Systèmes
ETU-0041,Génie Informatique,Master 2,12.39,9.9,0.0,0.0,13.0,0.0,13.9,12.9,9.2,0.0,0.0,0.0,0.0,0.0,0.0,0.0,0.0,0.0,0.0,0.0,0.0,0.0,0.0,0.0,0.0,0.0,19.4,8.4,MongoDB|Android|ElasticSearch|Pentesting|React,UX mobile|applications mobiles|recherche|santé numérique,Application mobile de paiement via mobile money pour petits commerçants,Mobile
ETU-0042,Data Science,Licence 3,15.92,0.0,0.0,0.0,0.0,0.0,15.0,0.0,0.0,0.0,0.0,0.0,0.0,19.9,10.5,18.0,14.7,0.0,0.0,0.0,0.0,0.0,0.0,0.0,0.0,0.0,0.0,0.0,Wireshark|Django|Docker|Python,applications web|startup|protocoles,Prédiction du taux de décrochage scolaire par machine learning,IA / Machine Learning
ETU-0043,Génie Logiciel,Licence 3,14.66,16.9,14.3,16.9,13.7,17.3,14.2,9.3,0.0,0.0,0.0,0.0,0.0,0.0,0.0,0.0,0.0,0.0,0.0,0.0,0.0,0.0,0.0,0.0,0.0,0.0,0.0,0.0,Kubernetes|scikit-learn|Terraform|C/C++,systèmes temps réel|data science|recherche,Analyse de sentiment des réseaux sociaux pour les élections africaines,IA / Machine Learning
ETU-0044,Génie Logiciel,Licence 3,14.44,11.3,15.6,14.6,11.9,19.9,14.4,13.4,0.0,0.0,0.0,0.0,0.0,0.0,0.0,0.0,0.0,0.0,0.0,0.0,0.0,0.0,0.0,0.0,0.0,0.0,0.0,0.0,React|Vue.js|Raspberry Pi|MongoDB|Kali Linux|Android,électronique|forensics,Plateforme e-commerce pour artisans locaux au Togo,Développement Web
ETU-0045,Génie Logiciel,Licence 3,14.37,18.0,9.1,9.2,16.9,17.7,14.7,15.0,0.0,0.0,0.0,0.0,0.0,0.0,0.0,0.0,0.0,0.0,0.0,0.0,0.0,0.0,0.0,0.0,0.0,0.0,0.0,0.0,Terraform|Vue.js|Forensics|Firewall|Kali Linux,recherche|sécurité informatique|hacking éthique|applications mobiles,Analyse forensique des incidents de cybersécurité,Cybersécurité
ETU-0046,Cybersécurité,Licence 3,17.74,0.0,0.0,0.0,0.0,0.0,0.0,0.0,0.0,0.0,18.1,0.0,0.0,0.0,0.0,0.0,0.0,0.0,0.0,0.0,0.0,0.0,17.7,19.7,17.8,15.4,0.0,0.0,Docker|Terraform|Cisco,performance|administration réseau,Audit de sécurité des infrastructures informatiques bancaires au Togo,Cybersécurité
ETU-0047,Génie Logiciel,Master 2,13.3,14.4,12.5,13.4,9.9,11.7,11.9,19.3,0.0,0.0,0.0,0.0,0.0,0.0,0.0,0.0,0.0,0.0,0.0,0.0,0.0,0.0,0.0,0.0,0.0,0.0,0.0,0.0,NLP|Django|FastAPI,recherche|développement web|administration réseau|IoT,Portail de téléservices administratifs pour mairies,Développement Web
ETU-0048,Cybersécurité,Master 1,13.02,0.0,0.0,0.0,0.0,0.0,0.0,0.0,0.0,0.0,11.7,0.0,0.0,0.0,0.0,0.0,0.0,0.0,0.0,0.0,0.0,0.0,14.3,10.6,19.8,8.7,0.0,0.0,TCP/IP|MongoDB|Node.js|Redis,protection des données|e-commerce|intelligence artificielle,Sécurisation des applications mobiles de mobile banking,Cybersécurité
ETU-0049,Génie Informatique,Licence 3,12.74,13.2,0.0,0.0,13.5,0.0,11.8,13.2,8.9,0.0,0.0,0.0,0.0,0.0,0.0,0.0,0.0,0.0,0.0,0.0,0.0,0.0,0.0,0.0,0.0,0.0,12.9,15.7,Vue.js|OWASP|TensorFlow|VPN|FastAPI,systèmes temps réel|UX mobile|développement web|robotique,Système de vote électronique sécurisé pour associations étudiantes,Développement Web
ETU-0050,Génie Logiciel,Master 2,15.0,15.6,14.4,10.3,17.3,12.2,19.5,15.7,0.0,0.0,0.0,0.0,0.0,0.0,0.0,0.0,0.0,0.0,0.0,0.0,0.0,0.0,0.0,0.0,0.0,0.0,0.0,0.0,ElasticSearch|React|Django|Redis,performance|applications web,Système de gestion des bourses universitaires en ligne,Développement Web
ETU-0051,Génie Informatique,Master 2,15.1,19.8,0.0,0.0,11.9,0.0,11.8,13.3,19.7,0.0,0.0,0.0,0.0,0.0,0.0,0.0,0.0,0.0,0.0,0.0,0.0,0.0,0.0,0.0,0.0,0.0,13.6,15.6,Assembleur|NLP|Firewall|Kotlin|Deep Learning,systèmes temps réel|IoT|automatisation,Système de recommandation de cours en ligne par apprentissage automatique,IA / Machine Learning
ETU-0052,Systèmes Embarqués,Master 2,11.98,0.0,0.0,0.0,0.0,0.0,0.0,0.0,0.0,0.0,0.0,0.0,0.0,0.0,0.0,0.0,0.0,15.8,11.9,13.7,9.8,8.7,0.0,0.0,0.0,0.0,0.0,0.0,Wireshark|Pandas|Kotlin,performance|automatisation|télécommunications|IoT,Système embarqué de surveillance de la qualité de l'air,Systèmes
ETU-0053,Génie Informatique,Master 2,14.3,12.0,0.0,0.0,12.0,0.0,12.6,11.0,14.7,0.0,0.0,0.0,0.0,0.0,0.0,0.0,0.0,0.0,0.0,0.0,0.0,0.0,0.0,0.0,0.0,0.0,18.2,19.6,Wireshark|Pandas|Assembleur|Terraform,applications mobiles|hacking éthique,Analyse de sentiment des réseaux sociaux pour les élections africaines,IA / Machine Learning
ETU-0054,Génie Informatique,Master 2,15.21,17.9,0.0,0.0,16.9,0.0,14.3,15.8,16.2,0.0,0.0,0.0,0.0,0.0,0.0,0.0,0.0,0.0,0.0,0.0,0.0,0.0,0.0,0.0,0.0,0.0,13.1,12.3,TCP/IP|HTML/CSS|MongoDB|Wireshark|Swift,infrastructure|startup,Simulation d'un réseau de capteurs IoT pour smart city,Réseaux
ETU-0055,Réseaux et Télécommunications,Master 2,15.08,0.0,0.0,0.0,0.0,0.0,0.0,0.0,12.5,9.9,18.0,17.3,17.7,0.0,0.0,0.0,0.0,0.0,0.0,0.0,0.0,0.0,0.0,0.0,0.0,0.0,0.0,0.0,Android|scikit-learn|Forensics|Pentesting,télécommunications|IoT|sécurité informatique|infrastructure,Sécurisation des applications mobiles de mobile banking,Cybersécurité
ETU-0056,Data Science,Master 1,13.52,0.0,0.0,0.0,0.0,0.0,18.5,0.0,0.0,0.0,0.0,0.0,0.0,14.0,9.9,10.4,15.3,0.0,0.0,0.0,0.0,0.0,0.0,0.0,0.0,0.0,0.0,0.0,CI/CD|React Native|Pentesting,design UI|déploiement|e-commerce|sécurité informatique,Classification automatique des documents administratifs par NLP,IA / Machine Learning
ETU-0057,Génie Logiciel,Master 1,13.33,8.6,14.0,10.8,19.9,12.5,8.3,19.2,0.0,0.0,0.0,0.0,0.0,0.0,0.0,0.0,0.0,0.0,0.0,0.0,0.0,0.0,0.0,0.0,0.0,0.0,0.0,0.0,Django|Node.js|scikit-learn|Linux|React Native,startup|cloud computing|IoT|intelligence artificielle,Système de vote électronique sécurisé pour associations étudiantes,Développement Web
ETU-0058,Data Science,Licence 3,13.47,0.0,0.0,0.0,0.0,0.0,18.9,0.0,0.0,0.0,0.0,0.0,0.0,8.6,17.5,13.5,9.3,0.0,0.0,0.0,0.0,0.0,0.0,0.0,0.0,0.0,0.0,0.0,AWS|Kotlin|VHDL,applications web|sécurité informatique,Système de recommandation de cours en ligne par apprentissage automatique,IA / Machine Learning
ETU-0059,Systèmes Embarqués,Master 1,12.58,0.0,0.0,0.0,0.0,0.0,0.0,0.0,0.0,0.0,0.0,0.0,0.0,0.0,0.0,0.0,0.0,8.5,12.6,12.5,17.0,12.3,0.0,0.0,0.0,0.0,0.0,0.0,Firewall|ElasticSearch|Terraform,design UI|forensics|startup|automatisation,Conception d'un système d'irrigation automatique intelligent,Systèmes
ETU-0060,Génie Logiciel,Master 2,12.7,17.3,13.5,11.5,8.5,10.4,8.5,19.2,0.0,0.0,0.0,0.0,0.0,0.0,0.0,0.0,0.0,0.0,0.0,0.0,0.0,0.0,0.0,0.0,0.0,0.0,0.0,0.0,Arduino|React Native|Redis|scikit-learn|PostgreSQL|Linux,recherche|forensics|administration réseau,Système d'archivage intelligent des actes d'état civil,Bases de données
ETU-0061,Data Science,Master 2,12.77,0.0,0.0,0.0,0.0,0.0,10.2,0.0,0.0,0.0,0.0,0.0,0.0,11.2,13.1,13.2,19.9,0.0,0.0,0.0,0.0,0.0,0.0,0.0,0.0,0.0,0.0,0.0,VPN|React|Pandas|Terraform|Linux,IoT|robotique|gestion des données,Système de recommandation de cours en ligne par apprentissage automatique,IA / Machine Learning
ETU-0062,Génie Logiciel,Master 2,15.19,15.7,12.4,17.6,16.2,19.4,9.7,15.3,0.0,0.0,0.0,0.0,0.0,0.0,0.0,0.0,0.0,0.0,0.0,0.0,0.0,0.0,0.0,0.0,0.0,0.0,0.0,0.0,scikit-learn|Node.js|Deep Learning|ElasticSearch|Pentesting|Docker,automatisation|applications web|IoT,Détection des maladies agricoles par vision par ordinateur,IA / Machine Learning
ETU-0063,Génie Logiciel,Master 2,13.87,10.2,14.2,19.0,9.4,17.3,16.4,10.6,0.0,0.0,0.0,0.0,0.0,0.0,0.0,0.0,0.0,0.0,0.0,0.0,0.0,0.0,0.0,0.0,0.0,0.0,0.0,0.0,Swift|PostgreSQL|Vue.js|Node.js|Deep Learning,performance|IoT|développement web,Système de vote électronique sécurisé pour associations étudiantes,Développement Web
ETU-0064,Génie Informatique,Master 2,13.71,19.1,0.0,0.0,15.7,0.0,14.1,9.5,17.5,0.0,0.0,0.0,0.0,0.0,0.0,0.0,0.0,0.0,0.0,0.0,0.0,0.0,0.0,0.0,0.0,0.0,10.4,9.7,TensorFlow|Pentesting|Raspberry Pi|VHDL|CI/CD|Flutter,startup|développement web|statistiques|hacking éthique,Détection des maladies agricoles par vision par ordinateur,IA / Machine Learning
ETU-0065,Systèmes Embarqués,Master 1,15.98,0.0,0.0,0.0,0.0,0.0,0.0,0.0,0.0,0.0,0.0,0.0,0.0,0.0,0.0,0.0,0.0,16.2,12.1,18.5,17.4,15.7,0.0,0.0,0.0,0.0,0.0,0.0,Node.js|Kali Linux|Kotlin|NLP,déploiement|applications web,Conception d'un système d'irrigation automatique intelligent,Systèmes
ETU-0066,Génie Informatique,Master 2,13.87,11.3,0.0,0.0,15.5,0.0,9.1,15.7,15.4,0.0,0.0,0.0,0.0,0.0,0.0,0.0,0.0,0.0,0.0,0.0,0.0,0.0,0.0,0.0,0.0,0.0,15.1,15.0,Terraform|Kubernetes|Docker|Wireshark,automatisation|data science|développement web|protocoles,Plateforme de monitoring des applications en temps réel,Cloud / DevOps
ETU-0067,Réseaux et Télécommunications,Master 2,13.1,0.0,0.0,0.0,0.0,0.0,0.0,0.0,12.9,13.4,16.3,9.9,13.0,0.0,0.0,0.0,0.0,0.0,0.0,0.0,0.0,0.0,0.0,0.0,0.0,0.0,0.0,0.0,MongoDB|Wireshark|Docker|Django|VPN|AWS,applications mobiles|santé numérique|startup|UX mobile,Simulation d'un réseau de capteurs IoT pour smart city,Réseaux
ETU-0068,Systèmes Embarqués,Licence 3,18.42,0.0,0.0,0.0,0.0,0.0,0.0,0.0,0.0,0.0,0.0,0.0,0.0,0.0,0.0,0.0,0.0,19.6,18.8,17.8,19.2,16.7,0.0,0.0,0.0,0.0,0.0,0.0,FastAPI|Swift|Kotlin|Flutter,hacking éthique|automatisation|data science,Plateforme mobile de covoiturage universitaire,Mobile
ETU-0069,Data Science,Master 2,10.57,0.0,0.0,0.0,0.0,0.0,12.8,0.0,0.0,0.0,0.0,0.0,0.0,8.1,9.6,11.2,12.4,0.0,0.0,0.0,0.0,0.0,0.0,0.0,0.0,0.0,0.0,0.0,OWASP|NLP|VHDL,analyse|UX mobile|sécurité informatique|statistiques,Classification automatique des documents administratifs par NLP,IA / Machine Learning
ETU-0070,Data Science,Master 2,13.9,0.0,0.0,0.0,0.0,0.0,8.5,0.0,0.0,0.0,0.0,0.0,0.0,19.3,10.4,14.1,14.0,0.0,0.0,0.0,0.0,0.0,0.0,0.0,0.0,0.0,0.0,0.0,Wireshark|React Native|C/C++|Flutter,infrastructure|startup,Reconnaissance vocale pour les langues locales africaines,IA / Machine Learning
ETU-0071,Génie Informatique,Master 2,15.76,11.6,0.0,0.0,17.8,0.0,16.1,19.8,12.4,0.0,0.0,0.0,0.0,0.0,0.0,0.0,0.0,0.0,0.0,0.0,0.0,0.0,0.0,0.0,0.0,0.0,15.0,17.6,Docker|React Native|Redis,infrastructure|recherche|cloud computing|gestion des données,Mise en place d'un pipeline CI/CD pour équipe de développement,Cloud / DevOps
ETU-0072,Génie Logiciel,Master 1,15.09,11.8,9.8,16.3,12.9,17.3,19.0,18.5,0.0,0.0,0.0,0.0,0.0,0.0,0.0,0.0,0.0,0.0,0.0,0.0,0.0,0.0,0.0,0.0,0.0,0.0,0.0,0.0,Node.js|C/C++|MongoDB,protection des données|cloud computing|déploiement|fintech,Portail de téléservices administratifs pour mairies,Développement Web
ETU-0073,Data Science,Master 2,15.88,0.0,0.0,0.0,0.0,0.0,19.8,0.0,0.0,0.0,0.0,0.0,0.0,13.8,11.3,11.6,19.3,0.0,0.0,0.0,0.0,0.0,0.0,0.0,0.0,0.0,0.0,0.0,MongoDB|Swift|VPN|React Native|Firewall,administration réseau|sécurité informatique|e-commerce|fintech,Reconnaissance vocale pour les langues locales africaines,IA / Machine Learning
ETU-0074,Génie Informatique,Master 1,13.16,17.0,0.0,0.0,10.6,0.0,11.3,14.7,17.9,0.0,0.0,0.0,0.0,0.0,0.0,0.0,0.0,0.0,0.0,0.0,0.0,0.0,0.0,0.0,0.0,0.0,11.3,9.3,ElasticSearch|NLP|Terraform|C/C++,infrastructure|recherche,Reconnaissance vocale pour les langues locales africaines,IA / Machine Learning
ETU-0075,Systèmes Embarqués,Master 2,15.32,0.0,0.0,0.0,0.0,0.0,0.0,0.0,0.0,0.0,0.0,0.0,0.0,0.0,0.0,0.0,0.0,10.4,19.6,11.9,15.8,18.9,0.0,0.0,0.0,0.0,0.0,0.0,CI/CD|VHDL|MySQL,automatisation|performance|électronique|santé numérique,Système de contrôle d'accès biométrique à faible coût,Systèmes
ETU-0076,Data Science,Master 1,16.57,0.0,0.0,0.0,0.0,0.0,13.6,0.0,0.0,0.0,0.0,0.0,0.0,19.9,13.9,19.3,18.2,0.0,0.0,0.0,0.0,0.0,0.0,0.0,0.0,0.0,0.0,0.0,Vue.js|Wireshark|FastAPI|Flutter,protocoles|performance|intelligence artificielle|forensics,Détection des maladies agricoles par vision par ordinateur,IA / Machine Learning
ETU-0077,Systèmes Embarqués,Master 2,13.98,0.0,0.0,0.0,0.0,0.0,0.0,0.0,0.0,0.0,0.0,0.0,0.0,0.0,0.0,0.0,0.0,9.1,19.8,13.7,19.2,8.1,0.0,0.0,0.0,0.0,0.0,0.0,ElasticSearch|Android|Cisco|Wireshark|TCP/IP|Assembleur,intelligence artificielle|protocoles|UX mobile|télécommunications,Déploiement d'un réseau LAN sécurisé pour établissement scolaire,Réseaux
ETU-0078,Génie Informatique,Master 1,14.6,12.4,0.0,0.0,10.7,0.0,13.7,13.5,19.5,0.0,0.0,0.0,0.0,0.0,0.0,0.0,0.0,0.0,0.0,0.0,0.0,0.0,0.0,0.0,0.0,0.0,19.9,12.5,Arduino|MongoDB|ElasticSearch|Docker|Pandas|C/C++,déploiement|UX mobile|statistiques,Reconnaissance vocale pour les langues locales africaines,IA / Machine Learning
ETU-0079,Génie Logiciel,Master 2,13.43,10.5,15.0,9.1,14.1,17.7,13.4,14.2,0.0,0.0,0.0,0.0,0.0,0.0,0.0,0.0,0.0,0.0,0.0,0.0,0.0,0.0,0.0,0.0,0.0,0.0,0.0,0.0,VHDL|NLP|Raspberry Pi|Flutter|TCP/IP|TensorFlow,protocoles|intelligence artificielle|systèmes d'information,Système de recommandation de cours en ligne par apprentissage automatique,IA / Machine Learning
ETU-0080,Data Science,Master 1,14.07,0.0,0.0,0.0,0.0,0.0,12.5,0.0,0.0,0.0,0.0,0.0,0.0,10.2,15.7,16.8,19.6,0.0,0.0,0.0,0.0,0.0,0.0,0.0,0.0,0.0,0.0,0.0,Android|Cryptographie|CI/CD|Pandas|Arduino|Node.js,applications mobiles|e-commerce|performance|santé numérique,Système de détection de fraude bancaire par deep learning,IA / Machine Learning
ETU-0081,Réseaux et Télécommunications,Licence 3,13.88,0.0,0.0,0.0,0.0,0.0,0.0,0.0,13.5,9.9,10.3,18.5,17.2,0.0,0.0,0.0,0.0,0.0,0.0,0.0,0.0,0.0,0.0,0.0,0.0,0.0,0.0,0.0,Terraform|Forensics|Kubernetes,télécommunications|systèmes d'information,Simulation d'un réseau de capteurs IoT pour smart city,Réseaux
ETU-0082,Réseaux et Télécommunications,Licence 3,14.86,0.0,0.0,0.0,0.0,0.0,0.0,0.0,9.7,19.9,10.8,19.0,14.9,0.0,0.0,0.0,0.0,0.0,0.0,0.0,0.0,0.0,0.0,0.0,0.0,0.0,0.0,0.0,ElasticSearch|TCP/IP|Django|Terraform|C/C++,électronique|hacking éthique,Étude et déploiement de la fibre optique dans une université,Réseaux
ETU-0083,Génie Informatique,Master 2,13.21,12.6,0.0,0.0,14.3,0.0,12.9,11.6,16.4,0.0,0.0,0.0,0.0,0.0,0.0,0.0,0.0,0.0,0.0,0.0,0.0,0.0,0.0,0.0,0.0,0.0,10.2,14.5,MySQL|TCP/IP|Django|Flutter,électronique|déploiement,Système de géolocalisation des transports en commun à Lomé,Mobile
ETU-0084,Génie Logiciel,Master 1,13.44,12.5,15.3,8.5,8.9,17.7,15.1,16.1,0.0,0.0,0.0,0.0,0.0,0.0,0.0,0.0,0.0,0.0,0.0,0.0,0.0,0.0,0.0,0.0,0.0,0.0,0.0,0.0,React Native|MongoDB|Wireshark|TCP/IP,systèmes d'information|analyse,Base de données spatiale pour la gestion du cadastre urban,Bases de données
ETU-0085,Data Science,Master 1,13.1,0.0,0.0,0.0,0.0,0.0,14.0,0.0,0.0,0.0,0.0,0.0,0.0,12.6,12.3,11.1,14.2,0.0,0.0,0.0,0.0,0.0,0.0,0.0,0.0,0.0,0.0,0.0,React Native|VPN|MongoDB,protection des données|électronique|automatisation,Classification automatique des documents administratifs par NLP,IA / Machine Learning
ETU-0086,Réseaux et Télécommunications,Master 1,14.34,0.0,0.0,0.0,0.0,0.0,0.0,0.0,14.8,10.9,14.6,19.3,12.1,0.0,0.0,0.0,0.0,0.0,0.0,0.0,0.0,0.0,0.0,0.0,0.0,0.0,0.0,0.0,CI/CD|Swift|Flutter|FastAPI|Firewall|Kubernetes,automatisation|performance,Migration d'une infrastructure on-premise vers AWS pour PME,Cloud / DevOps
ETU-0087,Systèmes Embarqués,Licence 3,13.52,0.0,0.0,0.0,0.0,0.0,0.0,0.0,0.0,0.0,0.0,0.0,0.0,0.0,0.0,0.0,0.0,18.1,10.8,16.5,8.1,14.1,0.0,0.0,0.0,0.0,0.0,0.0,NLP|Kubernetes|AWS|Terraform|React Native,automatisation|data science|intelligence artificielle|électronique,Mise en place d'un pipeline CI/CD pour équipe de développement,Cloud / DevOps
ETU-0088,Génie Logiciel,Licence 3,12.9,14.3,10.9,15.4,11.0,12.3,17.5,8.9,0.0,0.0,0.0,0.0,0.0,0.0,0.0,0.0,0.0,0.0,0.0,0.0,0.0,0.0,0.0,0.0,0.0,0.0,0.0,0.0,Flutter|VHDL|ElasticSearch|MySQL|TCP/IP|Pandas,automatisation|développement web|santé numérique|fintech,Détection des maladies agricoles par vision par ordinateur,IA / Machine Learning
ETU-0089,Cybersécurité,Licence 3,14.4,0.0,0.0,0.0,0.0,0.0,0.0,0.0,0.0,0.0,18.8,0.0,0.0,0.0,0.0,0.0,0.0,0.0,0.0,0.0,0.0,0.0,10.8,16.3,14.8,11.3,0.0,0.0,Cisco|Arduino|VHDL,automatisation|performance|protection des données|data science,Sécurisation des applications mobiles de mobile banking,Cybersécurité
ETU-0090,Génie Informatique,Master 2,15.59,12.0,0.0,0.0,17.1,0.0,19.9,16.7,9.7,0.0,0.0,0.0,0.0,0.0,0.0,0.0,0.0,0.0,0.0,0.0,0.0,0.0,0.0,0.0,0.0,0.0,14.0,19.7,React|Kali Linux|MySQL,forensics|santé numérique,Système de vote électronique sécurisé pour associations étudiantes,Développement Web
ETU-0091,Génie Informatique,Master 2,13.34,15.9,0.0,0.0,9.0,0.0,17.6,16.6,15.4,0.0,0.0,0.0,0.0,0.0,0.0,0.0,0.0,0.0,0.0,0.0,0.0,0.0,0.0,0.0,0.0,0.0,9.0,9.9,Cryptographie|VPN|Pentesting|React,intelligence artificielle|hacking éthique,Audit de sécurité des infrastructures informatiques bancaires au Togo,Cybersécurité
ETU-0092,Data Science,Master 2,12.17,0.0,0.0,0.0,0.0,0.0,12.7,0.0,0.0,0.0,0.0,0.0,0.0,9.1,11.9,12.6,11.5,0.0,0.0,0.0,0.0,0.0,0.0,0.0,0.0,0.0,0.0,0.0,Raspberry Pi|ElasticSearch|VHDL,gestion des données|fintech|startup|administration réseau,Chatbot intelligent pour l'assistance médicale au Togo,IA / Machine Learning
ETU-0093,Génie Informatique,Master 2,13.04,13.9,0.0,0.0,15.4,0.0,9.6,8.1,13.5,0.0,0.0,0.0,0.0,0.0,0.0,0.0,0.0,0.0,0.0,0.0,0.0,0.0,0.0,0.0,0.0,0.0,12.7,18.1,Wireshark|Android|Terraform|Kali Linux|Docker|Node.js,protection des données|analyse|cloud computing,Plateforme de monitoring des applications en temps réel,Cloud / DevOps
ETU-0094,Data Science,Master 1,14.9,0.0,0.0,0.0,0.0,0.0,17.2,0.0,0.0,0.0,0.0,0.0,0.0,12.4,10.4,20.0,10.2,0.0,0.0,0.0,0.0,0.0,0.0,0.0,0.0,0.0,0.0,0.0,Flutter|MongoDB|Android,statistiques|électronique|automatisation,Système de détection de fraude bancaire par deep learning,IA / Machine Learning
ETU-0095,Cybersécurité,Master 2,15.7,0.0,0.0,0.0,0.0,0.0,0.0,0.0,0.0,0.0,18.4,0.0,0.0,0.0,0.0,0.0,0.0,0.0,0.0,0.0,0.0,0.0,19.1,13.0,8.4,19.6,0.0,0.0,React|ElasticSearch|Terraform,applications mobiles|gestion des données|automatisation|santé numérique,Implémentation d'un système Zero Trust pour entreprise,Cybersécurité
ETU-0096,Réseaux et Télécommunications,Master 1,13.68,0.0,0.0,0.0,0.0,0.0,0.0,0.0,12.5,13.6,16.2,16.3,9.8,0.0,0.0,0.0,0.0,0.0,0.0,0.0,0.0,0.0,0.0,0.0,0.0,0.0,0.0,0.0,React Native|React|Linux,développement web|e-commerce|applications web,Déploiement d'un réseau LAN sécurisé pour établissement scolaire,Réseaux
ETU-0097,Data Science,Licence 3,14.53,0.0,0.0,0.0,0.0,0.0,10.0,0.0,0.0,0.0,0.0,0.0,0.0,17.7,18.2,15.8,16.1,0.0,0.0,0.0,0.0,0.0,0.0,0.0,0.0,0.0,0.0,0.0,C/C++|HTML/CSS|Raspberry Pi|FastAPI,robotique|systèmes temps réel|infrastructure,Compteur d'énergie intelligent pour le suivi de consommation,Systèmes
ETU-0098,Systèmes Embarqués,Licence 3,14.1,0.0,0.0,0.0,0.0,0.0,0.0,0.0,0.0,0.0,0.0,0.0,0.0,0.0,0.0,0.0,0.0,16.5,10.5,17.0,17.7,8.8,0.0,0.0,0.0,0.0,0.0,0.0,Arduino|HTML/CSS|Pentesting,analyse|systèmes temps réel|e-commerce,Compteur d'énergie intelligent pour le suivi de consommation,Systèmes
ETU-0099,Cybersécurité,Licence 3,14.06,0.0,0.0,0.0,0.0,0.0,0.0,0.0,0.0,0.0,16.5,0.0,0.0,0.0,0.0,0.0,0.0,0.0,0.0,0.0,0.0,0.0,17.8,11.6,15.4,9.0,0.0,0.0,VPN|Vue.js|ElasticSearch|TCP/IP,performance|UX mobile,Mise en place d'un réseau WiFi municipal à faible coût,Réseaux
ETU-0100,Cybersécurité,Licence 3,11.48,0.0,0.0,0.0,0.0,0.0,0.0,0.0,0.0,0.0,9.7,0.0,0.0,0.0,0.0,0.0,0.0,0.0,0.0,0.0,0.0,0.0,13.9,11.8,13.4,8.6,0.0,0.0,Python|Swift|Node.js|PostgreSQL|Cryptographie,infrastructure|automatisation|électronique|IoT,Sécurisation des applications mobiles de mobile banking,Cybersécurité
ETU-0101,Cybersécurité,Master 2,14.28,0.0,0.0,0.0,0.0,0.0,0.0,0.0,0.0,0.0,13.9,0.0,0.0,0.0,0.0,0.0,0.0,0.0,0.0,0.0,0.0,0.0,17.3,14.1,14.9,11.2,0.0,0.0,Arduino|scikit-learn|Android|MongoDB|Kali Linux,télécommunications|hacking éthique,Mise en place d'un SIEM pour la détection des intrusions,Cybersécurité
ETU-0102,Génie Informatique,Master 2,16.23,16.3,0.0,0.0,18.3,0.0,13.1,15.4,15.3,0.0,0.0,0.0,0.0,0.0,0.0,0.0,0.0,0.0,0.0,0.0,0.0,0.0,0.0,0.0,0.0,0.0,17.4,17.8,VHDL|Firewall|Arduino,gestion des données|protection des données|sécurité informatique,Système embarqué de surveillance de la qualité de l'air,Systèmes
ETU-0103,Data Science,Master 2,15.07,0.0,0.0,0.0,0.0,0.0,17.1,0.0,0.0,0.0,0.0,0.0,0.0,9.5,11.0,16.5,17.9,0.0,0.0,0.0,0.0,0.0,0.0,0.0,0.0,0.0,0.0,0.0,Swift|Django|VHDL|Cisco|Forensics|Cryptographie,statistiques|développement web|santé numérique,Détection des maladies agricoles par vision par ordinateur,IA / Machine Learning
ETU-0104,Génie Informatique,Master 1,16.86,15.6,0.0,0.0,16.4,0.0,17.5,12.8,18.2,0.0,0.0,0.0,0.0,0.0,0.0,0.0,0.0,0.0,0.0,0.0,0.0,0.0,0.0,0.0,0.0,0.0,19.6,17.9,Cisco|VPN|Linux|Wireshark|Raspberry Pi|VHDL,automatisation|forensics,Optimisation de la qualité de service dans les réseaux mobiles 4G,Réseaux
ETU-0105,Génie Logiciel,Master 1,13.21,10.4,16.3,9.6,15.8,9.9,19.2,11.3,0.0,0.0,0.0,0.0,0.0,0.0,0.0,0.0,0.0,0.0,0.0,0.0,0.0,0.0,0.0,0.0,0.0,0.0,0.0,0.0,Redis|Pandas|Pentesting|Terraform|CI/CD,recherche|santé numérique,Système de sauvegarde automatique dans le cloud pour PME africaines,Cloud / DevOps
ETU-0106,Réseaux et Télécommunications,Master 2,15.66,0.0,0.0,0.0,0.0,0.0,0.0,0.0,16.2,8.1,16.3,17.8,19.9,0.0,0.0,0.0,0.0,0.0,0.0,0.0,0.0,0.0,0.0,0.0,0.0,0.0,0.0,0.0,Node.js|React Native|Deep Learning|MySQL|Cryptographie|Pandas,design UI|protection des données|UX mobile|hacking éthique,Mise en place d'un SIEM pour la détection des intrusions,Cybersécurité
ETU-0107,Systèmes Embarqués,Master 1,14.22,0.0,0.0,0.0,0.0,0.0,0.0,0.0,0.0,0.0,0.0,0.0,0.0,0.0,0.0,0.0,0.0,16.7,15.5,9.8,12.9,16.2,0.0,0.0,0.0,0.0,0.0,0.0,Pandas|React|Node.js|Vue.js,fintech|applications mobiles|robotique|protection des données,Système embarqué de surveillance de la qualité de l'air,Systèmes
ETU-0108,Génie Informatique,Master 1,14.21,10.5,0.0,0.0,15.3,0.0,12.7,15.8,10.3,0.0,0.0,0.0,0.0,0.0,0.0,0.0,0.0,0.0,0.0,0.0,0.0,0.0,0.0,0.0,0.0,0.0,17.4,17.5,Swift|Cryptographie|Vue.js|ElasticSearch,statistiques|déploiement|intelligence artificielle,Détection des maladies agricoles par vision par ordinateur,IA / Machine Learning
ETU-0109,Génie Logiciel,Master 2,12.03,8.8,11.1,8.5,8.7,17.5,14.1,15.5,0.0,0.0,0.0,0.0,0.0,0.0,0.0,0.0,0.0,0.0,0.0,0.0,0.0,0.0,0.0,0.0,0.0,0.0,0.0,0.0,Kali Linux|OWASP|Pandas|Arduino|Kubernetes|Django,développement web|hacking éthique|infrastructure,Application web de gestion des ressources humaines pour PME,Développement Web
ETU-0110,Génie Informatique,Master 1,13.51,16.8,0.0,0.0,18.2,0.0,9.0,13.2,8.7,0.0,0.0,0.0,0.0,0.0,0.0,0.0,0.0,0.0,0.0,0.0,0.0,0.0,0.0,0.0,0.0,0.0,13.4,15.3,Terraform|HTML/CSS|Vue.js|Python|Node.js,intelligence artificielle|gestion des données|automatisation|applications mobiles,Application web de télémédecine pour zones rurales,Développement Web
ETU-0111,Génie Logiciel,Master 1,13.09,17.7,11.3,8.8,16.5,14.9,8.9,13.5,0.0,0.0,0.0,0.0,0.0,0.0,0.0,0.0,0.0,0.0,0.0,0.0,0.0,0.0,0.0,0.0,0.0,0.0,0.0,0.0,NLP|Swift|VHDL|FastAPI|Pentesting,protocoles|design UI,Application web de gestion des ressources humaines pour PME,Développement Web
ETU-0112,Systèmes Embarqués,Licence 3,14.44,0.0,0.0,0.0,0.0,0.0,0.0,0.0,0.0,0.0,0.0,0.0,0.0,0.0,0.0,0.0,0.0,10.1,19.5,8.4,17.6,16.6,0.0,0.0,0.0,0.0,0.0,0.0,MySQL|VPN|ElasticSearch|Forensics|CI/CD|Cisco,UX mobile|e-commerce,Étude et déploiement de la fibre optique dans une université,Réseaux
ETU-0113,Data Science,Master 1,13.45,0.0,0.0,0.0,0.0,0.0,16.9,0.0,0.0,0.0,0.0,0.0,0.0,9.0,12.4,11.5,17.4,0.0,0.0,0.0,0.0,0.0,0.0,0.0,0.0,0.0,0.0,0.0,Flutter|Pentesting|Assembleur|Swift,télécommunications|applications web,Plateforme mobile de covoiturage universitaire,Mobile
ETU-0114,Génie Informatique,Master 2,14.84,11.7,0.0,0.0,10.5,0.0,13.0,19.5,19.8,0.0,0.0,0.0,0.0,0.0,0.0,0.0,0.0,0.0,0.0,0.0,0.0,0.0,0.0,0.0,0.0,0.0,19.7,9.7,Pandas|scikit-learn|MySQL|C/C++|Forensics,UX mobile|systèmes temps réel|développement web|design UI,Classification automatique des documents administratifs par NLP,IA / Machine Learning
ETU-0115,Systèmes Embarqués,Master 2,14.68,0.0,0.0,0.0,0.0,0.0,0.0,0.0,0.0,0.0,0.0,0.0,0.0,0.0,0.0,0.0,0.0,18.0,11.9,13.4,10.8,19.3,0.0,0.0,0.0,0.0,0.0,0.0,Assembleur|React|Django|FastAPI,systèmes temps réel|protection des données|électronique,Système de contrôle d'accès biométrique à faible coût,Systèmes
ETU-0116,Génie Informatique,Master 2,14.69,15.2,0.0,0.0,10.6,0.0,9.8,16.5,18.3,0.0,0.0,0.0,0.0,0.0,0.0,0.0,0.0,0.0,0.0,0.0,0.0,0.0,0.0,0.0,0.0,0.0,19.6,12.8,TCP/IP|Redis|HTML/CSS,santé numérique|IoT,Système de vote électronique sécurisé pour associations étudiantes,Développement Web
ETU-0117,Réseaux et Télécommunications,Licence 3,15.34,0.0,0.0,0.0,0.0,0.0,0.0,0.0,17.9,12.5,15.6,15.7,15.0,0.0,0.0,0.0,0.0,0.0,0.0,0.0,0.0,0.0,0.0,0.0,0.0,0.0,0.0,0.0,Deep Learning|TensorFlow|PostgreSQL|CI/CD|Android,développement web|forensics,Optimisation de la qualité de service dans les réseaux mobiles 4G,Réseaux
ETU-0118,Réseaux et Télécommunications,Master 1,11.84,0.0,0.0,0.0,0.0,0.0,0.0,0.0,10.6,10.2,11.4,18.6,8.4,0.0,0.0,0.0,0.0,0.0,0.0,0.0,0.0,0.0,0.0,0.0,0.0,0.0,0.0,0.0,CI/CD|Linux|Swift|Forensics,cloud computing|recherche|développement web|administration réseau,Optimisation de la qualité de service dans les réseaux mobiles 4G,Réseaux
ETU-0119,Génie Informatique,Master 1,12.79,13.8,0.0,0.0,17.4,0.0,14.8,11.9,12.1,0.0,0.0,0.0,0.0,0.0,0.0,0.0,0.0,0.0,0.0,0.0,0.0,0.0,0.0,0.0,0.0,0.0,11.2,8.3,TensorFlow|Cisco|NLP|React Native,applications mobiles|infrastructure|gestion des données|design UI,Système de détection de fraude bancaire par deep learning,IA / Machine Learning
ETU-0120,Data Science,Licence 3,14.43,0.0,0.0,0.0,0.0,0.0,8.3,0.0,0.0,0.0,0.0,0.0,0.0,10.1,17.7,16.4,19.0,0.0,0.0,0.0,0.0,0.0,0.0,0.0,0.0,0.0,0.0,0.0,VHDL|Django|PostgreSQL|Swift|Arduino,performance|automatisation|automatisation,Analyse de sentiment des réseaux sociaux pour les élections africaines,IA / Machine Learning
ETU-0121,Data Science,Licence 3,16.02,0.0,0.0,0.0,0.0,0.0,18.3,0.0,0.0,0.0,0.0,0.0,0.0,8.3,19.0,17.3,18.2,0.0,0.0,0.0,0.0,0.0,0.0,0.0,0.0,0.0,0.0,0.0,Pentesting|Terraform|OWASP,design UI|forensics|hacking éthique|protection des données,Implémentation d'un système Zero Trust pour entreprise,Cybersécurité
ETU-0122,Data Science,Licence 3,14.12,0.0,0.0,0.0,0.0,0.0,10.1,0.0,0.0,0.0,0.0,0.0,0.0,16.0,12.5,16.8,11.5,0.0,0.0,0.0,0.0,0.0,0.0,0.0,0.0,0.0,0.0,0.0,VHDL|OWASP|scikit-learn,protection des données|infrastructure,Détection des maladies agricoles par vision par ordinateur,IA / Machine Learning
ETU-0123,Génie Informatique,Master 2,12.83,15.7,0.0,0.0,18.6,0.0,11.2,11.0,13.4,0.0,0.0,0.0,0.0,0.0,0.0,0.0,0.0,0.0,0.0,0.0,0.0,0.0,0.0,0.0,0.0,0.0,8.8,11.1,Python|NLP|Cryptographie,électronique|gestion des données|automatisation,Reconnaissance vocale pour les langues locales africaines,IA / Machine Learning
ETU-0124,Génie Logiciel,Licence 3,12.99,11.5,11.8,19.4,8.9,10.0,12.5,16.8,0.0,0.0,0.0,0.0,0.0,0.0,0.0,0.0,0.0,0.0,0.0,0.0,0.0,0.0,0.0,0.0,0.0,0.0,0.0,0.0,Wireshark|Docker|Kubernetes,data science|robotique|gestion des données,Système de sauvegarde automatique dans le cloud pour PME africaines,Cloud / DevOps
ETU-0125,Data Science,Master 2,12.28,0.0,0.0,0.0,0.0,0.0,9.8,0.0,0.0,0.0,0.0,0.0,0.0,11.4,8.6,14.9,18.1,0.0,0.0,0.0,0.0,0.0,0.0,0.0,0.0,0.0,0.0,0.0,Python|Kali Linux|Pandas|Linux|Terraform,cloud computing|analyse|design UI|data science,Prédiction du taux de décrochage scolaire par machine learning,IA / Machine Learning
ETU-0126,Génie Logiciel,Master 2,13.4,14.5,10.2,18.6,12.4,13.3,11.2,13.6,0.0,0.0,0.0,0.0,0.0,0.0,0.0,0.0,0.0,0.0,0.0,0.0,0.0,0.0,0.0,0.0,0.0,0.0,0.0,0.0,Cisco|VHDL|NLP|Django,design UI|développement web|applications mobiles|électronique,Plateforme e-commerce pour artisans locaux au Togo,Développement Web
ETU-0127,Cybersécurité,Licence 3,14.4,0.0,0.0,0.0,0.0,0.0,0.0,0.0,0.0,0.0,8.9,0.0,0.0,0.0,0.0,0.0,0.0,0.0,0.0,0.0,0.0,0.0,13.7,18.8,16.6,14.0,0.0,0.0,Vue.js|Android|HTML/CSS|FastAPI,analyse|startup,Portail de téléservices administratifs pour mairies,Développement Web
ETU-0128,Génie Logiciel,Licence 3,14.01,12.7,12.8,11.9,11.3,13.5,18.5,17.4,0.0,0.0,0.0,0.0,0.0,0.0,0.0,0.0,0.0,0.0,0.0,0.0,0.0,0.0,0.0,0.0,0.0,0.0,0.0,0.0,Vue.js|Forensics|Django|AWS|VHDL|Assembleur,design UI|sécurité informatique|applications mobiles|électronique,Plateforme e-commerce pour artisans locaux au Togo,Développement Web
ETU-0129,Génie Logiciel,Master 1,14.94,18.7,12.0,10.9,16.9,19.1,18.8,8.2,0.0,0.0,0.0,0.0,0.0,0.0,0.0,0.0,0.0,0.0,0.0,0.0,0.0,0.0,0.0,0.0,0.0,0.0,0.0,0.0,TCP/IP|Cisco|Swift|React|MySQL,hacking éthique|IoT,Plateforme e-commerce pour artisans locaux au Togo,Développement Web
ETU-0130,Cybersécurité,Master 1,13.56,0.0,0.0,0.0,0.0,0.0,0.0,0.0,0.0,0.0,14.2,0.0,0.0,0.0,0.0,0.0,0.0,0.0,0.0,0.0,0.0,0.0,17.9,9.9,11.7,14.1,0.0,0.0,C/C++|VHDL|TensorFlow|HTML/CSS,analyse|recherche,Audit de sécurité des infrastructures informatiques bancaires au Togo,Cybersécurité
ETU-0131,Génie Informatique,Licence 3,14.01,10.9,0.0,0.0,13.9,0.0,19.5,13.7,13.4,0.0,0.0,0.0,0.0,0.0,0.0,0.0,0.0,0.0,0.0,0.0,0.0,0.0,0.0,0.0,0.0,0.0,14.6,12.1,Pandas|Linux|TensorFlow|Cryptographie|NLP,systèmes d'information|infrastructure,Analyse de sentiment des réseaux sociaux pour les élections africaines,IA / Machine Learning
ETU-0132,Génie Informatique,Licence 3,14.14,15.2,0.0,0.0,8.1,0.0,17.7,11.7,11.0,0.0,0.0,0.0,0.0,0.0,0.0,0.0,0.0,0.0,0.0,0.0,0.0,0.0,0.0,0.0,0.0,0.0,19.6,15.7,Cryptographie|Firewall|Flutter|Redis|MongoDB|AWS,déploiement|santé numérique|design UI,Plateforme mobile de covoiturage universitaire,Mobile
ETU-0133,Génie Logiciel,Master 1,15.97,19.9,15.7,18.3,11.1,16.5,18.7,11.6,0.0,0.0,0.0,0.0,0.0,0.0,0.0,0.0,0.0,0.0,0.0,0.0,0.0,0.0,0.0,0.0,0.0,0.0,0.0,0.0,C/C++|ElasticSearch|NLP|Docker,protection des données|startup|data science,Chatbot intelligent pour l'assistance médicale au Togo,IA / Machine Learning
ETU-0134,Data Science,Master 2,15.63,0.0,0.0,0.0,0.0,0.0,12.3,0.0,0.0,0.0,0.0,0.0,0.0,16.6,15.7,13.7,19.3,0.0,0.0,0.0,0.0,0.0,0.0,0.0,0.0,0.0,0.0,0.0,FastAPI|Terraform|Raspberry Pi|HTML/CSS|Linux,cloud computing|startup,Chatbot intelligent pour l'assistance médicale au Togo,IA / Machine Learning
ETU-0135,Génie Informatique,Master 1,12.96,13.0,0.0,0.0,18.6,0.0,15.0,13.6,12.5,0.0,0.0,0.0,0.0,0.0,0.0,0.0,0.0,0.0,0.0,0.0,0.0,0.0,0.0,0.0,0.0,0.0,9.4,8.6,React Native|PostgreSQL|Kotlin,fintech|déploiement,Plateforme mobile de covoiturage universitaire,Mobile
ETU-0136,Réseaux et Télécommunications,Master 1,13.86,0.0,0.0,0.0,0.0,0.0,0.0,0.0,18.3,10.2,9.0,12.0,19.8,0.0,0.0,0.0,0.0,0.0,0.0,0.0,0.0,0.0,0.0,0.0,0.0,0.0,0.0,0.0,AWS|NLP|Python|Android|Cisco,gestion des données|automatisation,Simulation d'un réseau de capteurs IoT pour smart city,Réseaux
ETU-0137,Réseaux et Télécommunications,Master 2,12.18,0.0,0.0,0.0,0.0,0.0,0.0,0.0,12.5,8.2,11.9,18.0,10.3,0.0,0.0,0.0,0.0,0.0,0.0,0.0,0.0,0.0,0.0,0.0,0.0,0.0,0.0,0.0,AWS|ElasticSearch|MySQL,applications mobiles|hacking éthique|startup|design UI,Étude et déploiement de la fibre optique dans une université,Réseaux
ETU-0138,Systèmes Embarqués,Master 2,14.68,0.0,0.0,0.0,0.0,0.0,0.0,0.0,0.0,0.0,0.0,0.0,0.0,0.0,0.0,0.0,0.0,19.9,12.1,18.8,12.3,10.3,0.0,0.0,0.0,0.0,0.0,0.0,TensorFlow|MySQL|CI/CD|Node.js|MongoDB|Terraform,infrastructure|gestion des données|e-commerce|UX mobile,Système embarqué de surveillance de la qualité de l'air,Systèmes
ETU-0139,Génie Informatique,Licence 3,11.24,8.6,0.0,0.0,9.4,0.0,9.5,11.0,13.3,0.0,0.0,0.0,0.0,0.0,0.0,0.0,0.0,0.0,0.0,0.0,0.0,0.0,0.0,0.0,0.0,0.0,16.4,10.5,TCP/IP|Forensics|Terraform,déploiement|administration réseau,Plateforme de monitoring des applications en temps réel,Cloud / DevOps
ETU-0140,Réseaux et Télécommunications,Master 2,12.54,0.0,0.0,0.0,0.0,0.0,0.0,0.0,10.4,11.2,14.3,10.4,16.4,0.0,0.0,0.0,0.0,0.0,0.0,0.0,0.0,0.0,0.0,0.0,0.0,0.0,0.0,0.0,FastAPI|scikit-learn|Raspberry Pi|Swift|MongoDB,cloud computing|forensics|télécommunications|intelligence artificielle,Déploiement d'un réseau LAN sécurisé pour établissement scolaire,Réseaux
ETU-0141,Data Science,Master 2,12.53,0.0,0.0,0.0,0.0,0.0,10.1,0.0,0.0,0.0,0.0,0.0,0.0,10.8,11.6,13.6,9.2,0.0,0.0,0.0,0.0,0.0,0.0,0.0,0.0,0.0,0.0,0.0,Linux|Pentesting|VPN,e-commerce|design UI|automatisation,Classification automatique des documents administratifs par NLP,IA / Machine Learning
ETU-0142,Data Science,Licence 3,13.95,0.0,0.0,0.0,0.0,0.0,13.7,0.0,0.0,0.0,0.0,0.0,0.0,9.4,13.5,18.0,16.3,0.0,0.0,0.0,0.0,0.0,0.0,0.0,0.0,0.0,0.0,0.0,CI/CD|FastAPI|Vue.js|Node.js|NLP|Terraform,électronique|cloud computing,Analyse de sentiment des réseaux sociaux pour les élections africaines,IA / Machine Learning
ETU-0143,Systèmes Embarqués,Master 1,10.76,0.0,0.0,0.0,0.0,0.0,0.0,0.0,0.0,0.0,0.0,0.0,0.0,0.0,0.0,0.0,0.0,9.4,12.9,8.6,11.1,11.8,0.0,0.0,0.0,0.0,0.0,0.0,Terraform|Wireshark|C/C++|Kubernetes,robotique|télécommunications,Conception d'un système d'irrigation automatique intelligent,Systèmes
ETU-0144,Cybersécurité,Master 1,14.06,0.0,0.0,0.0,0.0,0.0,0.0,0.0,0.0,0.0,18.4,0.0,0.0,0.0,0.0,0.0,0.0,0.0,0.0,0.0,0.0,0.0,18.2,8.9,13.9,10.9,0.0,0.0,NLP|Kotlin|MySQL|Raspberry Pi|CI/CD,santé numérique|télécommunications|développement web,Audit de sécurité des infrastructures informatiques bancaires au Togo,Cybersécurité
ETU-0145,Systèmes Embarqués,Master 1,15.6,0.0,0.0,0.0,0.0,0.0,0.0,0.0,0.0,0.0,0.0,0.0,0.0,0.0,0.0,0.0,0.0,8.4,14.6,17.9,17.5,19.6,0.0,0.0,0.0,0.0,0.0,0.0,Kotlin|Raspberry Pi|MongoDB|CI/CD|Terraform,forensics|UX mobile|recherche,Système embarqué de surveillance de la qualité de l'air,Systèmes
ETU-0146,Génie Informatique,Licence 3,12.84,8.0,0.0,0.0,12.3,0.0,17.6,14.6,15.6,0.0,0.0,0.0,0.0,0.0,0.0,0.0,0.0,0.0,0.0,0.0,0.0,0.0,0.0,0.0,0.0,0.0,12.5,9.3,Swift|Node.js|Forensics|React,analyse|e-commerce|santé numérique,Plateforme de gestion des stages universitaires en ligne,Développement Web
ETU-0147,Systèmes Embarqués,Master 1,14.68,0.0,0.0,0.0,0.0,0.0,0.0,0.0,0.0,0.0,0.0,0.0,0.0,0.0,0.0,0.0,0.0,15.9,19.5,9.6,14.0,14.4,0.0,0.0,0.0,0.0,0.0,0.0,Raspberry Pi|Kali Linux|Assembleur,infrastructure|performance|startup,Conception d'un système d'irrigation automatique intelligent,Systèmes
ETU-0148,Data Science,Master 1,15.27,0.0,0.0,0.0,0.0,0.0,16.4,0.0,0.0,0.0,0.0,0.0,0.0,19.6,13.4,9.6,13.0,0.0,0.0,0.0,0.0,0.0,0.0,0.0,0.0,0.0,0.0,0.0,Raspberry Pi|VPN|AWS|MongoDB|PostgreSQL,sécurité informatique|applications mobiles,Migration d'un système legacy vers une base de données NoSQL,Bases de données
ETU-0149,Cybersécurité,Master 1,17.12,0.0,0.0,0.0,0.0,0.0,0.0,0.0,0.0,0.0,19.3,0.0,0.0,0.0,0.0,0.0,0.0,0.0,0.0,0.0,0.0,0.0,15.0,16.5,16.1,18.7,0.0,0.0,Kali Linux|Python|C/C++|React|TensorFlow,applications web|recherche|analyse,Implémentation d'un système Zero Trust pour entreprise,Cybersécurité
ETU-0150,Génie Logiciel,Master 1,16.04,17.8,9.2,18.4,16.9,18.4,16.9,14.7,0.0,0.0,0.0,0.0,0.0,0.0,0.0,0.0,0.0,0.0,0.0,0.0,0.0,0.0,0.0,0.0,0.0,0.0,0.0,0.0,Kotlin|Linux|Terraform|NLP,fintech|électronique|protection des données,Classification automatique des documents administratifs par NLP,IA / Machine Learning
ETU-0151,Cybersécurité,Master 2,13.54,0.0,0.0,0.0,0.0,0.0,0.0,0.0,0.0,0.0,10.4,0.0,0.0,0.0,0.0,0.0,0.0,0.0,0.0,0.0,0.0,0.0,16.9,16.7,10.3,13.4,0.0,0.0,HTML/CSS|Kotlin|Vue.js,automatisation|robotique|administration réseau,Analyse forensique des incidents de cybersécurité,Cybersécurité
ETU-0152,Cybersécurité,Licence 3,16.0,0.0,0.0,0.0,0.0,0.0,0.0,0.0,0.0,0.0,15.5,0.0,0.0,0.0,0.0,0.0,0.0,0.0,0.0,0.0,0.0,0.0,17.3,18.1,11.6,17.5,0.0,0.0,Deep Learning|VPN|C/C++|MySQL|HTML/CSS,statistiques|infrastructure|gestion des données|électronique,Simulation d'un réseau de capteurs IoT pour smart city,Réseaux
ETU-0153,Cybersécurité,Master 1,16.36,0.0,0.0,0.0,0.0,0.0,0.0,0.0,0.0,0.0,17.9,0.0,0.0,0.0,0.0,0.0,0.0,0.0,0.0,0.0,0.0,0.0,20.0,19.8,8.1,16.0,0.0,0.0,ElasticSearch|CI/CD|Kubernetes|AWS|Terraform|scikit-learn,protection des données|fintech|e-commerce|protocoles,Mise en place d'un pipeline CI/CD pour équipe de développement,Cloud / DevOps
ETU-0154,Data Science,Master 2,14.18,0.0,0.0,0.0,0.0,0.0,15.5,0.0,0.0,0.0,0.0,0.0,0.0,9.0,19.7,17.3,14.4,0.0,0.0,0.0,0.0,0.0,0.0,0.0,0.0,0.0,0.0,0.0,Terraform|AWS|MongoDB|Kali Linux,systèmes d'information|robotique,Migration d'un système legacy vers une base de données NoSQL,Bases de données
ETU-0155,Cybersécurité,Licence 3,13.0,0.0,0.0,0.0,0.0,0.0,0.0,0.0,0.0,0.0,10.7,0.0,0.0,0.0,0.0,0.0,0.0,0.0,0.0,0.0,0.0,0.0,14.9,11.1,12.7,15.6,0.0,0.0,VPN|TensorFlow|Cryptographie|Vue.js|Arduino|Python,statistiques|automatisation|applications mobiles|infrastructure,Sécurisation des applications mobiles de mobile banking,Cybersécurité
ETU-0156,Réseaux et Télécommunications,Master 2,14.98,0.0,0.0,0.0,0.0,0.0,0.0,0.0,10.6,17.0,17.6,18.2,11.5,0.0,0.0,0.0,0.0,0.0,0.0,0.0,0.0,0.0,0.0,0.0,0.0,0.0,0.0,0.0,TCP/IP|CI/CD|Pentesting|Python,applications web|e-commerce|automatisation|intelligence artificielle,Simulation d'un réseau de capteurs IoT pour smart city,Réseaux
ETU-0157,Réseaux et Télécommunications,Licence 3,12.42,0.0,0.0,0.0,0.0,0.0,0.0,0.0,10.2,15.4,11.0,9.4,16.1,0.0,0.0,0.0,0.0,0.0,0.0,0.0,0.0,0.0,0.0,0.0,0.0,0.0,0.0,0.0,Raspberry Pi|Flutter|CI/CD,statistiques|sécurité informatique|protocoles|design UI,Mise en place d'un réseau WiFi municipal à faible coût,Réseaux
ETU-0158,Data Science,Master 1,13.78,0.0,0.0,0.0,0.0,0.0,12.4,0.0,0.0,0.0,0.0,0.0,0.0,13.4,11.7,15.0,14.8,0.0,0.0,0.0,0.0,0.0,0.0,0.0,0.0,0.0,0.0,0.0,Kali Linux|FastAPI|Python|VPN|ElasticSearch,robotique|administration réseau,Analyse de sentiment des réseaux sociaux pour les élections africaines,IA / Machine Learning
ETU-0159,Génie Informatique,Master 2,14.24,9.0,0.0,0.0,11.4,0.0,18.7,10.4,17.9,0.0,0.0,0.0,0.0,0.0,0.0,0.0,0.0,0.0,0.0,0.0,0.0,0.0,0.0,0.0,0.0,0.0,16.8,15.5,TensorFlow|Kotlin|AWS,santé numérique|systèmes d'information,Application d'apprentissage des langues locales sur mobile,Mobile
ETU-0160,Génie Informatique,Master 1,11.96,9.6,0.0,0.0,14.0,0.0,12.4,8.1,9.1,0.0,0.0,0.0,0.0,0.0,0.0,0.0,0.0,0.0,0.0,0.0,0.0,0.0,0.0,0.0,0.0,0.0,10.9,19.6,Kotlin|Node.js|Android|FastAPI,applications web|cloud computing,Application web de télémédecine pour zones rurales,Développement Web
ETU-0161,Data Science,Master 1,13.97,0.0,0.0,0.0,0.0,0.0,16.4,0.0,0.0,0.0,0.0,0.0,0.0,13.6,8.6,19.8,11.9,0.0,0.0,0.0,0.0,0.0,0.0,0.0,0.0,0.0,0.0,0.0,Redis|Assembleur|Arduino|VHDL|HTML/CSS,fintech|UX mobile|statistiques,Système de recommandation de cours en ligne par apprentissage automatique,IA / Machine Learning
ETU-0162,Cybersécurité,Licence 3,11.9,0.0,0.0,0.0,0.0,0.0,0.0,0.0,0.0,0.0,10.8,0.0,0.0,0.0,0.0,0.0,0.0,0.0,0.0,0.0,0.0,0.0,13.3,14.2,11.4,9.8,0.0,0.0,Pentesting|Docker|Vue.js|Terraform,électronique|forensics,Implémentation d'un système Zero Trust pour entreprise,Cybersécurité
ETU-0163,Cybersécurité,Licence 3,12.46,0.0,0.0,0.0,0.0,0.0,0.0,0.0,0.0,0.0,14.2,0.0,0.0,0.0,0.0,0.0,0.0,0.0,0.0,0.0,0.0,0.0,9.6,18.7,9.8,10.0,0.0,0.0,C/C++|OWASP|Docker|VHDL,data science|sécurité informatique|développement web|systèmes d'information,Mise en place d'un SIEM pour la détection des intrusions,Cybersécurité
ETU-0164,Cybersécurité,Master 2,14.92,0.0,0.0,0.0,0.0,0.0,0.0,0.0,0.0,0.0,10.0,0.0,0.0,0.0,0.0,0.0,0.0,0.0,0.0,0.0,0.0,0.0,14.1,16.2,19.1,15.2,0.0,0.0,MySQL|Cryptographie|Node.js,data science|analyse,Implémentation d'un système Zero Trust pour entreprise,Cybersécurité
ETU-0165,Cybersécurité,Licence 3,13.26,0.0,0.0,0.0,0.0,0.0,0.0,0.0,0.0,0.0,15.9,0.0,0.0,0.0,0.0,0.0,0.0,0.0,0.0,0.0,0.0,0.0,9.1,18.8,14.5,8.0,0.0,0.0,C/C++|Forensics|Pentesting|scikit-learn|Terraform|Kali Linux,cloud computing|fintech,Audit de sécurité des infrastructures informatiques bancaires au Togo,Cybersécurité
ETU-0166,Data Science,Master 2,15.1,0.0,0.0,0.0,0.0,0.0,14.9,0.0,0.0,0.0,0.0,0.0,0.0,18.5,10.3,16.5,17.5,0.0,0.0,0.0,0.0,0.0,0.0,0.0,0.0,0.0,0.0,0.0,C/C++|Python|Cryptographie,systèmes d'information|protection des données|électronique|UX mobile,Système de détection de fraude bancaire par deep learning,IA / Machine Learning
ETU-0167,Réseaux et Télécommunications,Master 1,13.58,0.0,0.0,0.0,0.0,0.0,0.0,0.0,14.6,14.7,10.1,14.7,13.8,0.0,0.0,0.0,0.0,0.0,0.0,0.0,0.0,0.0,0.0,0.0,0.0,0.0,0.0,0.0,VHDL|Firewall|OWASP|Node.js|Terraform,infrastructure|IoT,Déploiement d'un réseau LAN sécurisé pour établissement scolaire,Réseaux
ETU-0168,Réseaux et Télécommunications,Master 1,13.12,0.0,0.0,0.0,0.0,0.0,0.0,0.0,19.6,8.1,9.1,9.7,19.1,0.0,0.0,0.0,0.0,0.0,0.0,0.0,0.0,0.0,0.0,0.0,0.0,0.0,0.0,0.0,Pandas|Deep Learning|Redis|MySQL|Pentesting|Terraform,automatisation|fintech|santé numérique|déploiement,Système de sauvegarde automatique dans le cloud pour PME africaines,Cloud / DevOps
ETU-0169,Data Science,Licence 3,11.17,0.0,0.0,0.0,0.0,0.0,8.4,0.0,0.0,0.0,0.0,0.0,0.0,8.4,14.2,10.8,10.0,0.0,0.0,0.0,0.0,0.0,0.0,0.0,0.0,0.0,0.0,0.0,CI/CD|Python|FastAPI|Pandas,santé numérique|applications mobiles|analyse,Prédiction du taux de décrochage scolaire par machine learning,IA / Machine Learning
ETU-0170,Réseaux et Télécommunications,Master 2,12.82,0.0,0.0,0.0,0.0,0.0,0.0,0.0,19.6,13.5,12.8,8.1,10.1,0.0,0.0,0.0,0.0,0.0,0.0,0.0,0.0,0.0,0.0,0.0,0.0,0.0,0.0,0.0,Raspberry Pi|Deep Learning|Kotlin,forensics|e-commerce|infrastructure,Étude et déploiement de la fibre optique dans une université,Réseaux
ETU-0171,Systèmes Embarqués,Master 2,11.0,0.0,0.0,0.0,0.0,0.0,0.0,0.0,0.0,0.0,0.0,0.0,0.0,0.0,0.0,0.0,0.0,13.5,15.0,8.3,9.4,8.8,0.0,0.0,0.0,0.0,0.0,0.0,MySQL|VPN|Forensics|Firewall,intelligence artificielle|protocoles|télécommunications|sécurité informatique,Étude et déploiement de la fibre optique dans une université,Réseaux
ETU-0172,Réseaux et Télécommunications,Master 2,15.26,0.0,0.0,0.0,0.0,0.0,0.0,0.0,16.2,18.9,14.0,10.4,16.8,0.0,0.0,0.0,0.0,0.0,0.0,0.0,0.0,0.0,0.0,0.0,0.0,0.0,0.0,0.0,MongoDB|MySQL|PostgreSQL|ElasticSearch|Kubernetes,applications web|design UI|e-commerce,Base de données spatiale pour la gestion du cadastre urban,Bases de données
ETU-0173,Data Science,Master 1,15.17,0.0,0.0,0.0,0.0,0.0,17.2,0.0,0.0,0.0,0.0,0.0,0.0,18.8,14.9,11.3,10.2,0.0,0.0,0.0,0.0,0.0,0.0,0.0,0.0,0.0,0.0,0.0,OWASP|MySQL|VHDL|Node.js|NLP,robotique|cloud computing|automatisation|infrastructure,Chatbot intelligent pour l'assistance médicale au Togo,IA / Machine Learning
ETU-0174,Systèmes Embarqués,Master 2,12.24,0.0,0.0,0.0,0.0,0.0,0.0,0.0,0.0,0.0,0.0,0.0,0.0,0.0,0.0,0.0,0.0,9.2,12.3,18.3,10.2,11.2,0.0,0.0,0.0,0.0,0.0,0.0,React Native|Kubernetes|Wireshark|Pentesting|HTML/CSS,robotique|systèmes d'information|électronique,Système embarqué de surveillance de la qualité de l'air,Systèmes
ETU-0175,Génie Informatique,Master 1,15.6,17.6,0.0,0.0,14.7,0.0,10.4,17.6,18.3,0.0,0.0,0.0,0.0,0.0,0.0,0.0,0.0,0.0,0.0,0.0,0.0,0.0,0.0,0.0,0.0,0.0,16.9,13.7,HTML/CSS|Forensics|Swift,déploiement|protection des données,Plateforme mobile de covoiturage universitaire,Mobile
ETU-0176,Génie Informatique,Licence 3,12.99,13.4,0.0,0.0,12.0,0.0,14.7,19.2,12.3,0.0,0.0,0.0,0.0,0.0,0.0,0.0,0.0,0.0,0.0,0.0,0.0,0.0,0.0,0.0,0.0,0.0,11.1,8.2,Firewall|Docker|PostgreSQL,performance|sécurité informatique|applications mobiles|protection des données,Optimisation des requêtes dans les systèmes de gestion hospitalière,Bases de données
ETU-0177,Génie Informatique,Master 1,13.29,13.1,0.0,0.0,15.3,0.0,18.9,8.9,12.9,0.0,0.0,0.0,0.0,0.0,0.0,0.0,0.0,0.0,0.0,0.0,0.0,0.0,0.0,0.0,0.0,0.0,12.1,11.8,Cisco|Docker|CI/CD|OWASP|Android,déploiement|IoT|électronique,Plateforme de monitoring des applications en temps réel,Cloud / DevOps
ETU-0178,Génie Logiciel,Licence 3,12.74,8.8,18.5,14.6,8.3,12.8,17.2,9.0,0.0,0.0,0.0,0.0,0.0,0.0,0.0,0.0,0.0,0.0,0.0,0.0,0.0,0.0,0.0,0.0,0.0,0.0,0.0,0.0,Kubernetes|Django|Pandas|CI/CD|Cryptographie,infrastructure|télécommunications|sécurité informatique,Plateforme de monitoring des applications en temps réel,Cloud / DevOps
ETU-0179,Cybersécurité,Master 1,14.64,0.0,0.0,0.0,0.0,0.0,0.0,0.0,0.0,0.0,9.6,0.0,0.0,0.0,0.0,0.0,0.0,0.0,0.0,0.0,0.0,0.0,14.6,19.4,14.5,15.1,0.0,0.0,AWS|Terraform|VHDL|Kali Linux|C/C++|Arduino,applications mobiles|cloud computing|infrastructure,Analyse forensique des incidents de cybersécurité,Cybersécurité
ETU-0180,Data Science,Master 1,15.08,0.0,0.0,0.0,0.0,0.0,17.2,0.0,0.0,0.0,0.0,0.0,0.0,14.4,13.9,17.1,11.6,0.0,0.0,0.0,0.0,0.0,0.0,0.0,0.0,0.0,0.0,0.0,Docker|MySQL|Python|Raspberry Pi|Pentesting,électronique|robotique,Prédiction du taux de décrochage scolaire par machine learning,IA / Machine Learning
ETU-0181,Data Science,Master 2,14.58,0.0,0.0,0.0,0.0,0.0,11.5,0.0,0.0,0.0,0.0,0.0,0.0,16.9,13.0,18.2,10.2,0.0,0.0,0.0,0.0,0.0,0.0,0.0,0.0,0.0,0.0,0.0,Kubernetes|Android|Cisco|Terraform|Swift|PostgreSQL,data science|applications web|recherche,Système de recommandation de cours en ligne par apprentissage automatique,IA / Machine Learning
ETU-0182,Systèmes Embarqués,Licence 3,15.0,0.0,0.0,0.0,0.0,0.0,0.0,0.0,0.0,0.0,0.0,0.0,0.0,0.0,0.0,0.0,0.0,12.1,11.7,17.6,20.0,13.6,0.0,0.0,0.0,0.0,0.0,0.0,Wireshark|Pandas|Django,administration réseau|santé numérique,Mise en place d'un réseau WiFi municipal à faible coût,Réseaux
ETU-0183,Systèmes Embarqués,Master 1,13.44,0.0,0.0,0.0,0.0,0.0,0.0,0.0,0.0,0.0,0.0,0.0,0.0,0.0,0.0,0.0,0.0,11.0,19.9,10.4,16.8,9.1,0.0,0.0,0.0,0.0,0.0,0.0,React Native|Cryptographie|TCP/IP|VPN,automatisation|déploiement,Compteur d'énergie intelligent pour le suivi de consommation,Systèmes
ETU-0184,Data Science,Licence 3,10.8,0.0,0.0,0.0,0.0,0.0,8.5,0.0,0.0,0.0,0.0,0.0,0.0,10.0,9.4,17.5,8.1,0.0,0.0,0.0,0.0,0.0,0.0,0.0,0.0,0.0,0.0,0.0,Docker|Django|Pentesting|Pandas|ElasticSearch|FastAPI,développement web|forensics|recherche,Classification automatique des documents administratifs par NLP,IA / Machine Learning
ETU-0185,Systèmes Embarqués,Master 2,13.46,0.0,0.0,0.0,0.0,0.0,0.0,0.0,0.0,0.0,0.0,0.0,0.0,0.0,0.0,0.0,0.0,10.3,16.3,12.3,9.6,18.8,0.0,0.0,0.0,0.0,0.0,0.0,Android|Raspberry Pi|Linux|Arduino|Swift|PostgreSQL,performance|applications mobiles|protection des données|systèmes temps réel,Système de contrôle d'accès biométrique à faible coût,Systèmes
ETU-0186,Systèmes Embarqués,Licence 3,16.44,0.0,0.0,0.0,0.0,0.0,0.0,0.0,0.0,0.0,0.0,0.0,0.0,0.0,0.0,0.0,0.0,17.3,14.1,16.8,18.6,15.4,0.0,0.0,0.0,0.0,0.0,0.0,Kubernetes|ElasticSearch|VPN|Deep Learning|Terraform,fintech|analyse|déploiement|automatisation,Mise en place d'un pipeline CI/CD pour équipe de développement,Cloud / DevOps
ETU-0187,Réseaux et Télécommunications,Licence 3,13.26,0.0,0.0,0.0,0.0,0.0,0.0,0.0,10.4,13.8,9.2,14.9,18.0,0.0,0.0,0.0,0.0,0.0,0.0,0.0,0.0,0.0,0.0,0.0,0.0,0.0,0.0,0.0,C/C++|Kubernetes|Assembleur|Redis|NLP|Pentesting,statistiques|intelligence artificielle,Système de détection de fraude bancaire par deep learning,IA / Machine Learning
ETU-0188,Data Science,Master 2,13.68,0.0,0.0,0.0,0.0,0.0,8.9,0.0,0.0,0.0,0.0,0.0,0.0,8.7,14.3,16.8,18.0,0.0,0.0,0.0,0.0,0.0,0.0,0.0,0.0,0.0,0.0,0.0,C/C++|React|MySQL|Arduino,analyse|déploiement|télécommunications,Système de détection de fraude bancaire par deep learning,IA / Machine Learning
ETU-0189,Génie Logiciel,Licence 3,15.84,17.5,14.6,14.1,15.9,14.4,15.2,19.2,0.0,0.0,0.0,0.0,0.0,0.0,0.0,0.0,0.0,0.0,0.0,0.0,0.0,0.0,0.0,0.0,0.0,0.0,0.0,0.0,Raspberry Pi|VPN|Pentesting|Forensics|AWS,protection des données|télécommunications|systèmes d'information,Analyse forensique des incidents de cybersécurité,Cybersécurité
ETU-0190,Cybersécurité,Licence 3,13.6,0.0,0.0,0.0,0.0,0.0,0.0,0.0,0.0,0.0,19.9,0.0,0.0,0.0,0.0,0.0,0.0,0.0,0.0,0.0,0.0,0.0,14.2,11.6,11.6,10.7,0.0,0.0,TensorFlow|Cisco|Raspberry Pi|Kotlin|VHDL,applications web|design UI|automatisation|systèmes temps réel,Mise en place d'un SIEM pour la détection des intrusions,Cybersécurité
ETU-0191,Génie Informatique,Licence 3,16.04,16.7,0.0,0.0,17.5,0.0,17.9,16.3,10.1,0.0,0.0,0.0,0.0,0.0,0.0,0.0,0.0,0.0,0.0,0.0,0.0,0.0,0.0,0.0,0.0,0.0,14.9,18.9,scikit-learn|VHDL|Cryptographie|Pandas|NLP,applications mobiles|robotique|électronique,Système de recommandation de cours en ligne par apprentissage automatique,IA / Machine Learning
ETU-0192,Data Science,Master 2,11.0,0.0,0.0,0.0,0.0,0.0,8.6,0.0,0.0,0.0,0.0,0.0,0.0,8.5,9.8,14.0,10.6,0.0,0.0,0.0,0.0,0.0,0.0,0.0,0.0,0.0,0.0,0.0,Android|Docker|VHDL|Kotlin|Pandas|MySQL,sécurité informatique|santé numérique|applications web,Analyse de sentiment des réseaux sociaux pour les élections africaines,IA / Machine Learning
ETU-0193,Réseaux et Télécommunications,Master 1,14.04,0.0,0.0,0.0,0.0,0.0,0.0,0.0,14.7,13.9,15.8,10.4,15.4,0.0,0.0,0.0,0.0,0.0,0.0,0.0,0.0,0.0,0.0,0.0,0.0,0.0,0.0,0.0,ElasticSearch|Deep Learning|Cisco|Kali Linux,développement web|e-commerce|électronique,Optimisation de la qualité de service dans les réseaux mobiles 4G,Réseaux
ETU-0194,Cybersécurité,Licence 3,13.86,0.0,0.0,0.0,0.0,0.0,0.0,0.0,0.0,0.0,19.1,0.0,0.0,0.0,0.0,0.0,0.0,0.0,0.0,0.0,0.0,0.0,13.3,10.8,16.2,9.9,0.0,0.0,Vue.js|NLP|ElasticSearch,applications web|sécurité informatique|intelligence artificielle|forensics,Analyse forensique des incidents de cybersécurité,Cybersécurité
ETU-0195,Cybersécurité,Master 1,16.04,0.0,0.0,0.0,0.0,0.0,0.0,0.0,0.0,0.0,19.9,0.0,0.0,0.0,0.0,0.0,0.0,0.0,0.0,0.0,0.0,0.0,15.5,16.3,16.0,12.5,0.0,0.0,Redis|FastAPI|NLP,analyse|administration réseau|recherche,Analyse forensique des incidents de cybersécurité,Cybersécurité
ETU-0196,Génie Informatique,Master 1,13.84,10.8,0.0,0.0,12.6,0.0,9.2,11.8,19.7,0.0,0.0,0.0,0.0,0.0,0.0,0.0,0.0,0.0,0.0,0.0,0.0,0.0,0.0,0.0,0.0,0.0,18.4,14.4,PostgreSQL|Kotlin|Flutter|Raspberry Pi,data science|automatisation|télécommunications|déploiement,Application d'apprentissage des langues locales sur mobile,Mobile
ETU-0197,Data Science,Licence 3,15.6,0.0,0.0,0.0,0.0,0.0,14.7,0.0,0.0,0.0,0.0,0.0,0.0,15.5,18.7,17.8,8.4,0.0,0.0,0.0,0.0,0.0,0.0,0.0,0.0,0.0,0.0,0.0,MySQL|Django|Wireshark|OWASP|Terraform,développement web|fintech,Classification automatique des documents administratifs par NLP,IA / Machine Learning
ETU-0198,Systèmes Embarqués,Master 2,13.4,0.0,0.0,0.0,0.0,0.0,0.0,0.0,0.0,0.0,0.0,0.0,0.0,0.0,0.0,0.0,0.0,9.6,15.8,15.0,16.2,10.4,0.0,0.0,0.0,0.0,0.0,0.0,TCP/IP|C/C++|Node.js|Kali Linux,gestion des données|protection des données,Compteur d'énergie intelligent pour le suivi de consommation,Systèmes
ETU-0199,Systèmes Embarqués,Master 1,16.34,0.0,0.0,0.0,0.0,0.0,0.0,0.0,0.0,0.0,0.0,0.0,0.0,0.0,0.0,0.0,0.0,13.3,19.2,18.7,19.2,11.3,0.0,0.0,0.0,0.0,0.0,0.0,React|Node.js|HTML/CSS|TensorFlow,administration réseau|infrastructure|data science|applications mobiles,Plateforme e-commerce pour artisans locaux au Togo,Développement Web
ETU-0200,Réseaux et Télécommunications,Licence 3,11.06,0.0,0.0,0.0,0.0,0.0,0.0,0.0,10.3,8.4,17.2,8.2,11.2,0.0,0.0,0.0,0.0,0.0,0.0,0.0,0.0,0.0,0.0,0.0,0.0,0.0,0.0,0.0,MySQL|PostgreSQL|MongoDB|Deep Learning|HTML/CSS|Android,automatisation|protection des données|systèmes temps réel|télécommunications,Base de données spatiale pour la gestion du cadastre urban,Bases de données
ETU-0201,Cybersécurité,Master 2,16.28,0.0,0.0,0.0,0.0,0.0,0.0,0.0,0.0,0.0,17.4,0.0,0.0,0.0,0.0,0.0,0.0,0.0,0.0,0.0,0.0,0.0,18.5,14.2,13.4,17.9,0.0,0.0,ElasticSearch|C/C++|Arduino,automatisation|fintech|déploiement,Analyse forensique des incidents de cybersécurité,Cybersécurité
ETU-0202,Cybersécurité,Licence 3,14.72,0.0,0.0,0.0,0.0,0.0,0.0,0.0,0.0,0.0,18.8,0.0,0.0,0.0,0.0,0.0,0.0,0.0,0.0,0.0,0.0,0.0,16.3,13.6,15.8,9.1,0.0,0.0,HTML/CSS|Assembleur|Arduino,santé numérique|électronique,Mise en place d'un SIEM pour la détection des intrusions,Cybersécurité
ETU-0203,Génie Informatique,Master 2,12.73,9.5,0.0,0.0,9.4,0.0,12.4,14.3,13.4,0.0,0.0,0.0,0.0,0.0,0.0,0.0,0.0,0.0,0.0,0.0,0.0,0.0,0.0,0.0,0.0,0.0,12.6,17.5,Cryptographie|Raspberry Pi|scikit-learn|FastAPI,applications web|gestion des données|performance,Chatbot intelligent pour l'assistance médicale au Togo,IA / Machine Learning
ETU-0204,Génie Logiciel,Master 2,14.31,17.2,8.1,14.0,14.0,17.7,15.3,13.9,0.0,0.0,0.0,0.0,0.0,0.0,0.0,0.0,0.0,0.0,0.0,0.0,0.0,0.0,0.0,0.0,0.0,0.0,0.0,0.0,Assembleur|Terraform|React Native|Flutter,IoT|développement web|intelligence artificielle,Migration d'une infrastructure on-premise vers AWS pour PME,Cloud / DevOps
ETU-0205,Réseaux et Télécommunications,Licence 3,14.66,0.0,0.0,0.0,0.0,0.0,0.0,0.0,16.0,18.1,11.6,19.0,8.6,0.0,0.0,0.0,0.0,0.0,0.0,0.0,0.0,0.0,0.0,0.0,0.0,0.0,0.0,0.0,HTML/CSS|FastAPI|Linux|Kubernetes|Docker|VHDL,performance|systèmes temps réel|UX mobile|automatisation,Mise en place d'un réseau WiFi municipal à faible coût,Réseaux
ETU-0206,Génie Logiciel,Master 2,12.56,18.3,12.0,13.0,10.5,10.5,8.7,14.9,0.0,0.0,0.0,0.0,0.0,0.0,0.0,0.0,0.0,0.0,0.0,0.0,0.0,0.0,0.0,0.0,0.0,0.0,0.0,0.0,React Native|Docker|Linux,protection des données|protocoles|déploiement,Système de sauvegarde automatique dans le cloud pour PME africaines,Cloud / DevOps
ETU-0207,Réseaux et Télécommunications,Master 2,12.48,0.0,0.0,0.0,0.0,0.0,0.0,0.0,11.5,10.3,9.4,13.6,17.6,0.0,0.0,0.0,0.0,0.0,0.0,0.0,0.0,0.0,0.0,0.0,0.0,0.0,0.0,0.0,Kubernetes|Forensics|scikit-learn|Wireshark,systèmes d'information|intelligence artificielle|analyse,Optimisation de la qualité de service dans les réseaux mobiles 4G,Réseaux
ETU-0208,Génie Informatique,Master 2,13.29,15.4,0.0,0.0,8.3,0.0,12.0,12.1,10.1,0.0,0.0,0.0,0.0,0.0,0.0,0.0,0.0,0.0,0.0,0.0,0.0,0.0,0.0,0.0,0.0,0.0,16.1,19.0,CI/CD|Node.js|React Native,systèmes temps réel|forensics,Plateforme de gestion des stages universitaires en ligne,Développement Web
ETU-0209,Réseaux et Télécommunications,Master 2,16.86,0.0,0.0,0.0,0.0,0.0,0.0,0.0,16.2,17.6,18.7,12.2,19.6,0.0,0.0,0.0,0.0,0.0,0.0,0.0,0.0,0.0,0.0,0.0,0.0,0.0,0.0,0.0,TensorFlow|Wireshark|Cryptographie|AWS|Arduino,fintech|performance,Mise en place d'un réseau WiFi municipal à faible coût,Réseaux
ETU-0210,Data Science,Master 1,12.48,0.0,0.0,0.0,0.0,0.0,8.4,0.0,0.0,0.0,0.0,0.0,0.0,18.0,14.3,10.1,12.5,0.0,0.0,0.0,0.0,0.0,0.0,0.0,0.0,0.0,0.0,0.0,Pandas|Android|Kotlin|TensorFlow,infrastructure|applications web|analyse,Analyse de sentiment des réseaux sociaux pour les élections africaines,IA / Machine Learning
ETU-0211,Réseaux et Télécommunications,Master 2,12.12,0.0,0.0,0.0,0.0,0.0,0.0,0.0,8.4,12.7,18.4,9.4,11.7,0.0,0.0,0.0,0.0,0.0,0.0,0.0,0.0,0.0,0.0,0.0,0.0,0.0,0.0,0.0,Docker|Pandas|Wireshark,automatisation|design UI|déploiement,Simulation d'un réseau de capteurs IoT pour smart city,Réseaux
ETU-0212,Data Science,Master 1,13.48,0.0,0.0,0.0,0.0,0.0,14.7,0.0,0.0,0.0,0.0,0.0,0.0,16.1,9.9,9.4,19.5,0.0,0.0,0.0,0.0,0.0,0.0,0.0,0.0,0.0,0.0,0.0,MongoDB|Arduino|Firewall,protection des données|administration réseau|applications web|sécurité informatique,Système de recommandation de cours en ligne par apprentissage automatique,IA / Machine Learning
ETU-0213,Génie Logiciel,Master 1,13.79,8.6,13.1,10.1,15.2,15.1,18.0,16.4,0.0,0.0,0.0,0.0,0.0,0.0,0.0,0.0,0.0,0.0,0.0,0.0,0.0,0.0,0.0,0.0,0.0,0.0,0.0,0.0,TCP/IP|Wireshark|PostgreSQL|Terraform|Arduino,systèmes temps réel|startup,Système de vote électronique sécurisé pour associations étudiantes,Développement Web
ETU-0214,Réseaux et Télécommunications,Master 2,12.94,0.0,0.0,0.0,0.0,0.0,0.0,0.0,11.1,12.4,10.2,19.0,12.0,0.0,0.0,0.0,0.0,0.0,0.0,0.0,0.0,0.0,0.0,0.0,0.0,0.0,0.0,0.0,Flutter|Swift|TensorFlow|Deep Learning|React Native,applications mobiles|cloud computing,Application de suivi de grossesse pour zones rurales,Mobile
ETU-0215,Cybersécurité,Master 2,12.0,0.0,0.0,0.0,0.0,0.0,0.0,0.0,0.0,0.0,11.6,0.0,0.0,0.0,0.0,0.0,0.0,0.0,0.0,0.0,0.0,0.0,8.9,13.5,15.1,10.9,0.0,0.0,Raspberry Pi|FastAPI|React Native|Cryptographie,forensics|systèmes d'information,Audit de sécurité des infrastructures informatiques bancaires au Togo,Cybersécurité
ETU-0216,Génie Informatique,Master 2,14.3,14.9,0.0,0.0,13.8,0.0,13.6,14.7,15.1,0.0,0.0,0.0,0.0,0.0,0.0,0.0,0.0,0.0,0.0,0.0,0.0,0.0,0.0,0.0,0.0,0.0,17.9,10.1,Deep Learning|Docker|React|CI/CD|Cryptographie|VPN,recherche|développement web|systèmes d'information,Plateforme e-commerce pour artisans locaux au Togo,Développement Web
ETU-0217,Cybersécurité,Master 2,14.3,0.0,0.0,0.0,0.0,0.0,0.0,0.0,0.0,0.0,10.5,0.0,0.0,0.0,0.0,0.0,0.0,0.0,0.0,0.0,0.0,0.0,13.4,18.5,11.6,17.5,0.0,0.0,Kali Linux|Firewall|Pandas|Assembleur|Python,infrastructure|santé numérique|startup|sécurité informatique,Audit de sécurité des infrastructures informatiques bancaires au Togo,Cybersécurité
ETU-0218,Réseaux et Télécommunications,Master 1,13.22,0.0,0.0,0.0,0.0,0.0,0.0,0.0,16.4,12.7,11.8,12.6,12.6,0.0,0.0,0.0,0.0,0.0,0.0,0.0,0.0,0.0,0.0,0.0,0.0,0.0,0.0,0.0,Terraform|HTML/CSS|React Native|Node.js,fintech|UX mobile,Optimisation de la qualité de service dans les réseaux mobiles 4G,Réseaux
ETU-0219,Génie Informatique,Master 1,15.7,19.7,0.0,0.0,9.6,0.0,17.7,18.3,9.6,0.0,0.0,0.0,0.0,0.0,0.0,0.0,0.0,0.0,0.0,0.0,0.0,0.0,0.0,0.0,0.0,0.0,18.7,16.3,Kubernetes|HTML/CSS|Flutter|Kotlin|Kali Linux|Raspberry Pi,fintech|applications mobiles|infrastructure,Application de suivi de grossesse pour zones rurales,Mobile
ETU-0220,Génie Logiciel,Licence 3,13.9,14.8,16.5,9.4,13.8,16.3,9.7,16.8,0.0,0.0,0.0,0.0,0.0,0.0,0.0,0.0,0.0,0.0,0.0,0.0,0.0,0.0,0.0,0.0,0.0,0.0,0.0,0.0,Flutter|C/C++|Pandas|Kubernetes|ElasticSearch,statistiques|hacking éthique|recherche,Prédiction du taux de décrochage scolaire par machine learning,IA / Machine Learning
ETU-0221,Data Science,Licence 3,14.12,0.0,0.0,0.0,0.0,0.0,8.7,0.0,0.0,0.0,0.0,0.0,0.0,8.4,17.0,16.7,14.8,0.0,0.0,0.0,0.0,0.0,0.0,0.0,0.0,0.0,0.0,0.0,Assembleur|FastAPI|VHDL|NLP|Linux|TensorFlow,automatisation|développement web|startup,Analyse de sentiment des réseaux sociaux pour les élections africaines,IA / Machine Learning
ETU-0222,Cybersécurité,Master 2,13.68,0.0,0.0,0.0,0.0,0.0,0.0,0.0,0.0,0.0,13.4,0.0,0.0,0.0,0.0,0.0,0.0,0.0,0.0,0.0,0.0,0.0,9.8,17.7,11.1,16.4,0.0,0.0,HTML/CSS|C/C++|scikit-learn|Wireshark|Pandas|Django,applications web|automatisation|électronique|fintech,Audit de sécurité des infrastructures informatiques bancaires au Togo,Cybersécurité
ETU-0223,Génie Logiciel,Licence 3,15.21,13.6,13.7,13.7,19.4,19.1,10.8,16.2,0.0,0.0,0.0,0.0,0.0,0.0,0.0,0.0,0.0,0.0,0.0,0.0,0.0,0.0,0.0,0.0,0.0,0.0,0.0,0.0,React Native|Redis|Django|C/C++|Kali Linux|Python,IoT|fintech|protection des données,Application web de télémédecine pour zones rurales,Développement Web
ETU-0224,Data Science,Master 1,14.08,0.0,0.0,0.0,0.0,0.0,16.1,0.0,0.0,0.0,0.0,0.0,0.0,11.2,11.1,15.0,13.5,0.0,0.0,0.0,0.0,0.0,0.0,0.0,0.0,0.0,0.0,0.0,Assembleur|PostgreSQL|C/C++|Wireshark,performance|protection des données|intelligence artificielle|statistiques,Détection des maladies agricoles par vision par ordinateur,IA / Machine Learning
ETU-0225,Génie Logiciel,Master 2,16.17,15.9,18.0,19.4,15.7,16.5,9.4,18.3,0.0,0.0,0.0,0.0,0.0,0.0,0.0,0.0,0.0,0.0,0.0,0.0,0.0,0.0,0.0,0.0,0.0,0.0,0.0,0.0,Cryptographie|Terraform|CI/CD|VHDL,e-commerce|performance,Architecture microservices avec Docker et Kubernetes,Cloud / DevOps
ETU-0226,Data Science,Licence 3,13.53,0.0,0.0,0.0,0.0,0.0,11.1,0.0,0.0,0.0,0.0,0.0,0.0,17.4,8.7,12.7,20.0,0.0,0.0,0.0,0.0,0.0,0.0,0.0,0.0,0.0,0.0,0.0,HTML/CSS|Android|Deep Learning|Swift|PostgreSQL,santé numérique|performance|automatisation|design UI,Prédiction du taux de décrochage scolaire par machine learning,IA / Machine Learning
ETU-0227,Systèmes Embarqués,Licence 3,15.9,0.0,0.0,0.0,0.0,0.0,0.0,0.0,0.0,0.0,0.0,0.0,0.0,0.0,0.0,0.0,0.0,18.8,9.8,15.7,19.2,16.0,0.0,0.0,0.0,0.0,0.0,0.0,Django|Wireshark|OWASP|VHDL|Python,automatisation|cloud computing|robotique|santé numérique,Robot de désinfection automatique pour établissements de santé,Systèmes
ETU-0228,Cybersécurité,Master 1,13.62,0.0,0.0,0.0,0.0,0.0,0.0,0.0,0.0,0.0,11.6,0.0,0.0,0.0,0.0,0.0,0.0,0.0,0.0,0.0,0.0,0.0,12.0,8.7,20.0,15.8,0.0,0.0,Arduino|Wireshark|Pandas|Flutter|Linux,analyse|performance|automatisation|fintech,Mise en place d'un réseau WiFi municipal à faible coût,Réseaux
ETU-0229,Réseaux et Télécommunications,Licence 3,12.94,0.0,0.0,0.0,0.0,0.0,0.0,0.0,10.3,16.6,15.1,13.9,8.8,0.0,0.0,0.0,0.0,0.0,0.0,0.0,0.0,0.0,0.0,0.0,0.0,0.0,0.0,0.0,Swift|Arduino|Android|TensorFlow|scikit-learn,recherche|forensics|automatisation,Chatbot intelligent pour l'assistance médicale au Togo,IA / Machine Learning
ETU-0230,Génie Logiciel,Licence 3,14.27,16.8,13.9,8.2,18.9,15.4,10.9,15.8,0.0,0.0,0.0,0.0,0.0,0.0,0.0,0.0,0.0,0.0,0.0,0.0,0.0,0.0,0.0,0.0,0.0,0.0,0.0,0.0,HTML/CSS|AWS|NLP,design UI|systèmes temps réel|gestion des données,Application web de gestion des ressources humaines pour PME,Développement Web
ETU-0231,Génie Informatique,Master 2,13.59,12.8,0.0,0.0,9.4,0.0,14.6,11.9,16.2,0.0,0.0,0.0,0.0,0.0,0.0,0.0,0.0,0.0,0.0,0.0,0.0,0.0,0.0,0.0,0.0,0.0,19.6,10.6,Assembleur|HTML/CSS|Wireshark,e-commerce|administration réseau,Application web de télémédecine pour zones rurales,Développement Web
ETU-0232,Génie Informatique,Master 2,13.39,12.5,0.0,0.0,9.9,0.0,9.0,8.1,18.6,0.0,0.0,0.0,0.0,0.0,0.0,0.0,0.0,0.0,0.0,0.0,0.0,0.0,0.0,0.0,0.0,0.0,19.1,16.5,Forensics|React Native|Node.js|MongoDB|Django,administration réseau|déploiement|IoT|électronique,Application web de gestion des ressources humaines pour PME,Développement Web
ETU-0233,Data Science,Master 1,10.68,0.0,0.0,0.0,0.0,0.0,12.3,0.0,0.0,0.0,0.0,0.0,0.0,8.1,9.4,14.4,9.1,0.0,0.0,0.0,0.0,0.0,0.0,0.0,0.0,0.0,0.0,0.0,Flutter|AWS|Terraform|MongoDB,recherche|analyse|e-commerce,Prédiction du taux de décrochage scolaire par machine learning,IA / Machine Learning
ETU-0234,Réseaux et Télécommunications,Master 1,13.56,0.0,0.0,0.0,0.0,0.0,0.0,0.0,11.0,15.4,18.7,13.4,9.3,0.0,0.0,0.0,0.0,0.0,0.0,0.0,0.0,0.0,0.0,0.0,0.0,0.0,0.0,0.0,Arduino|HTML/CSS|FastAPI,automatisation|infrastructure,Déploiement d'un réseau LAN sécurisé pour établissement scolaire,Réseaux
ETU-0235,Data Science,Licence 3,13.55,0.0,0.0,0.0,0.0,0.0,13.7,0.0,0.0,0.0,0.0,0.0,0.0,9.2,18.4,12.5,10.6,0.0,0.0,0.0,0.0,0.0,0.0,0.0,0.0,0.0,0.0,0.0,NLP|Kali Linux|Django|MongoDB|Flutter|HTML/CSS,UX mobile|startup|systèmes temps réel,Reconnaissance vocale pour les langues locales africaines,IA / Machine Learning
ETU-0236,Systèmes Embarqués,Master 1,14.7,0.0,0.0,0.0,0.0,0.0,0.0,0.0,0.0,0.0,0.0,0.0,0.0,0.0,0.0,0.0,0.0,10.1,12.1,18.6,15.2,17.5,0.0,0.0,0.0,0.0,0.0,0.0,VHDL|Raspberry Pi|MySQL|Pandas,déploiement|automatisation|systèmes d'information,Robot de désinfection automatique pour établissements de santé,Systèmes
ETU-0237,Réseaux et Télécommunications,Master 2,15.4,0.0,0.0,0.0,0.0,0.0,0.0,0.0,18.8,13.0,8.5,19.9,16.8,0.0,0.0,0.0,0.0,0.0,0.0,0.0,0.0,0.0,0.0,0.0,0.0,0.0,0.0,0.0,Kali Linux|C/C++|OWASP,design UI|IoT|automatisation,Audit de sécurité des infrastructures informatiques bancaires au Togo,Cybersécurité
ETU-0238,Génie Logiciel,Master 1,14.64,16.0,9.9,13.5,14.8,15.0,19.7,13.6,0.0,0.0,0.0,0.0,0.0,0.0,0.0,0.0,0.0,0.0,0.0,0.0,0.0,0.0,0.0,0.0,0.0,0.0,0.0,0.0,OWASP|HTML/CSS|Pentesting|AWS,intelligence artificielle|statistiques|fintech,Application web de télémédecine pour zones rurales,Développement Web
ETU-0239,Génie Informatique,Licence 3,14.39,15.4,0.0,0.0,12.0,0.0,14.2,18.9,19.2,0.0,0.0,0.0,0.0,0.0,0.0,0.0,0.0,0.0,0.0,0.0,0.0,0.0,0.0,0.0,0.0,0.0,12.4,8.6,Pentesting|Flutter|Kubernetes|scikit-learn|Terraform|Docker,statistiques|systèmes d'information,Mise en place d'un pipeline CI/CD pour équipe de développement,Cloud / DevOps
ETU-0240,Data Science,Master 1,13.42,0.0,0.0,0.0,0.0,0.0,13.4,0.0,0.0,0.0,0.0,0.0,0.0,18.8,13.1,8.7,12.5,0.0,0.0,0.0,0.0,0.0,0.0,0.0,0.0,0.0,0.0,0.0,React Native|Arduino|Linux,UX mobile|statistiques|analyse,Analyse de sentiment des réseaux sociaux pour les élections africaines,IA / Machine Learning
ETU-0241,Systèmes Embarqués,Licence 3,15.86,0.0,0.0,0.0,0.0,0.0,0.0,0.0,0.0,0.0,0.0,0.0,0.0,0.0,0.0,0.0,0.0,18.5,14.2,15.5,11.5,19.6,0.0,0.0,0.0,0.0,0.0,0.0,React Native|Firewall|Forensics|Android,data science|sécurité informatique|analyse|statistiques,Compteur d'énergie intelligent pour le suivi de consommation,Systèmes
ETU-0242,Cybersécurité,Master 2,13.8,0.0,0.0,0.0,0.0,0.0,0.0,0.0,0.0,0.0,18.1,0.0,0.0,0.0,0.0,0.0,0.0,0.0,0.0,0.0,0.0,0.0,16.4,13.3,11.6,9.6,0.0,0.0,FastAPI|Redis|MySQL|React Native|Pentesting,recherche|applications web|applications mobiles,Mise en place d'un SIEM pour la détection des intrusions,Cybersécurité
ETU-0243,Réseaux et Télécommunications,Licence 3,13.98,0.0,0.0,0.0,0.0,0.0,0.0,0.0,9.4,19.9,14.9,13.3,12.4,0.0,0.0,0.0,0.0,0.0,0.0,0.0,0.0,0.0,0.0,0.0,0.0,0.0,0.0,0.0,Raspberry Pi|scikit-learn|Terraform|VPN,applications web|UX mobile|IoT,Étude et déploiement de la fibre optique dans une université,Réseaux
ETU-0244,Réseaux et Télécommunications,Licence 3,15.12,0.0,0.0,0.0,0.0,0.0,0.0,0.0,19.6,14.6,14.1,15.8,11.5,0.0,0.0,0.0,0.0,0.0,0.0,0.0,0.0,0.0,0.0,0.0,0.0,0.0,0.0,0.0,VHDL|Terraform|Django|Android|Wireshark,e-commerce|cloud computing|automatisation|startup,Mise en place d'un réseau WiFi municipal à faible coût,Réseaux
ETU-0245,Cybersécurité,Master 2,12.8,0.0,0.0,0.0,0.0,0.0,0.0,0.0,0.0,0.0,19.2,0.0,0.0,0.0,0.0,0.0,0.0,0.0,0.0,0.0,0.0,0.0,10.7,11.3,8.3,14.5,0.0,0.0,Terraform|Pandas|Kotlin|OWASP|PostgreSQL|Swift,infrastructure|recherche|UX mobile,Implémentation d'un système Zero Trust pour entreprise,Cybersécurité
ETU-0246,Génie Logiciel,Licence 3,16.61,16.7,13.3,19.9,17.6,11.5,17.7,19.6,0.0,0.0,0.0,0.0,0.0,0.0,0.0,0.0,0.0,0.0,0.0,0.0,0.0,0.0,0.0,0.0,0.0,0.0,0.0,0.0,Forensics|Node.js|Assembleur|Docker|Pandas|Django,hacking éthique|cloud computing,Application web de gestion des ressources humaines pour PME,Développement Web
ETU-0247,Systèmes Embarqués,Licence 3,13.62,0.0,0.0,0.0,0.0,0.0,0.0,0.0,0.0,0.0,0.0,0.0,0.0,0.0,0.0,0.0,0.0,14.7,16.5,17.1,9.6,10.2,0.0,0.0,0.0,0.0,0.0,0.0,Linux|Raspberry Pi|Swift|scikit-learn|TCP/IP|Assembleur,automatisation|systèmes temps réel|infrastructure,Compteur d'énergie intelligent pour le suivi de consommation,Systèmes
ETU-0248,Réseaux et Télécommunications,Master 1,14.8,0.0,0.0,0.0,0.0,0.0,0.0,0.0,18.9,15.7,8.3,17.2,13.9,0.0,0.0,0.0,0.0,0.0,0.0,0.0,0.0,0.0,0.0,0.0,0.0,0.0,0.0,0.0,Docker|Pentesting|Assembleur,robotique|protocoles|cloud computing,Optimisation de la qualité de service dans les réseaux mobiles 4G,Réseaux
ETU-0249,Génie Informatique,Licence 3,12.63,12.3,0.0,0.0,8.6,0.0,15.6,19.5,12.3,0.0,0.0,0.0,0.0,0.0,0.0,0.0,0.0,0.0,0.0,0.0,0.0,0.0,0.0,0.0,0.0,0.0,8.6,11.5,Kotlin|PostgreSQL|AWS,design UI|gestion des données,Application d'apprentissage des langues locales sur mobile,Mobile
ETU-0250,Data Science,Licence 3,13.28,0.0,0.0,0.0,0.0,0.0,18.9,0.0,0.0,0.0,0.0,0.0,0.0,8.2,12.5,13.8,12.1,0.0,0.0,0.0,0.0,0.0,0.0,0.0,0.0,0.0,0.0,0.0,MongoDB|Django|Kotlin,analyse|déploiement,Système de recommandation de cours en ligne par apprentissage automatique,IA / Machine Learning
ETU-0251,Systèmes Embarqués,Master 1,15.16,0.0,0.0,0.0,0.0,0.0,0.0,0.0,0.0,0.0,0.0,0.0,0.0,0.0,0.0,0.0,0.0,11.7,12.4,17.8,18.7,15.2,0.0,0.0,0.0,0.0,0.0,0.0,HTML/CSS|TCP/IP|TensorFlow|Vue.js|MySQL,applications web|infrastructure,Plateforme e-commerce pour artisans locaux au Togo,Développement Web
ETU-0252,Génie Logiciel,Licence 3,11.27,9.3,17.5,14.2,8.7,9.4,11.0,8.8,0.0,0.0,0.0,0.0,0.0,0.0,0.0,0.0,0.0,0.0,0.0,0.0,0.0,0.0,0.0,0.0,0.0,0.0,0.0,0.0,React|Vue.js|Docker,analyse|performance,Application web de télémédecine pour zones rurales,Développement Web
ETU-0253,Génie Informatique,Master 2,11.27,10.9,0.0,0.0,14.8,0.0,14.9,8.2,9.2,0.0,0.0,0.0,0.0,0.0,0.0,0.0,0.0,0.0,0.0,0.0,0.0,0.0,0.0,0.0,0.0,0.0,10.6,10.3,FastAPI|Arduino|Python|React|MongoDB,cloud computing|UX mobile|performance|IoT,Application web de gestion des ressources humaines pour PME,Développement Web
ETU-0254,Génie Logiciel,Master 1,12.51,9.3,9.6,17.1,16.5,14.7,8.5,11.9,0.0,0.0,0.0,0.0,0.0,0.0,0.0,0.0,0.0,0.0,0.0,0.0,0.0,0.0,0.0,0.0,0.0,0.0,0.0,0.0,Cryptographie|Linux|Flutter,hacking éthique|IoT|infrastructure|électronique,Portail de téléservices administratifs pour mairies,Développement Web
ETU-0255,Systèmes Embarqués,Master 2,11.44,0.0,0.0,0.0,0.0,0.0,0.0,0.0,0.0,0.0,0.0,0.0,0.0,0.0,0.0,0.0,0.0,9.3,13.3,15.9,9.0,9.7,0.0,0.0,0.0,0.0,0.0,0.0,Assembleur|React|FastAPI|Deep Learning|Pentesting|PostgreSQL,analyse|santé numérique|e-commerce,Compteur d'énergie intelligent pour le suivi de consommation,Systèmes
ETU-0256,Data Science,Master 1,15.45,0.0,0.0,0.0,0.0,0.0,13.5,0.0,0.0,0.0,0.0,0.0,0.0,16.0,19.9,14.1,9.8,0.0,0.0,0.0,0.0,0.0,0.0,0.0,0.0,0.0,0.0,0.0,Redis|Swift|MySQL,startup|data science|design UI|recherche,Détection des maladies agricoles par vision par ordinateur,IA / Machine Learning
ETU-0257,Génie Informatique,Master 2,14.01,17.2,0.0,0.0,17.5,0.0,15.9,13.9,10.4,0.0,0.0,0.0,0.0,0.0,0.0,0.0,0.0,0.0,0.0,0.0,0.0,0.0,0.0,0.0,0.0,0.0,11.1,12.1,scikit-learn|Kali Linux|Vue.js,IoT|protection des données|fintech,Prédiction du taux de décrochage scolaire par machine learning,IA / Machine Learning
ETU-0258,Génie Informatique,Master 1,14.27,13.8,0.0,0.0,9.3,0.0,15.9,16.2,16.1,0.0,0.0,0.0,0.0,0.0,0.0,0.0,0.0,0.0,0.0,0.0,0.0,0.0,0.0,0.0,0.0,0.0,14.9,13.7,Kotlin|NLP|OWASP|Redis,fintech|applications mobiles|sécurité informatique,Application de suivi de grossesse pour zones rurales,Mobile
ETU-0259,Systèmes Embarqués,Licence 3,13.1,0.0,0.0,0.0,0.0,0.0,0.0,0.0,0.0,0.0,0.0,0.0,0.0,0.0,0.0,0.0,0.0,13.1,19.9,12.9,8.7,10.9,0.0,0.0,0.0,0.0,0.0,0.0,CI/CD|TCP/IP|Assembleur|Pandas,statistiques|hacking éthique|e-commerce|forensics,Compteur d'énergie intelligent pour le suivi de consommation,Systèmes
ETU-0260,Cybersécurité,Licence 3,15.52,0.0,0.0,0.0,0.0,0.0,0.0,0.0,0.0,0.0,12.5,0.0,0.0,0.0,0.0,0.0,0.0,0.0,0.0,0.0,0.0,0.0,19.8,12.7,14.9,17.7,0.0,0.0,MongoDB|Wireshark|Swift,forensics|gestion des données|hacking éthique|UX mobile,Analyse forensique des incidents de cybersécurité,Cybersécurité
ETU-0261,Cybersécurité,Master 1,16.84,0.0,0.0,0.0,0.0,0.0,0.0,0.0,0.0,0.0,15.5,0.0,0.0,0.0,0.0,0.0,0.0,0.0,0.0,0.0,0.0,0.0,17.7,19.5,16.6,14.9,0.0,0.0,Cisco|Deep Learning|VHDL|C/C++|React Native,systèmes d'information|applications mobiles|statistiques,Sécurisation des applications mobiles de mobile banking,Cybersécurité
ETU-0262,Génie Informatique,Master 2,14.03,10.2,0.0,0.0,8.2,0.0,18.4,14.9,16.4,0.0,0.0,0.0,0.0,0.0,0.0,0.0,0.0,0.0,0.0,0.0,0.0,0.0,0.0,0.0,0.0,0.0,10.6,19.5,Cisco|AWS|Arduino|Kubernetes|Kali Linux|VHDL,recherche|déploiement|analyse|UX mobile,Mise en place d'un pipeline CI/CD pour équipe de développement,Cloud / DevOps
ETU-0263,Systèmes Embarqués,Master 1,14.58,0.0,0.0,0.0,0.0,0.0,0.0,0.0,0.0,0.0,0.0,0.0,0.0,0.0,0.0,0.0,0.0,17.9,15.8,11.1,15.2,12.9,0.0,0.0,0.0,0.0,0.0,0.0,Django|PostgreSQL|TensorFlow,hacking éthique|systèmes temps réel,Système de contrôle d'accès biométrique à faible coût,Systèmes
ETU-0264,Génie Informatique,Master 2,13.89,10.1,0.0,0.0,18.2,0.0,13.8,8.2,19.6,0.0,0.0,0.0,0.0,0.0,0.0,0.0,0.0,0.0,0.0,0.0,0.0,0.0,0.0,0.0,0.0,0.0,18.3,9.0,Deep Learning|Forensics|Pentesting|Terraform|Pandas,startup|télécommunications|e-commerce,Détection des maladies agricoles par vision par ordinateur,IA / Machine Learning
ETU-0265,Réseaux et Télécommunications,Master 2,13.38,0.0,0.0,0.0,0.0,0.0,0.0,0.0,9.5,17.7,12.0,15.0,12.7,0.0,0.0,0.0,0.0,0.0,0.0,0.0,0.0,0.0,0.0,0.0,0.0,0.0,0.0,0.0,Kali Linux|MongoDB|Django|React,systèmes d'information|administration réseau,Mise en place d'un réseau WiFi municipal à faible coût,Réseaux
ETU-0266,Data Science,Licence 3,15.02,0.0,0.0,0.0,0.0,0.0,15.3,0.0,0.0,0.0,0.0,0.0,0.0,12.4,17.9,8.3,19.6,0.0,0.0,0.0,0.0,0.0,0.0,0.0,0.0,0.0,0.0,0.0,Terraform|ElasticSearch|Redis,fintech|hacking éthique|UX mobile|e-commerce,Optimisation des requêtes dans les systèmes de gestion hospitalière,Bases de données
ETU-0267,Data Science,Licence 3,14.45,0.0,0.0,0.0,0.0,0.0,15.7,0.0,0.0,0.0,0.0,0.0,0.0,18.3,13.3,11.8,17.7,0.0,0.0,0.0,0.0,0.0,0.0,0.0,0.0,0.0,0.0,0.0,Cisco|Pandas|Swift,électronique|forensics|robotique,Classification automatique des documents administratifs par NLP,IA / Machine Learning
ETU-0268,Systèmes Embarqués,Master 2,13.14,0.0,0.0,0.0,0.0,0.0,0.0,0.0,0.0,0.0,0.0,0.0,0.0,0.0,0.0,0.0,0.0,8.3,8.6,15.7,15.6,17.5,0.0,0.0,0.0,0.0,0.0,0.0,Python|OWASP|PostgreSQL|AWS,protection des données|développement web|e-commerce,Système de contrôle d'accès biométrique à faible coût,Systèmes
ETU-0269,Systèmes Embarqués,Master 1,13.04,0.0,0.0,0.0,0.0,0.0,0.0,0.0,0.0,0.0,0.0,0.0,0.0,0.0,0.0,0.0,0.0,18.5,9.6,10.1,15.1,11.9,0.0,0.0,0.0,0.0,0.0,0.0,PostgreSQL|Pandas|Forensics|Pentesting|HTML/CSS,fintech|infrastructure|data science,Analyse de sentiment des réseaux sociaux pour les élections africaines,IA / Machine Learning
ETU-0270,Génie Logiciel,Master 1,13.27,15.4,15.2,9.8,19.5,10.0,14.8,8.2,0.0,0.0,0.0,0.0,0.0,0.0,0.0,0.0,0.0,0.0,0.0,0.0,0.0,0.0,0.0,0.0,0.0,0.0,0.0,0.0,Flutter|Swift|Vue.js|MySQL|MongoDB|PostgreSQL,sécurité informatique|automatisation|fintech,Optimisation des requêtes dans les systèmes de gestion hospitalière,Bases de données
ETU-0271,Génie Logiciel,Master 1,13.53,19.7,10.8,13.4,11.0,15.0,15.8,9.0,0.0,0.0,0.0,0.0,0.0,0.0,0.0,0.0,0.0,0.0,0.0,0.0,0.0,0.0,0.0,0.0,0.0,0.0,0.0,0.0,Node.js|VPN|OWASP|MongoDB|Cryptographie|Kali Linux,protocoles|statistiques|design UI|recherche,Application web de télémédecine pour zones rurales,Développement Web
ETU-0272,Génie Logiciel,Licence 3,13.93,11.0,15.4,11.6,12.7,12.5,19.6,14.7,0.0,0.0,0.0,0.0,0.0,0.0,0.0,0.0,0.0,0.0,0.0,0.0,0.0,0.0,0.0,0.0,0.0,0.0,0.0,0.0,Redis|FastAPI|Kotlin|Swift,systèmes temps réel|startup|développement web,Portail de téléservices administratifs pour mairies,Développement Web
ETU-0273,Data Science,Master 1,14.23,0.0,0.0,0.0,0.0,0.0,11.8,0.0,0.0,0.0,0.0,0.0,0.0,11.4,15.4,17.1,11.2,0.0,0.0,0.0,0.0,0.0,0.0,0.0,0.0,0.0,0.0,0.0,VPN|Swift|Django|Raspberry Pi,IoT|recherche|analyse|applications web,Reconnaissance vocale pour les langues locales africaines,IA / Machine Learning
ETU-0274,Data Science,Master 2,12.68,0.0,0.0,0.0,0.0,0.0,12.2,0.0,0.0,0.0,0.0,0.0,0.0,14.7,9.3,16.6,9.8,0.0,0.0,0.0,0.0,0.0,0.0,0.0,0.0,0.0,0.0,0.0,Linux|HTML/CSS|FastAPI|Kotlin,systèmes d'information|intelligence artificielle|déploiement,Détection des maladies agricoles par vision par ordinateur,IA / Machine Learning
ETU-0275,Systèmes Embarqués,Master 1,14.26,0.0,0.0,0.0,0.0,0.0,0.0,0.0,0.0,0.0,0.0,0.0,0.0,0.0,0.0,0.0,0.0,15.1,19.4,18.0,9.8,9.0,0.0,0.0,0.0,0.0,0.0,0.0,Flutter|AWS|Cisco|Docker|Python|Wireshark,IoT|protection des données,Système embarqué de surveillance de la qualité de l'air,Systèmes
ETU-0276,Génie Informatique,Licence 3,13.0,14.6,0.0,0.0,15.2,0.0,11.1,10.9,9.1,0.0,0.0,0.0,0.0,0.0,0.0,0.0,0.0,0.0,0.0,0.0,0.0,0.0,0.0,0.0,0.0,0.0,17.3,12.8,MongoDB|FastAPI|Cryptographie,sécurité informatique|applications web|e-commerce,Application web de gestion des ressources humaines pour PME,Développement Web
ETU-0277,Cybersécurité,Licence 3,14.82,0.0,0.0,0.0,0.0,0.0,0.0,0.0,0.0,0.0,18.6,0.0,0.0,0.0,0.0,0.0,0.0,0.0,0.0,0.0,0.0,0.0,13.9,13.7,14.8,13.1,0.0,0.0,Pentesting|Kubernetes|HTML/CSS|Kali Linux|CI/CD|Pandas,infrastructure|forensics,Sécurisation des applications mobiles de mobile banking,Cybersécurité
ETU-0278,Systèmes Embarqués,Licence 3,14.14,0.0,0.0,0.0,0.0,0.0,0.0,0.0,0.0,0.0,0.0,0.0,0.0,0.0,0.0,0.0,0.0,18.9,13.7,9.8,9.5,18.8,0.0,0.0,0.0,0.0,0.0,0.0,C/C++|Kali Linux|Linux|VHDL,statistiques|automatisation,Robot de désinfection automatique pour établissements de santé,Systèmes
ETU-0279,Génie Logiciel,Licence 3,14.86,16.9,13.6,17.4,18.1,8.5,13.0,16.5,0.0,0.0,0.0,0.0,0.0,0.0,0.0,0.0,0.0,0.0,0.0,0.0,0.0,0.0,0.0,0.0,0.0,0.0,0.0,0.0,Assembleur|Flutter|Terraform|Android|Kubernetes,forensics|performance|systèmes d'information,Mise en place d'un pipeline CI/CD pour équipe de développement,Cloud / DevOps
ETU-0280,Génie Informatique,Master 1,15.04,13.5,0.0,0.0,12.9,0.0,16.9,16.7,15.9,0.0,0.0,0.0,0.0,0.0,0.0,0.0,0.0,0.0,0.0,0.0,0.0,0.0,0.0,0.0,0.0,0.0,11.6,17.8,OWASP|TCP/IP|Pandas|Node.js|Python,e-commerce|data science,Chatbot intelligent pour l'assistance médicale au Togo,IA / Machine Learning
ETU-0281,Génie Logiciel,Master 1,14.07,17.2,9.8,13.1,9.4,18.8,16.9,13.3,0.0,0.0,0.0,0.0,0.0,0.0,0.0,0.0,0.0,0.0,0.0,0.0,0.0,0.0,0.0,0.0,0.0,0.0,0.0,0.0,React Native|TensorFlow|Android|Assembleur|ElasticSearch|PostgreSQL,santé numérique|recherche|forensics,Application de suivi de grossesse pour zones rurales,Mobile
ETU-0282,Génie Logiciel,Master 1,15.86,12.8,14.2,16.7,19.2,18.9,18.4,10.8,0.0,0.0,0.0,0.0,0.0,0.0,0.0,0.0,0.0,0.0,0.0,0.0,0.0,0.0,0.0,0.0,0.0,0.0,0.0,0.0,C/C++|TensorFlow|Kali Linux,protection des données|statistiques|administration réseau|électronique,Reconnaissance vocale pour les langues locales africaines,IA / Machine Learning
ETU-0283,Data Science,Master 1,14.28,0.0,0.0,0.0,0.0,0.0,18.1,0.0,0.0,0.0,0.0,0.0,0.0,10.8,18.9,12.1,15.2,0.0,0.0,0.0,0.0,0.0,0.0,0.0,0.0,0.0,0.0,0.0,Node.js|Linux|Cryptographie|Forensics|Pentesting|React Native,systèmes d'information|sécurité informatique,Sécurisation des applications mobiles de mobile banking,Cybersécurité
ETU-0284,Data Science,Licence 3,11.35,0.0,0.0,0.0,0.0,0.0,9.9,0.0,0.0,0.0,0.0,0.0,0.0,10.5,8.2,18.6,12.3,0.0,0.0,0.0,0.0,0.0,0.0,0.0,0.0,0.0,0.0,0.0,Deep Learning|Wireshark|Kali Linux,infrastructure|e-commerce,Détection des maladies agricoles par vision par ordinateur,IA / Machine Learning
ETU-0285,Génie Informatique,Licence 3,13.99,19.1,0.0,0.0,13.3,0.0,18.1,9.3,13.5,0.0,0.0,0.0,0.0,0.0,0.0,0.0,0.0,0.0,0.0,0.0,0.0,0.0,0.0,0.0,0.0,0.0,9.3,15.3,Raspberry Pi|scikit-learn|Kotlin,gestion des données|e-commerce,Classification automatique des documents administratifs par NLP,IA / Machine Learning
ETU-0286,Data Science,Licence 3,13.8,0.0,0.0,0.0,0.0,0.0,18.0,0.0,0.0,0.0,0.0,0.0,0.0,9.5,19.6,17.2,8.1,0.0,0.0,0.0,0.0,0.0,0.0,0.0,0.0,0.0,0.0,0.0,Wireshark|Linux|Kotlin|FastAPI|Pandas|Cisco,électronique|UX mobile|télécommunications,Simulation d'un réseau de capteurs IoT pour smart city,Réseaux
ETU-0287,Génie Informatique,Master 1,14.5,19.3,0.0,0.0,13.3,0.0,16.6,14.2,17.2,0.0,0.0,0.0,0.0,0.0,0.0,0.0,0.0,0.0,0.0,0.0,0.0,0.0,0.0,0.0,0.0,0.0,8.8,12.1,FastAPI|Kali Linux|NLP|OWASP|scikit-learn|Django,recherche|déploiement|sécurité informatique|électronique,Analyse de sentiment des réseaux sociaux pour les élections africaines,IA / Machine Learning
ETU-0288,Génie Informatique,Master 1,15.26,13.4,0.0,0.0,10.5,0.0,17.5,15.8,14.5,0.0,0.0,0.0,0.0,0.0,0.0,0.0,0.0,0.0,0.0,0.0,0.0,0.0,0.0,0.0,0.0,0.0,16.4,18.7,PostgreSQL|TCP/IP|Pandas|scikit-learn|Arduino|Wireshark,startup|déploiement|sécurité informatique,Prédiction du taux de décrochage scolaire par machine learning,IA / Machine Learning
ETU-0289,Réseaux et Télécommunications,Master 1,13.4,0.0,0.0,0.0,0.0,0.0,0.0,0.0,16.7,19.8,9.3,8.7,12.5,0.0,0.0,0.0,0.0,0.0,0.0,0.0,0.0,0.0,0.0,0.0,0.0,0.0,0.0,0.0,Vue.js|NLP|CI/CD|Android|TCP/IP,intelligence artificielle|systèmes temps réel|forensics|télécommunications,Étude et déploiement de la fibre optique dans une université,Réseaux
ETU-0290,Génie Informatique,Master 2,12.54,14.9,0.0,0.0,9.7,0.0,16.9,9.3,12.5,0.0,0.0,0.0,0.0,0.0,0.0,0.0,0.0,0.0,0.0,0.0,0.0,0.0,0.0,0.0,0.0,0.0,14.2,10.3,Flutter|React|Django|Kali Linux|Forensics,développement web|recherche,Application web de télémédecine pour zones rurales,Développement Web
ETU-0291,Data Science,Master 2,15.53,0.0,0.0,0.0,0.0,0.0,19.7,0.0,0.0,0.0,0.0,0.0,0.0,14.0,13.3,19.2,13.9,0.0,0.0,0.0,0.0,0.0,0.0,0.0,0.0,0.0,0.0,0.0,Django|Kotlin|Node.js|Swift,systèmes temps réel|startup|infrastructure|déploiement,Plateforme e-commerce pour artisans locaux au Togo,Développement Web
ETU-0292,Génie Logiciel,Licence 3,11.9,12.4,11.5,14.3,9.4,11.7,12.5,11.5,0.0,0.0,0.0,0.0,0.0,0.0,0.0,0.0,0.0,0.0,0.0,0.0,0.0,0.0,0.0,0.0,0.0,0.0,0.0,0.0,Django|Assembleur|Forensics,hacking éthique|sécurité informatique,Système de gestion des bourses universitaires en ligne,Développement Web
ETU-0293,Systèmes Embarqués,Master 1,16.02,0.0,0.0,0.0,0.0,0.0,0.0,0.0,0.0,0.0,0.0,0.0,0.0,0.0,0.0,0.0,0.0,17.4,13.7,16.6,15.3,17.1,0.0,0.0,0.0,0.0,0.0,0.0,Android|Terraform|Django|VPN|Pandas|Forensics,infrastructure|santé numérique|forensics,Système de contrôle d'accès biométrique à faible coût,Systèmes
ETU-0294,Cybersécurité,Master 2,12.96,0.0,0.0,0.0,0.0,0.0,0.0,0.0,0.0,0.0,14.7,0.0,0.0,0.0,0.0,0.0,0.0,0.0,0.0,0.0,0.0,0.0,9.5,10.3,15.4,14.9,0.0,0.0,VHDL|C/C++|PostgreSQL,infrastructure|data science|e-commerce,Audit de sécurité des infrastructures informatiques bancaires au Togo,Cybersécurité
ETU-0295,Cybersécurité,Master 2,14.42,0.0,0.0,0.0,0.0,0.0,0.0,0.0,0.0,0.0,15.1,0.0,0.0,0.0,0.0,0.0,0.0,0.0,0.0,0.0,0.0,0.0,11.8,13.9,19.2,12.1,0.0,0.0,Forensics|TensorFlow|C/C++|VPN,protocoles|développement web|e-commerce,Audit de sécurité des infrastructures informatiques bancaires au Togo,Cybersécurité
ETU-0296,Cybersécurité,Master 1,11.46,0.0,0.0,0.0,0.0,0.0,0.0,0.0,0.0,0.0,16.6,0.0,0.0,0.0,0.0,0.0,0.0,0.0,0.0,0.0,0.0,0.0,10.2,11.6,9.2,9.7,0.0,0.0,Redis|Cryptographie|Vue.js|NLP|PostgreSQL,télécommunications|automatisation,Mise en place d'un SIEM pour la détection des intrusions,Cybersécurité
ETU-0297,Génie Logiciel,Master 1,13.73,14.6,15.0,9.2,17.2,15.8,9.5,14.8,0.0,0.0,0.0,0.0,0.0,0.0,0.0,0.0,0.0,0.0,0.0,0.0,0.0,0.0,0.0,0.0,0.0,0.0,0.0,0.0,Pandas|AWS|Kotlin|MongoDB|Django|Pentesting,gestion des données|télécommunications|robotique|IoT,Application web de gestion des ressources humaines pour PME,Développement Web
ETU-0298,Cybersécurité,Master 1,14.7,0.0,0.0,0.0,0.0,0.0,0.0,0.0,0.0,0.0,12.6,0.0,0.0,0.0,0.0,0.0,0.0,0.0,0.0,0.0,0.0,0.0,18.1,12.2,15.6,15.0,0.0,0.0,scikit-learn|FastAPI|Arduino|VHDL|Deep Learning,développement web|santé numérique|e-commerce,Analyse forensique des incidents de cybersécurité,Cybersécurité
ETU-0299,Génie Informatique,Master 1,15.06,19.8,0.0,0.0,16.5,0.0,15.9,11.9,11.3,0.0,0.0,0.0,0.0,0.0,0.0,0.0,0.0,0.0,0.0,0.0,0.0,0.0,0.0,0.0,0.0,0.0,10.5,19.5,TensorFlow|Node.js|CI/CD|Python|Docker,intelligence artificielle|performance|électronique,Reconnaissance vocale pour les langues locales africaines,IA / Machine Learning
ETU-0300,Génie Informatique,Licence 3,14.84,12.2,0.0,0.0,17.8,0.0,12.3,10.1,17.9,0.0,0.0,0.0,0.0,0.0,0.0,0.0,0.0,0.0,0.0,0.0,0.0,0.0,0.0,0.0,0.0,0.0,17.2,16.4,Vue.js|Flutter|Pentesting,IoT|intelligence artificielle,Système de géolocalisation des transports en commun à Lomé,Mobile
ETU-0301,Réseaux et Télécommunications,Master 1,14.72,0.0,0.0,0.0,0.0,0.0,0.0,0.0,19.6,8.4,13.9,16.4,15.3,0.0,0.0,0.0,0.0,0.0,0.0,0.0,0.0,0.0,0.0,0.0,0.0,0.0,0.0,0.0,PostgreSQL|AWS|OWASP,administration réseau|infrastructure,Déploiement d'un réseau LAN sécurisé pour établissement scolaire,Réseaux
ETU-0302,Réseaux et Télécommunications,Master 1,16.82,0.0,0.0,0.0,0.0,0.0,0.0,0.0,19.2,18.3,18.6,16.7,11.3,0.0,0.0,0.0,0.0,0.0,0.0,0.0,0.0,0.0,0.0,0.0,0.0,0.0,0.0,0.0,Arduino|Kubernetes|Redis,systèmes temps réel|intelligence artificielle|robotique|recherche,Système embarqué de surveillance de la qualité de l'air,Systèmes
ETU-0303,Génie Informatique,Licence 3,13.87,8.6,0.0,0.0,19.0,0.0,11.8,12.7,14.4,0.0,0.0,0.0,0.0,0.0,0.0,0.0,0.0,0.0,0.0,0.0,0.0,0.0,0.0,0.0,0.0,0.0,12.0,18.6,MySQL|Kali Linux|Deep Learning,analyse|gestion des données,Migration d'un système legacy vers une base de données NoSQL,Bases de données
ETU-0304,Réseaux et Télécommunications,Licence 3,16.66,0.0,0.0,0.0,0.0,0.0,0.0,0.0,13.7,19.5,18.0,17.9,14.2,0.0,0.0,0.0,0.0,0.0,0.0,0.0,0.0,0.0,0.0,0.0,0.0,0.0,0.0,0.0,Deep Learning|Docker|Kubernetes|Android,IoT|e-commerce,Plateforme de monitoring des applications en temps réel,Cloud / DevOps
ETU-0305,Génie Logiciel,Master 1,12.29,15.3,13.2,9.2,8.7,8.6,18.2,12.8,0.0,0.0,0.0,0.0,0.0,0.0,0.0,0.0,0.0,0.0,0.0,0.0,0.0,0.0,0.0,0.0,0.0,0.0,0.0,0.0,MySQL|Docker|Kubernetes|Python|Flutter|Cryptographie,robotique|design UI|forensics,Système de sauvegarde automatique dans le cloud pour PME africaines,Cloud / DevOps
ETU-0306,Réseaux et Télécommunications,Master 2,13.04,0.0,0.0,0.0,0.0,0.0,0.0,0.0,9.5,14.1,12.3,13.8,15.5,0.0,0.0,0.0,0.0,0.0,0.0,0.0,0.0,0.0,0.0,0.0,0.0,0.0,0.0,0.0,ElasticSearch|Node.js|scikit-learn|NLP,hacking éthique|robotique,Étude et déploiement de la fibre optique dans une université,Réseaux
ETU-0307,Data Science,Licence 3,13.85,0.0,0.0,0.0,0.0,0.0,14.7,0.0,0.0,0.0,0.0,0.0,0.0,14.2,9.7,10.8,17.8,0.0,0.0,0.0,0.0,0.0,0.0,0.0,0.0,0.0,0.0,0.0,Kali Linux|Firewall|PostgreSQL,analyse|statistiques,Prédiction du taux de décrochage scolaire par machine learning,IA / Machine Learning
ETU-0308,Systèmes Embarqués,Master 1,12.0,0.0,0.0,0.0,0.0,0.0,0.0,0.0,0.0,0.0,0.0,0.0,0.0,0.0,0.0,0.0,0.0,9.9,13.5,17.5,8.5,10.6,0.0,0.0,0.0,0.0,0.0,0.0,AWS|MySQL|Flutter,systèmes d'information|télécommunications|cloud computing|forensics,Conception d'un système d'irrigation automatique intelligent,Systèmes
ETU-0309,Data Science,Master 1,11.63,0.0,0.0,0.0,0.0,0.0,10.4,0.0,0.0,0.0,0.0,0.0,0.0,10.3,17.2,8.5,8.4,0.0,0.0,0.0,0.0,0.0,0.0,0.0,0.0,0.0,0.0,0.0,MySQL|Redis|HTML/CSS|Wireshark,télécommunications|performance|analyse|data science,Optimisation des requêtes dans les systèmes de gestion hospitalière,Bases de données
ETU-0310,Data Science,Master 1,17.25,0.0,0.0,0.0,0.0,0.0,20.0,0.0,0.0,0.0,0.0,0.0,0.0,10.9,15.9,19.3,19.7,0.0,0.0,0.0,0.0,0.0,0.0,0.0,0.0,0.0,0.0,0.0,Deep Learning|Vue.js|Django|Node.js|PostgreSQL|Docker,fintech|UX mobile|protection des données|robotique,Système de recommandation de cours en ligne par apprentissage automatique,IA / Machine Learning
ETU-0311,Génie Informatique,Master 1,15.43,18.5,0.0,0.0,18.2,0.0,18.6,10.5,19.6,0.0,0.0,0.0,0.0,0.0,0.0,0.0,0.0,0.0,0.0,0.0,0.0,0.0,0.0,0.0,0.0,0.0,9.0,13.6,FastAPI|Kotlin|Cryptographie,infrastructure|UX mobile|automatisation|déploiement,Application d'apprentissage des langues locales sur mobile,Mobile
ETU-0312,Génie Informatique,Licence 3,12.8,10.5,0.0,0.0,18.7,0.0,10.8,10.6,13.4,0.0,0.0,0.0,0.0,0.0,0.0,0.0,0.0,0.0,0.0,0.0,0.0,0.0,0.0,0.0,0.0,0.0,13.1,12.5,Pentesting|Redis|Raspberry Pi|Pandas,développement web|sécurité informatique,Reconnaissance vocale pour les langues locales africaines,IA / Machine Learning
ETU-0313,Data Science,Master 1,11.77,0.0,0.0,0.0,0.0,0.0,9.0,0.0,0.0,0.0,0.0,0.0,0.0,12.6,10.8,15.7,12.3,0.0,0.0,0.0,0.0,0.0,0.0,0.0,0.0,0.0,0.0,0.0,Cisco|MySQL|React,statistiques|UX mobile,Analyse de sentiment des réseaux sociaux pour les élections africaines,IA / Machine Learning
ETU-0314,Génie Informatique,Master 2,15.1,14.5,0.0,0.0,11.1,0.0,11.4,12.2,17.2,0.0,0.0,0.0,0.0,0.0,0.0,0.0,0.0,0.0,0.0,0.0,0.0,0.0,0.0,0.0,0.0,0.0,20.0,19.3,React Native|CI/CD|Kotlin,santé numérique|infrastructure,Application mobile de paiement via mobile money pour petits commerçants,Mobile
ETU-0315,Data Science,Licence 3,14.22,0.0,0.0,0.0,0.0,0.0,8.4,0.0,0.0,0.0,0.0,0.0,0.0,13.1,13.0,13.3,18.2,0.0,0.0,0.0,0.0,0.0,0.0,0.0,0.0,0.0,0.0,0.0,VHDL|Node.js|TCP/IP|Python,applications mobiles|forensics|infrastructure,Analyse de sentiment des réseaux sociaux pour les élections africaines,IA / Machine Learning
ETU-0316,Réseaux et Télécommunications,Master 1,15.8,0.0,0.0,0.0,0.0,0.0,0.0,0.0,14.8,17.6,19.0,14.9,12.7,0.0,0.0,0.0,0.0,0.0,0.0,0.0,0.0,0.0,0.0,0.0,0.0,0.0,0.0,0.0,MongoDB|OWASP|Deep Learning|Arduino|Cryptographie|PostgreSQL,design UI|forensics|IoT,Mise en place d'un SIEM pour la détection des intrusions,Cybersécurité
ETU-0317,Génie Logiciel,Master 1,11.41,11.4,10.8,15.9,8.8,8.7,14.2,10.1,0.0,0.0,0.0,0.0,0.0,0.0,0.0,0.0,0.0,0.0,0.0,0.0,0.0,0.0,0.0,0.0,0.0,0.0,0.0,0.0,OWASP|FastAPI|Vue.js|Node.js|Arduino|Forensics,statistiques|fintech|systèmes d'information,Système de gestion des bourses universitaires en ligne,Développement Web
ETU-0318,Génie Informatique,Master 2,14.47,13.5,0.0,0.0,10.4,0.0,13.3,17.9,19.9,0.0,0.0,0.0,0.0,0.0,0.0,0.0,0.0,0.0,0.0,0.0,0.0,0.0,0.0,0.0,0.0,0.0,15.3,11.0,VHDL|Swift|Flutter|scikit-learn|Pandas,systèmes temps réel|applications mobiles|hacking éthique,Système de géolocalisation des transports en commun à Lomé,Mobile
ETU-0319,Génie Informatique,Master 2,13.66,9.1,0.0,0.0,16.4,0.0,18.6,9.9,8.5,0.0,0.0,0.0,0.0,0.0,0.0,0.0,0.0,0.0,0.0,0.0,0.0,0.0,0.0,0.0,0.0,0.0,18.6,14.5,MongoDB|Swift|Forensics,e-commerce|UX mobile|statistiques|design UI,Portail de téléservices administratifs pour mairies,Développement Web
ETU-0320,Génie Informatique,Master 1,13.89,12.6,0.0,0.0,17.0,0.0,12.8,8.1,18.3,0.0,0.0,0.0,0.0,0.0,0.0,0.0,0.0,0.0,0.0,0.0,0.0,0.0,0.0,0.0,0.0,0.0,9.4,19.0,Terraform|Flutter|Swift|Deep Learning|Pandas,télécommunications|IoT|startup|cloud computing,Détection des maladies agricoles par vision par ordinateur,IA / Machine Learning
ETU-0321,Génie Informatique,Licence 3,11.99,16.1,0.0,0.0,9.8,0.0,10.6,8.4,12.3,0.0,0.0,0.0,0.0,0.0,0.0,0.0,0.0,0.0,0.0,0.0,0.0,0.0,0.0,0.0,0.0,0.0,16.1,10.6,AWS|C/C++|CI/CD,design UI|fintech|hacking éthique|IoT,Plateforme de monitoring des applications en temps réel,Cloud / DevOps
ETU-0322,Génie Logiciel,Licence 3,14.73,12.0,10.3,16.0,10.6,18.6,17.6,18.0,0.0,0.0,0.0,0.0,0.0,0.0,0.0,0.0,0.0,0.0,0.0,0.0,0.0,0.0,0.0,0.0,0.0,0.0,0.0,0.0,FastAPI|scikit-learn|Forensics|Kotlin,protection des données|analyse,Portail de téléservices administratifs pour mairies,Développement Web
ETU-0323,Data Science,Licence 3,13.5,0.0,0.0,0.0,0.0,0.0,12.4,0.0,0.0,0.0,0.0,0.0,0.0,12.7,8.8,17.8,15.8,0.0,0.0,0.0,0.0,0.0,0.0,0.0,0.0,0.0,0.0,0.0,MongoDB|Forensics|TCP/IP,automatisation|design UI|gestion des données|protocoles,Classification automatique des documents administratifs par NLP,IA / Machine Learning
ETU-0324,Génie Informatique,Master 1,13.47,8.8,0.0,0.0,8.2,0.0,13.4,14.1,18.9,0.0,0.0,0.0,0.0,0.0,0.0,0.0,0.0,0.0,0.0,0.0,0.0,0.0,0.0,0.0,0.0,0.0,16.9,14.0,MySQL|TensorFlow|Kubernetes,hacking éthique|télécommunications,Système de recommandation de cours en ligne par apprentissage automatique,IA / Machine Learning
ETU-0325,Réseaux et Télécommunications,Master 2,14.94,0.0,0.0,0.0,0.0,0.0,0.0,0.0,15.2,19.4,16.9,11.9,11.3,0.0,0.0,0.0,0.0,0.0,0.0,0.0,0.0,0.0,0.0,0.0,0.0,0.0,0.0,0.0,C/C++|Forensics|CI/CD,data science|infrastructure|forensics,Sécurisation des applications mobiles de mobile banking,Cybersécurité
ETU-0326,Cybersécurité,Master 1,13.58,0.0,0.0,0.0,0.0,0.0,0.0,0.0,0.0,0.0,15.6,0.0,0.0,0.0,0.0,0.0,0.0,0.0,0.0,0.0,0.0,0.0,10.2,8.8,13.9,19.4,0.0,0.0,AWS|Django|MongoDB,développement web|performance,Mise en place d'un SIEM pour la détection des intrusions,Cybersécurité
ETU-0327,Systèmes Embarqués,Licence 3,14.36,0.0,0.0,0.0,0.0,0.0,0.0,0.0,0.0,0.0,0.0,0.0,0.0,0.0,0.0,0.0,0.0,15.3,11.6,14.9,19.6,10.4,0.0,0.0,0.0,0.0,0.0,0.0,Pandas|Pentesting|OWASP|Cryptographie|FastAPI|React Native,robotique|infrastructure|applications web,Conception d'un système d'irrigation automatique intelligent,Systèmes
ETU-0328,Cybersécurité,Master 2,12.1,0.0,0.0,0.0,0.0,0.0,0.0,0.0,0.0,0.0,12.6,0.0,0.0,0.0,0.0,0.0,0.0,0.0,0.0,0.0,0.0,0.0,10.1,11.7,11.4,14.7,0.0,0.0,Deep Learning|Wireshark|Node.js|React Native|PostgreSQL|Django,intelligence artificielle|infrastructure,Simulation d'un réseau de capteurs IoT pour smart city,Réseaux
ETU-0329,Génie Logiciel,Master 1,16.26,18.6,19.9,9.5,19.2,9.9,17.2,19.5,0.0,0.0,0.0,0.0,0.0,0.0,0.0,0.0,0.0,0.0,0.0,0.0,0.0,0.0,0.0,0.0,0.0,0.0,0.0,0.0,Kotlin|Swift|AWS|Pentesting|NLP,fintech|robotique|télécommunications|cloud computing,Système de géolocalisation des transports en commun à Lomé,Mobile
ETU-0330,Data Science,Licence 3,15.63,0.0,0.0,0.0,0.0,0.0,15.7,0.0,0.0,0.0,0.0,0.0,0.0,15.2,18.1,8.1,17.3,0.0,0.0,0.0,0.0,0.0,0.0,0.0,0.0,0.0,0.0,0.0,OWASP|Assembleur|Pandas|C/C++|PostgreSQL|Kali Linux,robotique|protocoles,Détection des maladies agricoles par vision par ordinateur,IA / Machine Learning
ETU-0331,Génie Logiciel,Master 2,15.06,14.9,17.6,17.8,11.2,10.5,17.0,16.4,0.0,0.0,0.0,0.0,0.0,0.0,0.0,0.0,0.0,0.0,0.0,0.0,0.0,0.0,0.0,0.0,0.0,0.0,0.0,0.0,FastAPI|Swift|Python,statistiques|électronique,Plateforme de gestion des stages universitaires en ligne,Développement Web
ETU-0332,Systèmes Embarqués,Master 2,12.8,0.0,0.0,0.0,0.0,0.0,0.0,0.0,0.0,0.0,0.0,0.0,0.0,0.0,0.0,0.0,0.0,17.8,10.2,8.7,10.2,17.1,0.0,0.0,0.0,0.0,0.0,0.0,Forensics|Android|AWS|Kubernetes|React,gestion des données|développement web|sécurité informatique|fintech,Système embarqué de surveillance de la qualité de l'air,Systèmes
ETU-0333,Génie Informatique,Master 2,14.31,17.5,0.0,0.0,8.5,0.0,17.5,12.5,10.5,0.0,0.0,0.0,0.0,0.0,0.0,0.0,0.0,0.0,0.0,0.0,0.0,0.0,0.0,0.0,0.0,0.0,14.2,19.5,Swift|React Native|Wireshark|Docker|Kali Linux,UX mobile|forensics|protection des données,Plateforme mobile de covoiturage universitaire,Mobile
ETU-0334,Génie Informatique,Master 1,15.21,16.7,0.0,0.0,18.7,0.0,15.2,18.4,9.7,0.0,0.0,0.0,0.0,0.0,0.0,0.0,0.0,0.0,0.0,0.0,0.0,0.0,0.0,0.0,0.0,0.0,11.4,16.4,Pentesting|Android|Kubernetes|Terraform,infrastructure|électronique|analyse,Plateforme de monitoring des applications en temps réel,Cloud / DevOps
ETU-0335,Réseaux et Télécommunications,Master 2,15.94,0.0,0.0,0.0,0.0,0.0,0.0,0.0,13.8,16.9,17.5,12.2,19.3,0.0,0.0,0.0,0.0,0.0,0.0,0.0,0.0,0.0,0.0,0.0,0.0,0.0,0.0,0.0,Terraform|React|Cryptographie|Linux|Docker|PostgreSQL,applications web|déploiement|infrastructure|automatisation,Migration d'une infrastructure on-premise vers AWS pour PME,Cloud / DevOps
ETU-0336,Systèmes Embarqués,Master 2,14.22,0.0,0.0,0.0,0.0,0.0,0.0,0.0,0.0,0.0,0.0,0.0,0.0,0.0,0.0,0.0,0.0,14.5,10.9,10.0,19.3,16.4,0.0,0.0,0.0,0.0,0.0,0.0,Kali Linux|TensorFlow|FastAPI,fintech|administration réseau|infrastructure,Système de contrôle d'accès biométrique à faible coût,Systèmes
ETU-0337,Réseaux et Télécommunications,Master 2,15.44,0.0,0.0,0.0,0.0,0.0,0.0,0.0,17.2,15.2,15.7,12.5,16.6,0.0,0.0,0.0,0.0,0.0,0.0,0.0,0.0,0.0,0.0,0.0,0.0,0.0,0.0,0.0,CI/CD|Terraform|Raspberry Pi|Kali Linux|MySQL|Docker,e-commerce|sécurité informatique|développement web,Plateforme de monitoring des applications en temps réel,Cloud / DevOps
ETU-0338,Cybersécurité,Master 2,13.82,0.0,0.0,0.0,0.0,0.0,0.0,0.0,0.0,0.0,8.7,0.0,0.0,0.0,0.0,0.0,0.0,0.0,0.0,0.0,0.0,0.0,8.0,14.4,18.2,19.8,0.0,0.0,Pentesting|Node.js|C/C++|Terraform|Docker,infrastructure|design UI|santé numérique|intelligence artificielle,Mise en place d'un SIEM pour la détection des intrusions,Cybersécurité
ETU-0339,Génie Informatique,Master 2,13.99,18.2,0.0,0.0,17.9,0.0,11.8,14.0,8.4,0.0,0.0,0.0,0.0,0.0,0.0,0.0,0.0,0.0,0.0,0.0,0.0,0.0,0.0,0.0,0.0,0.0,16.3,11.3,AWS|MongoDB|Swift|Linux|Cryptographie|NLP,applications web|systèmes d'information|infrastructure,Analyse de sentiment des réseaux sociaux pour les élections africaines,IA / Machine Learning
ETU-0340,Génie Logiciel,Master 2,12.86,12.7,13.1,13.7,12.2,12.7,8.9,16.7,0.0,0.0,0.0,0.0,0.0,0.0,0.0,0.0,0.0,0.0,0.0,0.0,0.0,0.0,0.0,0.0,0.0,0.0,0.0,0.0,PostgreSQL|Raspberry Pi|OWASP|React|Node.js,recherche|hacking éthique|systèmes temps réel,Portail de téléservices administratifs pour mairies,Développement Web
ETU-0341,Génie Logiciel,Master 1,15.7,16.7,14.9,16.1,19.9,9.8,19.4,13.1,0.0,0.0,0.0,0.0,0.0,0.0,0.0,0.0,0.0,0.0,0.0,0.0,0.0,0.0,0.0,0.0,0.0,0.0,0.0,0.0,NLP|React|Firewall|React Native,recherche|e-commerce,Plateforme e-commerce pour artisans locaux au Togo,Développement Web
ETU-0342,Data Science,Master 2,15.9,0.0,0.0,0.0,0.0,0.0,16.0,0.0,0.0,0.0,0.0,0.0,0.0,15.2,16.9,17.3,19.9,0.0,0.0,0.0,0.0,0.0,0.0,0.0,0.0,0.0,0.0,0.0,Flutter|CI/CD|Cryptographie,IoT|UX mobile|intelligence artificielle,Prédiction du taux de décrochage scolaire par machine learning,IA / Machine Learning
ETU-0343,Génie Informatique,Master 2,13.47,9.1,0.0,0.0,15.1,0.0,20.0,16.4,12.6,0.0,0.0,0.0,0.0,0.0,0.0,0.0,0.0,0.0,0.0,0.0,0.0,0.0,0.0,0.0,0.0,0.0,11.6,9.5,Deep Learning|Arduino|HTML/CSS|OWASP|TensorFlow,déploiement|automatisation|statistiques,Analyse de sentiment des réseaux sociaux pour les élections africaines,IA / Machine Learning
ETU-0344,Cybersécurité,Master 2,12.3,0.0,0.0,0.0,0.0,0.0,0.0,0.0,0.0,0.0,14.7,0.0,0.0,0.0,0.0,0.0,0.0,0.0,0.0,0.0,0.0,0.0,10.2,17.6,9.5,9.5,0.0,0.0,CI/CD|FastAPI|Pandas|Raspberry Pi,automatisation|développement web|e-commerce,Implémentation d'un système Zero Trust pour entreprise,Cybersécurité
ETU-0345,Data Science,Master 2,14.78,0.0,0.0,0.0,0.0,0.0,20.0,0.0,0.0,0.0,0.0,0.0,0.0,14.4,13.9,11.8,18.9,0.0,0.0,0.0,0.0,0.0,0.0,0.0,0.0,0.0,0.0,0.0,React|Terraform|scikit-learn|ElasticSearch,analyse|applications web,Détection des maladies agricoles par vision par ordinateur,IA / Machine Learning
ETU-0346,Cybersécurité,Master 1,13.94,0.0,0.0,0.0,0.0,0.0,0.0,0.0,0.0,0.0,15.8,0.0,0.0,0.0,0.0,0.0,0.0,0.0,0.0,0.0,0.0,0.0,11.1,10.0,13.5,19.3,0.0,0.0,Django|Arduino|MongoDB|Deep Learning|Cisco|PostgreSQL,UX mobile|infrastructure|gestion des données|électronique,Implémentation d'un système Zero Trust pour entreprise,Cybersécurité
ETU-0347,Systèmes Embarqués,Licence 3,13.42,0.0,0.0,0.0,0.0,0.0,0.0,0.0,0.0,0.0,0.0,0.0,0.0,0.0,0.0,0.0,0.0,12.0,9.1,18.9,17.3,9.8,0.0,0.0,0.0,0.0,0.0,0.0,Cisco|Python|React|Cryptographie,fintech|design UI,Robot de désinfection automatique pour établissements de santé,Systèmes
ETU-0348,Data Science,Master 2,11.35,0.0,0.0,0.0,0.0,0.0,10.2,0.0,0.0,0.0,0.0,0.0,0.0,11.3,8.6,11.8,17.0,0.0,0.0,0.0,0.0,0.0,0.0,0.0,0.0,0.0,0.0,0.0,React Native|Assembleur|Node.js|Redis|Python|Kotlin,applications web|startup|fintech|administration réseau,Classification automatique des documents administratifs par NLP,IA / Machine Learning
ETU-0349,Systèmes Embarqués,Master 2,16.14,0.0,0.0,0.0,0.0,0.0,0.0,0.0,0.0,0.0,0.0,0.0,0.0,0.0,0.0,0.0,0.0,11.4,19.4,14.2,16.6,19.1,0.0,0.0,0.0,0.0,0.0,0.0,TCP/IP|AWS|Pandas|Forensics,développement web|statistiques|télécommunications,Compteur d'énergie intelligent pour le suivi de consommation,Systèmes
ETU-0350,Génie Informatique,Master 2,14.14,19.2,0.0,0.0,9.6,0.0,16.2,16.1,14.0,0.0,0.0,0.0,0.0,0.0,0.0,0.0,0.0,0.0,0.0,0.0,0.0,0.0,0.0,0.0,0.0,0.0,14.4,9.5,Kubernetes|PostgreSQL|Python,robotique|applications mobiles|télécommunications|déploiement,Classification automatique des documents administratifs par NLP,IA / Machine Learning
ETU-0351,Réseaux et Télécommunications,Master 2,12.86,0.0,0.0,0.0,0.0,0.0,0.0,0.0,12.2,8.6,13.9,10.0,19.6,0.0,0.0,0.0,0.0,0.0,0.0,0.0,0.0,0.0,0.0,0.0,0.0,0.0,0.0,0.0,ElasticSearch|Arduino|Vue.js|Linux|TCP/IP,sécurité informatique|protocoles|systèmes d'information,Optimisation de la qualité de service dans les réseaux mobiles 4G,Réseaux
ETU-0352,Cybersécurité,Master 1,10.24,0.0,0.0,0.0,0.0,0.0,0.0,0.0,0.0,0.0,8.1,0.0,0.0,0.0,0.0,0.0,0.0,0.0,0.0,0.0,0.0,0.0,8.7,13.5,11.6,9.3,0.0,0.0,HTML/CSS|OWASP|Firewall|Python|React,automatisation|analyse|développement web,Analyse forensique des incidents de cybersécurité,Cybersécurité
ETU-0353,Data Science,Master 1,13.62,0.0,0.0,0.0,0.0,0.0,18.1,0.0,0.0,0.0,0.0,0.0,0.0,13.1,17.7,9.3,13.3,0.0,0.0,0.0,0.0,0.0,0.0,0.0,0.0,0.0,0.0,0.0,Node.js|Firewall|Kali Linux|Python,analyse|e-commerce|sécurité informatique,Prédiction du taux de décrochage scolaire par machine learning,IA / Machine Learning
ETU-0354,Génie Logiciel,Master 1,14.39,13.9,13.9,16.2,9.5,17.0,17.4,12.8,0.0,0.0,0.0,0.0,0.0,0.0,0.0,0.0,0.0,0.0,0.0,0.0,0.0,0.0,0.0,0.0,0.0,0.0,0.0,0.0,Node.js|Vue.js|React|TensorFlow|Terraform|Django,infrastructure|intelligence artificielle|télécommunications,Plateforme e-commerce pour artisans locaux au Togo,Développement Web
ETU-0355,Réseaux et Télécommunications,Master 2,14.1,0.0,0.0,0.0,0.0,0.0,0.0,0.0,9.8,14.1,11.0,17.2,18.4,0.0,0.0,0.0,0.0,0.0,0.0,0.0,0.0,0.0,0.0,0.0,0.0,0.0,0.0,0.0,Terraform|Kali Linux|PostgreSQL|React Native,design UI|infrastructure|performance|analyse,Plateforme de monitoring des applications en temps réel,Cloud / DevOps
ETU-0356,Génie Logiciel,Master 2,14.66,10.4,18.4,12.6,14.3,16.4,19.8,10.7,0.0,0.0,0.0,0.0,0.0,0.0,0.0,0.0,0.0,0.0,0.0,0.0,0.0,0.0,0.0,0.0,0.0,0.0,0.0,0.0,React Native|NLP|Kotlin|Kali Linux|CI/CD|TCP/IP,administration réseau|UX mobile,Mise en place d'un pipeline CI/CD pour équipe de développement,Cloud / DevOps
ETU-0357,Data Science,Master 1,12.8,0.0,0.0,0.0,0.0,0.0,12.0,0.0,0.0,0.0,0.0,0.0,0.0,11.4,13.2,11.0,13.9,0.0,0.0,0.0,0.0,0.0,0.0,0.0,0.0,0.0,0.0,0.0,React|Terraform|Python,startup|forensics|UX mobile|déploiement,Système de recommandation de cours en ligne par apprentissage automatique,IA / Machine Learning
ETU-0358,Cybersécurité,Master 2,13.98,0.0,0.0,0.0,0.0,0.0,0.0,0.0,0.0,0.0,10.3,0.0,0.0,0.0,0.0,0.0,0.0,0.0,0.0,0.0,0.0,0.0,17.8,13.3,9.2,19.3,0.0,0.0,TCP/IP|React Native|PostgreSQL|Arduino|Django,startup|analyse,Audit de sécurité des infrastructures informatiques bancaires au Togo,Cybersécurité
ETU-0359,Systèmes Embarqués,Licence 3,15.0,0.0,0.0,0.0,0.0,0.0,0.0,0.0,0.0,0.0,0.0,0.0,0.0,0.0,0.0,0.0,0.0,13.8,14.3,19.4,17.5,10.0,0.0,0.0,0.0,0.0,0.0,0.0,Node.js|Linux|scikit-learn|VHDL|NLP,analyse|santé numérique|automatisation|infrastructure,Analyse de sentiment des réseaux sociaux pour les élections africaines,IA / Machine Learning
ETU-0360,Cybersécurité,Licence 3,14.1,0.0,0.0,0.0,0.0,0.0,0.0,0.0,0.0,0.0,8.1,0.0,0.0,0.0,0.0,0.0,0.0,0.0,0.0,0.0,0.0,0.0,15.1,19.1,14.2,14.0,0.0,0.0,TCP/IP|MySQL|Linux|Cisco|Raspberry Pi,gestion des données|infrastructure,Mise en place d'un réseau WiFi municipal à faible coût,Réseaux
ETU-0361,Réseaux et Télécommunications,Master 2,14.48,0.0,0.0,0.0,0.0,0.0,0.0,0.0,9.4,15.8,15.6,19.7,11.9,0.0,0.0,0.0,0.0,0.0,0.0,0.0,0.0,0.0,0.0,0.0,0.0,0.0,0.0,0.0,Node.js|Forensics|Kubernetes|Linux|VPN,intelligence artificielle|applications mobiles,Déploiement d'un réseau LAN sécurisé pour établissement scolaire,Réseaux
ETU-0362,Génie Informatique,Master 2,14.47,16.3,0.0,0.0,19.3,0.0,15.5,15.3,11.1,0.0,0.0,0.0,0.0,0.0,0.0,0.0,0.0,0.0,0.0,0.0,0.0,0.0,0.0,0.0,0.0,0.0,10.5,13.3,Cisco|MongoDB|Assembleur|AWS|OWASP,IoT|infrastructure,Système de sauvegarde automatique dans le cloud pour PME africaines,Cloud / DevOps
ETU-0363,Systèmes Embarqués,Master 2,13.94,0.0,0.0,0.0,0.0,0.0,0.0,0.0,0.0,0.0,0.0,0.0,0.0,0.0,0.0,0.0,0.0,10.2,11.4,11.7,18.6,17.8,0.0,0.0,0.0,0.0,0.0,0.0,Deep Learning|Django|Kali Linux|ElasticSearch,santé numérique|design UI|déploiement,Système embarqué de surveillance de la qualité de l'air,Systèmes
ETU-0364,Réseaux et Télécommunications,Licence 3,16.08,0.0,0.0,0.0,0.0,0.0,0.0,0.0,17.2,11.2,19.3,15.2,17.5,0.0,0.0,0.0,0.0,0.0,0.0,0.0,0.0,0.0,0.0,0.0,0.0,0.0,0.0,0.0,React|Arduino|Wireshark,développement web|analyse|startup|cloud computing,Simulation d'un réseau de capteurs IoT pour smart city,Réseaux
ETU-0365,Génie Logiciel,Licence 3,14.2,17.9,9.2,11.6,14.1,18.0,9.7,18.9,0.0,0.0,0.0,0.0,0.0,0.0,0.0,0.0,0.0,0.0,0.0,0.0,0.0,0.0,0.0,0.0,0.0,0.0,0.0,0.0,MySQL|Kali Linux|Cryptographie,applications mobiles|sécurité informatique,Audit de sécurité des infrastructures informatiques bancaires au Togo,Cybersécurité
ETU-0366,Data Science,Master 1,11.63,0.0,0.0,0.0,0.0,0.0,8.5,0.0,0.0,0.0,0.0,0.0,0.0,8.9,12.3,19.1,9.0,0.0,0.0,0.0,0.0,0.0,0.0,0.0,0.0,0.0,0.0,0.0,HTML/CSS|Kali Linux|C/C++|Wireshark,performance|robotique|applications web|hacking éthique,Détection des maladies agricoles par vision par ordinateur,IA / Machine Learning
ETU-0367,Génie Logiciel,Licence 3,15.06,17.3,9.8,9.8,13.4,17.6,19.7,17.8,0.0,0.0,0.0,0.0,0.0,0.0,0.0,0.0,0.0,0.0,0.0,0.0,0.0,0.0,0.0,0.0,0.0,0.0,0.0,0.0,VHDL|Kali Linux|Cisco,développement web|protection des données,Application web de gestion des ressources humaines pour PME,Développement Web
ETU-0368,Réseaux et Télécommunications,Master 2,14.94,0.0,0.0,0.0,0.0,0.0,0.0,0.0,19.1,12.6,14.6,14.5,13.9,0.0,0.0,0.0,0.0,0.0,0.0,0.0,0.0,0.0,0.0,0.0,0.0,0.0,0.0,0.0,Cryptographie|Pandas|Assembleur|Forensics,infrastructure|développement web|télécommunications|UX mobile,Mise en place d'un SIEM pour la détection des intrusions,Cybersécurité
ETU-0369,Data Science,Master 1,15.9,0.0,0.0,0.0,0.0,0.0,17.9,0.0,0.0,0.0,0.0,0.0,0.0,9.7,19.7,19.0,10.9,0.0,0.0,0.0,0.0,0.0,0.0,0.0,0.0,0.0,0.0,0.0,Node.js|Vue.js|Django,data science|robotique|UX mobile,Système de vote électronique sécurisé pour associations étudiantes,Développement Web
ETU-0370,Génie Logiciel,Licence 3,14.7,14.8,17.8,9.8,10.2,16.9,17.0,16.4,0.0,0.0,0.0,0.0,0.0,0.0,0.0,0.0,0.0,0.0,0.0,0.0,0.0,0.0,0.0,0.0,0.0,0.0,0.0,0.0,React Native|Forensics|Wireshark|Android|CI/CD,intelligence artificielle|sécurité informatique|e-commerce|applications web,Plateforme e-commerce pour artisans locaux au Togo,Développement Web
ETU-0371,Cybersécurité,Master 2,16.12,0.0,0.0,0.0,0.0,0.0,0.0,0.0,0.0,0.0,19.0,0.0,0.0,0.0,0.0,0.0,0.0,0.0,0.0,0.0,0.0,0.0,18.0,14.0,16.5,13.1,0.0,0.0,Cisco|Pandas|C/C++|Cryptographie,systèmes d'information|santé numérique,Analyse forensique des incidents de cybersécurité,Cybersécurité
ETU-0372,Génie Informatique,Master 2,11.47,12.9,0.0,0.0,12.6,0.0,12.5,13.1,8.7,0.0,0.0,0.0,0.0,0.0,0.0,0.0,0.0,0.0,0.0,0.0,0.0,0.0,0.0,0.0,0.0,0.0,11.2,9.3,Docker|Wireshark|TensorFlow|ElasticSearch|Linux,design UI|statistiques,Système de recommandation de cours en ligne par apprentissage automatique,IA / Machine Learning
ETU-0373,Cybersécurité,Master 1,12.0,0.0,0.0,0.0,0.0,0.0,0.0,0.0,0.0,0.0,11.8,0.0,0.0,0.0,0.0,0.0,0.0,0.0,0.0,0.0,0.0,0.0,8.5,19.3,8.1,12.3,0.0,0.0,OWASP|Kotlin|PostgreSQL|VPN|Firewall,design UI|forensics,Audit de sécurité des infrastructures informatiques bancaires au Togo,Cybersécurité
ETU-0374,Data Science,Licence 3,14.38,0.0,0.0,0.0,0.0,0.0,18.6,0.0,0.0,0.0,0.0,0.0,0.0,9.8,18.6,9.1,16.6,0.0,0.0,0.0,0.0,0.0,0.0,0.0,0.0,0.0,0.0,0.0,FastAPI|Kotlin|C/C++|Docker,déploiement|forensics|IoT|startup,Détection des maladies agricoles par vision par ordinateur,IA / Machine Learning
ETU-0375,Réseaux et Télécommunications,Master 2,15.06,0.0,0.0,0.0,0.0,0.0,0.0,0.0,15.5,14.0,17.7,9.7,18.4,0.0,0.0,0.0,0.0,0.0,0.0,0.0,0.0,0.0,0.0,0.0,0.0,0.0,0.0,0.0,Swift|React|Flutter,gestion des données|sécurité informatique|statistiques,Plateforme mobile de covoiturage universitaire,Mobile
ETU-0376,Génie Informatique,Licence 3,15.0,19.3,0.0,0.0,19.7,0.0,12.4,11.4,13.9,0.0,0.0,0.0,0.0,0.0,0.0,0.0,0.0,0.0,0.0,0.0,0.0,0.0,0.0,0.0,0.0,0.0,12.9,15.4,Android|Pentesting|Kotlin|Kubernetes,UX mobile|développement web|électronique,Application d'apprentissage des langues locales sur mobile,Mobile
ETU-0377,Génie Logiciel,Licence 3,12.5,18.2,11.5,9.9,12.8,8.9,12.7,13.5,0.0,0.0,0.0,0.0,0.0,0.0,0.0,0.0,0.0,0.0,0.0,0.0,0.0,0.0,0.0,0.0,0.0,0.0,0.0,0.0,Firewall|Flutter|CI/CD,systèmes temps réel|design UI|développement web|performance,Plateforme e-commerce pour artisans locaux au Togo,Développement Web
ETU-0378,Réseaux et Télécommunications,Master 2,14.74,0.0,0.0,0.0,0.0,0.0,0.0,0.0,16.9,9.4,13.5,14.5,19.4,0.0,0.0,0.0,0.0,0.0,0.0,0.0,0.0,0.0,0.0,0.0,0.0,0.0,0.0,0.0,AWS|MongoDB|VPN|VHDL,fintech|recherche,Étude et déploiement de la fibre optique dans une université,Réseaux
ETU-0379,Data Science,Master 2,12.0,0.0,0.0,0.0,0.0,0.0,13.4,0.0,0.0,0.0,0.0,0.0,0.0,10.1,11.3,9.0,18.5,0.0,0.0,0.0,0.0,0.0,0.0,0.0,0.0,0.0,0.0,0.0,C/C++|MongoDB|Redis|HTML/CSS|NLP|Pandas,forensics|hacking éthique|gestion des données,Système de détection de fraude bancaire par deep learning,IA / Machine Learning
ETU-0380,Génie Logiciel,Master 2,14.94,17.4,15.2,8.9,16.0,15.4,11.9,19.8,0.0,0.0,0.0,0.0,0.0,0.0,0.0,0.0,0.0,0.0,0.0,0.0,0.0,0.0,0.0,0.0,0.0,0.0,0.0,0.0,Python|Django|Flutter|Swift|VPN,électronique|protocoles,Système de vote électronique sécurisé pour associations étudiantes,Développement Web
ETU-0381,Génie Informatique,Licence 3,14.49,13.0,0.0,0.0,14.6,0.0,12.5,12.2,10.0,0.0,0.0,0.0,0.0,0.0,0.0,0.0,0.0,0.0,0.0,0.0,0.0,0.0,0.0,0.0,0.0,0.0,19.4,19.7,Pentesting|TensorFlow|TCP/IP,infrastructure|e-commerce|automatisation,Analyse de sentiment des réseaux sociaux pour les élections africaines,IA / Machine Learning
ETU-0382,Systèmes Embarqués,Master 1,12.34,0.0,0.0,0.0,0.0,0.0,0.0,0.0,0.0,0.0,0.0,0.0,0.0,0.0,0.0,0.0,0.0,12.5,14.6,10.0,13.2,11.4,0.0,0.0,0.0,0.0,0.0,0.0,AWS|Linux|Kubernetes|React|Pandas|Terraform,data science|électronique,Compteur d'énergie intelligent pour le suivi de consommation,Systèmes
ETU-0383,Réseaux et Télécommunications,Licence 3,15.8,0.0,0.0,0.0,0.0,0.0,0.0,0.0,17.3,14.6,9.4,18.3,19.4,0.0,0.0,0.0,0.0,0.0,0.0,0.0,0.0,0.0,0.0,0.0,0.0,0.0,0.0,0.0,Flutter|Forensics|CI/CD|OWASP|Python,infrastructure|infrastructure|sécurité informatique,Audit de sécurité des infrastructures informatiques bancaires au Togo,Cybersécurité
ETU-0384,Génie Logiciel,Licence 3,14.94,9.8,12.5,17.8,17.8,15.2,12.0,19.5,0.0,0.0,0.0,0.0,0.0,0.0,0.0,0.0,0.0,0.0,0.0,0.0,0.0,0.0,0.0,0.0,0.0,0.0,0.0,0.0,ElasticSearch|Raspberry Pi|OWASP|PostgreSQL|AWS|NLP,robotique|startup|fintech|performance,Système d'archivage intelligent des actes d'état civil,Bases de données
ETU-0385,Génie Informatique,Master 1,11.79,18.0,0.0,0.0,9.9,0.0,9.1,8.3,11.9,0.0,0.0,0.0,0.0,0.0,0.0,0.0,0.0,0.0,0.0,0.0,0.0,0.0,0.0,0.0,0.0,0.0,8.1,17.2,TensorFlow|Kubernetes|Arduino|Pandas,fintech|data science|startup|systèmes temps réel,Système de détection de fraude bancaire par deep learning,IA / Machine Learning
ETU-0386,Data Science,Master 2,12.3,0.0,0.0,0.0,0.0,0.0,18.4,0.0,0.0,0.0,0.0,0.0,0.0,8.6,9.7,8.3,19.8,0.0,0.0,0.0,0.0,0.0,0.0,0.0,0.0,0.0,0.0,0.0,Flutter|Docker|Vue.js,applications web|sécurité informatique,Système de détection de fraude bancaire par deep learning,IA / Machine Learning
ETU-0387,Génie Logiciel,Master 1,15.07,19.5,8.9,16.2,12.5,11.8,18.9,17.7,0.0,0.0,0.0,0.0,0.0,0.0,0.0,0.0,0.0,0.0,0.0,0.0,0.0,0.0,0.0,0.0,0.0,0.0,0.0,0.0,TCP/IP|Python|HTML/CSS|Terraform,automatisation|e-commerce|forensics|applications mobiles,Plateforme de gestion des stages universitaires en ligne,Développement Web
ETU-0388,Cybersécurité,Master 2,13.46,0.0,0.0,0.0,0.0,0.0,0.0,0.0,0.0,0.0,10.6,0.0,0.0,0.0,0.0,0.0,0.0,0.0,0.0,0.0,0.0,0.0,17.1,12.4,18.8,8.4,0.0,0.0,MySQL|Pandas|Node.js|Cisco,cloud computing|analyse|développement web,Mise en place d'un SIEM pour la détection des intrusions,Cybersécurité
ETU-0389,Réseaux et Télécommunications,Master 2,16.2,0.0,0.0,0.0,0.0,0.0,0.0,0.0,18.2,16.6,19.5,9.2,17.5,0.0,0.0,0.0,0.0,0.0,0.0,0.0,0.0,0.0,0.0,0.0,0.0,0.0,0.0,0.0,FastAPI|MongoDB|Swift|Kali Linux|Android,administration réseau|protection des données|design UI,Implémentation d'un système Zero Trust pour entreprise,Cybersécurité
ETU-0390,Data Science,Master 2,15.53,0.0,0.0,0.0,0.0,0.0,12.8,0.0,0.0,0.0,0.0,0.0,0.0,12.9,18.5,19.4,14.4,0.0,0.0,0.0,0.0,0.0,0.0,0.0,0.0,0.0,0.0,0.0,HTML/CSS|VPN|Kali Linux,applications mobiles|télécommunications,Reconnaissance vocale pour les langues locales africaines,IA / Machine Learning
ETU-0391,Cybersécurité,Master 1,15.12,0.0,0.0,0.0,0.0,0.0,0.0,0.0,0.0,0.0,14.7,0.0,0.0,0.0,0.0,0.0,0.0,0.0,0.0,0.0,0.0,0.0,18.8,12.6,15.2,14.3,0.0,0.0,Raspberry Pi|Cisco|Docker,statistiques|électronique|robotique|protection des données,Implémentation d'un système Zero Trust pour entreprise,Cybersécurité
ETU-0392,Data Science,Master 2,15.47,0.0,0.0,0.0,0.0,0.0,19.9,0.0,0.0,0.0,0.0,0.0,0.0,12.6,11.4,15.7,18.3,0.0,0.0,0.0,0.0,0.0,0.0,0.0,0.0,0.0,0.0,0.0,Linux|Node.js|OWASP|scikit-learn|Arduino|C/C++,forensics|data science,Classification automatique des documents administratifs par NLP,IA / Machine Learning
ETU-0393,Systèmes Embarqués,Master 2,13.92,0.0,0.0,0.0,0.0,0.0,0.0,0.0,0.0,0.0,0.0,0.0,0.0,0.0,0.0,0.0,0.0,8.6,11.6,19.8,13.9,15.7,0.0,0.0,0.0,0.0,0.0,0.0,Pentesting|Kubernetes|React,infrastructure|recherche,Système de contrôle d'accès biométrique à faible coût,Systèmes
ETU-0394,Cybersécurité,Licence 3,15.08,0.0,0.0,0.0,0.0,0.0,0.0,0.0,0.0,0.0,18.4,0.0,0.0,0.0,0.0,0.0,0.0,0.0,0.0,0.0,0.0,0.0,19.2,11.1,17.4,9.3,0.0,0.0,Deep Learning|Redis|Wireshark|Kubernetes|Cryptographie,gestion des données|startup|systèmes temps réel,Implémentation d'un système Zero Trust pour entreprise,Cybersécurité
ETU-0395,Cybersécurité,Licence 3,15.84,0.0,0.0,0.0,0.0,0.0,0.0,0.0,0.0,0.0,15.9,0.0,0.0,0.0,0.0,0.0,0.0,0.0,0.0,0.0,0.0,0.0,14.9,19.7,11.9,16.8,0.0,0.0,Pandas|Redis|Linux|Firewall,télécommunications|systèmes d'information|statistiques|automatisation,Simulation d'un réseau de capteurs IoT pour smart city,Réseaux
ETU-0396,Cybersécurité,Master 1,13.22,0.0,0.0,0.0,0.0,0.0,0.0,0.0,0.0,0.0,11.7,0.0,0.0,0.0,0.0,0.0,0.0,0.0,0.0,0.0,0.0,0.0,17.1,13.4,9.8,14.1,0.0,0.0,MySQL|Pentesting|Cryptographie|Android,infrastructure|analyse|santé numérique|statistiques,Mise en place d'un SIEM pour la détection des intrusions,Cybersécurité
ETU-0397,Génie Logiciel,Master 1,12.44,10.2,8.3,15.9,13.4,11.2,19.1,9.0,0.0,0.0,0.0,0.0,0.0,0.0,0.0,0.0,0.0,0.0,0.0,0.0,0.0,0.0,0.0,0.0,0.0,0.0,0.0,0.0,MongoDB|Django|OWASP|Kotlin|Kali Linux|Kubernetes,recherche|IoT|administration réseau,Système de gestion des bourses universitaires en ligne,Développement Web
ETU-0398,Systèmes Embarqués,Master 2,15.06,0.0,0.0,0.0,0.0,0.0,0.0,0.0,0.0,0.0,0.0,0.0,0.0,0.0,0.0,0.0,0.0,13.2,16.2,15.8,19.5,10.6,0.0,0.0,0.0,0.0,0.0,0.0,scikit-learn|VHDL|Cisco,statistiques|design UI,Compteur d'énergie intelligent pour le suivi de consommation,Systèmes
ETU-0399,Réseaux et Télécommunications,Licence 3,14.62,0.0,0.0,0.0,0.0,0.0,0.0,0.0,17.4,12.2,11.5,15.2,16.8,0.0,0.0,0.0,0.0,0.0,0.0,0.0,0.0,0.0,0.0,0.0,0.0,0.0,0.0,0.0,HTML/CSS|Kotlin|Kubernetes,hacking éthique|télécommunications|gestion des données,Mise en place d'un réseau WiFi municipal à faible coût,Réseaux
ETU-0400,Data Science,Licence 3,11.52,0.0,0.0,0.0,0.0,0.0,8.0,0.0,0.0,0.0,0.0,0.0,0.0,10.0,8.1,12.2,13.7,0.0,0.0,0.0,0.0,0.0,0.0,0.0,0.0,0.0,0.0,0.0,React Native|Vue.js|scikit-learn|TensorFlow,sécurité informatique|infrastructure|déploiement|infrastructure,Prédiction du taux de décrochage scolaire par machine learning,IA / Machine Learning
ETU-0401,Génie Informatique,Master 1,13.74,11.0,0.0,0.0,13.5,0.0,11.6,12.0,17.9,0.0,0.0,0.0,0.0,0.0,0.0,0.0,0.0,0.0,0.0,0.0,0.0,0.0,0.0,0.0,0.0,0.0,14.2,16.0,Vue.js|Cisco|C/C++|TensorFlow|Django|Forensics,applications web|applications mobiles,Portail de téléservices administratifs pour mairies,Développement Web
ETU-0402,Génie Logiciel,Master 1,15.97,18.5,16.1,18.8,13.4,19.5,14.3,11.2,0.0,0.0,0.0,0.0,0.0,0.0,0.0,0.0,0.0,0.0,0.0,0.0,0.0,0.0,0.0,0.0,0.0,0.0,0.0,0.0,Wireshark|OWASP|Assembleur|Forensics|Cisco,analyse|automatisation|déploiement,Déploiement d'un réseau LAN sécurisé pour établissement scolaire,Réseaux
ETU-0403,Systèmes Embarqués,Master 2,13.3,0.0,0.0,0.0,0.0,0.0,0.0,0.0,0.0,0.0,0.0,0.0,0.0,0.0,0.0,0.0,0.0,9.8,16.2,14.3,11.5,14.7,0.0,0.0,0.0,0.0,0.0,0.0,TCP/IP|Swift|Linux|Deep Learning,intelligence artificielle|systèmes temps réel|automatisation,Conception d'un système d'irrigation automatique intelligent,Systèmes
ETU-0404,Data Science,Master 1,16.93,0.0,0.0,0.0,0.0,0.0,16.6,0.0,0.0,0.0,0.0,0.0,0.0,17.4,19.5,14.7,19.4,0.0,0.0,0.0,0.0,0.0,0.0,0.0,0.0,0.0,0.0,0.0,PostgreSQL|Kali Linux|Assembleur|Pandas,infrastructure|automatisation|cloud computing,Prédiction du taux de décrochage scolaire par machine learning,IA / Machine Learning
ETU-0405,Réseaux et Télécommunications,Master 2,15.26,0.0,0.0,0.0,0.0,0.0,0.0,0.0,13.2,18.5,17.7,9.7,17.2,0.0,0.0,0.0,0.0,0.0,0.0,0.0,0.0,0.0,0.0,0.0,0.0,0.0,0.0,0.0,Node.js|Forensics|Raspberry Pi|PostgreSQL|TCP/IP,développement web|hacking éthique|systèmes temps réel,Étude et déploiement de la fibre optique dans une université,Réseaux
ETU-0406,Systèmes Embarqués,Master 1,12.4,0.0,0.0,0.0,0.0,0.0,0.0,0.0,0.0,0.0,0.0,0.0,0.0,0.0,0.0,0.0,0.0,13.1,13.0,12.9,8.3,14.7,0.0,0.0,0.0,0.0,0.0,0.0,Pandas|Node.js|Kubernetes|TCP/IP|ElasticSearch|Assembleur,UX mobile|startup|sécurité informatique|recherche,Système embarqué de surveillance de la qualité de l'air,Systèmes
ETU-0407,Data Science,Master 2,15.3,0.0,0.0,0.0,0.0,0.0,18.4,0.0,0.0,0.0,0.0,0.0,0.0,9.3,17.9,14.8,16.3,0.0,0.0,0.0,0.0,0.0,0.0,0.0,0.0,0.0,0.0,0.0,Assembleur|Kotlin|NLP,systèmes d'information|déploiement|applications web|automatisation,Chatbot intelligent pour l'assistance médicale au Togo,IA / Machine Learning
ETU-0408,Génie Logiciel,Licence 3,12.01,8.0,15.2,9.5,9.2,10.5,13.7,18.0,0.0,0.0,0.0,0.0,0.0,0.0,0.0,0.0,0.0,0.0,0.0,0.0,0.0,0.0,0.0,0.0,0.0,0.0,0.0,0.0,OWASP|NLP|Vue.js|TCP/IP|Terraform|React Native,télécommunications|protocoles,Portail de téléservices administratifs pour mairies,Développement Web
ETU-0409,Réseaux et Télécommunications,Licence 3,13.24,0.0,0.0,0.0,0.0,0.0,0.0,0.0,14.1,16.4,10.4,13.8,11.5,0.0,0.0,0.0,0.0,0.0,0.0,0.0,0.0,0.0,0.0,0.0,0.0,0.0,0.0,0.0,Assembleur|Swift|Pentesting,administration réseau|santé numérique|fintech|design UI,Simulation d'un réseau de capteurs IoT pour smart city,Réseaux
ETU-0410,Systèmes Embarqués,Licence 3,14.6,0.0,0.0,0.0,0.0,0.0,0.0,0.0,0.0,0.0,0.0,0.0,0.0,0.0,0.0,0.0,0.0,18.9,12.3,9.7,18.6,13.5,0.0,0.0,0.0,0.0,0.0,0.0,FastAPI|Firewall|Kotlin,systèmes d'information|applications mobiles|déploiement|fintech,Système de contrôle d'accès biométrique à faible coût,Systèmes
ETU-0411,Systèmes Embarqués,Licence 3,15.36,0.0,0.0,0.0,0.0,0.0,0.0,0.0,0.0,0.0,0.0,0.0,0.0,0.0,0.0,0.0,0.0,19.0,15.7,12.5,13.7,15.9,0.0,0.0,0.0,0.0,0.0,0.0,Node.js|VPN|Assembleur|Firewall|Kubernetes,statistiques|automatisation|data science,Conception d'un système d'irrigation automatique intelligent,Systèmes
ETU-0412,Génie Logiciel,Licence 3,13.74,16.7,12.6,19.7,19.1,8.7,11.0,8.4,0.0,0.0,0.0,0.0,0.0,0.0,0.0,0.0,0.0,0.0,0.0,0.0,0.0,0.0,0.0,0.0,0.0,0.0,0.0,0.0,Android|Pentesting|Docker,data science|performance|protection des données|design UI,Système de vote électronique sécurisé pour associations étudiantes,Développement Web
ETU-0413,Génie Informatique,Licence 3,13.0,13.2,0.0,0.0,14.3,0.0,9.0,8.3,17.5,0.0,0.0,0.0,0.0,0.0,0.0,0.0,0.0,0.0,0.0,0.0,0.0,0.0,0.0,0.0,0.0,0.0,19.5,9.2,Node.js|Python|Pentesting,statistiques|forensics|performance,Classification automatique des documents administratifs par NLP,IA / Machine Learning
ETU-0414,Cybersécurité,Master 2,16.62,0.0,0.0,0.0,0.0,0.0,0.0,0.0,0.0,0.0,17.6,0.0,0.0,0.0,0.0,0.0,0.0,0.0,0.0,0.0,0.0,0.0,18.2,13.3,15.5,18.5,0.0,0.0,Node.js|C/C++|TCP/IP,e-commerce|automatisation,Audit de sécurité des infrastructures informatiques bancaires au Togo,Cybersécurité
ETU-0415,Réseaux et Télécommunications,Master 1,15.04,0.0,0.0,0.0,0.0,0.0,0.0,0.0,8.9,14.9,18.2,19.2,14.0,0.0,0.0,0.0,0.0,0.0,0.0,0.0,0.0,0.0,0.0,0.0,0.0,0.0,0.0,0.0,Kubernetes|NLP|Arduino|Vue.js|Assembleur|React Native,data science|automatisation|forensics,Migration d'une infrastructure on-premise vers AWS pour PME,Cloud / DevOps
ETU-0416,Réseaux et Télécommunications,Master 1,16.16,0.0,0.0,0.0,0.0,0.0,0.0,0.0,8.9,19.4,18.9,16.4,17.2,0.0,0.0,0.0,0.0,0.0,0.0,0.0,0.0,0.0,0.0,0.0,0.0,0.0,0.0,0.0,Firewall|Deep Learning|Forensics,développement web|cloud computing|startup|administration réseau,Mise en place d'un réseau WiFi municipal à faible coût,Réseaux
ETU-0417,Génie Logiciel,Licence 3,12.63,8.3,17.4,10.4,15.3,12.6,16.2,8.2,0.0,0.0,0.0,0.0,0.0,0.0,0.0,0.0,0.0,0.0,0.0,0.0,0.0,0.0,0.0,0.0,0.0,0.0,0.0,0.0,NLP|Cryptographie|CI/CD|Node.js|Kali Linux|Docker,startup|e-commerce|IoT|UX mobile,Application web de télémédecine pour zones rurales,Développement Web
ETU-0418,Cybersécurité,Master 2,12.86,0.0,0.0,0.0,0.0,0.0,0.0,0.0,0.0,0.0,17.6,0.0,0.0,0.0,0.0,0.0,0.0,0.0,0.0,0.0,0.0,0.0,8.5,18.5,11.0,8.7,0.0,0.0,Node.js|Android|HTML/CSS,automatisation|protection des données|applications mobiles,Implémentation d'un système Zero Trust pour entreprise,Cybersécurité
ETU-0419,Réseaux et Télécommunications,Master 1,16.94,0.0,0.0,0.0,0.0,0.0,0.0,0.0,16.5,17.8,18.8,18.3,13.3,0.0,0.0,0.0,0.0,0.0,0.0,0.0,0.0,0.0,0.0,0.0,0.0,0.0,0.0,0.0,Pentesting|Raspberry Pi|Linux|CI/CD|ElasticSearch,administration réseau|protection des données|infrastructure|design UI,Mise en place d'un réseau WiFi municipal à faible coût,Réseaux
ETU-0420,Data Science,Master 2,12.92,0.0,0.0,0.0,0.0,0.0,10.8,0.0,0.0,0.0,0.0,0.0,0.0,14.6,16.7,17.5,8.4,0.0,0.0,0.0,0.0,0.0,0.0,0.0,0.0,0.0,0.0,0.0,CI/CD|Flutter|Vue.js|TensorFlow|Swift|scikit-learn,administration réseau|fintech|hacking éthique,Chatbot intelligent pour l'assistance médicale au Togo,IA / Machine Learning
ETU-0421,Systèmes Embarqués,Licence 3,14.36,0.0,0.0,0.0,0.0,0.0,0.0,0.0,0.0,0.0,0.0,0.0,0.0,0.0,0.0,0.0,0.0,15.9,14.4,15.9,8.4,17.2,0.0,0.0,0.0,0.0,0.0,0.0,Docker|Wireshark|Redis,systèmes d'information|data science|forensics|robotique,Système de contrôle d'accès biométrique à faible coût,Systèmes
ETU-0422,Cybersécurité,Master 1,15.5,0.0,0.0,0.0,0.0,0.0,0.0,0.0,0.0,0.0,16.6,0.0,0.0,0.0,0.0,0.0,0.0,0.0,0.0,0.0,0.0,0.0,13.1,17.2,11.1,19.5,0.0,0.0,ElasticSearch|Node.js|Python|Cisco|Kubernetes|Pandas,sécurité informatique|forensics,Analyse forensique des incidents de cybersécurité,Cybersécurité
ETU-0423,Cybersécurité,Master 2,12.02,0.0,0.0,0.0,0.0,0.0,0.0,0.0,0.0,0.0,11.2,0.0,0.0,0.0,0.0,0.0,0.0,0.0,0.0,0.0,0.0,0.0,11.9,10.1,13.6,13.3,0.0,0.0,scikit-learn|Firewall|React Native|Raspberry Pi|MongoDB|Forensics,développement web|administration réseau,Mise en place d'un SIEM pour la détection des intrusions,Cybersécurité
ETU-0424,Génie Informatique,Licence 3,12.31,9.8,0.0,0.0,15.4,0.0,9.4,8.5,8.6,0.0,0.0,0.0,0.0,0.0,0.0,0.0,0.0,0.0,0.0,0.0,0.0,0.0,0.0,0.0,0.0,0.0,16.2,18.3,scikit-learn|Raspberry Pi|MySQL|NLP|Redis,data science|applications mobiles|automatisation,Système de détection de fraude bancaire par deep learning,IA / Machine Learning
ETU-0425,Génie Logiciel,Master 2,14.13,13.1,11.4,8.3,15.3,12.3,19.7,18.8,0.0,0.0,0.0,0.0,0.0,0.0,0.0,0.0,0.0,0.0,0.0,0.0,0.0,0.0,0.0,0.0,0.0,0.0,0.0,0.0,React Native|Linux|Kubernetes|TensorFlow|FastAPI,automatisation|sécurité informatique|applications web,Classification automatique des documents administratifs par NLP,IA / Machine Learning
ETU-0426,Réseaux et Télécommunications,Master 1,15.14,0.0,0.0,0.0,0.0,0.0,0.0,0.0,18.0,8.4,16.7,12.6,20.0,0.0,0.0,0.0,0.0,0.0,0.0,0.0,0.0,0.0,0.0,0.0,0.0,0.0,0.0,0.0,Deep Learning|MySQL|VHDL,électronique|e-commerce|déploiement|recherche,Étude et déploiement de la fibre optique dans une université,Réseaux
ETU-0427,Réseaux et Télécommunications,Master 1,16.12,0.0,0.0,0.0,0.0,0.0,0.0,0.0,11.8,19.7,16.3,13.3,19.5,0.0,0.0,0.0,0.0,0.0,0.0,0.0,0.0,0.0,0.0,0.0,0.0,0.0,0.0,0.0,Pentesting|Pandas|Firewall|Raspberry Pi|Kotlin|Deep Learning,cloud computing|infrastructure|IoT,Mise en place d'un réseau WiFi municipal à faible coût,Réseaux
ETU-0428,Cybersécurité,Master 1,13.22,0.0,0.0,0.0,0.0,0.0,0.0,0.0,0.0,0.0,12.1,0.0,0.0,0.0,0.0,0.0,0.0,0.0,0.0,0.0,0.0,0.0,17.6,9.4,12.9,14.1,0.0,0.0,VHDL|Swift|AWS|PostgreSQL,systèmes temps réel|intelligence artificielle,Audit de sécurité des infrastructures informatiques bancaires au Togo,Cybersécurité
ETU-0429,Génie Informatique,Licence 3,15.84,19.9,0.0,0.0,9.6,0.0,19.0,18.9,18.4,0.0,0.0,0.0,0.0,0.0,0.0,0.0,0.0,0.0,0.0,0.0,0.0,0.0,0.0,0.0,0.0,0.0,12.3,12.8,Linux|Vue.js|Wireshark|Assembleur,design UI|automatisation|statistiques|applications mobiles,Portail de téléservices administratifs pour mairies,Développement Web
ETU-0430,Cybersécurité,Master 2,14.2,0.0,0.0,0.0,0.0,0.0,0.0,0.0,0.0,0.0,18.7,0.0,0.0,0.0,0.0,0.0,0.0,0.0,0.0,0.0,0.0,0.0,9.0,15.1,12.4,15.8,0.0,0.0,VPN|Android|HTML/CSS|Kotlin|Assembleur|Cisco,infrastructure|hacking éthique,Mise en place d'un réseau WiFi municipal à faible coût,Réseaux
ETU-0431,Réseaux et Télécommunications,Licence 3,15.84,0.0,0.0,0.0,0.0,0.0,0.0,0.0,17.8,16.8,19.9,10.5,14.2,0.0,0.0,0.0,0.0,0.0,0.0,0.0,0.0,0.0,0.0,0.0,0.0,0.0,0.0,0.0,React|Firewall|Linux|FastAPI|Vue.js,administration réseau|automatisation|IoT,Déploiement d'un réseau LAN sécurisé pour établissement scolaire,Réseaux
ETU-0432,Réseaux et Télécommunications,Master 2,16.36,0.0,0.0,0.0,0.0,0.0,0.0,0.0,18.1,17.1,8.3,18.8,19.5,0.0,0.0,0.0,0.0,0.0,0.0,0.0,0.0,0.0,0.0,0.0,0.0,0.0,0.0,0.0,Python|Swift|TensorFlow|Pentesting,sécurité informatique|robotique,Sécurisation des applications mobiles de mobile banking,Cybersécurité
ETU-0433,Systèmes Embarqués,Master 1,13.1,0.0,0.0,0.0,0.0,0.0,0.0,0.0,0.0,0.0,0.0,0.0,0.0,0.0,0.0,0.0,0.0,9.0,9.6,11.3,16.0,19.6,0.0,0.0,0.0,0.0,0.0,0.0,MySQL|Deep Learning|VPN,infrastructure|forensics,Robot de désinfection automatique pour établissements de santé,Systèmes
ETU-0434,Data Science,Licence 3,14.1,0.0,0.0,0.0,0.0,0.0,8.1,0.0,0.0,0.0,0.0,0.0,0.0,18.1,18.5,8.4,15.6,0.0,0.0,0.0,0.0,0.0,0.0,0.0,0.0,0.0,0.0,0.0,Assembleur|Cryptographie|MySQL|PostgreSQL,cloud computing|applications web|automatisation,Système de recommandation de cours en ligne par apprentissage automatique,IA / Machine Learning
ETU-0435,Systèmes Embarqués,Licence 3,14.1,0.0,0.0,0.0,0.0,0.0,0.0,0.0,0.0,0.0,0.0,0.0,0.0,0.0,0.0,0.0,0.0,13.9,15.3,16.5,8.5,16.3,0.0,0.0,0.0,0.0,0.0,0.0,AWS|Assembleur|ElasticSearch|Firewall|React Native|C/C++,performance|hacking éthique|infrastructure|sécurité informatique,Système de contrôle d'accès biométrique à faible coût,Systèmes
ETU-0436,Systèmes Embarqués,Master 1,12.52,0.0,0.0,0.0,0.0,0.0,0.0,0.0,0.0,0.0,0.0,0.0,0.0,0.0,0.0,0.0,0.0,11.9,15.9,9.4,13.6,11.8,0.0,0.0,0.0,0.0,0.0,0.0,Firewall|OWASP|Node.js,automatisation|électronique|télécommunications,Compteur d'énergie intelligent pour le suivi de consommation,Systèmes
ETU-0437,Systèmes Embarqués,Master 1,11.46,0.0,0.0,0.0,0.0,0.0,0.0,0.0,0.0,0.0,0.0,0.0,0.0,0.0,0.0,0.0,0.0,13.1,11.1,8.7,13.8,10.6,0.0,0.0,0.0,0.0,0.0,0.0,TCP/IP|Android|Forensics,gestion des données|systèmes d'information,Compteur d'énergie intelligent pour le suivi de consommation,Systèmes
ETU-0438,Génie Logiciel,Master 2,11.96,12.0,12.2,17.2,8.8,8.6,10.5,14.4,0.0,0.0,0.0,0.0,0.0,0.0,0.0,0.0,0.0,0.0,0.0,0.0,0.0,0.0,0.0,0.0,0.0,0.0,0.0,0.0,Arduino|OWASP|MySQL|Linux,UX mobile|forensics,Sécurisation des applications mobiles de mobile banking,Cybersécurité
ETU-0439,Génie Logiciel,Licence 3,13.54,11.4,8.3,15.6,16.3,8.4,17.0,17.8,0.0,0.0,0.0,0.0,0.0,0.0,0.0,0.0,0.0,0.0,0.0,0.0,0.0,0.0,0.0,0.0,0.0,0.0,0.0,0.0,CI/CD|OWASP|Node.js|Cisco|Pandas|Deep Learning,infrastructure|électronique,Architecture microservices avec Docker et Kubernetes,Cloud / DevOps
ETU-0440,Data Science,Master 1,11.87,0.0,0.0,0.0,0.0,0.0,15.9,0.0,0.0,0.0,0.0,0.0,0.0,14.1,11.3,10.4,11.2,0.0,0.0,0.0,0.0,0.0,0.0,0.0,0.0,0.0,0.0,0.0,Cryptographie|Linux|Kali Linux|Pandas|MySQL|Forensics,administration réseau|cloud computing|sécurité informatique|infrastructure,Audit de sécurité des infrastructures informatiques bancaires au Togo,Cybersécurité
ETU-0441,Systèmes Embarqués,Licence 3,11.56,0.0,0.0,0.0,0.0,0.0,0.0,0.0,0.0,0.0,0.0,0.0,0.0,0.0,0.0,0.0,0.0,13.4,13.7,9.3,11.7,9.7,0.0,0.0,0.0,0.0,0.0,0.0,React|Raspberry Pi|FastAPI,automatisation|télécommunications,Compteur d'énergie intelligent pour le suivi de consommation,Systèmes
ETU-0442,Data Science,Master 2,11.6,0.0,0.0,0.0,0.0,0.0,8.1,0.0,0.0,0.0,0.0,0.0,0.0,12.1,11.9,14.8,12.9,0.0,0.0,0.0,0.0,0.0,0.0,0.0,0.0,0.0,0.0,0.0,Raspberry Pi|Swift|Arduino|VPN,télécommunications|protection des données|systèmes temps réel|cloud computing,Analyse de sentiment des réseaux sociaux pour les élections africaines,IA / Machine Learning
ETU-0443,Cybersécurité,Master 2,13.26,0.0,0.0,0.0,0.0,0.0,0.0,0.0,0.0,0.0,10.4,0.0,0.0,0.0,0.0,0.0,0.0,0.0,0.0,0.0,0.0,0.0,9.5,18.4,9.4,18.6,0.0,0.0,FastAPI|AWS|C/C++|Swift|Node.js|Raspberry Pi,santé numérique|intelligence artificielle|sécurité informatique,Mise en place d'un SIEM pour la détection des intrusions,Cybersécurité
ETU-0444,Réseaux et Télécommunications,Master 1,14.2,0.0,0.0,0.0,0.0,0.0,0.0,0.0,14.3,10.5,15.4,16.6,14.2,0.0,0.0,0.0,0.0,0.0,0.0,0.0,0.0,0.0,0.0,0.0,0.0,0.0,0.0,0.0,React Native|Flutter|MongoDB|Wireshark|Node.js,déploiement|cloud computing,Simulation d'un réseau de capteurs IoT pour smart city,Réseaux
ETU-0445,Systèmes Embarqués,Master 1,12.82,0.0,0.0,0.0,0.0,0.0,0.0,0.0,0.0,0.0,0.0,0.0,0.0,0.0,0.0,0.0,0.0,9.1,15.5,15.1,8.8,15.6,0.0,0.0,0.0,0.0,0.0,0.0,Firewall|AWS|Python|PostgreSQL,sécurité informatique|robotique|hacking éthique,Conception d'un système d'irrigation automatique intelligent,Systèmes
ETU-0446,Data Science,Licence 3,13.7,0.0,0.0,0.0,0.0,0.0,12.0,0.0,0.0,0.0,0.0,0.0,0.0,11.2,17.6,15.0,17.2,0.0,0.0,0.0,0.0,0.0,0.0,0.0,0.0,0.0,0.0,0.0,Kubernetes|Terraform|React Native|MongoDB|FastAPI,infrastructure|systèmes d'information,Base de données spatiale pour la gestion du cadastre urban,Bases de données
ETU-0447,Systèmes Embarqués,Master 1,13.2,0.0,0.0,0.0,0.0,0.0,0.0,0.0,0.0,0.0,0.0,0.0,0.0,0.0,0.0,0.0,0.0,16.0,11.9,14.0,9.4,14.7,0.0,0.0,0.0,0.0,0.0,0.0,Cryptographie|React Native|Firewall|TCP/IP|C/C++|VPN,développement web|systèmes d'information|gestion des données|administration réseau,Étude et déploiement de la fibre optique dans une université,Réseaux
ETU-0448,Réseaux et Télécommunications,Licence 3,15.84,0.0,0.0,0.0,0.0,0.0,0.0,0.0,18.4,18.3,17.2,12.2,13.1,0.0,0.0,0.0,0.0,0.0,0.0,0.0,0.0,0.0,0.0,0.0,0.0,0.0,0.0,0.0,Cryptographie|Pentesting|HTML/CSS|Python,IoT|UX mobile,Audit de sécurité des infrastructures informatiques bancaires au Togo,Cybersécurité
ETU-0449,Génie Informatique,Master 1,14.26,15.7,0.0,0.0,12.8,0.0,16.5,11.3,19.9,0.0,0.0,0.0,0.0,0.0,0.0,0.0,0.0,0.0,0.0,0.0,0.0,0.0,0.0,0.0,0.0,0.0,8.7,14.9,React Native|Docker|AWS,automatisation|performance|cloud computing,Mise en place d'un pipeline CI/CD pour équipe de développement,Cloud / DevOps
ETU-0450,Réseaux et Télécommunications,Licence 3,12.82,0.0,0.0,0.0,0.0,0.0,0.0,0.0,13.0,18.1,8.7,15.6,8.7,0.0,0.0,0.0,0.0,0.0,0.0,0.0,0.0,0.0,0.0,0.0,0.0,0.0,0.0,0.0,Arduino|Cisco|PostgreSQL,data science|forensics|protection des données|gestion des données,Déploiement d'un réseau LAN sécurisé pour établissement scolaire,Réseaux
ETU-0451,Réseaux et Télécommunications,Master 2,10.98,0.0,0.0,0.0,0.0,0.0,0.0,0.0,9.8,11.2,10.1,8.5,15.3,0.0,0.0,0.0,0.0,0.0,0.0,0.0,0.0,0.0,0.0,0.0,0.0,0.0,0.0,0.0,HTML/CSS|AWS|Python|TCP/IP|Cisco|Raspberry Pi,e-commerce|forensics|systèmes temps réel,Simulation d'un réseau de capteurs IoT pour smart city,Réseaux
ETU-0452,Génie Informatique,Licence 3,13.5,17.2,0.0,0.0,17.5,0.0,12.5,9.0,10.6,0.0,0.0,0.0,0.0,0.0,0.0,0.0,0.0,0.0,0.0,0.0,0.0,0.0,0.0,0.0,0.0,0.0,16.7,11.0,Node.js|TCP/IP|NLP|Cryptographie,sécurité informatique|performance|administration réseau|startup,Plateforme de gestion des stages universitaires en ligne,Développement Web
ETU-0453,Systèmes Embarqués,Master 1,14.36,0.0,0.0,0.0,0.0,0.0,0.0,0.0,0.0,0.0,0.0,0.0,0.0,0.0,0.0,0.0,0.0,14.9,12.2,15.7,13.4,15.6,0.0,0.0,0.0,0.0,0.0,0.0,scikit-learn|Assembleur|Cryptographie|Django,systèmes d'information|robotique|applications mobiles|sécurité informatique,Compteur d'énergie intelligent pour le suivi de consommation,Systèmes
ETU-0454,Data Science,Licence 3,14.68,0.0,0.0,0.0,0.0,0.0,11.9,0.0,0.0,0.0,0.0,0.0,0.0,19.1,15.6,13.7,13.6,0.0,0.0,0.0,0.0,0.0,0.0,0.0,0.0,0.0,0.0,0.0,Terraform|Assembleur|scikit-learn|VPN|React|Firewall,gestion des données|électronique,Reconnaissance vocale pour les langues locales africaines,IA / Machine Learning
ETU-0455,Cybersécurité,Master 1,14.56,0.0,0.0,0.0,0.0,0.0,0.0,0.0,0.0,0.0,16.3,0.0,0.0,0.0,0.0,0.0,0.0,0.0,0.0,0.0,0.0,0.0,15.1,16.8,13.7,10.9,0.0,0.0,Docker|Wireshark|React Native|OWASP|TCP/IP,infrastructure|infrastructure,Simulation d'un réseau de capteurs IoT pour smart city,Réseaux
ETU-0456,Génie Informatique,Master 2,15.4,10.4,0.0,0.0,19.7,0.0,9.6,12.0,17.0,0.0,0.0,0.0,0.0,0.0,0.0,0.0,0.0,0.0,0.0,0.0,0.0,0.0,0.0,0.0,0.0,0.0,19.5,19.6,Django|Firewall|Flutter|OWASP|FastAPI,intelligence artificielle|applications web|analyse,Application web de télémédecine pour zones rurales,Développement Web
ETU-0457,Data Science,Licence 3,15.17,0.0,0.0,0.0,0.0,0.0,19.0,0.0,0.0,0.0,0.0,0.0,0.0,13.7,13.6,16.2,16.4,0.0,0.0,0.0,0.0,0.0,0.0,0.0,0.0,0.0,0.0,0.0,Flutter|ElasticSearch|React|Cryptographie|Node.js|VPN,santé numérique|protection des données,Système de recommandation de cours en ligne par apprentissage automatique,IA / Machine Learning
ETU-0458,Réseaux et Télécommunications,Master 2,11.04,0.0,0.0,0.0,0.0,0.0,0.0,0.0,10.1,10.8,12.3,14.0,8.0,0.0,0.0,0.0,0.0,0.0,0.0,0.0,0.0,0.0,0.0,0.0,0.0,0.0,0.0,0.0,Deep Learning|CI/CD|MySQL|Node.js|Swift|PostgreSQL,systèmes d'information|hacking éthique,Système d'archivage intelligent des actes d'état civil,Bases de données
ETU-0459,Réseaux et Télécommunications,Licence 3,13.24,0.0,0.0,0.0,0.0,0.0,0.0,0.0,12.8,14.2,9.3,17.7,12.2,0.0,0.0,0.0,0.0,0.0,0.0,0.0,0.0,0.0,0.0,0.0,0.0,0.0,0.0,0.0,CI/CD|OWASP|Python,protection des données|startup,Analyse forensique des incidents de cybersécurité,Cybersécurité
ETU-0460,Génie Informatique,Master 2,16.0,9.4,0.0,0.0,17.7,0.0,14.0,17.4,18.9,0.0,0.0,0.0,0.0,0.0,0.0,0.0,0.0,0.0,0.0,0.0,0.0,0.0,0.0,0.0,0.0,0.0,16.5,18.1,Vue.js|HTML/CSS|Kali Linux|Arduino|Cryptographie,développement web|applications web|intelligence artificielle|forensics,Plateforme de gestion des stages universitaires en ligne,Développement Web
ETU-0461,Génie Logiciel,Master 1,13.73,13.5,8.6,15.2,12.4,13.1,16.1,17.2,0.0,0.0,0.0,0.0,0.0,0.0,0.0,0.0,0.0,0.0,0.0,0.0,0.0,0.0,0.0,0.0,0.0,0.0,0.0,0.0,Arduino|Cisco|HTML/CSS,applications mobiles|électronique|data science,Système de gestion des bourses universitaires en ligne,Développement Web
ETU-0462,Génie Logiciel,Licence 3,14.81,16.7,15.6,13.2,11.3,19.7,16.3,10.9,0.0,0.0,0.0,0.0,0.0,0.0,0.0,0.0,0.0,0.0,0.0,0.0,0.0,0.0,0.0,0.0,0.0,0.0,0.0,0.0,scikit-learn|Deep Learning|VPN|Pentesting|Terraform|Django,design UI|fintech|infrastructure|développement web,Plateforme de gestion des stages universitaires en ligne,Développement Web
ETU-0463,Systèmes Embarqués,Licence 3,16.44,0.0,0.0,0.0,0.0,0.0,0.0,0.0,0.0,0.0,0.0,0.0,0.0,0.0,0.0,0.0,0.0,17.5,14.9,19.9,15.4,14.5,0.0,0.0,0.0,0.0,0.0,0.0,NLP|Pentesting|VHDL|React Native,robotique|administration réseau,Compteur d'énergie intelligent pour le suivi de consommation,Systèmes
ETU-0464,Réseaux et Télécommunications,Licence 3,15.12,0.0,0.0,0.0,0.0,0.0,0.0,0.0,17.4,15.9,11.3,13.5,17.5,0.0,0.0,0.0,0.0,0.0,0.0,0.0,0.0,0.0,0.0,0.0,0.0,0.0,0.0,0.0,React|MySQL|TensorFlow|VPN|Deep Learning,sécurité informatique|systèmes temps réel|électronique|forensics,Optimisation de la qualité de service dans les réseaux mobiles 4G,Réseaux
ETU-0465,Réseaux et Télécommunications,Master 2,14.04,0.0,0.0,0.0,0.0,0.0,0.0,0.0,16.4,16.1,11.1,8.4,18.2,0.0,0.0,0.0,0.0,0.0,0.0,0.0,0.0,0.0,0.0,0.0,0.0,0.0,0.0,0.0,AWS|Swift|Raspberry Pi,développement web|systèmes d'information|déploiement,Optimisation de la qualité de service dans les réseaux mobiles 4G,Réseaux
ETU-0466,Systèmes Embarqués,Licence 3,15.54,0.0,0.0,0.0,0.0,0.0,0.0,0.0,0.0,0.0,0.0,0.0,0.0,0.0,0.0,0.0,0.0,17.0,11.4,16.9,19.9,12.5,0.0,0.0,0.0,0.0,0.0,0.0,Cryptographie|Docker|Vue.js|React,systèmes d'information|e-commerce|sécurité informatique,Robot de désinfection automatique pour établissements de santé,Systèmes
ETU-0467,Data Science,Master 1,16.03,0.0,0.0,0.0,0.0,0.0,15.6,0.0,0.0,0.0,0.0,0.0,0.0,17.2,16.0,16.2,15.6,0.0,0.0,0.0,0.0,0.0,0.0,0.0,0.0,0.0,0.0,0.0,MySQL|OWASP|Swift|Flutter|Linux|Android,performance|santé numérique,Plateforme mobile de covoiturage universitaire,Mobile
ETU-0468,Systèmes Embarqués,Licence 3,15.22,0.0,0.0,0.0,0.0,0.0,0.0,0.0,0.0,0.0,0.0,0.0,0.0,0.0,0.0,0.0,0.0,15.6,15.4,9.7,15.4,20.0,0.0,0.0,0.0,0.0,0.0,0.0,TensorFlow|VPN|Kubernetes|ElasticSearch|FastAPI|VHDL,cloud computing|développement web|UX mobile|data science,Conception d'un système d'irrigation automatique intelligent,Systèmes
ETU-0469,Réseaux et Télécommunications,Master 1,16.08,0.0,0.0,0.0,0.0,0.0,0.0,0.0,19.2,19.1,11.9,11.5,18.7,0.0,0.0,0.0,0.0,0.0,0.0,0.0,0.0,0.0,0.0,0.0,0.0,0.0,0.0,0.0,VHDL|Flutter|ElasticSearch|Docker,télécommunications|performance|systèmes temps réel,Déploiement d'un réseau LAN sécurisé pour établissement scolaire,Réseaux
ETU-0470,Génie Informatique,Licence 3,15.2,16.2,0.0,0.0,12.9,0.0,13.6,12.6,14.2,0.0,0.0,0.0,0.0,0.0,0.0,0.0,0.0,0.0,0.0,0.0,0.0,0.0,0.0,0.0,0.0,0.0,17.4,19.5,Docker|CI/CD|Arduino,data science|IoT|cloud computing|recherche,Plateforme de monitoring des applications en temps réel,Cloud / DevOps
ETU-0471,Génie Logiciel,Licence 3,12.59,9.8,11.1,17.9,17.0,9.3,10.0,13.0,0.0,0.0,0.0,0.0,0.0,0.0,0.0,0.0,0.0,0.0,0.0,0.0,0.0,0.0,0.0,0.0,0.0,0.0,0.0,0.0,Django|ElasticSearch|React Native|MongoDB|Redis,forensics|statistiques,Migration d'un système legacy vers une base de données NoSQL,Bases de données
ETU-0472,Cybersécurité,Master 1,12.84,0.0,0.0,0.0,0.0,0.0,0.0,0.0,0.0,0.0,17.1,0.0,0.0,0.0,0.0,0.0,0.0,0.0,0.0,0.0,0.0,0.0,15.1,9.8,11.5,10.7,0.0,0.0,VHDL|Pentesting|Linux|TCP/IP|FastAPI,hacking éthique|cloud computing|IoT|sécurité informatique,Implémentation d'un système Zero Trust pour entreprise,Cybersécurité
ETU-0473,Data Science,Licence 3,15.43,0.0,0.0,0.0,0.0,0.0,12.9,0.0,0.0,0.0,0.0,0.0,0.0,15.0,16.7,16.9,20.0,0.0,0.0,0.0,0.0,0.0,0.0,0.0,0.0,0.0,0.0,0.0,Firewall|CI/CD|Django|Assembleur,protection des données|déploiement|UX mobile|fintech,Classification automatique des documents administratifs par NLP,IA / Machine Learning
ETU-0474,Réseaux et Télécommunications,Master 1,12.34,0.0,0.0,0.0,0.0,0.0,0.0,0.0,10.5,9.8,15.3,16.7,9.4,0.0,0.0,0.0,0.0,0.0,0.0,0.0,0.0,0.0,0.0,0.0,0.0,0.0,0.0,0.0,Firewall|Swift|Flutter|VHDL,intelligence artificielle|déploiement|infrastructure|analyse,Simulation d'un réseau de capteurs IoT pour smart city,Réseaux
ETU-0475,Génie Logiciel,Licence 3,14.84,13.4,14.3,10.9,17.6,10.2,19.2,18.3,0.0,0.0,0.0,0.0,0.0,0.0,0.0,0.0,0.0,0.0,0.0,0.0,0.0,0.0,0.0,0.0,0.0,0.0,0.0,0.0,Flutter|HTML/CSS|scikit-learn|Docker,administration réseau|développement web|analyse,Plateforme e-commerce pour artisans locaux au Togo,Développement Web
ETU-0476,Systèmes Embarqués,Licence 3,13.92,0.0,0.0,0.0,0.0,0.0,0.0,0.0,0.0,0.0,0.0,0.0,0.0,0.0,0.0,0.0,0.0,14.4,17.4,11.8,15.6,10.4,0.0,0.0,0.0,0.0,0.0,0.0,Android|Pandas|React Native,design UI|systèmes d'information,Robot de désinfection automatique pour établissements de santé,Systèmes
ETU-0477,Génie Informatique,Master 2,14.23,17.1,0.0,0.0,19.9,0.0,12.9,11.2,11.0,0.0,0.0,0.0,0.0,0.0,0.0,0.0,0.0,0.0,0.0,0.0,0.0,0.0,0.0,0.0,0.0,0.0,15.6,11.9,Kotlin|Linux|TCP/IP|Redis|Arduino|ElasticSearch,administration réseau|infrastructure|hacking éthique,Mise en place d'un réseau WiFi municipal à faible coût,Réseaux
ETU-0478,Génie Logiciel,Master 1,14.29,16.1,9.1,18.3,12.1,16.2,17.9,10.3,0.0,0.0,0.0,0.0,0.0,0.0,0.0,0.0,0.0,0.0,0.0,0.0,0.0,0.0,0.0,0.0,0.0,0.0,0.0,0.0,MySQL|MongoDB|TCP/IP,hacking éthique|protection des données|déploiement|cloud computing,Mise en place d'un pipeline CI/CD pour équipe de développement,Cloud / DevOps
ETU-0479,Cybersécurité,Master 2,16.5,0.0,0.0,0.0,0.0,0.0,0.0,0.0,0.0,0.0,19.5,0.0,0.0,0.0,0.0,0.0,0.0,0.0,0.0,0.0,0.0,0.0,9.9,19.8,15.8,17.5,0.0,0.0,MySQL|Redis|React Native|TCP/IP|Pentesting,hacking éthique|forensics,Audit de sécurité des infrastructures informatiques bancaires au Togo,Cybersécurité
ETU-0480,Systèmes Embarqués,Master 1,13.6,0.0,0.0,0.0,0.0,0.0,0.0,0.0,0.0,0.0,0.0,0.0,0.0,0.0,0.0,0.0,0.0,15.7,9.7,13.5,11.3,17.8,0.0,0.0,0.0,0.0,0.0,0.0,MongoDB|Terraform|Redis|Linux,data science|protection des données|robotique,Conception d'un système d'irrigation automatique intelligent,Systèmes
ETU-0481,Réseaux et Télécommunications,Master 1,17.98,0.0,0.0,0.0,0.0,0.0,0.0,0.0,16.7,19.3,15.1,19.4,19.4,0.0,0.0,0.0,0.0,0.0,0.0,0.0,0.0,0.0,0.0,0.0,0.0,0.0,0.0,0.0,Swift|ElasticSearch|Cisco|Docker|Assembleur|Cryptographie,design UI|recherche,Optimisation de la qualité de service dans les réseaux mobiles 4G,Réseaux
ETU-0482,Réseaux et Télécommunications,Licence 3,13.98,0.0,0.0,0.0,0.0,0.0,0.0,0.0,15.1,14.9,14.7,13.3,11.9,0.0,0.0,0.0,0.0,0.0,0.0,0.0,0.0,0.0,0.0,0.0,0.0,0.0,0.0,0.0,Raspberry Pi|C/C++|Linux|TensorFlow|Node.js,protection des données|UX mobile,Étude et déploiement de la fibre optique dans une université,Réseaux
ETU-0483,Data Science,Master 2,12.37,0.0,0.0,0.0,0.0,0.0,13.8,0.0,0.0,0.0,0.0,0.0,0.0,17.0,9.4,12.9,12.8,0.0,0.0,0.0,0.0,0.0,0.0,0.0,0.0,0.0,0.0,0.0,C/C++|NLP|Kotlin,data science|robotique|automatisation,Détection des maladies agricoles par vision par ordinateur,IA / Machine Learning
ETU-0484,Cybersécurité,Licence 3,15.68,0.0,0.0,0.0,0.0,0.0,0.0,0.0,0.0,0.0,17.6,0.0,0.0,0.0,0.0,0.0,0.0,0.0,0.0,0.0,0.0,0.0,14.4,18.2,9.1,19.1,0.0,0.0,Deep Learning|Kali Linux|Cisco|Flutter,applications web|forensics|statistiques,Analyse forensique des incidents de cybersécurité,Cybersécurité
ETU-0485,Génie Logiciel,Master 2,12.54,17.9,8.2,10.7,13.1,11.1,10.7,16.1,0.0,0.0,0.0,0.0,0.0,0.0,0.0,0.0,0.0,0.0,0.0,0.0,0.0,0.0,0.0,0.0,0.0,0.0,0.0,0.0,Arduino|Flutter|CI/CD|Terraform|PostgreSQL,applications mobiles|applications web|analyse|systèmes d'information,Architecture microservices avec Docker et Kubernetes,Cloud / DevOps
ETU-0486,Réseaux et Télécommunications,Master 2,13.14,0.0,0.0,0.0,0.0,0.0,0.0,0.0,10.5,11.6,13.1,11.3,19.2,0.0,0.0,0.0,0.0,0.0,0.0,0.0,0.0,0.0,0.0,0.0,0.0,0.0,0.0,0.0,Firewall|TensorFlow|Node.js|Android,fintech|data science,Déploiement d'un réseau LAN sécurisé pour établissement scolaire,Réseaux
ETU-0487,Génie Logiciel,Licence 3,14.27,14.1,14.9,14.2,10.0,10.5,19.3,16.9,0.0,0.0,0.0,0.0,0.0,0.0,0.0,0.0,0.0,0.0,0.0,0.0,0.0,0.0,0.0,0.0,0.0,0.0,0.0,0.0,VPN|Forensics|PostgreSQL|MongoDB|Pandas,UX mobile|cloud computing|protocoles|infrastructure,Migration d'une infrastructure on-premise vers AWS pour PME,Cloud / DevOps
ETU-0488,Systèmes Embarqués,Master 2,13.8,0.0,0.0,0.0,0.0,0.0,0.0,0.0,0.0,0.0,0.0,0.0,0.0,0.0,0.0,0.0,0.0,11.6,20.0,9.0,15.7,12.7,0.0,0.0,0.0,0.0,0.0,0.0,TensorFlow|Cisco|VPN|scikit-learn|Django|ElasticSearch,intelligence artificielle|startup,Système de détection de fraude bancaire par deep learning,IA / Machine Learning
ETU-0489,Réseaux et Télécommunications,Master 1,16.7,0.0,0.0,0.0,0.0,0.0,0.0,0.0,10.1,19.2,19.6,16.9,17.7,0.0,0.0,0.0,0.0,0.0,0.0,0.0,0.0,0.0,0.0,0.0,0.0,0.0,0.0,0.0,Pentesting|Vue.js|FastAPI|TensorFlow,systèmes d'information|hacking éthique|santé numérique,Mise en place d'un SIEM pour la détection des intrusions,Cybersécurité
ETU-0490,Systèmes Embarqués,Licence 3,13.52,0.0,0.0,0.0,0.0,0.0,0.0,0.0,0.0,0.0,0.0,0.0,0.0,0.0,0.0,0.0,0.0,14.5,17.2,16.7,10.0,9.2,0.0,0.0,0.0,0.0,0.0,0.0,MySQL|Pandas|Forensics|Deep Learning|Vue.js,systèmes temps réel|électronique|IoT,Système de contrôle d'accès biométrique à faible coût,Systèmes
ETU-0491,Cybersécurité,Master 2,15.18,0.0,0.0,0.0,0.0,0.0,0.0,0.0,0.0,0.0,13.7,0.0,0.0,0.0,0.0,0.0,0.0,0.0,0.0,0.0,0.0,0.0,16.6,17.0,18.2,10.4,0.0,0.0,Kotlin|Node.js|Django|MySQL,développement web|design UI|santé numérique|sécurité informatique,Implémentation d'un système Zero Trust pour entreprise,Cybersécurité
ETU-0492,Cybersécurité,Master 2,14.86,0.0,0.0,0.0,0.0,0.0,0.0,0.0,0.0,0.0,11.2,0.0,0.0,0.0,0.0,0.0,0.0,0.0,0.0,0.0,0.0,0.0,19.9,18.8,11.9,12.5,0.0,0.0,Assembleur|scikit-learn|Cryptographie|AWS,analyse|performance,Mise en place d'un SIEM pour la détection des intrusions,Cybersécurité
ETU-0493,Génie Informatique,Master 2,14.79,12.9,0.0,0.0,19.9,0.0,11.2,13.3,13.4,0.0,0.0,0.0,0.0,0.0,0.0,0.0,0.0,0.0,0.0,0.0,0.0,0.0,0.0,0.0,0.0,0.0,16.9,15.9,Wireshark|HTML/CSS|Redis|Swift|Raspberry Pi,design UI|forensics|déploiement,Plateforme de gestion des stages universitaires en ligne,Développement Web
ETU-0494,Cybersécurité,Master 2,14.94,0.0,0.0,0.0,0.0,0.0,0.0,0.0,0.0,0.0,18.5,0.0,0.0,0.0,0.0,0.0,0.0,0.0,0.0,0.0,0.0,0.0,11.5,11.7,13.2,19.8,0.0,0.0,Kotlin|HTML/CSS|OWASP,analyse|applications web|infrastructure|data science,Implémentation d'un système Zero Trust pour entreprise,Cybersécurité
ETU-0495,Réseaux et Télécommunications,Master 2,13.1,0.0,0.0,0.0,0.0,0.0,0.0,0.0,19.4,14.4,12.5,9.2,10.0,0.0,0.0,0.0,0.0,0.0,0.0,0.0,0.0,0.0,0.0,0.0,0.0,0.0,0.0,0.0,Django|Arduino|Kubernetes|Kali Linux,administration réseau|recherche,Étude et déploiement de la fibre optique dans une université,Réseaux
ETU-0496,Génie Logiciel,Licence 3,14.3,11.0,14.7,11.7,19.1,15.4,19.5,8.7,0.0,0.0,0.0,0.0,0.0,0.0,0.0,0.0,0.0,0.0,0.0,0.0,0.0,0.0,0.0,0.0,0.0,0.0,0.0,0.0,Node.js|Django|React Native|FastAPI|ElasticSearch|OWASP,électronique|santé numérique,Système de gestion des bourses universitaires en ligne,Développement Web
ETU-0497,Génie Informatique,Licence 3,12.5,10.5,0.0,0.0,9.7,0.0,11.9,15.6,11.3,0.0,0.0,0.0,0.0,0.0,0.0,0.0,0.0,0.0,0.0,0.0,0.0,0.0,0.0,0.0,0.0,0.0,14.2,14.3,MySQL|Android|TCP/IP|Vue.js|Arduino|Flutter,statistiques|forensics,Plateforme mobile de covoiturage universitaire,Mobile
ETU-0498,Data Science,Licence 3,14.83,0.0,0.0,0.0,0.0,0.0,10.9,0.0,0.0,0.0,0.0,0.0,0.0,14.3,16.8,19.5,18.4,0.0,0.0,0.0,0.0,0.0,0.0,0.0,0.0,0.0,0.0,0.0,Kali Linux|Forensics|NLP|React|Cisco|Docker,infrastructure|forensics|électronique,Système de détection de fraude bancaire par deep learning,IA / Machine Learning
ETU-0499,Génie Informatique,Master 1,14.64,9.2,0.0,0.0,17.4,0.0,14.7,18.0,16.5,0.0,0.0,0.0,0.0,0.0,0.0,0.0,0.0,0.0,0.0,0.0,0.0,0.0,0.0,0.0,0.0,0.0,12.5,14.2,scikit-learn|Docker|React|Assembleur|AWS|VHDL,e-commerce|télécommunications,Plateforme de monitoring des applications en temps réel,Cloud / DevOps
ETU-0500,Cybersécurité,Master 2,13.8,0.0,0.0,0.0,0.0,0.0,0.0,0.0,0.0,0.0,12.8,0.0,0.0,0.0,0.0,0.0,0.0,0.0,0.0,0.0,0.0,0.0,8.4,17.7,16.9,13.2,0.0,0.0,MongoDB|VHDL|HTML/CSS,forensics|design UI,Mise en place d'un SIEM pour la détection des intrusions,Cybersécurité
