id_memoire,titre,domaine,annee,auteur,introduction,methodologie,resultats,conclusion,texte_complet
ARCH-0001,Un systme de contrle d'accs biomtrique avec React et FastAPI,IA,2018,Etudiant_0001,"Dans le cadre de ce mmoire, nous proposons un systme de contrle d'accs biomtrique. Face  la lenteur des processus manuels actuels, nous avons choisi d'utiliser React et FastAPI comme solution principale. La mthodologie adopte est le prototypage rapide et l'itration continue.",La mthodologie de dveloppement choisie est le prototypage rapide et l'itration continue. Nous avons structur le travail en 4 phases distinctes. Chaque phase comprend des livrables mesurables et des critres de validation clairs.,"Les exprimentations confirment la viabilit de notre approche avec 83% d'efficacit. Compar aux solutions actuelles, nous observons un gain de 36% sur les mtriques cls. Ces rsultats ont t valids par une quipe de 44 experts du domaine.","En conclusion, nous avons conu et implment un systme de contrle d'accs biomtrique. Notre solution apporte une rponse concrte  la lenteur des processus manuels actuels. Les travaux futurs porteront sur l'amlioration des performances et la scalabilit du systme.","Dans le cadre de ce mmoire, nous proposons un systme de contrle d'accs biomtrique. Face  la lenteur des processus manuels actuels, nous avons choisi d'utiliser React et FastAPI comme solution principale. La mthodologie adopte est le prototypage rapide et l'itration continue. La mthodologie de dveloppement choisie est le prototypage rapide et l'itration continue. Nous avons structur le travail en 4 phases distinctes. Chaque phase comprend des livrables mesurables et des critres de validation clairs. Les exprimentations confirment la viabilit de notre approche avec 83% d'efficacit. Compar aux solutions actuelles, nous observons un gain de 36% sur les mtriques cls. Ces rsultats ont t valids par une quipe de 44 experts du domaine. En conclusion, nous avons conu et implment un systme de contrle d'accs biomtrique. Notre solution apporte une rponse concrte  la lenteur des processus manuels actuels. Les travaux futurs porteront sur l'amlioration des performances et la scalabilit du systme."
ARCH-0002,Une plateforme de tlmdecine avec Flutter et Firebase,IA,2024,Etudiant_0002,Ce travail vise  concevoir et implmenter une plateforme de tlmdecine en utilisant Flutter et Firebase. La problmatique principale est le cot lev des solutions existantes sur le march. Notre approche repose sur la recherche-action avec participation des utilisateurs finaux.,"L'approche mthodologique retenue est la recherche-action avec participation des utilisateurs finaux. Elle se dcline en 4 grandes tapes : analyse des besoins, conception, implmentation, tests et dploiement.","Les exprimentations confirment la viabilit de notre approche avec 97% d'efficacit. Compar aux solutions actuelles, nous observons un gain de 28% sur les mtriques cls. Ces rsultats ont t valids par une quipe de 24 experts du domaine.","En conclusion, nous avons conu et implment une plateforme de tlmdecine. Notre solution apporte une rponse concrte  le cot lev des solutions existantes sur le march. Les travaux futurs porteront sur l'amlioration des performances et la scalabilit du systme.","Ce travail vise  concevoir et implmenter une plateforme de tlmdecine en utilisant Flutter et Firebase. La problmatique principale est le cot lev des solutions existantes sur le march. Notre approche repose sur la recherche-action avec participation des utilisateurs finaux. L'approche mthodologique retenue est la recherche-action avec participation des utilisateurs finaux. Elle se dcline en 4 grandes tapes : analyse des besoins, conception, implmentation, tests et dploiement. Les exprimentations confirment la viabilit de notre approche avec 97% d'efficacit. Compar aux solutions actuelles, nous observons un gain de 28% sur les mtriques cls. Ces rsultats ont t valids par une quipe de 24 experts du domaine. En conclusion, nous avons conu et implment une plateforme de tlmdecine. Notre solution apporte une rponse concrte  le cot lev des solutions existantes sur le march. Les travaux futurs porteront sur l'amlioration des performances et la scalabilit du systme."
ARCH-0003,Un systme de prdiction du dcrochage scolaire avec Django et PostgreSQL,Mobile,2024,Etudiant_0003,L'objectif de cette tude est de rsoudre les pertes financires dues aux erreurs humaines grce  un systme de prdiction du dcrochage scolaire. Nous utilisons Django et PostgreSQL combin avec le prototypage rapide et l'itration continue pour atteindre cet objectif.,La mthodologie de dveloppement choisie est le prototypage rapide et l'itration continue. Nous avons structur le travail en 4 phases distinctes. Chaque phase comprend des livrables mesurables et des critres de validation clairs.,"Notre systme a t valu sur un jeu de donnes de 2084 enregistrements. Les rsultats indiquent une amlioration de 17% par rapport  l'approche classique. Le temps de rponse moyen est de 233ms, ce qui rpond aux exigences.","En conclusion, nous avons conu et implment un systme de prdiction du dcrochage scolaire. Notre solution apporte une rponse concrte  les pertes financires dues aux erreurs humaines. Les travaux futurs porteront sur l'amlioration des performances et la scalabilit du systme.","L'objectif de cette tude est de rsoudre les pertes financires dues aux erreurs humaines grce  un systme de prdiction du dcrochage scolaire. Nous utilisons Django et PostgreSQL combin avec le prototypage rapide et l'itration continue pour atteindre cet objectif. La mthodologie de dveloppement choisie est le prototypage rapide et l'itration continue. Nous avons structur le travail en 4 phases distinctes. Chaque phase comprend des livrables mesurables et des critres de validation clairs. Notre systme a t valu sur un jeu de donnes de 2084 enregistrements. Les rsultats indiquent une amlioration de 17% par rapport  l'approche classique. Le temps de rponse moyen est de 233ms, ce qui rpond aux exigences. En conclusion, nous avons conu et implment un systme de prdiction du dcrochage scolaire. Notre solution apporte une rponse concrte  les pertes financires dues aux erreurs humaines. Les travaux futurs porteront sur l'amlioration des performances et la scalabilit du systme."
ARCH-0004,Un systme de dtection de fraude bancaire avec deep learning et PyTorch,Rseau,2024,Etudiant_0004,Ce travail vise  concevoir et implmenter un systme de dtection de fraude bancaire en utilisant deep learning et PyTorch. La problmatique principale est le manque d'accessibilit aux services dans les zones rurales. Notre approche repose sur une tude de cas approfondie avec donnes relles.,"L'approche mthodologique retenue est une tude de cas approfondie avec donnes relles. Elle se dcline en 5 grandes tapes : analyse des besoins, conception, implmentation, tests et dploiement.","Les exprimentations confirment la viabilit de notre approche avec 91% d'efficacit. Compar aux solutions actuelles, nous observons un gain de 33% sur les mtriques cls. Ces rsultats ont t valids par une quipe de 22 experts du domaine.",Ce mmoire prsente un systme de dtection de fraude bancaire comme solution  le manque d'accessibilit aux services dans les zones rurales. Les objectifs fixs au dpart ont t atteints. Cette tude constitue une base solide pour de futures recherches dans ce domaine.,"Ce travail vise  concevoir et implmenter un systme de dtection de fraude bancaire en utilisant deep learning et PyTorch. La problmatique principale est le manque d'accessibilit aux services dans les zones rurales. Notre approche repose sur une tude de cas approfondie avec donnes relles. L'approche mthodologique retenue est une tude de cas approfondie avec donnes relles. Elle se dcline en 5 grandes tapes : analyse des besoins, conception, implmentation, tests et dploiement. Les exprimentations confirment la viabilit de notre approche avec 91% d'efficacit. Compar aux solutions actuelles, nous observons un gain de 33% sur les mtriques cls. Ces rsultats ont t valids par une quipe de 22 experts du domaine. Ce mmoire prsente un systme de dtection de fraude bancaire comme solution  le manque d'accessibilit aux services dans les zones rurales. Les objectifs fixs au dpart ont t atteints. Cette tude constitue une base solide pour de futures recherches dans ce domaine."
ARCH-0005,Une application de paiement mobile scurise avec React et FastAPI,Mobile,2023,Etudiant_0005,Ce projet de fin d'tudes porte sur une application de paiement mobile scurise. La motivation principale est le cot lev des solutions existantes sur le march qui constitue un dfi majeur. Nous proposons une solution base sur React et FastAPI en suivant une approche SCRUM avec des sprints de 2 semaines.,"Pour raliser ce projet, nous avons adopt SCRUM avec des sprints de 2 semaines. Cette approche nous permet de livrer des incrments fonctionnels rgulirement. Le travail a t divis en 6 itrations de dure gale.","Les exprimentations confirment la viabilit de notre approche avec 91% d'efficacit. Compar aux solutions actuelles, nous observons un gain de 20% sur les mtriques cls. Ces rsultats ont t valids par une quipe de 33 experts du domaine.",Ce mmoire prsente une application de paiement mobile scurise comme solution  le cot lev des solutions existantes sur le march. Les objectifs fixs au dpart ont t atteints. Cette tude constitue une base solide pour de futures recherches dans ce domaine.,"Ce projet de fin d'tudes porte sur une application de paiement mobile scurise. La motivation principale est le cot lev des solutions existantes sur le march qui constitue un dfi majeur. Nous proposons une solution base sur React et FastAPI en suivant une approche SCRUM avec des sprints de 2 semaines. Pour raliser ce projet, nous avons adopt SCRUM avec des sprints de 2 semaines. Cette approche nous permet de livrer des incrments fonctionnels rgulirement. Le travail a t divis en 6 itrations de dure gale. Les exprimentations confirment la viabilit de notre approche avec 91% d'efficacit. Compar aux solutions actuelles, nous observons un gain de 20% sur les mtriques cls. Ces rsultats ont t valids par une quipe de 33 experts du domaine. Ce mmoire prsente une application de paiement mobile scurise comme solution  le cot lev des solutions existantes sur le march. Les objectifs fixs au dpart ont t atteints. Cette tude constitue une base solide pour de futures recherches dans ce domaine."
ARCH-0006,Un systme d'archivage intelligent de documents avec React et FastAPI,IoT,2024,Etudiant_0006,"Dans le cadre de ce mmoire, nous proposons un systme d'archivage intelligent de documents. Face  la scurit insuffisante des donnes personnelles, nous avons choisi d'utiliser React et FastAPI comme solution principale. La mthodologie adopte est la recherche-action avec participation des utilisateurs finaux.",La mthodologie de dveloppement choisie est la recherche-action avec participation des utilisateurs finaux. Nous avons structur le travail en 6 phases distinctes. Chaque phase comprend des livrables mesurables et des critres de validation clairs.,"Notre systme a t valu sur un jeu de donnes de 9625 enregistrements. Les rsultats indiquent une amlioration de 44% par rapport  l'approche classique. Le temps de rponse moyen est de 162ms, ce qui rpond aux exigences.",Ce mmoire prsente un systme d'archivage intelligent de documents comme solution  la scurit insuffisante des donnes personnelles. Les objectifs fixs au dpart ont t atteints. Cette tude constitue une base solide pour de futures recherches dans ce domaine.,"Dans le cadre de ce mmoire, nous proposons un systme d'archivage intelligent de documents. Face  la scurit insuffisante des donnes personnelles, nous avons choisi d'utiliser React et FastAPI comme solution principale. La mthodologie adopte est la recherche-action avec participation des utilisateurs finaux. La mthodologie de dveloppement choisie est la recherche-action avec participation des utilisateurs finaux. Nous avons structur le travail en 6 phases distinctes. Chaque phase comprend des livrables mesurables et des critres de validation clairs. Notre systme a t valu sur un jeu de donnes de 9625 enregistrements. Les rsultats indiquent une amlioration de 44% par rapport  l'approche classique. Le temps de rponse moyen est de 162ms, ce qui rpond aux exigences. Ce mmoire prsente un systme d'archivage intelligent de documents comme solution  la scurit insuffisante des donnes personnelles. Les objectifs fixs au dpart ont t atteints. Cette tude constitue une base solide pour de futures recherches dans ce domaine."
ARCH-0007,Un systme de prdiction du dcrochage scolaire avec Python et TensorFlow,BDD,2021,Etudiant_0007,L'objectif de cette tude est de rsoudre le cot lev des solutions existantes sur le march grce  un systme de prdiction du dcrochage scolaire. Nous utilisons Python et TensorFlow combin avec SCRUM avec des sprints de 2 semaines pour atteindre cet objectif.,"Pour raliser ce projet, nous avons adopt SCRUM avec des sprints de 2 semaines. Cette approche nous permet de livrer des incrments fonctionnels rgulirement. Le travail a t divis en 5 itrations de dure gale.",Les tests raliss montrent que notre solution atteint 86% de prcision. Les performances obtenues dpassent les solutions existantes de 44%. L'interface utilisateur a t valide par 46 utilisateurs rels.,Ce mmoire prsente un systme de prdiction du dcrochage scolaire comme solution  le cot lev des solutions existantes sur le march. Les objectifs fixs au dpart ont t atteints. Cette tude constitue une base solide pour de futures recherches dans ce domaine.,"L'objectif de cette tude est de rsoudre le cot lev des solutions existantes sur le march grce  un systme de prdiction du dcrochage scolaire. Nous utilisons Python et TensorFlow combin avec SCRUM avec des sprints de 2 semaines pour atteindre cet objectif. Pour raliser ce projet, nous avons adopt SCRUM avec des sprints de 2 semaines. Cette approche nous permet de livrer des incrments fonctionnels rgulirement. Le travail a t divis en 5 itrations de dure gale. Les tests raliss montrent que notre solution atteint 86% de prcision. Les performances obtenues dpassent les solutions existantes de 44%. L'interface utilisateur a t valide par 46 utilisateurs rels. Ce mmoire prsente un systme de prdiction du dcrochage scolaire comme solution  le cot lev des solutions existantes sur le march. Les objectifs fixs au dpart ont t atteints. Cette tude constitue une base solide pour de futures recherches dans ce domaine."
ARCH-0008,Un systme d'archivage intelligent de documents avec deep learning et PyTorch,Cyber,2022,Etudiant_0008,"Dans le cadre de ce mmoire, nous proposons un systme d'archivage intelligent de documents. Face  la scurit insuffisante des donnes personnelles, nous avons choisi d'utiliser deep learning et PyTorch comme solution principale. La mthodologie adopte est le prototypage rapide et l'itration continue.",La mthodologie de dveloppement choisie est le prototypage rapide et l'itration continue. Nous avons structur le travail en 5 phases distinctes. Chaque phase comprend des livrables mesurables et des critres de validation clairs.,"Les exprimentations confirment la viabilit de notre approche avec 98% d'efficacit. Compar aux solutions actuelles, nous observons un gain de 28% sur les mtriques cls. Ces rsultats ont t valids par une quipe de 47 experts du domaine.",Ce travail a permis de dvelopper un systme d'archivage intelligent de documents qui rpond efficacement  la scurit insuffisante des donnes personnelles. Les rsultats obtenus sont satisfaisants et ouvrent la voie  des amliorations futures. Les perspectives incluent l'intgration de nouvelles fonctionnalits et l'extension  d'autres contextes.,"Dans le cadre de ce mmoire, nous proposons un systme d'archivage intelligent de documents. Face  la scurit insuffisante des donnes personnelles, nous avons choisi d'utiliser deep learning et PyTorch comme solution principale. La mthodologie adopte est le prototypage rapide et l'itration continue. La mthodologie de dveloppement choisie est le prototypage rapide et l'itration continue. Nous avons structur le travail en 5 phases distinctes. Chaque phase comprend des livrables mesurables et des critres de validation clairs. Les exprimentations confirment la viabilit de notre approche avec 98% d'efficacit. Compar aux solutions actuelles, nous observons un gain de 28% sur les mtriques cls. Ces rsultats ont t valids par une quipe de 47 experts du domaine. Ce travail a permis de dvelopper un systme d'archivage intelligent de documents qui rpond efficacement  la scurit insuffisante des donnes personnelles. Les rsultats obtenus sont satisfaisants et ouvrent la voie  des amliorations futures. Les perspectives incluent l'intgration de nouvelles fonctionnalits et l'extension  d'autres contextes."
ARCH-0009,Un systme de vote lectronique avec React et FastAPI,BDD,2022,Etudiant_0009,"Dans le cadre de ce mmoire, nous proposons un systme de vote lectronique. Face  la lenteur des processus manuels actuels, nous avons choisi d'utiliser React et FastAPI comme solution principale. La mthodologie adopte est SCRUM avec des sprints de 2 semaines.","L'approche mthodologique retenue est SCRUM avec des sprints de 2 semaines. Elle se dcline en 4 grandes tapes : analyse des besoins, conception, implmentation, tests et dploiement.","Les exprimentations confirment la viabilit de notre approche avec 93% d'efficacit. Compar aux solutions actuelles, nous observons un gain de 34% sur les mtriques cls. Ces rsultats ont t valids par une quipe de 14 experts du domaine.",Ce mmoire prsente un systme de vote lectronique comme solution  la lenteur des processus manuels actuels. Les objectifs fixs au dpart ont t atteints. Cette tude constitue une base solide pour de futures recherches dans ce domaine.,"Dans le cadre de ce mmoire, nous proposons un systme de vote lectronique. Face  la lenteur des processus manuels actuels, nous avons choisi d'utiliser React et FastAPI comme solution principale. La mthodologie adopte est SCRUM avec des sprints de 2 semaines. L'approche mthodologique retenue est SCRUM avec des sprints de 2 semaines. Elle se dcline en 4 grandes tapes : analyse des besoins, conception, implmentation, tests et dploiement. Les exprimentations confirment la viabilit de notre approche avec 93% d'efficacit. Compar aux solutions actuelles, nous observons un gain de 34% sur les mtriques cls. Ces rsultats ont t valids par une quipe de 14 experts du domaine. Ce mmoire prsente un systme de vote lectronique comme solution  la lenteur des processus manuels actuels. Les objectifs fixs au dpart ont t atteints. Cette tude constitue une base solide pour de futures recherches dans ce domaine."
ARCH-0010,Une application de paiement mobile scurise avec blockchain et smart contracts,Mobile,2022,Etudiant_0010,L'objectif de cette tude est de rsoudre la lenteur des processus manuels actuels grce  une application de paiement mobile scurise. Nous utilisons blockchain et smart contracts combin avec SCRUM avec des sprints de 2 semaines pour atteindre cet objectif.,"L'approche mthodologique retenue est SCRUM avec des sprints de 2 semaines. Elle se dcline en 5 grandes tapes : analyse des besoins, conception, implmentation, tests et dploiement.",Les tests raliss montrent que notre solution atteint 89% de prcision. Les performances obtenues dpassent les solutions existantes de 28%. L'interface utilisateur a t valide par 20 utilisateurs rels.,Ce mmoire prsente une application de paiement mobile scurise comme solution  la lenteur des processus manuels actuels. Les objectifs fixs au dpart ont t atteints. Cette tude constitue une base solide pour de futures recherches dans ce domaine.,"L'objectif de cette tude est de rsoudre la lenteur des processus manuels actuels grce  une application de paiement mobile scurise. Nous utilisons blockchain et smart contracts combin avec SCRUM avec des sprints de 2 semaines pour atteindre cet objectif. L'approche mthodologique retenue est SCRUM avec des sprints de 2 semaines. Elle se dcline en 5 grandes tapes : analyse des besoins, conception, implmentation, tests et dploiement. Les tests raliss montrent que notre solution atteint 89% de prcision. Les performances obtenues dpassent les solutions existantes de 28%. L'interface utilisateur a t valide par 20 utilisateurs rels. Ce mmoire prsente une application de paiement mobile scurise comme solution  la lenteur des processus manuels actuels. Les objectifs fixs au dpart ont t atteints. Cette tude constitue une base solide pour de futures recherches dans ce domaine."
ARCH-0011,Un systme de prdiction du dcrochage scolaire avec Django et PostgreSQL,BDD,2018,Etudiant_0011,"Dans le cadre de ce mmoire, nous proposons un systme de prdiction du dcrochage scolaire. Face  le manque d'accessibilit aux services dans les zones rurales, nous avons choisi d'utiliser Django et PostgreSQL comme solution principale. La mthodologie adopte est le prototypage rapide et l'itration continue.",La mthodologie de dveloppement choisie est le prototypage rapide et l'itration continue. Nous avons structur le travail en 5 phases distinctes. Chaque phase comprend des livrables mesurables et des critres de validation clairs.,Les tests raliss montrent que notre solution atteint 97% de prcision. Les performances obtenues dpassent les solutions existantes de 45%. L'interface utilisateur a t valide par 43 utilisateurs rels.,"En conclusion, nous avons conu et implment un systme de prdiction du dcrochage scolaire. Notre solution apporte une rponse concrte  le manque d'accessibilit aux services dans les zones rurales. Les travaux futurs porteront sur l'amlioration des performances et la scalabilit du systme.","Dans le cadre de ce mmoire, nous proposons un systme de prdiction du dcrochage scolaire. Face  le manque d'accessibilit aux services dans les zones rurales, nous avons choisi d'utiliser Django et PostgreSQL comme solution principale. La mthodologie adopte est le prototypage rapide et l'itration continue. La mthodologie de dveloppement choisie est le prototypage rapide et l'itration continue. Nous avons structur le travail en 5 phases distinctes. Chaque phase comprend des livrables mesurables et des critres de validation clairs. Les tests raliss montrent que notre solution atteint 97% de prcision. Les performances obtenues dpassent les solutions existantes de 45%. L'interface utilisateur a t valide par 43 utilisateurs rels. En conclusion, nous avons conu et implment un systme de prdiction du dcrochage scolaire. Notre solution apporte une rponse concrte  le manque d'accessibilit aux services dans les zones rurales. Les travaux futurs porteront sur l'amlioration des performances et la scalabilit du systme."
ARCH-0012,Une plateforme de tlmdecine avec Docker et Kubernetes,Cyber,2023,Etudiant_0012,Ce travail vise  concevoir et implmenter une plateforme de tlmdecine en utilisant Docker et Kubernetes. La problmatique principale est l'absence d'outils adapts au contexte africain. Notre approche repose sur la recherche exprimentale avec validation empirique.,La mthodologie de dveloppement choisie est la recherche exprimentale avec validation empirique. Nous avons structur le travail en 3 phases distinctes. Chaque phase comprend des livrables mesurables et des critres de validation clairs.,Les tests raliss montrent que notre solution atteint 95% de prcision. Les performances obtenues dpassent les solutions existantes de 41%. L'interface utilisateur a t valide par 14 utilisateurs rels.,Ce travail a permis de dvelopper une plateforme de tlmdecine qui rpond efficacement  l'absence d'outils adapts au contexte africain. Les rsultats obtenus sont satisfaisants et ouvrent la voie  des amliorations futures. Les perspectives incluent l'intgration de nouvelles fonctionnalits et l'extension  d'autres contextes.,Ce travail vise  concevoir et implmenter une plateforme de tlmdecine en utilisant Docker et Kubernetes. La problmatique principale est l'absence d'outils adapts au contexte africain. Notre approche repose sur la recherche exprimentale avec validation empirique. La mthodologie de dveloppement choisie est la recherche exprimentale avec validation empirique. Nous avons structur le travail en 3 phases distinctes. Chaque phase comprend des livrables mesurables et des critres de validation clairs. Les tests raliss montrent que notre solution atteint 95% de prcision. Les performances obtenues dpassent les solutions existantes de 41%. L'interface utilisateur a t valide par 14 utilisateurs rels. Ce travail a permis de dvelopper une plateforme de tlmdecine qui rpond efficacement  l'absence d'outils adapts au contexte africain. Les rsultats obtenus sont satisfaisants et ouvrent la voie  des amliorations futures. Les perspectives incluent l'intgration de nouvelles fonctionnalits et l'extension  d'autres contextes.
ARCH-0013,Un systme de vote lectronique avec blockchain et smart contracts,Web,2019,Etudiant_0013,Ce projet de fin d'tudes porte sur un systme de vote lectronique. La motivation principale est la scurit insuffisante des donnes personnelles qui constitue un dfi majeur. Nous proposons une solution base sur blockchain et smart contracts en suivant une approche le prototypage rapide et l'itration continue.,La mthodologie de dveloppement choisie est le prototypage rapide et l'itration continue. Nous avons structur le travail en 4 phases distinctes. Chaque phase comprend des livrables mesurables et des critres de validation clairs.,"Les exprimentations confirment la viabilit de notre approche avec 89% d'efficacit. Compar aux solutions actuelles, nous observons un gain de 27% sur les mtriques cls. Ces rsultats ont t valids par une quipe de 33 experts du domaine.","En conclusion, nous avons conu et implment un systme de vote lectronique. Notre solution apporte une rponse concrte  la scurit insuffisante des donnes personnelles. Les travaux futurs porteront sur l'amlioration des performances et la scalabilit du systme.","Ce projet de fin d'tudes porte sur un systme de vote lectronique. La motivation principale est la scurit insuffisante des donnes personnelles qui constitue un dfi majeur. Nous proposons une solution base sur blockchain et smart contracts en suivant une approche le prototypage rapide et l'itration continue. La mthodologie de dveloppement choisie est le prototypage rapide et l'itration continue. Nous avons structur le travail en 4 phases distinctes. Chaque phase comprend des livrables mesurables et des critres de validation clairs. Les exprimentations confirment la viabilit de notre approche avec 89% d'efficacit. Compar aux solutions actuelles, nous observons un gain de 27% sur les mtriques cls. Ces rsultats ont t valids par une quipe de 33 experts du domaine. En conclusion, nous avons conu et implment un systme de vote lectronique. Notre solution apporte une rponse concrte  la scurit insuffisante des donnes personnelles. Les travaux futurs porteront sur l'amlioration des performances et la scalabilit du systme."
ARCH-0014,Un systme de gestion des stocks intelligents avec React et FastAPI,IA,2024,Etudiant_0014,"Dans le cadre de ce mmoire, nous proposons un systme de gestion des stocks intelligents. Face  la difficult d'accs aux soins mdicaux, nous avons choisi d'utiliser React et FastAPI comme solution principale. La mthodologie adopte est SCRUM avec des sprints de 2 semaines.","L'approche mthodologique retenue est SCRUM avec des sprints de 2 semaines. Elle se dcline en 4 grandes tapes : analyse des besoins, conception, implmentation, tests et dploiement.",Les tests raliss montrent que notre solution atteint 82% de prcision. Les performances obtenues dpassent les solutions existantes de 37%. L'interface utilisateur a t valide par 50 utilisateurs rels.,Ce travail a permis de dvelopper un systme de gestion des stocks intelligents qui rpond efficacement  la difficult d'accs aux soins mdicaux. Les rsultats obtenus sont satisfaisants et ouvrent la voie  des amliorations futures. Les perspectives incluent l'intgration de nouvelles fonctionnalits et l'extension  d'autres contextes.,"Dans le cadre de ce mmoire, nous proposons un systme de gestion des stocks intelligents. Face  la difficult d'accs aux soins mdicaux, nous avons choisi d'utiliser React et FastAPI comme solution principale. La mthodologie adopte est SCRUM avec des sprints de 2 semaines. L'approche mthodologique retenue est SCRUM avec des sprints de 2 semaines. Elle se dcline en 4 grandes tapes : analyse des besoins, conception, implmentation, tests et dploiement. Les tests raliss montrent que notre solution atteint 82% de prcision. Les performances obtenues dpassent les solutions existantes de 37%. L'interface utilisateur a t valide par 50 utilisateurs rels. Ce travail a permis de dvelopper un systme de gestion des stocks intelligents qui rpond efficacement  la difficult d'accs aux soins mdicaux. Les rsultats obtenus sont satisfaisants et ouvrent la voie  des amliorations futures. Les perspectives incluent l'intgration de nouvelles fonctionnalits et l'extension  d'autres contextes."
ARCH-0015,Un systme de surveillance de la qualit de l'air avec React et FastAPI,Cloud,2019,Etudiant_0015,Ce projet de fin d'tudes porte sur un systme de surveillance de la qualit de l'air. La motivation principale est le cot lev des solutions existantes sur le march qui constitue un dfi majeur. Nous proposons une solution base sur React et FastAPI en suivant une approche le prototypage rapide et l'itration continue.,La mthodologie de dveloppement choisie est le prototypage rapide et l'itration continue. Nous avons structur le travail en 4 phases distinctes. Chaque phase comprend des livrables mesurables et des critres de validation clairs.,"Les exprimentations confirment la viabilit de notre approche avec 98% d'efficacit. Compar aux solutions actuelles, nous observons un gain de 33% sur les mtriques cls. Ces rsultats ont t valids par une quipe de 40 experts du domaine.","En conclusion, nous avons conu et implment un systme de surveillance de la qualit de l'air. Notre solution apporte une rponse concrte  le cot lev des solutions existantes sur le march. Les travaux futurs porteront sur l'amlioration des performances et la scalabilit du systme.","Ce projet de fin d'tudes porte sur un systme de surveillance de la qualit de l'air. La motivation principale est le cot lev des solutions existantes sur le march qui constitue un dfi majeur. Nous proposons une solution base sur React et FastAPI en suivant une approche le prototypage rapide et l'itration continue. La mthodologie de dveloppement choisie est le prototypage rapide et l'itration continue. Nous avons structur le travail en 4 phases distinctes. Chaque phase comprend des livrables mesurables et des critres de validation clairs. Les exprimentations confirment la viabilit de notre approche avec 98% d'efficacit. Compar aux solutions actuelles, nous observons un gain de 33% sur les mtriques cls. Ces rsultats ont t valids par une quipe de 40 experts du domaine. En conclusion, nous avons conu et implment un systme de surveillance de la qualit de l'air. Notre solution apporte une rponse concrte  le cot lev des solutions existantes sur le march. Les travaux futurs porteront sur l'amlioration des performances et la scalabilit du systme."
ARCH-0016,Une plateforme de tlmdecine avec React et FastAPI,IoT,2024,Etudiant_0016,Ce projet de fin d'tudes porte sur une plateforme de tlmdecine. La motivation principale est les pertes financires dues aux erreurs humaines qui constitue un dfi majeur. Nous proposons une solution base sur React et FastAPI en suivant une approche le prototypage rapide et l'itration continue.,"Pour raliser ce projet, nous avons adopt le prototypage rapide et l'itration continue. Cette approche nous permet de livrer des incrments fonctionnels rgulirement. Le travail a t divis en 6 itrations de dure gale.","Les exprimentations confirment la viabilit de notre approche avec 81% d'efficacit. Compar aux solutions actuelles, nous observons un gain de 36% sur les mtriques cls. Ces rsultats ont t valids par une quipe de 16 experts du domaine.",Ce mmoire prsente une plateforme de tlmdecine comme solution  les pertes financires dues aux erreurs humaines. Les objectifs fixs au dpart ont t atteints. Cette tude constitue une base solide pour de futures recherches dans ce domaine.,"Ce projet de fin d'tudes porte sur une plateforme de tlmdecine. La motivation principale est les pertes financires dues aux erreurs humaines qui constitue un dfi majeur. Nous proposons une solution base sur React et FastAPI en suivant une approche le prototypage rapide et l'itration continue. Pour raliser ce projet, nous avons adopt le prototypage rapide et l'itration continue. Cette approche nous permet de livrer des incrments fonctionnels rgulirement. Le travail a t divis en 6 itrations de dure gale. Les exprimentations confirment la viabilit de notre approche avec 81% d'efficacit. Compar aux solutions actuelles, nous observons un gain de 36% sur les mtriques cls. Ces rsultats ont t valids par une quipe de 16 experts du domaine. Ce mmoire prsente une plateforme de tlmdecine comme solution  les pertes financires dues aux erreurs humaines. Les objectifs fixs au dpart ont t atteints. Cette tude constitue une base solide pour de futures recherches dans ce domaine."
ARCH-0017,Un outil d'analyse de sentiment sur les rseaux sociaux avec React et FastAPI,BDD,2024,Etudiant_0017,"Dans le cadre de ce mmoire, nous proposons un outil d'analyse de sentiment sur les rseaux sociaux. Face  le cot lev des solutions existantes sur le march, nous avons choisi d'utiliser React et FastAPI comme solution principale. La mthodologie adopte est la recherche exprimentale avec validation empirique.","L'approche mthodologique retenue est la recherche exprimentale avec validation empirique. Elle se dcline en 6 grandes tapes : analyse des besoins, conception, implmentation, tests et dploiement.",Les tests raliss montrent que notre solution atteint 93% de prcision. Les performances obtenues dpassent les solutions existantes de 20%. L'interface utilisateur a t valide par 27 utilisateurs rels.,Ce travail a permis de dvelopper un outil d'analyse de sentiment sur les rseaux sociaux qui rpond efficacement  le cot lev des solutions existantes sur le march. Les rsultats obtenus sont satisfaisants et ouvrent la voie  des amliorations futures. Les perspectives incluent l'intgration de nouvelles fonctionnalits et l'extension  d'autres contextes.,"Dans le cadre de ce mmoire, nous proposons un outil d'analyse de sentiment sur les rseaux sociaux. Face  le cot lev des solutions existantes sur le march, nous avons choisi d'utiliser React et FastAPI comme solution principale. La mthodologie adopte est la recherche exprimentale avec validation empirique. L'approche mthodologique retenue est la recherche exprimentale avec validation empirique. Elle se dcline en 6 grandes tapes : analyse des besoins, conception, implmentation, tests et dploiement. Les tests raliss montrent que notre solution atteint 93% de prcision. Les performances obtenues dpassent les solutions existantes de 20%. L'interface utilisateur a t valide par 27 utilisateurs rels. Ce travail a permis de dvelopper un outil d'analyse de sentiment sur les rseaux sociaux qui rpond efficacement  le cot lev des solutions existantes sur le march. Les rsultats obtenus sont satisfaisants et ouvrent la voie  des amliorations futures. Les perspectives incluent l'intgration de nouvelles fonctionnalits et l'extension  d'autres contextes."
ARCH-0018,Un outil d'analyse de sentiment sur les rseaux sociaux avec blockchain et smart contracts,IA,2019,Etudiant_0018,Ce travail vise  concevoir et implmenter un outil d'analyse de sentiment sur les rseaux sociaux en utilisant blockchain et smart contracts. La problmatique principale est le manque d'accessibilit aux services dans les zones rurales. Notre approche repose sur SCRUM avec des sprints de 2 semaines.,La mthodologie de dveloppement choisie est SCRUM avec des sprints de 2 semaines. Nous avons structur le travail en 4 phases distinctes. Chaque phase comprend des livrables mesurables et des critres de validation clairs.,Les tests raliss montrent que notre solution atteint 93% de prcision. Les performances obtenues dpassent les solutions existantes de 30%. L'interface utilisateur a t valide par 40 utilisateurs rels.,"En conclusion, nous avons conu et implment un outil d'analyse de sentiment sur les rseaux sociaux. Notre solution apporte une rponse concrte  le manque d'accessibilit aux services dans les zones rurales. Les travaux futurs porteront sur l'amlioration des performances et la scalabilit du systme.","Ce travail vise  concevoir et implmenter un outil d'analyse de sentiment sur les rseaux sociaux en utilisant blockchain et smart contracts. La problmatique principale est le manque d'accessibilit aux services dans les zones rurales. Notre approche repose sur SCRUM avec des sprints de 2 semaines. La mthodologie de dveloppement choisie est SCRUM avec des sprints de 2 semaines. Nous avons structur le travail en 4 phases distinctes. Chaque phase comprend des livrables mesurables et des critres de validation clairs. Les tests raliss montrent que notre solution atteint 93% de prcision. Les performances obtenues dpassent les solutions existantes de 30%. L'interface utilisateur a t valide par 40 utilisateurs rels. En conclusion, nous avons conu et implment un outil d'analyse de sentiment sur les rseaux sociaux. Notre solution apporte une rponse concrte  le manque d'accessibilit aux services dans les zones rurales. Les travaux futurs porteront sur l'amlioration des performances et la scalabilit du systme."
ARCH-0019,Une plateforme e-commerce pour artisans locaux avec Python et TensorFlow,Rseau,2018,Etudiant_0019,Ce projet de fin d'tudes porte sur une plateforme e-commerce pour artisans locaux. La motivation principale est les pertes financires dues aux erreurs humaines qui constitue un dfi majeur. Nous proposons une solution base sur Python et TensorFlow en suivant une approche le prototypage rapide et l'itration continue.,"Pour raliser ce projet, nous avons adopt le prototypage rapide et l'itration continue. Cette approche nous permet de livrer des incrments fonctionnels rgulirement. Le travail a t divis en 6 itrations de dure gale.","Les exprimentations confirment la viabilit de notre approche avec 97% d'efficacit. Compar aux solutions actuelles, nous observons un gain de 36% sur les mtriques cls. Ces rsultats ont t valids par une quipe de 41 experts du domaine.","En conclusion, nous avons conu et implment une plateforme e-commerce pour artisans locaux. Notre solution apporte une rponse concrte  les pertes financires dues aux erreurs humaines. Les travaux futurs porteront sur l'amlioration des performances et la scalabilit du systme.","Ce projet de fin d'tudes porte sur une plateforme e-commerce pour artisans locaux. La motivation principale est les pertes financires dues aux erreurs humaines qui constitue un dfi majeur. Nous proposons une solution base sur Python et TensorFlow en suivant une approche le prototypage rapide et l'itration continue. Pour raliser ce projet, nous avons adopt le prototypage rapide et l'itration continue. Cette approche nous permet de livrer des incrments fonctionnels rgulirement. Le travail a t divis en 6 itrations de dure gale. Les exprimentations confirment la viabilit de notre approche avec 97% d'efficacit. Compar aux solutions actuelles, nous observons un gain de 36% sur les mtriques cls. Ces rsultats ont t valids par une quipe de 41 experts du domaine. En conclusion, nous avons conu et implment une plateforme e-commerce pour artisans locaux. Notre solution apporte une rponse concrte  les pertes financires dues aux erreurs humaines. Les travaux futurs porteront sur l'amlioration des performances et la scalabilit du systme."
ARCH-0020,Une application de covoiturage universitaire avec blockchain et smart contracts,Web,2022,Etudiant_0020,Ce travail vise  concevoir et implmenter une application de covoiturage universitaire en utilisant blockchain et smart contracts. La problmatique principale est la lenteur des processus manuels actuels. Notre approche repose sur le prototypage rapide et l'itration continue.,La mthodologie de dveloppement choisie est le prototypage rapide et l'itration continue. Nous avons structur le travail en 6 phases distinctes. Chaque phase comprend des livrables mesurables et des critres de validation clairs.,"Les exprimentations confirment la viabilit de notre approche avec 96% d'efficacit. Compar aux solutions actuelles, nous observons un gain de 20% sur les mtriques cls. Ces rsultats ont t valids par une quipe de 13 experts du domaine.",Ce travail a permis de dvelopper une application de covoiturage universitaire qui rpond efficacement  la lenteur des processus manuels actuels. Les rsultats obtenus sont satisfaisants et ouvrent la voie  des amliorations futures. Les perspectives incluent l'intgration de nouvelles fonctionnalits et l'extension  d'autres contextes.,"Ce travail vise  concevoir et implmenter une application de covoiturage universitaire en utilisant blockchain et smart contracts. La problmatique principale est la lenteur des processus manuels actuels. Notre approche repose sur le prototypage rapide et l'itration continue. La mthodologie de dveloppement choisie est le prototypage rapide et l'itration continue. Nous avons structur le travail en 6 phases distinctes. Chaque phase comprend des livrables mesurables et des critres de validation clairs. Les exprimentations confirment la viabilit de notre approche avec 96% d'efficacit. Compar aux solutions actuelles, nous observons un gain de 20% sur les mtriques cls. Ces rsultats ont t valids par une quipe de 13 experts du domaine. Ce travail a permis de dvelopper une application de covoiturage universitaire qui rpond efficacement  la lenteur des processus manuels actuels. Les rsultats obtenus sont satisfaisants et ouvrent la voie  des amliorations futures. Les perspectives incluent l'intgration de nouvelles fonctionnalits et l'extension  d'autres contextes."
ARCH-0021,Une plateforme de tlmdecine avec Flutter et Firebase,Mobile,2019,Etudiant_0021,"Dans le cadre de ce mmoire, nous proposons une plateforme de tlmdecine. Face  les pertes financires dues aux erreurs humaines, nous avons choisi d'utiliser Flutter et Firebase comme solution principale. La mthodologie adopte est SCRUM avec des sprints de 2 semaines.","L'approche mthodologique retenue est SCRUM avec des sprints de 2 semaines. Elle se dcline en 3 grandes tapes : analyse des besoins, conception, implmentation, tests et dploiement.","Les exprimentations confirment la viabilit de notre approche avec 82% d'efficacit. Compar aux solutions actuelles, nous observons un gain de 28% sur les mtriques cls. Ces rsultats ont t valids par une quipe de 47 experts du domaine.","En conclusion, nous avons conu et implment une plateforme de tlmdecine. Notre solution apporte une rponse concrte  les pertes financires dues aux erreurs humaines. Les travaux futurs porteront sur l'amlioration des performances et la scalabilit du systme.","Dans le cadre de ce mmoire, nous proposons une plateforme de tlmdecine. Face  les pertes financires dues aux erreurs humaines, nous avons choisi d'utiliser Flutter et Firebase comme solution principale. La mthodologie adopte est SCRUM avec des sprints de 2 semaines. L'approche mthodologique retenue est SCRUM avec des sprints de 2 semaines. Elle se dcline en 3 grandes tapes : analyse des besoins, conception, implmentation, tests et dploiement. Les exprimentations confirment la viabilit de notre approche avec 82% d'efficacit. Compar aux solutions actuelles, nous observons un gain de 28% sur les mtriques cls. Ces rsultats ont t valids par une quipe de 47 experts du domaine. En conclusion, nous avons conu et implment une plateforme de tlmdecine. Notre solution apporte une rponse concrte  les pertes financires dues aux erreurs humaines. Les travaux futurs porteront sur l'amlioration des performances et la scalabilit du systme."
ARCH-0022,Un systme de contrle d'accs biomtrique avec Docker et Kubernetes,Web,2018,Etudiant_0022,Ce projet de fin d'tudes porte sur un systme de contrle d'accs biomtrique. La motivation principale est le cot lev des solutions existantes sur le march qui constitue un dfi majeur. Nous proposons une solution base sur Docker et Kubernetes en suivant une approche le prototypage rapide et l'itration continue.,La mthodologie de dveloppement choisie est le prototypage rapide et l'itration continue. Nous avons structur le travail en 5 phases distinctes. Chaque phase comprend des livrables mesurables et des critres de validation clairs.,"Notre systme a t valu sur un jeu de donnes de 652 enregistrements. Les rsultats indiquent une amlioration de 44% par rapport  l'approche classique. Le temps de rponse moyen est de 284ms, ce qui rpond aux exigences.",Ce mmoire prsente un systme de contrle d'accs biomtrique comme solution  le cot lev des solutions existantes sur le march. Les objectifs fixs au dpart ont t atteints. Cette tude constitue une base solide pour de futures recherches dans ce domaine.,"Ce projet de fin d'tudes porte sur un systme de contrle d'accs biomtrique. La motivation principale est le cot lev des solutions existantes sur le march qui constitue un dfi majeur. Nous proposons une solution base sur Docker et Kubernetes en suivant une approche le prototypage rapide et l'itration continue. La mthodologie de dveloppement choisie est le prototypage rapide et l'itration continue. Nous avons structur le travail en 5 phases distinctes. Chaque phase comprend des livrables mesurables et des critres de validation clairs. Notre systme a t valu sur un jeu de donnes de 652 enregistrements. Les rsultats indiquent une amlioration de 44% par rapport  l'approche classique. Le temps de rponse moyen est de 284ms, ce qui rpond aux exigences. Ce mmoire prsente un systme de contrle d'accs biomtrique comme solution  le cot lev des solutions existantes sur le march. Les objectifs fixs au dpart ont t atteints. Cette tude constitue une base solide pour de futures recherches dans ce domaine."
ARCH-0023,Un chatbot d'assistance mdicale avec Flutter et Firebase,IA,2023,Etudiant_0023,L'objectif de cette tude est de rsoudre l'absence d'outils adapts au contexte africain grce  un chatbot d'assistance mdicale. Nous utilisons Flutter et Firebase combin avec la recherche exprimentale avec validation empirique pour atteindre cet objectif.,La mthodologie de dveloppement choisie est la recherche exprimentale avec validation empirique. Nous avons structur le travail en 4 phases distinctes. Chaque phase comprend des livrables mesurables et des critres de validation clairs.,"Notre systme a t valu sur un jeu de donnes de 9400 enregistrements. Les rsultats indiquent une amlioration de 20% par rapport  l'approche classique. Le temps de rponse moyen est de 410ms, ce qui rpond aux exigences.","En conclusion, nous avons conu et implment un chatbot d'assistance mdicale. Notre solution apporte une rponse concrte  l'absence d'outils adapts au contexte africain. Les travaux futurs porteront sur l'amlioration des performances et la scalabilit du systme.","L'objectif de cette tude est de rsoudre l'absence d'outils adapts au contexte africain grce  un chatbot d'assistance mdicale. Nous utilisons Flutter et Firebase combin avec la recherche exprimentale avec validation empirique pour atteindre cet objectif. La mthodologie de dveloppement choisie est la recherche exprimentale avec validation empirique. Nous avons structur le travail en 4 phases distinctes. Chaque phase comprend des livrables mesurables et des critres de validation clairs. Notre systme a t valu sur un jeu de donnes de 9400 enregistrements. Les rsultats indiquent une amlioration de 20% par rapport  l'approche classique. Le temps de rponse moyen est de 410ms, ce qui rpond aux exigences. En conclusion, nous avons conu et implment un chatbot d'assistance mdicale. Notre solution apporte une rponse concrte  l'absence d'outils adapts au contexte africain. Les travaux futurs porteront sur l'amlioration des performances et la scalabilit du systme."
ARCH-0024,Un outil d'analyse de sentiment sur les rseaux sociaux avec blockchain et smart contracts,IoT,2019,Etudiant_0024,"Dans le cadre de ce mmoire, nous proposons un outil d'analyse de sentiment sur les rseaux sociaux. Face  l'absence d'outils adapts au contexte africain, nous avons choisi d'utiliser blockchain et smart contracts comme solution principale. La mthodologie adopte est SCRUM avec des sprints de 2 semaines.","Pour raliser ce projet, nous avons adopt SCRUM avec des sprints de 2 semaines. Cette approche nous permet de livrer des incrments fonctionnels rgulirement. Le travail a t divis en 3 itrations de dure gale.",Les tests raliss montrent que notre solution atteint 97% de prcision. Les performances obtenues dpassent les solutions existantes de 19%. L'interface utilisateur a t valide par 27 utilisateurs rels.,Ce travail a permis de dvelopper un outil d'analyse de sentiment sur les rseaux sociaux qui rpond efficacement  l'absence d'outils adapts au contexte africain. Les rsultats obtenus sont satisfaisants et ouvrent la voie  des amliorations futures. Les perspectives incluent l'intgration de nouvelles fonctionnalits et l'extension  d'autres contextes.,"Dans le cadre de ce mmoire, nous proposons un outil d'analyse de sentiment sur les rseaux sociaux. Face  l'absence d'outils adapts au contexte africain, nous avons choisi d'utiliser blockchain et smart contracts comme solution principale. La mthodologie adopte est SCRUM avec des sprints de 2 semaines. Pour raliser ce projet, nous avons adopt SCRUM avec des sprints de 2 semaines. Cette approche nous permet de livrer des incrments fonctionnels rgulirement. Le travail a t divis en 3 itrations de dure gale. Les tests raliss montrent que notre solution atteint 97% de prcision. Les performances obtenues dpassent les solutions existantes de 19%. L'interface utilisateur a t valide par 27 utilisateurs rels. Ce travail a permis de dvelopper un outil d'analyse de sentiment sur les rseaux sociaux qui rpond efficacement  l'absence d'outils adapts au contexte africain. Les rsultats obtenus sont satisfaisants et ouvrent la voie  des amliorations futures. Les perspectives incluent l'intgration de nouvelles fonctionnalits et l'extension  d'autres contextes."
ARCH-0025,Un systme de contrle d'accs biomtrique avec Arduino et Raspberry Pi,Cyber,2023,Etudiant_0025,Ce travail vise  concevoir et implmenter un systme de contrle d'accs biomtrique en utilisant Arduino et Raspberry Pi. La problmatique principale est le manque de traabilit dans les processus administratifs. Notre approche repose sur le prototypage rapide et l'itration continue.,La mthodologie de dveloppement choisie est le prototypage rapide et l'itration continue. Nous avons structur le travail en 6 phases distinctes. Chaque phase comprend des livrables mesurables et des critres de validation clairs.,"Notre systme a t valu sur un jeu de donnes de 2643 enregistrements. Les rsultats indiquent une amlioration de 15% par rapport  l'approche classique. Le temps de rponse moyen est de 376ms, ce qui rpond aux exigences.","En conclusion, nous avons conu et implment un systme de contrle d'accs biomtrique. Notre solution apporte une rponse concrte  le manque de traabilit dans les processus administratifs. Les travaux futurs porteront sur l'amlioration des performances et la scalabilit du systme.","Ce travail vise  concevoir et implmenter un systme de contrle d'accs biomtrique en utilisant Arduino et Raspberry Pi. La problmatique principale est le manque de traabilit dans les processus administratifs. Notre approche repose sur le prototypage rapide et l'itration continue. La mthodologie de dveloppement choisie est le prototypage rapide et l'itration continue. Nous avons structur le travail en 6 phases distinctes. Chaque phase comprend des livrables mesurables et des critres de validation clairs. Notre systme a t valu sur un jeu de donnes de 2643 enregistrements. Les rsultats indiquent une amlioration de 15% par rapport  l'approche classique. Le temps de rponse moyen est de 376ms, ce qui rpond aux exigences. En conclusion, nous avons conu et implment un systme de contrle d'accs biomtrique. Notre solution apporte une rponse concrte  le manque de traabilit dans les processus administratifs. Les travaux futurs porteront sur l'amlioration des performances et la scalabilit du systme."
ARCH-0026,Un systme de vote lectronique avec blockchain et smart contracts,Cyber,2021,Etudiant_0026,Ce travail vise  concevoir et implmenter un systme de vote lectronique en utilisant blockchain et smart contracts. La problmatique principale est les pertes financires dues aux erreurs humaines. Notre approche repose sur la recherche-action avec participation des utilisateurs finaux.,La mthodologie de dveloppement choisie est la recherche-action avec participation des utilisateurs finaux. Nous avons structur le travail en 3 phases distinctes. Chaque phase comprend des livrables mesurables et des critres de validation clairs.,"Les exprimentations confirment la viabilit de notre approche avec 84% d'efficacit. Compar aux solutions actuelles, nous observons un gain de 32% sur les mtriques cls. Ces rsultats ont t valids par une quipe de 12 experts du domaine.",Ce mmoire prsente un systme de vote lectronique comme solution  les pertes financires dues aux erreurs humaines. Les objectifs fixs au dpart ont t atteints. Cette tude constitue une base solide pour de futures recherches dans ce domaine.,"Ce travail vise  concevoir et implmenter un systme de vote lectronique en utilisant blockchain et smart contracts. La problmatique principale est les pertes financires dues aux erreurs humaines. Notre approche repose sur la recherche-action avec participation des utilisateurs finaux. La mthodologie de dveloppement choisie est la recherche-action avec participation des utilisateurs finaux. Nous avons structur le travail en 3 phases distinctes. Chaque phase comprend des livrables mesurables et des critres de validation clairs. Les exprimentations confirment la viabilit de notre approche avec 84% d'efficacit. Compar aux solutions actuelles, nous observons un gain de 32% sur les mtriques cls. Ces rsultats ont t valids par une quipe de 12 experts du domaine. Ce mmoire prsente un systme de vote lectronique comme solution  les pertes financires dues aux erreurs humaines. Les objectifs fixs au dpart ont t atteints. Cette tude constitue une base solide pour de futures recherches dans ce domaine."
ARCH-0027,Un moteur de recommandation de cours avec Python et TensorFlow,Cloud,2022,Etudiant_0027,Ce travail vise  concevoir et implmenter un moteur de recommandation de cours en utilisant Python et TensorFlow. La problmatique principale est l'absence d'outils adapts au contexte africain. Notre approche repose sur le prototypage rapide et l'itration continue.,"Pour raliser ce projet, nous avons adopt le prototypage rapide et l'itration continue. Cette approche nous permet de livrer des incrments fonctionnels rgulirement. Le travail a t divis en 4 itrations de dure gale.","Les exprimentations confirment la viabilit de notre approche avec 87% d'efficacit. Compar aux solutions actuelles, nous observons un gain de 36% sur les mtriques cls. Ces rsultats ont t valids par une quipe de 16 experts du domaine.",Ce mmoire prsente un moteur de recommandation de cours comme solution  l'absence d'outils adapts au contexte africain. Les objectifs fixs au dpart ont t atteints. Cette tude constitue une base solide pour de futures recherches dans ce domaine.,"Ce travail vise  concevoir et implmenter un moteur de recommandation de cours en utilisant Python et TensorFlow. La problmatique principale est l'absence d'outils adapts au contexte africain. Notre approche repose sur le prototypage rapide et l'itration continue. Pour raliser ce projet, nous avons adopt le prototypage rapide et l'itration continue. Cette approche nous permet de livrer des incrments fonctionnels rgulirement. Le travail a t divis en 4 itrations de dure gale. Les exprimentations confirment la viabilit de notre approche avec 87% d'efficacit. Compar aux solutions actuelles, nous observons un gain de 36% sur les mtriques cls. Ces rsultats ont t valids par une quipe de 16 experts du domaine. Ce mmoire prsente un moteur de recommandation de cours comme solution  l'absence d'outils adapts au contexte africain. Les objectifs fixs au dpart ont t atteints. Cette tude constitue une base solide pour de futures recherches dans ce domaine."
ARCH-0028,Une plateforme de gestion des ressources humaines avec Django et PostgreSQL,Web,2021,Etudiant_0028,"Dans le cadre de ce mmoire, nous proposons une plateforme de gestion des ressources humaines. Face  le cot lev des solutions existantes sur le march, nous avons choisi d'utiliser Django et PostgreSQL comme solution principale. La mthodologie adopte est la recherche exprimentale avec validation empirique.","Pour raliser ce projet, nous avons adopt la recherche exprimentale avec validation empirique. Cette approche nous permet de livrer des incrments fonctionnels rgulirement. Le travail a t divis en 3 itrations de dure gale.",Les tests raliss montrent que notre solution atteint 90% de prcision. Les performances obtenues dpassent les solutions existantes de 40%. L'interface utilisateur a t valide par 36 utilisateurs rels.,Ce travail a permis de dvelopper une plateforme de gestion des ressources humaines qui rpond efficacement  le cot lev des solutions existantes sur le march. Les rsultats obtenus sont satisfaisants et ouvrent la voie  des amliorations futures. Les perspectives incluent l'intgration de nouvelles fonctionnalits et l'extension  d'autres contextes.,"Dans le cadre de ce mmoire, nous proposons une plateforme de gestion des ressources humaines. Face  le cot lev des solutions existantes sur le march, nous avons choisi d'utiliser Django et PostgreSQL comme solution principale. La mthodologie adopte est la recherche exprimentale avec validation empirique. Pour raliser ce projet, nous avons adopt la recherche exprimentale avec validation empirique. Cette approche nous permet de livrer des incrments fonctionnels rgulirement. Le travail a t divis en 3 itrations de dure gale. Les tests raliss montrent que notre solution atteint 90% de prcision. Les performances obtenues dpassent les solutions existantes de 40%. L'interface utilisateur a t valide par 36 utilisateurs rels. Ce travail a permis de dvelopper une plateforme de gestion des ressources humaines qui rpond efficacement  le cot lev des solutions existantes sur le march. Les rsultats obtenus sont satisfaisants et ouvrent la voie  des amliorations futures. Les perspectives incluent l'intgration de nouvelles fonctionnalits et l'extension  d'autres contextes."
ARCH-0029,Un outil d'analyse de sentiment sur les rseaux sociaux avec Python et TensorFlow,Mobile,2024,Etudiant_0029,"Dans le cadre de ce mmoire, nous proposons un outil d'analyse de sentiment sur les rseaux sociaux. Face  le manque de traabilit dans les processus administratifs, nous avons choisi d'utiliser Python et TensorFlow comme solution principale. La mthodologie adopte est la recherche exprimentale avec validation empirique.","Pour raliser ce projet, nous avons adopt la recherche exprimentale avec validation empirique. Cette approche nous permet de livrer des incrments fonctionnels rgulirement. Le travail a t divis en 5 itrations de dure gale.","Notre systme a t valu sur un jeu de donnes de 3664 enregistrements. Les rsultats indiquent une amlioration de 22% par rapport  l'approche classique. Le temps de rponse moyen est de 254ms, ce qui rpond aux exigences.","En conclusion, nous avons conu et implment un outil d'analyse de sentiment sur les rseaux sociaux. Notre solution apporte une rponse concrte  le manque de traabilit dans les processus administratifs. Les travaux futurs porteront sur l'amlioration des performances et la scalabilit du systme.","Dans le cadre de ce mmoire, nous proposons un outil d'analyse de sentiment sur les rseaux sociaux. Face  le manque de traabilit dans les processus administratifs, nous avons choisi d'utiliser Python et TensorFlow comme solution principale. La mthodologie adopte est la recherche exprimentale avec validation empirique. Pour raliser ce projet, nous avons adopt la recherche exprimentale avec validation empirique. Cette approche nous permet de livrer des incrments fonctionnels rgulirement. Le travail a t divis en 5 itrations de dure gale. Notre systme a t valu sur un jeu de donnes de 3664 enregistrements. Les rsultats indiquent une amlioration de 22% par rapport  l'approche classique. Le temps de rponse moyen est de 254ms, ce qui rpond aux exigences. En conclusion, nous avons conu et implment un outil d'analyse de sentiment sur les rseaux sociaux. Notre solution apporte une rponse concrte  le manque de traabilit dans les processus administratifs. Les travaux futurs porteront sur l'amlioration des performances et la scalabilit du systme."
ARCH-0030,Une plateforme de tlmdecine avec Arduino et Raspberry Pi,IA,2018,Etudiant_0030,Ce projet de fin d'tudes porte sur une plateforme de tlmdecine. La motivation principale est la difficult d'accs aux soins mdicaux qui constitue un dfi majeur. Nous proposons une solution base sur Arduino et Raspberry Pi en suivant une approche la recherche-action avec participation des utilisateurs finaux.,"L'approche mthodologique retenue est la recherche-action avec participation des utilisateurs finaux. Elle se dcline en 5 grandes tapes : analyse des besoins, conception, implmentation, tests et dploiement.",Les tests raliss montrent que notre solution atteint 83% de prcision. Les performances obtenues dpassent les solutions existantes de 43%. L'interface utilisateur a t valide par 26 utilisateurs rels.,"En conclusion, nous avons conu et implment une plateforme de tlmdecine. Notre solution apporte une rponse concrte  la difficult d'accs aux soins mdicaux. Les travaux futurs porteront sur l'amlioration des performances et la scalabilit du systme.","Ce projet de fin d'tudes porte sur une plateforme de tlmdecine. La motivation principale est la difficult d'accs aux soins mdicaux qui constitue un dfi majeur. Nous proposons une solution base sur Arduino et Raspberry Pi en suivant une approche la recherche-action avec participation des utilisateurs finaux. L'approche mthodologique retenue est la recherche-action avec participation des utilisateurs finaux. Elle se dcline en 5 grandes tapes : analyse des besoins, conception, implmentation, tests et dploiement. Les tests raliss montrent que notre solution atteint 83% de prcision. Les performances obtenues dpassent les solutions existantes de 43%. L'interface utilisateur a t valide par 26 utilisateurs rels. En conclusion, nous avons conu et implment une plateforme de tlmdecine. Notre solution apporte une rponse concrte  la difficult d'accs aux soins mdicaux. Les travaux futurs porteront sur l'amlioration des performances et la scalabilit du systme."
ARCH-0031,Une application de covoiturage universitaire avec machine learning et scikit-learn,IA,2022,Etudiant_0031,Ce projet de fin d'tudes porte sur une application de covoiturage universitaire. La motivation principale est la difficult d'accs aux soins mdicaux qui constitue un dfi majeur. Nous proposons une solution base sur machine learning et scikit-learn en suivant une approche le prototypage rapide et l'itration continue.,"L'approche mthodologique retenue est le prototypage rapide et l'itration continue. Elle se dcline en 3 grandes tapes : analyse des besoins, conception, implmentation, tests et dploiement.","Notre systme a t valu sur un jeu de donnes de 1227 enregistrements. Les rsultats indiquent une amlioration de 21% par rapport  l'approche classique. Le temps de rponse moyen est de 412ms, ce qui rpond aux exigences.","En conclusion, nous avons conu et implment une application de covoiturage universitaire. Notre solution apporte une rponse concrte  la difficult d'accs aux soins mdicaux. Les travaux futurs porteront sur l'amlioration des performances et la scalabilit du systme.","Ce projet de fin d'tudes porte sur une application de covoiturage universitaire. La motivation principale est la difficult d'accs aux soins mdicaux qui constitue un dfi majeur. Nous proposons une solution base sur machine learning et scikit-learn en suivant une approche le prototypage rapide et l'itration continue. L'approche mthodologique retenue est le prototypage rapide et l'itration continue. Elle se dcline en 3 grandes tapes : analyse des besoins, conception, implmentation, tests et dploiement. Notre systme a t valu sur un jeu de donnes de 1227 enregistrements. Les rsultats indiquent une amlioration de 21% par rapport  l'approche classique. Le temps de rponse moyen est de 412ms, ce qui rpond aux exigences. En conclusion, nous avons conu et implment une application de covoiturage universitaire. Notre solution apporte une rponse concrte  la difficult d'accs aux soins mdicaux. Les travaux futurs porteront sur l'amlioration des performances et la scalabilit du systme."
ARCH-0032,Un systme d'archivage intelligent de documents avec blockchain et smart contracts,Cloud,2020,Etudiant_0032,Ce projet de fin d'tudes porte sur un systme d'archivage intelligent de documents. La motivation principale est le cot lev des solutions existantes sur le march qui constitue un dfi majeur. Nous proposons une solution base sur blockchain et smart contracts en suivant une approche le prototypage rapide et l'itration continue.,La mthodologie de dveloppement choisie est le prototypage rapide et l'itration continue. Nous avons structur le travail en 5 phases distinctes. Chaque phase comprend des livrables mesurables et des critres de validation clairs.,"Les exprimentations confirment la viabilit de notre approche avec 90% d'efficacit. Compar aux solutions actuelles, nous observons un gain de 36% sur les mtriques cls. Ces rsultats ont t valids par une quipe de 17 experts du domaine.","En conclusion, nous avons conu et implment un systme d'archivage intelligent de documents. Notre solution apporte une rponse concrte  le cot lev des solutions existantes sur le march. Les travaux futurs porteront sur l'amlioration des performances et la scalabilit du systme.","Ce projet de fin d'tudes porte sur un systme d'archivage intelligent de documents. La motivation principale est le cot lev des solutions existantes sur le march qui constitue un dfi majeur. Nous proposons une solution base sur blockchain et smart contracts en suivant une approche le prototypage rapide et l'itration continue. La mthodologie de dveloppement choisie est le prototypage rapide et l'itration continue. Nous avons structur le travail en 5 phases distinctes. Chaque phase comprend des livrables mesurables et des critres de validation clairs. Les exprimentations confirment la viabilit de notre approche avec 90% d'efficacit. Compar aux solutions actuelles, nous observons un gain de 36% sur les mtriques cls. Ces rsultats ont t valids par une quipe de 17 experts du domaine. En conclusion, nous avons conu et implment un systme d'archivage intelligent de documents. Notre solution apporte une rponse concrte  le cot lev des solutions existantes sur le march. Les travaux futurs porteront sur l'amlioration des performances et la scalabilit du systme."
ARCH-0033,Une plateforme e-commerce pour artisans locaux avec Arduino et Raspberry Pi,IA,2020,Etudiant_0033,Ce projet de fin d'tudes porte sur une plateforme e-commerce pour artisans locaux. La motivation principale est la scurit insuffisante des donnes personnelles qui constitue un dfi majeur. Nous proposons une solution base sur Arduino et Raspberry Pi en suivant une approche la recherche exprimentale avec validation empirique.,"L'approche mthodologique retenue est la recherche exprimentale avec validation empirique. Elle se dcline en 6 grandes tapes : analyse des besoins, conception, implmentation, tests et dploiement.","Les exprimentations confirment la viabilit de notre approche avec 85% d'efficacit. Compar aux solutions actuelles, nous observons un gain de 34% sur les mtriques cls. Ces rsultats ont t valids par une quipe de 46 experts du domaine.",Ce mmoire prsente une plateforme e-commerce pour artisans locaux comme solution  la scurit insuffisante des donnes personnelles. Les objectifs fixs au dpart ont t atteints. Cette tude constitue une base solide pour de futures recherches dans ce domaine.,"Ce projet de fin d'tudes porte sur une plateforme e-commerce pour artisans locaux. La motivation principale est la scurit insuffisante des donnes personnelles qui constitue un dfi majeur. Nous proposons une solution base sur Arduino et Raspberry Pi en suivant une approche la recherche exprimentale avec validation empirique. L'approche mthodologique retenue est la recherche exprimentale avec validation empirique. Elle se dcline en 6 grandes tapes : analyse des besoins, conception, implmentation, tests et dploiement. Les exprimentations confirment la viabilit de notre approche avec 85% d'efficacit. Compar aux solutions actuelles, nous observons un gain de 34% sur les mtriques cls. Ces rsultats ont t valids par une quipe de 46 experts du domaine. Ce mmoire prsente une plateforme e-commerce pour artisans locaux comme solution  la scurit insuffisante des donnes personnelles. Les objectifs fixs au dpart ont t atteints. Cette tude constitue une base solide pour de futures recherches dans ce domaine."
ARCH-0034,Une application de paiement mobile scurise avec Flutter et Firebase,Mobile,2022,Etudiant_0034,L'objectif de cette tude est de rsoudre les pertes financires dues aux erreurs humaines grce  une application de paiement mobile scurise. Nous utilisons Flutter et Firebase combin avec la recherche-action avec participation des utilisateurs finaux pour atteindre cet objectif.,"Pour raliser ce projet, nous avons adopt la recherche-action avec participation des utilisateurs finaux. Cette approche nous permet de livrer des incrments fonctionnels rgulirement. Le travail a t divis en 6 itrations de dure gale.","Notre systme a t valu sur un jeu de donnes de 3280 enregistrements. Les rsultats indiquent une amlioration de 31% par rapport  l'approche classique. Le temps de rponse moyen est de 387ms, ce qui rpond aux exigences.",Ce travail a permis de dvelopper une application de paiement mobile scurise qui rpond efficacement  les pertes financires dues aux erreurs humaines. Les rsultats obtenus sont satisfaisants et ouvrent la voie  des amliorations futures. Les perspectives incluent l'intgration de nouvelles fonctionnalits et l'extension  d'autres contextes.,"L'objectif de cette tude est de rsoudre les pertes financires dues aux erreurs humaines grce  une application de paiement mobile scurise. Nous utilisons Flutter et Firebase combin avec la recherche-action avec participation des utilisateurs finaux pour atteindre cet objectif. Pour raliser ce projet, nous avons adopt la recherche-action avec participation des utilisateurs finaux. Cette approche nous permet de livrer des incrments fonctionnels rgulirement. Le travail a t divis en 6 itrations de dure gale. Notre systme a t valu sur un jeu de donnes de 3280 enregistrements. Les rsultats indiquent une amlioration de 31% par rapport  l'approche classique. Le temps de rponse moyen est de 387ms, ce qui rpond aux exigences. Ce travail a permis de dvelopper une application de paiement mobile scurise qui rpond efficacement  les pertes financires dues aux erreurs humaines. Les rsultats obtenus sont satisfaisants et ouvrent la voie  des amliorations futures. Les perspectives incluent l'intgration de nouvelles fonctionnalits et l'extension  d'autres contextes."
ARCH-0035,Un systme de contrle d'accs biomtrique avec NLP et transformers BERT,Web,2021,Etudiant_0035,"Dans le cadre de ce mmoire, nous proposons un systme de contrle d'accs biomtrique. Face  la difficult d'accs aux soins mdicaux, nous avons choisi d'utiliser NLP et transformers BERT comme solution principale. La mthodologie adopte est SCRUM avec des sprints de 2 semaines.","L'approche mthodologique retenue est SCRUM avec des sprints de 2 semaines. Elle se dcline en 5 grandes tapes : analyse des besoins, conception, implmentation, tests et dploiement.",Les tests raliss montrent que notre solution atteint 86% de prcision. Les performances obtenues dpassent les solutions existantes de 19%. L'interface utilisateur a t valide par 11 utilisateurs rels.,"En conclusion, nous avons conu et implment un systme de contrle d'accs biomtrique. Notre solution apporte une rponse concrte  la difficult d'accs aux soins mdicaux. Les travaux futurs porteront sur l'amlioration des performances et la scalabilit du systme.","Dans le cadre de ce mmoire, nous proposons un systme de contrle d'accs biomtrique. Face  la difficult d'accs aux soins mdicaux, nous avons choisi d'utiliser NLP et transformers BERT comme solution principale. La mthodologie adopte est SCRUM avec des sprints de 2 semaines. L'approche mthodologique retenue est SCRUM avec des sprints de 2 semaines. Elle se dcline en 5 grandes tapes : analyse des besoins, conception, implmentation, tests et dploiement. Les tests raliss montrent que notre solution atteint 86% de prcision. Les performances obtenues dpassent les solutions existantes de 19%. L'interface utilisateur a t valide par 11 utilisateurs rels. En conclusion, nous avons conu et implment un systme de contrle d'accs biomtrique. Notre solution apporte une rponse concrte  la difficult d'accs aux soins mdicaux. Les travaux futurs porteront sur l'amlioration des performances et la scalabilit du systme."
ARCH-0036,Une plateforme e-commerce pour artisans locaux avec NLP et transformers BERT,BDD,2018,Etudiant_0036,Ce projet de fin d'tudes porte sur une plateforme e-commerce pour artisans locaux. La motivation principale est le cot lev des solutions existantes sur le march qui constitue un dfi majeur. Nous proposons une solution base sur NLP et transformers BERT en suivant une approche une tude de cas approfondie avec donnes relles.,"Pour raliser ce projet, nous avons adopt une tude de cas approfondie avec donnes relles. Cette approche nous permet de livrer des incrments fonctionnels rgulirement. Le travail a t divis en 4 itrations de dure gale.",Les tests raliss montrent que notre solution atteint 80% de prcision. Les performances obtenues dpassent les solutions existantes de 43%. L'interface utilisateur a t valide par 16 utilisateurs rels.,Ce travail a permis de dvelopper une plateforme e-commerce pour artisans locaux qui rpond efficacement  le cot lev des solutions existantes sur le march. Les rsultats obtenus sont satisfaisants et ouvrent la voie  des amliorations futures. Les perspectives incluent l'intgration de nouvelles fonctionnalits et l'extension  d'autres contextes.,"Ce projet de fin d'tudes porte sur une plateforme e-commerce pour artisans locaux. La motivation principale est le cot lev des solutions existantes sur le march qui constitue un dfi majeur. Nous proposons une solution base sur NLP et transformers BERT en suivant une approche une tude de cas approfondie avec donnes relles. Pour raliser ce projet, nous avons adopt une tude de cas approfondie avec donnes relles. Cette approche nous permet de livrer des incrments fonctionnels rgulirement. Le travail a t divis en 4 itrations de dure gale. Les tests raliss montrent que notre solution atteint 80% de prcision. Les performances obtenues dpassent les solutions existantes de 43%. L'interface utilisateur a t valide par 16 utilisateurs rels. Ce travail a permis de dvelopper une plateforme e-commerce pour artisans locaux qui rpond efficacement  le cot lev des solutions existantes sur le march. Les rsultats obtenus sont satisfaisants et ouvrent la voie  des amliorations futures. Les perspectives incluent l'intgration de nouvelles fonctionnalits et l'extension  d'autres contextes."
ARCH-0037,Un chatbot d'assistance mdicale avec Flutter et Firebase,BDD,2021,Etudiant_0037,"Dans le cadre de ce mmoire, nous proposons un chatbot d'assistance mdicale. Face  le manque d'accessibilit aux services dans les zones rurales, nous avons choisi d'utiliser Flutter et Firebase comme solution principale. La mthodologie adopte est une tude de cas approfondie avec donnes relles.","Pour raliser ce projet, nous avons adopt une tude de cas approfondie avec donnes relles. Cette approche nous permet de livrer des incrments fonctionnels rgulirement. Le travail a t divis en 5 itrations de dure gale.","Notre systme a t valu sur un jeu de donnes de 7805 enregistrements. Les rsultats indiquent une amlioration de 28% par rapport  l'approche classique. Le temps de rponse moyen est de 131ms, ce qui rpond aux exigences.",Ce mmoire prsente un chatbot d'assistance mdicale comme solution  le manque d'accessibilit aux services dans les zones rurales. Les objectifs fixs au dpart ont t atteints. Cette tude constitue une base solide pour de futures recherches dans ce domaine.,"Dans le cadre de ce mmoire, nous proposons un chatbot d'assistance mdicale. Face  le manque d'accessibilit aux services dans les zones rurales, nous avons choisi d'utiliser Flutter et Firebase comme solution principale. La mthodologie adopte est une tude de cas approfondie avec donnes relles. Pour raliser ce projet, nous avons adopt une tude de cas approfondie avec donnes relles. Cette approche nous permet de livrer des incrments fonctionnels rgulirement. Le travail a t divis en 5 itrations de dure gale. Notre systme a t valu sur un jeu de donnes de 7805 enregistrements. Les rsultats indiquent une amlioration de 28% par rapport  l'approche classique. Le temps de rponse moyen est de 131ms, ce qui rpond aux exigences. Ce mmoire prsente un chatbot d'assistance mdicale comme solution  le manque d'accessibilit aux services dans les zones rurales. Les objectifs fixs au dpart ont t atteints. Cette tude constitue une base solide pour de futures recherches dans ce domaine."
ARCH-0038,Une application de paiement mobile scurise avec Flutter et Firebase,IoT,2022,Etudiant_0038,Ce projet de fin d'tudes porte sur une application de paiement mobile scurise. La motivation principale est l'absence d'outils adapts au contexte africain qui constitue un dfi majeur. Nous proposons une solution base sur Flutter et Firebase en suivant une approche la recherche-action avec participation des utilisateurs finaux.,"L'approche mthodologique retenue est la recherche-action avec participation des utilisateurs finaux. Elle se dcline en 4 grandes tapes : analyse des besoins, conception, implmentation, tests et dploiement.","Notre systme a t valu sur un jeu de donnes de 4341 enregistrements. Les rsultats indiquent une amlioration de 17% par rapport  l'approche classique. Le temps de rponse moyen est de 189ms, ce qui rpond aux exigences.","En conclusion, nous avons conu et implment une application de paiement mobile scurise. Notre solution apporte une rponse concrte  l'absence d'outils adapts au contexte africain. Les travaux futurs porteront sur l'amlioration des performances et la scalabilit du systme.","Ce projet de fin d'tudes porte sur une application de paiement mobile scurise. La motivation principale est l'absence d'outils adapts au contexte africain qui constitue un dfi majeur. Nous proposons une solution base sur Flutter et Firebase en suivant une approche la recherche-action avec participation des utilisateurs finaux. L'approche mthodologique retenue est la recherche-action avec participation des utilisateurs finaux. Elle se dcline en 4 grandes tapes : analyse des besoins, conception, implmentation, tests et dploiement. Notre systme a t valu sur un jeu de donnes de 4341 enregistrements. Les rsultats indiquent une amlioration de 17% par rapport  l'approche classique. Le temps de rponse moyen est de 189ms, ce qui rpond aux exigences. En conclusion, nous avons conu et implment une application de paiement mobile scurise. Notre solution apporte une rponse concrte  l'absence d'outils adapts au contexte africain. Les travaux futurs porteront sur l'amlioration des performances et la scalabilit du systme."
ARCH-0039,Une plateforme de tlmdecine avec Django et PostgreSQL,BDD,2021,Etudiant_0039,Ce projet de fin d'tudes porte sur une plateforme de tlmdecine. La motivation principale est la scurit insuffisante des donnes personnelles qui constitue un dfi majeur. Nous proposons une solution base sur Django et PostgreSQL en suivant une approche la recherche exprimentale avec validation empirique.,"L'approche mthodologique retenue est la recherche exprimentale avec validation empirique. Elle se dcline en 4 grandes tapes : analyse des besoins, conception, implmentation, tests et dploiement.","Les exprimentations confirment la viabilit de notre approche avec 86% d'efficacit. Compar aux solutions actuelles, nous observons un gain de 17% sur les mtriques cls. Ces rsultats ont t valids par une quipe de 36 experts du domaine.",Ce mmoire prsente une plateforme de tlmdecine comme solution  la scurit insuffisante des donnes personnelles. Les objectifs fixs au dpart ont t atteints. Cette tude constitue une base solide pour de futures recherches dans ce domaine.,"Ce projet de fin d'tudes porte sur une plateforme de tlmdecine. La motivation principale est la scurit insuffisante des donnes personnelles qui constitue un dfi majeur. Nous proposons une solution base sur Django et PostgreSQL en suivant une approche la recherche exprimentale avec validation empirique. L'approche mthodologique retenue est la recherche exprimentale avec validation empirique. Elle se dcline en 4 grandes tapes : analyse des besoins, conception, implmentation, tests et dploiement. Les exprimentations confirment la viabilit de notre approche avec 86% d'efficacit. Compar aux solutions actuelles, nous observons un gain de 17% sur les mtriques cls. Ces rsultats ont t valids par une quipe de 36 experts du domaine. Ce mmoire prsente une plateforme de tlmdecine comme solution  la scurit insuffisante des donnes personnelles. Les objectifs fixs au dpart ont t atteints. Cette tude constitue une base solide pour de futures recherches dans ce domaine."
ARCH-0040,Un systme de dtection de fraude bancaire avec Flutter et Firebase,Cloud,2022,Etudiant_0040,Ce travail vise  concevoir et implmenter un systme de dtection de fraude bancaire en utilisant Flutter et Firebase. La problmatique principale est les pertes financires dues aux erreurs humaines. Notre approche repose sur une tude de cas approfondie avec donnes relles.,"L'approche mthodologique retenue est une tude de cas approfondie avec donnes relles. Elle se dcline en 6 grandes tapes : analyse des besoins, conception, implmentation, tests et dploiement.","Notre systme a t valu sur un jeu de donnes de 5392 enregistrements. Les rsultats indiquent une amlioration de 45% par rapport  l'approche classique. Le temps de rponse moyen est de 435ms, ce qui rpond aux exigences.","En conclusion, nous avons conu et implment un systme de dtection de fraude bancaire. Notre solution apporte une rponse concrte  les pertes financires dues aux erreurs humaines. Les travaux futurs porteront sur l'amlioration des performances et la scalabilit du systme.","Ce travail vise  concevoir et implmenter un systme de dtection de fraude bancaire en utilisant Flutter et Firebase. La problmatique principale est les pertes financires dues aux erreurs humaines. Notre approche repose sur une tude de cas approfondie avec donnes relles. L'approche mthodologique retenue est une tude de cas approfondie avec donnes relles. Elle se dcline en 6 grandes tapes : analyse des besoins, conception, implmentation, tests et dploiement. Notre systme a t valu sur un jeu de donnes de 5392 enregistrements. Les rsultats indiquent une amlioration de 45% par rapport  l'approche classique. Le temps de rponse moyen est de 435ms, ce qui rpond aux exigences. En conclusion, nous avons conu et implment un systme de dtection de fraude bancaire. Notre solution apporte une rponse concrte  les pertes financires dues aux erreurs humaines. Les travaux futurs porteront sur l'amlioration des performances et la scalabilit du systme."
ARCH-0041,Une plateforme de gestion des ressources humaines avec blockchain et smart contracts,BDD,2019,Etudiant_0041,"Dans le cadre de ce mmoire, nous proposons une plateforme de gestion des ressources humaines. Face  le cot lev des solutions existantes sur le march, nous avons choisi d'utiliser blockchain et smart contracts comme solution principale. La mthodologie adopte est une tude de cas approfondie avec donnes relles.","Pour raliser ce projet, nous avons adopt une tude de cas approfondie avec donnes relles. Cette approche nous permet de livrer des incrments fonctionnels rgulirement. Le travail a t divis en 6 itrations de dure gale.","Notre systme a t valu sur un jeu de donnes de 7124 enregistrements. Les rsultats indiquent une amlioration de 27% par rapport  l'approche classique. Le temps de rponse moyen est de 420ms, ce qui rpond aux exigences.",Ce travail a permis de dvelopper une plateforme de gestion des ressources humaines qui rpond efficacement  le cot lev des solutions existantes sur le march. Les rsultats obtenus sont satisfaisants et ouvrent la voie  des amliorations futures. Les perspectives incluent l'intgration de nouvelles fonctionnalits et l'extension  d'autres contextes.,"Dans le cadre de ce mmoire, nous proposons une plateforme de gestion des ressources humaines. Face  le cot lev des solutions existantes sur le march, nous avons choisi d'utiliser blockchain et smart contracts comme solution principale. La mthodologie adopte est une tude de cas approfondie avec donnes relles. Pour raliser ce projet, nous avons adopt une tude de cas approfondie avec donnes relles. Cette approche nous permet de livrer des incrments fonctionnels rgulirement. Le travail a t divis en 6 itrations de dure gale. Notre systme a t valu sur un jeu de donnes de 7124 enregistrements. Les rsultats indiquent une amlioration de 27% par rapport  l'approche classique. Le temps de rponse moyen est de 420ms, ce qui rpond aux exigences. Ce travail a permis de dvelopper une plateforme de gestion des ressources humaines qui rpond efficacement  le cot lev des solutions existantes sur le march. Les rsultats obtenus sont satisfaisants et ouvrent la voie  des amliorations futures. Les perspectives incluent l'intgration de nouvelles fonctionnalits et l'extension  d'autres contextes."
ARCH-0042,Une application de covoiturage universitaire avec blockchain et smart contracts,Rseau,2021,Etudiant_0042,Ce travail vise  concevoir et implmenter une application de covoiturage universitaire en utilisant blockchain et smart contracts. La problmatique principale est la lenteur des processus manuels actuels. Notre approche repose sur une tude de cas approfondie avec donnes relles.,La mthodologie de dveloppement choisie est une tude de cas approfondie avec donnes relles. Nous avons structur le travail en 6 phases distinctes. Chaque phase comprend des livrables mesurables et des critres de validation clairs.,Les tests raliss montrent que notre solution atteint 94% de prcision. Les performances obtenues dpassent les solutions existantes de 20%. L'interface utilisateur a t valide par 13 utilisateurs rels.,"En conclusion, nous avons conu et implment une application de covoiturage universitaire. Notre solution apporte une rponse concrte  la lenteur des processus manuels actuels. Les travaux futurs porteront sur l'amlioration des performances et la scalabilit du systme.","Ce travail vise  concevoir et implmenter une application de covoiturage universitaire en utilisant blockchain et smart contracts. La problmatique principale est la lenteur des processus manuels actuels. Notre approche repose sur une tude de cas approfondie avec donnes relles. La mthodologie de dveloppement choisie est une tude de cas approfondie avec donnes relles. Nous avons structur le travail en 6 phases distinctes. Chaque phase comprend des livrables mesurables et des critres de validation clairs. Les tests raliss montrent que notre solution atteint 94% de prcision. Les performances obtenues dpassent les solutions existantes de 20%. L'interface utilisateur a t valide par 13 utilisateurs rels. En conclusion, nous avons conu et implment une application de covoiturage universitaire. Notre solution apporte une rponse concrte  la lenteur des processus manuels actuels. Les travaux futurs porteront sur l'amlioration des performances et la scalabilit du systme."
ARCH-0043,Un systme de surveillance de la qualit de l'air avec Docker et Kubernetes,Web,2024,Etudiant_0043,Ce projet de fin d'tudes porte sur un systme de surveillance de la qualit de l'air. La motivation principale est les pertes financires dues aux erreurs humaines qui constitue un dfi majeur. Nous proposons une solution base sur Docker et Kubernetes en suivant une approche le prototypage rapide et l'itration continue.,"Pour raliser ce projet, nous avons adopt le prototypage rapide et l'itration continue. Cette approche nous permet de livrer des incrments fonctionnels rgulirement. Le travail a t divis en 3 itrations de dure gale.","Notre systme a t valu sur un jeu de donnes de 1353 enregistrements. Les rsultats indiquent une amlioration de 38% par rapport  l'approche classique. Le temps de rponse moyen est de 229ms, ce qui rpond aux exigences.",Ce travail a permis de dvelopper un systme de surveillance de la qualit de l'air qui rpond efficacement  les pertes financires dues aux erreurs humaines. Les rsultats obtenus sont satisfaisants et ouvrent la voie  des amliorations futures. Les perspectives incluent l'intgration de nouvelles fonctionnalits et l'extension  d'autres contextes.,"Ce projet de fin d'tudes porte sur un systme de surveillance de la qualit de l'air. La motivation principale est les pertes financires dues aux erreurs humaines qui constitue un dfi majeur. Nous proposons une solution base sur Docker et Kubernetes en suivant une approche le prototypage rapide et l'itration continue. Pour raliser ce projet, nous avons adopt le prototypage rapide et l'itration continue. Cette approche nous permet de livrer des incrments fonctionnels rgulirement. Le travail a t divis en 3 itrations de dure gale. Notre systme a t valu sur un jeu de donnes de 1353 enregistrements. Les rsultats indiquent une amlioration de 38% par rapport  l'approche classique. Le temps de rponse moyen est de 229ms, ce qui rpond aux exigences. Ce travail a permis de dvelopper un systme de surveillance de la qualit de l'air qui rpond efficacement  les pertes financires dues aux erreurs humaines. Les rsultats obtenus sont satisfaisants et ouvrent la voie  des amliorations futures. Les perspectives incluent l'intgration de nouvelles fonctionnalits et l'extension  d'autres contextes."
ARCH-0044,Un systme de contrle d'accs biomtrique avec Python et TensorFlow,Mobile,2024,Etudiant_0044,"Dans le cadre de ce mmoire, nous proposons un systme de contrle d'accs biomtrique. Face  la lenteur des processus manuels actuels, nous avons choisi d'utiliser Python et TensorFlow comme solution principale. La mthodologie adopte est la recherche exprimentale avec validation empirique.",La mthodologie de dveloppement choisie est la recherche exprimentale avec validation empirique. Nous avons structur le travail en 4 phases distinctes. Chaque phase comprend des livrables mesurables et des critres de validation clairs.,Les tests raliss montrent que notre solution atteint 84% de prcision. Les performances obtenues dpassent les solutions existantes de 30%. L'interface utilisateur a t valide par 17 utilisateurs rels.,"En conclusion, nous avons conu et implment un systme de contrle d'accs biomtrique. Notre solution apporte une rponse concrte  la lenteur des processus manuels actuels. Les travaux futurs porteront sur l'amlioration des performances et la scalabilit du systme.","Dans le cadre de ce mmoire, nous proposons un systme de contrle d'accs biomtrique. Face  la lenteur des processus manuels actuels, nous avons choisi d'utiliser Python et TensorFlow comme solution principale. La mthodologie adopte est la recherche exprimentale avec validation empirique. La mthodologie de dveloppement choisie est la recherche exprimentale avec validation empirique. Nous avons structur le travail en 4 phases distinctes. Chaque phase comprend des livrables mesurables et des critres de validation clairs. Les tests raliss montrent que notre solution atteint 84% de prcision. Les performances obtenues dpassent les solutions existantes de 30%. L'interface utilisateur a t valide par 17 utilisateurs rels. En conclusion, nous avons conu et implment un systme de contrle d'accs biomtrique. Notre solution apporte une rponse concrte  la lenteur des processus manuels actuels. Les travaux futurs porteront sur l'amlioration des performances et la scalabilit du systme."
ARCH-0045,Un systme de surveillance de la qualit de l'air avec Django et PostgreSQL,Web,2022,Etudiant_0045,L'objectif de cette tude est de rsoudre le manque d'accessibilit aux services dans les zones rurales grce  un systme de surveillance de la qualit de l'air. Nous utilisons Django et PostgreSQL combin avec la recherche exprimentale avec validation empirique pour atteindre cet objectif.,La mthodologie de dveloppement choisie est la recherche exprimentale avec validation empirique. Nous avons structur le travail en 3 phases distinctes. Chaque phase comprend des livrables mesurables et des critres de validation clairs.,"Notre systme a t valu sur un jeu de donnes de 6998 enregistrements. Les rsultats indiquent une amlioration de 36% par rapport  l'approche classique. Le temps de rponse moyen est de 416ms, ce qui rpond aux exigences.",Ce travail a permis de dvelopper un systme de surveillance de la qualit de l'air qui rpond efficacement  le manque d'accessibilit aux services dans les zones rurales. Les rsultats obtenus sont satisfaisants et ouvrent la voie  des amliorations futures. Les perspectives incluent l'intgration de nouvelles fonctionnalits et l'extension  d'autres contextes.,"L'objectif de cette tude est de rsoudre le manque d'accessibilit aux services dans les zones rurales grce  un systme de surveillance de la qualit de l'air. Nous utilisons Django et PostgreSQL combin avec la recherche exprimentale avec validation empirique pour atteindre cet objectif. La mthodologie de dveloppement choisie est la recherche exprimentale avec validation empirique. Nous avons structur le travail en 3 phases distinctes. Chaque phase comprend des livrables mesurables et des critres de validation clairs. Notre systme a t valu sur un jeu de donnes de 6998 enregistrements. Les rsultats indiquent une amlioration de 36% par rapport  l'approche classique. Le temps de rponse moyen est de 416ms, ce qui rpond aux exigences. Ce travail a permis de dvelopper un systme de surveillance de la qualit de l'air qui rpond efficacement  le manque d'accessibilit aux services dans les zones rurales. Les rsultats obtenus sont satisfaisants et ouvrent la voie  des amliorations futures. Les perspectives incluent l'intgration de nouvelles fonctionnalits et l'extension  d'autres contextes."
ARCH-0046,Une plateforme de gestion des ressources humaines avec Flutter et Firebase,IoT,2018,Etudiant_0046,Ce travail vise  concevoir et implmenter une plateforme de gestion des ressources humaines en utilisant Flutter et Firebase. La problmatique principale est le manque d'accessibilit aux services dans les zones rurales. Notre approche repose sur le prototypage rapide et l'itration continue.,"L'approche mthodologique retenue est le prototypage rapide et l'itration continue. Elle se dcline en 3 grandes tapes : analyse des besoins, conception, implmentation, tests et dploiement.","Notre systme a t valu sur un jeu de donnes de 1629 enregistrements. Les rsultats indiquent une amlioration de 28% par rapport  l'approche classique. Le temps de rponse moyen est de 309ms, ce qui rpond aux exigences.",Ce mmoire prsente une plateforme de gestion des ressources humaines comme solution  le manque d'accessibilit aux services dans les zones rurales. Les objectifs fixs au dpart ont t atteints. Cette tude constitue une base solide pour de futures recherches dans ce domaine.,"Ce travail vise  concevoir et implmenter une plateforme de gestion des ressources humaines en utilisant Flutter et Firebase. La problmatique principale est le manque d'accessibilit aux services dans les zones rurales. Notre approche repose sur le prototypage rapide et l'itration continue. L'approche mthodologique retenue est le prototypage rapide et l'itration continue. Elle se dcline en 3 grandes tapes : analyse des besoins, conception, implmentation, tests et dploiement. Notre systme a t valu sur un jeu de donnes de 1629 enregistrements. Les rsultats indiquent une amlioration de 28% par rapport  l'approche classique. Le temps de rponse moyen est de 309ms, ce qui rpond aux exigences. Ce mmoire prsente une plateforme de gestion des ressources humaines comme solution  le manque d'accessibilit aux services dans les zones rurales. Les objectifs fixs au dpart ont t atteints. Cette tude constitue une base solide pour de futures recherches dans ce domaine."
ARCH-0047,Un outil d'analyse de sentiment sur les rseaux sociaux avec machine learning et scikit-learn,BDD,2021,Etudiant_0047,Ce projet de fin d'tudes porte sur un outil d'analyse de sentiment sur les rseaux sociaux. La motivation principale est le manque de traabilit dans les processus administratifs qui constitue un dfi majeur. Nous proposons une solution base sur machine learning et scikit-learn en suivant une approche SCRUM avec des sprints de 2 semaines.,"Pour raliser ce projet, nous avons adopt SCRUM avec des sprints de 2 semaines. Cette approche nous permet de livrer des incrments fonctionnels rgulirement. Le travail a t divis en 6 itrations de dure gale.","Les exprimentations confirment la viabilit de notre approche avec 84% d'efficacit. Compar aux solutions actuelles, nous observons un gain de 28% sur les mtriques cls. Ces rsultats ont t valids par une quipe de 21 experts du domaine.","En conclusion, nous avons conu et implment un outil d'analyse de sentiment sur les rseaux sociaux. Notre solution apporte une rponse concrte  le manque de traabilit dans les processus administratifs. Les travaux futurs porteront sur l'amlioration des performances et la scalabilit du systme.","Ce projet de fin d'tudes porte sur un outil d'analyse de sentiment sur les rseaux sociaux. La motivation principale est le manque de traabilit dans les processus administratifs qui constitue un dfi majeur. Nous proposons une solution base sur machine learning et scikit-learn en suivant une approche SCRUM avec des sprints de 2 semaines. Pour raliser ce projet, nous avons adopt SCRUM avec des sprints de 2 semaines. Cette approche nous permet de livrer des incrments fonctionnels rgulirement. Le travail a t divis en 6 itrations de dure gale. Les exprimentations confirment la viabilit de notre approche avec 84% d'efficacit. Compar aux solutions actuelles, nous observons un gain de 28% sur les mtriques cls. Ces rsultats ont t valids par une quipe de 21 experts du domaine. En conclusion, nous avons conu et implment un outil d'analyse de sentiment sur les rseaux sociaux. Notre solution apporte une rponse concrte  le manque de traabilit dans les processus administratifs. Les travaux futurs porteront sur l'amlioration des performances et la scalabilit du systme."
ARCH-0048,Une plateforme e-commerce pour artisans locaux avec NLP et transformers BERT,Cloud,2020,Etudiant_0048,"Dans le cadre de ce mmoire, nous proposons une plateforme e-commerce pour artisans locaux. Face  l'absence d'outils adapts au contexte africain, nous avons choisi d'utiliser NLP et transformers BERT comme solution principale. La mthodologie adopte est le prototypage rapide et l'itration continue.",La mthodologie de dveloppement choisie est le prototypage rapide et l'itration continue. Nous avons structur le travail en 5 phases distinctes. Chaque phase comprend des livrables mesurables et des critres de validation clairs.,"Notre systme a t valu sur un jeu de donnes de 9836 enregistrements. Les rsultats indiquent une amlioration de 39% par rapport  l'approche classique. Le temps de rponse moyen est de 362ms, ce qui rpond aux exigences.",Ce mmoire prsente une plateforme e-commerce pour artisans locaux comme solution  l'absence d'outils adapts au contexte africain. Les objectifs fixs au dpart ont t atteints. Cette tude constitue une base solide pour de futures recherches dans ce domaine.,"Dans le cadre de ce mmoire, nous proposons une plateforme e-commerce pour artisans locaux. Face  l'absence d'outils adapts au contexte africain, nous avons choisi d'utiliser NLP et transformers BERT comme solution principale. La mthodologie adopte est le prototypage rapide et l'itration continue. La mthodologie de dveloppement choisie est le prototypage rapide et l'itration continue. Nous avons structur le travail en 5 phases distinctes. Chaque phase comprend des livrables mesurables et des critres de validation clairs. Notre systme a t valu sur un jeu de donnes de 9836 enregistrements. Les rsultats indiquent une amlioration de 39% par rapport  l'approche classique. Le temps de rponse moyen est de 362ms, ce qui rpond aux exigences. Ce mmoire prsente une plateforme e-commerce pour artisans locaux comme solution  l'absence d'outils adapts au contexte africain. Les objectifs fixs au dpart ont t atteints. Cette tude constitue une base solide pour de futures recherches dans ce domaine."
ARCH-0049,Un systme de dtection de fraude bancaire avec deep learning et PyTorch,Rseau,2018,Etudiant_0049,Ce projet de fin d'tudes porte sur un systme de dtection de fraude bancaire. La motivation principale est la difficult d'accs aux soins mdicaux qui constitue un dfi majeur. Nous proposons une solution base sur deep learning et PyTorch en suivant une approche la recherche exprimentale avec validation empirique.,La mthodologie de dveloppement choisie est la recherche exprimentale avec validation empirique. Nous avons structur le travail en 5 phases distinctes. Chaque phase comprend des livrables mesurables et des critres de validation clairs.,"Notre systme a t valu sur un jeu de donnes de 5026 enregistrements. Les rsultats indiquent une amlioration de 23% par rapport  l'approche classique. Le temps de rponse moyen est de 334ms, ce qui rpond aux exigences.",Ce travail a permis de dvelopper un systme de dtection de fraude bancaire qui rpond efficacement  la difficult d'accs aux soins mdicaux. Les rsultats obtenus sont satisfaisants et ouvrent la voie  des amliorations futures. Les perspectives incluent l'intgration de nouvelles fonctionnalits et l'extension  d'autres contextes.,"Ce projet de fin d'tudes porte sur un systme de dtection de fraude bancaire. La motivation principale est la difficult d'accs aux soins mdicaux qui constitue un dfi majeur. Nous proposons une solution base sur deep learning et PyTorch en suivant une approche la recherche exprimentale avec validation empirique. La mthodologie de dveloppement choisie est la recherche exprimentale avec validation empirique. Nous avons structur le travail en 5 phases distinctes. Chaque phase comprend des livrables mesurables et des critres de validation clairs. Notre systme a t valu sur un jeu de donnes de 5026 enregistrements. Les rsultats indiquent une amlioration de 23% par rapport  l'approche classique. Le temps de rponse moyen est de 334ms, ce qui rpond aux exigences. Ce travail a permis de dvelopper un systme de dtection de fraude bancaire qui rpond efficacement  la difficult d'accs aux soins mdicaux. Les rsultats obtenus sont satisfaisants et ouvrent la voie  des amliorations futures. Les perspectives incluent l'intgration de nouvelles fonctionnalits et l'extension  d'autres contextes."
ARCH-0050,Un systme de gestion des stocks intelligents avec machine learning et scikit-learn,Cloud,2023,Etudiant_0050,"Dans le cadre de ce mmoire, nous proposons un systme de gestion des stocks intelligents. Face  le manque de traabilit dans les processus administratifs, nous avons choisi d'utiliser machine learning et scikit-learn comme solution principale. La mthodologie adopte est la recherche-action avec participation des utilisateurs finaux.","L'approche mthodologique retenue est la recherche-action avec participation des utilisateurs finaux. Elle se dcline en 6 grandes tapes : analyse des besoins, conception, implmentation, tests et dploiement.","Les exprimentations confirment la viabilit de notre approche avec 95% d'efficacit. Compar aux solutions actuelles, nous observons un gain de 29% sur les mtriques cls. Ces rsultats ont t valids par une quipe de 11 experts du domaine.",Ce travail a permis de dvelopper un systme de gestion des stocks intelligents qui rpond efficacement  le manque de traabilit dans les processus administratifs. Les rsultats obtenus sont satisfaisants et ouvrent la voie  des amliorations futures. Les perspectives incluent l'intgration de nouvelles fonctionnalits et l'extension  d'autres contextes.,"Dans le cadre de ce mmoire, nous proposons un systme de gestion des stocks intelligents. Face  le manque de traabilit dans les processus administratifs, nous avons choisi d'utiliser machine learning et scikit-learn comme solution principale. La mthodologie adopte est la recherche-action avec participation des utilisateurs finaux. L'approche mthodologique retenue est la recherche-action avec participation des utilisateurs finaux. Elle se dcline en 6 grandes tapes : analyse des besoins, conception, implmentation, tests et dploiement. Les exprimentations confirment la viabilit de notre approche avec 95% d'efficacit. Compar aux solutions actuelles, nous observons un gain de 29% sur les mtriques cls. Ces rsultats ont t valids par une quipe de 11 experts du domaine. Ce travail a permis de dvelopper un systme de gestion des stocks intelligents qui rpond efficacement  le manque de traabilit dans les processus administratifs. Les rsultats obtenus sont satisfaisants et ouvrent la voie  des amliorations futures. Les perspectives incluent l'intgration de nouvelles fonctionnalits et l'extension  d'autres contextes."
ARCH-0051,Un systme de gestion des stocks intelligents avec Arduino et Raspberry Pi,Rseau,2020,Etudiant_0051,L'objectif de cette tude est de rsoudre la difficult d'accs aux soins mdicaux grce  un systme de gestion des stocks intelligents. Nous utilisons Arduino et Raspberry Pi combin avec une tude de cas approfondie avec donnes relles pour atteindre cet objectif.,"Pour raliser ce projet, nous avons adopt une tude de cas approfondie avec donnes relles. Cette approche nous permet de livrer des incrments fonctionnels rgulirement. Le travail a t divis en 5 itrations de dure gale.","Notre systme a t valu sur un jeu de donnes de 4618 enregistrements. Les rsultats indiquent une amlioration de 23% par rapport  l'approche classique. Le temps de rponse moyen est de 168ms, ce qui rpond aux exigences.",Ce travail a permis de dvelopper un systme de gestion des stocks intelligents qui rpond efficacement  la difficult d'accs aux soins mdicaux. Les rsultats obtenus sont satisfaisants et ouvrent la voie  des amliorations futures. Les perspectives incluent l'intgration de nouvelles fonctionnalits et l'extension  d'autres contextes.,"L'objectif de cette tude est de rsoudre la difficult d'accs aux soins mdicaux grce  un systme de gestion des stocks intelligents. Nous utilisons Arduino et Raspberry Pi combin avec une tude de cas approfondie avec donnes relles pour atteindre cet objectif. Pour raliser ce projet, nous avons adopt une tude de cas approfondie avec donnes relles. Cette approche nous permet de livrer des incrments fonctionnels rgulirement. Le travail a t divis en 5 itrations de dure gale. Notre systme a t valu sur un jeu de donnes de 4618 enregistrements. Les rsultats indiquent une amlioration de 23% par rapport  l'approche classique. Le temps de rponse moyen est de 168ms, ce qui rpond aux exigences. Ce travail a permis de dvelopper un systme de gestion des stocks intelligents qui rpond efficacement  la difficult d'accs aux soins mdicaux. Les rsultats obtenus sont satisfaisants et ouvrent la voie  des amliorations futures. Les perspectives incluent l'intgration de nouvelles fonctionnalits et l'extension  d'autres contextes."
ARCH-0052,Une plateforme de tlmdecine avec blockchain et smart contracts,Mobile,2019,Etudiant_0052,"Dans le cadre de ce mmoire, nous proposons une plateforme de tlmdecine. Face  la scurit insuffisante des donnes personnelles, nous avons choisi d'utiliser blockchain et smart contracts comme solution principale. La mthodologie adopte est la recherche exprimentale avec validation empirique.","L'approche mthodologique retenue est la recherche exprimentale avec validation empirique. Elle se dcline en 6 grandes tapes : analyse des besoins, conception, implmentation, tests et dploiement.","Notre systme a t valu sur un jeu de donnes de 5136 enregistrements. Les rsultats indiquent une amlioration de 39% par rapport  l'approche classique. Le temps de rponse moyen est de 101ms, ce qui rpond aux exigences.",Ce travail a permis de dvelopper une plateforme de tlmdecine qui rpond efficacement  la scurit insuffisante des donnes personnelles. Les rsultats obtenus sont satisfaisants et ouvrent la voie  des amliorations futures. Les perspectives incluent l'intgration de nouvelles fonctionnalits et l'extension  d'autres contextes.,"Dans le cadre de ce mmoire, nous proposons une plateforme de tlmdecine. Face  la scurit insuffisante des donnes personnelles, nous avons choisi d'utiliser blockchain et smart contracts comme solution principale. La mthodologie adopte est la recherche exprimentale avec validation empirique. L'approche mthodologique retenue est la recherche exprimentale avec validation empirique. Elle se dcline en 6 grandes tapes : analyse des besoins, conception, implmentation, tests et dploiement. Notre systme a t valu sur un jeu de donnes de 5136 enregistrements. Les rsultats indiquent une amlioration de 39% par rapport  l'approche classique. Le temps de rponse moyen est de 101ms, ce qui rpond aux exigences. Ce travail a permis de dvelopper une plateforme de tlmdecine qui rpond efficacement  la scurit insuffisante des donnes personnelles. Les rsultats obtenus sont satisfaisants et ouvrent la voie  des amliorations futures. Les perspectives incluent l'intgration de nouvelles fonctionnalits et l'extension  d'autres contextes."
ARCH-0053,Un systme de surveillance de la qualit de l'air avec Django et PostgreSQL,Mobile,2021,Etudiant_0053,"Dans le cadre de ce mmoire, nous proposons un systme de surveillance de la qualit de l'air. Face  l'absence d'outils adapts au contexte africain, nous avons choisi d'utiliser Django et PostgreSQL comme solution principale. La mthodologie adopte est SCRUM avec des sprints de 2 semaines.","Pour raliser ce projet, nous avons adopt SCRUM avec des sprints de 2 semaines. Cette approche nous permet de livrer des incrments fonctionnels rgulirement. Le travail a t divis en 3 itrations de dure gale.",Les tests raliss montrent que notre solution atteint 97% de prcision. Les performances obtenues dpassent les solutions existantes de 24%. L'interface utilisateur a t valide par 18 utilisateurs rels.,Ce travail a permis de dvelopper un systme de surveillance de la qualit de l'air qui rpond efficacement  l'absence d'outils adapts au contexte africain. Les rsultats obtenus sont satisfaisants et ouvrent la voie  des amliorations futures. Les perspectives incluent l'intgration de nouvelles fonctionnalits et l'extension  d'autres contextes.,"Dans le cadre de ce mmoire, nous proposons un systme de surveillance de la qualit de l'air. Face  l'absence d'outils adapts au contexte africain, nous avons choisi d'utiliser Django et PostgreSQL comme solution principale. La mthodologie adopte est SCRUM avec des sprints de 2 semaines. Pour raliser ce projet, nous avons adopt SCRUM avec des sprints de 2 semaines. Cette approche nous permet de livrer des incrments fonctionnels rgulirement. Le travail a t divis en 3 itrations de dure gale. Les tests raliss montrent que notre solution atteint 97% de prcision. Les performances obtenues dpassent les solutions existantes de 24%. L'interface utilisateur a t valide par 18 utilisateurs rels. Ce travail a permis de dvelopper un systme de surveillance de la qualit de l'air qui rpond efficacement  l'absence d'outils adapts au contexte africain. Les rsultats obtenus sont satisfaisants et ouvrent la voie  des amliorations futures. Les perspectives incluent l'intgration de nouvelles fonctionnalits et l'extension  d'autres contextes."
ARCH-0054,Un systme de vote lectronique avec deep learning et PyTorch,IA,2019,Etudiant_0054,Ce travail vise  concevoir et implmenter un systme de vote lectronique en utilisant deep learning et PyTorch. La problmatique principale est la difficult d'accs aux soins mdicaux. Notre approche repose sur la recherche exprimentale avec validation empirique.,"Pour raliser ce projet, nous avons adopt la recherche exprimentale avec validation empirique. Cette approche nous permet de livrer des incrments fonctionnels rgulirement. Le travail a t divis en 6 itrations de dure gale.",Les tests raliss montrent que notre solution atteint 82% de prcision. Les performances obtenues dpassent les solutions existantes de 27%. L'interface utilisateur a t valide par 41 utilisateurs rels.,Ce mmoire prsente un systme de vote lectronique comme solution  la difficult d'accs aux soins mdicaux. Les objectifs fixs au dpart ont t atteints. Cette tude constitue une base solide pour de futures recherches dans ce domaine.,"Ce travail vise  concevoir et implmenter un systme de vote lectronique en utilisant deep learning et PyTorch. La problmatique principale est la difficult d'accs aux soins mdicaux. Notre approche repose sur la recherche exprimentale avec validation empirique. Pour raliser ce projet, nous avons adopt la recherche exprimentale avec validation empirique. Cette approche nous permet de livrer des incrments fonctionnels rgulirement. Le travail a t divis en 6 itrations de dure gale. Les tests raliss montrent que notre solution atteint 82% de prcision. Les performances obtenues dpassent les solutions existantes de 27%. L'interface utilisateur a t valide par 41 utilisateurs rels. Ce mmoire prsente un systme de vote lectronique comme solution  la difficult d'accs aux soins mdicaux. Les objectifs fixs au dpart ont t atteints. Cette tude constitue une base solide pour de futures recherches dans ce domaine."
ARCH-0055,Un moteur de recommandation de cours avec NLP et transformers BERT,Mobile,2024,Etudiant_0055,"Dans le cadre de ce mmoire, nous proposons un moteur de recommandation de cours. Face  l'absence d'outils adapts au contexte africain, nous avons choisi d'utiliser NLP et transformers BERT comme solution principale. La mthodologie adopte est SCRUM avec des sprints de 2 semaines.",La mthodologie de dveloppement choisie est SCRUM avec des sprints de 2 semaines. Nous avons structur le travail en 6 phases distinctes. Chaque phase comprend des livrables mesurables et des critres de validation clairs.,"Les exprimentations confirment la viabilit de notre approche avec 87% d'efficacit. Compar aux solutions actuelles, nous observons un gain de 39% sur les mtriques cls. Ces rsultats ont t valids par une quipe de 43 experts du domaine.","En conclusion, nous avons conu et implment un moteur de recommandation de cours. Notre solution apporte une rponse concrte  l'absence d'outils adapts au contexte africain. Les travaux futurs porteront sur l'amlioration des performances et la scalabilit du systme.","Dans le cadre de ce mmoire, nous proposons un moteur de recommandation de cours. Face  l'absence d'outils adapts au contexte africain, nous avons choisi d'utiliser NLP et transformers BERT comme solution principale. La mthodologie adopte est SCRUM avec des sprints de 2 semaines. La mthodologie de dveloppement choisie est SCRUM avec des sprints de 2 semaines. Nous avons structur le travail en 6 phases distinctes. Chaque phase comprend des livrables mesurables et des critres de validation clairs. Les exprimentations confirment la viabilit de notre approche avec 87% d'efficacit. Compar aux solutions actuelles, nous observons un gain de 39% sur les mtriques cls. Ces rsultats ont t valids par une quipe de 43 experts du domaine. En conclusion, nous avons conu et implment un moteur de recommandation de cours. Notre solution apporte une rponse concrte  l'absence d'outils adapts au contexte africain. Les travaux futurs porteront sur l'amlioration des performances et la scalabilit du systme."
ARCH-0056,Une application de covoiturage universitaire avec machine learning et scikit-learn,Web,2019,Etudiant_0056,Ce travail vise  concevoir et implmenter une application de covoiturage universitaire en utilisant machine learning et scikit-learn. La problmatique principale est l'absence d'outils adapts au contexte africain. Notre approche repose sur la recherche-action avec participation des utilisateurs finaux.,"L'approche mthodologique retenue est la recherche-action avec participation des utilisateurs finaux. Elle se dcline en 3 grandes tapes : analyse des besoins, conception, implmentation, tests et dploiement.",Les tests raliss montrent que notre solution atteint 86% de prcision. Les performances obtenues dpassent les solutions existantes de 23%. L'interface utilisateur a t valide par 15 utilisateurs rels.,Ce travail a permis de dvelopper une application de covoiturage universitaire qui rpond efficacement  l'absence d'outils adapts au contexte africain. Les rsultats obtenus sont satisfaisants et ouvrent la voie  des amliorations futures. Les perspectives incluent l'intgration de nouvelles fonctionnalits et l'extension  d'autres contextes.,"Ce travail vise  concevoir et implmenter une application de covoiturage universitaire en utilisant machine learning et scikit-learn. La problmatique principale est l'absence d'outils adapts au contexte africain. Notre approche repose sur la recherche-action avec participation des utilisateurs finaux. L'approche mthodologique retenue est la recherche-action avec participation des utilisateurs finaux. Elle se dcline en 3 grandes tapes : analyse des besoins, conception, implmentation, tests et dploiement. Les tests raliss montrent que notre solution atteint 86% de prcision. Les performances obtenues dpassent les solutions existantes de 23%. L'interface utilisateur a t valide par 15 utilisateurs rels. Ce travail a permis de dvelopper une application de covoiturage universitaire qui rpond efficacement  l'absence d'outils adapts au contexte africain. Les rsultats obtenus sont satisfaisants et ouvrent la voie  des amliorations futures. Les perspectives incluent l'intgration de nouvelles fonctionnalits et l'extension  d'autres contextes."
ARCH-0057,Un systme de dtection de fraude bancaire avec machine learning et scikit-learn,Rseau,2020,Etudiant_0057,Ce projet de fin d'tudes porte sur un systme de dtection de fraude bancaire. La motivation principale est le manque de traabilit dans les processus administratifs qui constitue un dfi majeur. Nous proposons une solution base sur machine learning et scikit-learn en suivant une approche la recherche-action avec participation des utilisateurs finaux.,"Pour raliser ce projet, nous avons adopt la recherche-action avec participation des utilisateurs finaux. Cette approche nous permet de livrer des incrments fonctionnels rgulirement. Le travail a t divis en 3 itrations de dure gale.",Les tests raliss montrent que notre solution atteint 89% de prcision. Les performances obtenues dpassent les solutions existantes de 37%. L'interface utilisateur a t valide par 28 utilisateurs rels.,Ce mmoire prsente un systme de dtection de fraude bancaire comme solution  le manque de traabilit dans les processus administratifs. Les objectifs fixs au dpart ont t atteints. Cette tude constitue une base solide pour de futures recherches dans ce domaine.,"Ce projet de fin d'tudes porte sur un systme de dtection de fraude bancaire. La motivation principale est le manque de traabilit dans les processus administratifs qui constitue un dfi majeur. Nous proposons une solution base sur machine learning et scikit-learn en suivant une approche la recherche-action avec participation des utilisateurs finaux. Pour raliser ce projet, nous avons adopt la recherche-action avec participation des utilisateurs finaux. Cette approche nous permet de livrer des incrments fonctionnels rgulirement. Le travail a t divis en 3 itrations de dure gale. Les tests raliss montrent que notre solution atteint 89% de prcision. Les performances obtenues dpassent les solutions existantes de 37%. L'interface utilisateur a t valide par 28 utilisateurs rels. Ce mmoire prsente un systme de dtection de fraude bancaire comme solution  le manque de traabilit dans les processus administratifs. Les objectifs fixs au dpart ont t atteints. Cette tude constitue une base solide pour de futures recherches dans ce domaine."
ARCH-0058,Un systme de prdiction du dcrochage scolaire avec NLP et transformers BERT,Cyber,2024,Etudiant_0058,Ce travail vise  concevoir et implmenter un systme de prdiction du dcrochage scolaire en utilisant NLP et transformers BERT. La problmatique principale est le cot lev des solutions existantes sur le march. Notre approche repose sur une tude de cas approfondie avec donnes relles.,"L'approche mthodologique retenue est une tude de cas approfondie avec donnes relles. Elle se dcline en 4 grandes tapes : analyse des besoins, conception, implmentation, tests et dploiement.","Les exprimentations confirment la viabilit de notre approche avec 84% d'efficacit. Compar aux solutions actuelles, nous observons un gain de 44% sur les mtriques cls. Ces rsultats ont t valids par une quipe de 27 experts du domaine.",Ce travail a permis de dvelopper un systme de prdiction du dcrochage scolaire qui rpond efficacement  le cot lev des solutions existantes sur le march. Les rsultats obtenus sont satisfaisants et ouvrent la voie  des amliorations futures. Les perspectives incluent l'intgration de nouvelles fonctionnalits et l'extension  d'autres contextes.,"Ce travail vise  concevoir et implmenter un systme de prdiction du dcrochage scolaire en utilisant NLP et transformers BERT. La problmatique principale est le cot lev des solutions existantes sur le march. Notre approche repose sur une tude de cas approfondie avec donnes relles. L'approche mthodologique retenue est une tude de cas approfondie avec donnes relles. Elle se dcline en 4 grandes tapes : analyse des besoins, conception, implmentation, tests et dploiement. Les exprimentations confirment la viabilit de notre approche avec 84% d'efficacit. Compar aux solutions actuelles, nous observons un gain de 44% sur les mtriques cls. Ces rsultats ont t valids par une quipe de 27 experts du domaine. Ce travail a permis de dvelopper un systme de prdiction du dcrochage scolaire qui rpond efficacement  le cot lev des solutions existantes sur le march. Les rsultats obtenus sont satisfaisants et ouvrent la voie  des amliorations futures. Les perspectives incluent l'intgration de nouvelles fonctionnalits et l'extension  d'autres contextes."
ARCH-0059,Une application de paiement mobile scurise avec NLP et transformers BERT,BDD,2018,Etudiant_0059,Ce travail vise  concevoir et implmenter une application de paiement mobile scurise en utilisant NLP et transformers BERT. La problmatique principale est l'absence d'outils adapts au contexte africain. Notre approche repose sur une tude de cas approfondie avec donnes relles.,"Pour raliser ce projet, nous avons adopt une tude de cas approfondie avec donnes relles. Cette approche nous permet de livrer des incrments fonctionnels rgulirement. Le travail a t divis en 5 itrations de dure gale.","Les exprimentations confirment la viabilit de notre approche avec 92% d'efficacit. Compar aux solutions actuelles, nous observons un gain de 45% sur les mtriques cls. Ces rsultats ont t valids par une quipe de 27 experts du domaine.","En conclusion, nous avons conu et implment une application de paiement mobile scurise. Notre solution apporte une rponse concrte  l'absence d'outils adapts au contexte africain. Les travaux futurs porteront sur l'amlioration des performances et la scalabilit du systme.","Ce travail vise  concevoir et implmenter une application de paiement mobile scurise en utilisant NLP et transformers BERT. La problmatique principale est l'absence d'outils adapts au contexte africain. Notre approche repose sur une tude de cas approfondie avec donnes relles. Pour raliser ce projet, nous avons adopt une tude de cas approfondie avec donnes relles. Cette approche nous permet de livrer des incrments fonctionnels rgulirement. Le travail a t divis en 5 itrations de dure gale. Les exprimentations confirment la viabilit de notre approche avec 92% d'efficacit. Compar aux solutions actuelles, nous observons un gain de 45% sur les mtriques cls. Ces rsultats ont t valids par une quipe de 27 experts du domaine. En conclusion, nous avons conu et implment une application de paiement mobile scurise. Notre solution apporte une rponse concrte  l'absence d'outils adapts au contexte africain. Les travaux futurs porteront sur l'amlioration des performances et la scalabilit du systme."
ARCH-0060,Une application de covoiturage universitaire avec Python et TensorFlow,Cyber,2021,Etudiant_0060,L'objectif de cette tude est de rsoudre les pertes financires dues aux erreurs humaines grce  une application de covoiturage universitaire. Nous utilisons Python et TensorFlow combin avec le prototypage rapide et l'itration continue pour atteindre cet objectif.,La mthodologie de dveloppement choisie est le prototypage rapide et l'itration continue. Nous avons structur le travail en 3 phases distinctes. Chaque phase comprend des livrables mesurables et des critres de validation clairs.,Les tests raliss montrent que notre solution atteint 98% de prcision. Les performances obtenues dpassent les solutions existantes de 33%. L'interface utilisateur a t valide par 11 utilisateurs rels.,Ce travail a permis de dvelopper une application de covoiturage universitaire qui rpond efficacement  les pertes financires dues aux erreurs humaines. Les rsultats obtenus sont satisfaisants et ouvrent la voie  des amliorations futures. Les perspectives incluent l'intgration de nouvelles fonctionnalits et l'extension  d'autres contextes.,L'objectif de cette tude est de rsoudre les pertes financires dues aux erreurs humaines grce  une application de covoiturage universitaire. Nous utilisons Python et TensorFlow combin avec le prototypage rapide et l'itration continue pour atteindre cet objectif. La mthodologie de dveloppement choisie est le prototypage rapide et l'itration continue. Nous avons structur le travail en 3 phases distinctes. Chaque phase comprend des livrables mesurables et des critres de validation clairs. Les tests raliss montrent que notre solution atteint 98% de prcision. Les performances obtenues dpassent les solutions existantes de 33%. L'interface utilisateur a t valide par 11 utilisateurs rels. Ce travail a permis de dvelopper une application de covoiturage universitaire qui rpond efficacement  les pertes financires dues aux erreurs humaines. Les rsultats obtenus sont satisfaisants et ouvrent la voie  des amliorations futures. Les perspectives incluent l'intgration de nouvelles fonctionnalits et l'extension  d'autres contextes.
ARCH-0061,Un chatbot d'assistance mdicale avec deep learning et PyTorch,Web,2024,Etudiant_0061,Ce projet de fin d'tudes porte sur un chatbot d'assistance mdicale. La motivation principale est l'absence d'outils adapts au contexte africain qui constitue un dfi majeur. Nous proposons une solution base sur deep learning et PyTorch en suivant une approche la recherche exprimentale avec validation empirique.,"L'approche mthodologique retenue est la recherche exprimentale avec validation empirique. Elle se dcline en 6 grandes tapes : analyse des besoins, conception, implmentation, tests et dploiement.",Les tests raliss montrent que notre solution atteint 95% de prcision. Les performances obtenues dpassent les solutions existantes de 26%. L'interface utilisateur a t valide par 36 utilisateurs rels.,Ce mmoire prsente un chatbot d'assistance mdicale comme solution  l'absence d'outils adapts au contexte africain. Les objectifs fixs au dpart ont t atteints. Cette tude constitue une base solide pour de futures recherches dans ce domaine.,"Ce projet de fin d'tudes porte sur un chatbot d'assistance mdicale. La motivation principale est l'absence d'outils adapts au contexte africain qui constitue un dfi majeur. Nous proposons une solution base sur deep learning et PyTorch en suivant une approche la recherche exprimentale avec validation empirique. L'approche mthodologique retenue est la recherche exprimentale avec validation empirique. Elle se dcline en 6 grandes tapes : analyse des besoins, conception, implmentation, tests et dploiement. Les tests raliss montrent que notre solution atteint 95% de prcision. Les performances obtenues dpassent les solutions existantes de 26%. L'interface utilisateur a t valide par 36 utilisateurs rels. Ce mmoire prsente un chatbot d'assistance mdicale comme solution  l'absence d'outils adapts au contexte africain. Les objectifs fixs au dpart ont t atteints. Cette tude constitue une base solide pour de futures recherches dans ce domaine."
ARCH-0062,Un moteur de recommandation de cours avec Docker et Kubernetes,Web,2024,Etudiant_0062,L'objectif de cette tude est de rsoudre les pertes financires dues aux erreurs humaines grce  un moteur de recommandation de cours. Nous utilisons Docker et Kubernetes combin avec une tude de cas approfondie avec donnes relles pour atteindre cet objectif.,"L'approche mthodologique retenue est une tude de cas approfondie avec donnes relles. Elle se dcline en 6 grandes tapes : analyse des besoins, conception, implmentation, tests et dploiement.","Les exprimentations confirment la viabilit de notre approche avec 81% d'efficacit. Compar aux solutions actuelles, nous observons un gain de 29% sur les mtriques cls. Ces rsultats ont t valids par une quipe de 15 experts du domaine.","En conclusion, nous avons conu et implment un moteur de recommandation de cours. Notre solution apporte une rponse concrte  les pertes financires dues aux erreurs humaines. Les travaux futurs porteront sur l'amlioration des performances et la scalabilit du systme.","L'objectif de cette tude est de rsoudre les pertes financires dues aux erreurs humaines grce  un moteur de recommandation de cours. Nous utilisons Docker et Kubernetes combin avec une tude de cas approfondie avec donnes relles pour atteindre cet objectif. L'approche mthodologique retenue est une tude de cas approfondie avec donnes relles. Elle se dcline en 6 grandes tapes : analyse des besoins, conception, implmentation, tests et dploiement. Les exprimentations confirment la viabilit de notre approche avec 81% d'efficacit. Compar aux solutions actuelles, nous observons un gain de 29% sur les mtriques cls. Ces rsultats ont t valids par une quipe de 15 experts du domaine. En conclusion, nous avons conu et implment un moteur de recommandation de cours. Notre solution apporte une rponse concrte  les pertes financires dues aux erreurs humaines. Les travaux futurs porteront sur l'amlioration des performances et la scalabilit du systme."
ARCH-0063,Une plateforme e-commerce pour artisans locaux avec blockchain et smart contracts,IA,2019,Etudiant_0063,Ce projet de fin d'tudes porte sur une plateforme e-commerce pour artisans locaux. La motivation principale est la lenteur des processus manuels actuels qui constitue un dfi majeur. Nous proposons une solution base sur blockchain et smart contracts en suivant une approche la recherche-action avec participation des utilisateurs finaux.,"Pour raliser ce projet, nous avons adopt la recherche-action avec participation des utilisateurs finaux. Cette approche nous permet de livrer des incrments fonctionnels rgulirement. Le travail a t divis en 3 itrations de dure gale.",Les tests raliss montrent que notre solution atteint 96% de prcision. Les performances obtenues dpassent les solutions existantes de 26%. L'interface utilisateur a t valide par 49 utilisateurs rels.,"En conclusion, nous avons conu et implment une plateforme e-commerce pour artisans locaux. Notre solution apporte une rponse concrte  la lenteur des processus manuels actuels. Les travaux futurs porteront sur l'amlioration des performances et la scalabilit du systme.","Ce projet de fin d'tudes porte sur une plateforme e-commerce pour artisans locaux. La motivation principale est la lenteur des processus manuels actuels qui constitue un dfi majeur. Nous proposons une solution base sur blockchain et smart contracts en suivant une approche la recherche-action avec participation des utilisateurs finaux. Pour raliser ce projet, nous avons adopt la recherche-action avec participation des utilisateurs finaux. Cette approche nous permet de livrer des incrments fonctionnels rgulirement. Le travail a t divis en 3 itrations de dure gale. Les tests raliss montrent que notre solution atteint 96% de prcision. Les performances obtenues dpassent les solutions existantes de 26%. L'interface utilisateur a t valide par 49 utilisateurs rels. En conclusion, nous avons conu et implment une plateforme e-commerce pour artisans locaux. Notre solution apporte une rponse concrte  la lenteur des processus manuels actuels. Les travaux futurs porteront sur l'amlioration des performances et la scalabilit du systme."
ARCH-0064,Une application de paiement mobile scurise avec blockchain et smart contracts,Mobile,2022,Etudiant_0064,Ce projet de fin d'tudes porte sur une application de paiement mobile scurise. La motivation principale est la scurit insuffisante des donnes personnelles qui constitue un dfi majeur. Nous proposons une solution base sur blockchain et smart contracts en suivant une approche le prototypage rapide et l'itration continue.,"L'approche mthodologique retenue est le prototypage rapide et l'itration continue. Elle se dcline en 6 grandes tapes : analyse des besoins, conception, implmentation, tests et dploiement.",Les tests raliss montrent que notre solution atteint 80% de prcision. Les performances obtenues dpassent les solutions existantes de 35%. L'interface utilisateur a t valide par 48 utilisateurs rels.,Ce travail a permis de dvelopper une application de paiement mobile scurise qui rpond efficacement  la scurit insuffisante des donnes personnelles. Les rsultats obtenus sont satisfaisants et ouvrent la voie  des amliorations futures. Les perspectives incluent l'intgration de nouvelles fonctionnalits et l'extension  d'autres contextes.,"Ce projet de fin d'tudes porte sur une application de paiement mobile scurise. La motivation principale est la scurit insuffisante des donnes personnelles qui constitue un dfi majeur. Nous proposons une solution base sur blockchain et smart contracts en suivant une approche le prototypage rapide et l'itration continue. L'approche mthodologique retenue est le prototypage rapide et l'itration continue. Elle se dcline en 6 grandes tapes : analyse des besoins, conception, implmentation, tests et dploiement. Les tests raliss montrent que notre solution atteint 80% de prcision. Les performances obtenues dpassent les solutions existantes de 35%. L'interface utilisateur a t valide par 48 utilisateurs rels. Ce travail a permis de dvelopper une application de paiement mobile scurise qui rpond efficacement  la scurit insuffisante des donnes personnelles. Les rsultats obtenus sont satisfaisants et ouvrent la voie  des amliorations futures. Les perspectives incluent l'intgration de nouvelles fonctionnalits et l'extension  d'autres contextes."
ARCH-0065,Un systme de dtection de fraude bancaire avec blockchain et smart contracts,Cloud,2024,Etudiant_0065,"Dans le cadre de ce mmoire, nous proposons un systme de dtection de fraude bancaire. Face  les pertes financires dues aux erreurs humaines, nous avons choisi d'utiliser blockchain et smart contracts comme solution principale. La mthodologie adopte est SCRUM avec des sprints de 2 semaines.",La mthodologie de dveloppement choisie est SCRUM avec des sprints de 2 semaines. Nous avons structur le travail en 6 phases distinctes. Chaque phase comprend des livrables mesurables et des critres de validation clairs.,Les tests raliss montrent que notre solution atteint 84% de prcision. Les performances obtenues dpassent les solutions existantes de 30%. L'interface utilisateur a t valide par 28 utilisateurs rels.,"En conclusion, nous avons conu et implment un systme de dtection de fraude bancaire. Notre solution apporte une rponse concrte  les pertes financires dues aux erreurs humaines. Les travaux futurs porteront sur l'amlioration des performances et la scalabilit du systme.","Dans le cadre de ce mmoire, nous proposons un systme de dtection de fraude bancaire. Face  les pertes financires dues aux erreurs humaines, nous avons choisi d'utiliser blockchain et smart contracts comme solution principale. La mthodologie adopte est SCRUM avec des sprints de 2 semaines. La mthodologie de dveloppement choisie est SCRUM avec des sprints de 2 semaines. Nous avons structur le travail en 6 phases distinctes. Chaque phase comprend des livrables mesurables et des critres de validation clairs. Les tests raliss montrent que notre solution atteint 84% de prcision. Les performances obtenues dpassent les solutions existantes de 30%. L'interface utilisateur a t valide par 28 utilisateurs rels. En conclusion, nous avons conu et implment un systme de dtection de fraude bancaire. Notre solution apporte une rponse concrte  les pertes financires dues aux erreurs humaines. Les travaux futurs porteront sur l'amlioration des performances et la scalabilit du systme."
ARCH-0066,Un systme de vote lectronique avec deep learning et PyTorch,IoT,2024,Etudiant_0066,"Dans le cadre de ce mmoire, nous proposons un systme de vote lectronique. Face  le cot lev des solutions existantes sur le march, nous avons choisi d'utiliser deep learning et PyTorch comme solution principale. La mthodologie adopte est une tude de cas approfondie avec donnes relles.","Pour raliser ce projet, nous avons adopt une tude de cas approfondie avec donnes relles. Cette approche nous permet de livrer des incrments fonctionnels rgulirement. Le travail a t divis en 4 itrations de dure gale.","Les exprimentations confirment la viabilit de notre approche avec 96% d'efficacit. Compar aux solutions actuelles, nous observons un gain de 38% sur les mtriques cls. Ces rsultats ont t valids par une quipe de 18 experts du domaine.","En conclusion, nous avons conu et implment un systme de vote lectronique. Notre solution apporte une rponse concrte  le cot lev des solutions existantes sur le march. Les travaux futurs porteront sur l'amlioration des performances et la scalabilit du systme.","Dans le cadre de ce mmoire, nous proposons un systme de vote lectronique. Face  le cot lev des solutions existantes sur le march, nous avons choisi d'utiliser deep learning et PyTorch comme solution principale. La mthodologie adopte est une tude de cas approfondie avec donnes relles. Pour raliser ce projet, nous avons adopt une tude de cas approfondie avec donnes relles. Cette approche nous permet de livrer des incrments fonctionnels rgulirement. Le travail a t divis en 4 itrations de dure gale. Les exprimentations confirment la viabilit de notre approche avec 96% d'efficacit. Compar aux solutions actuelles, nous observons un gain de 38% sur les mtriques cls. Ces rsultats ont t valids par une quipe de 18 experts du domaine. En conclusion, nous avons conu et implment un systme de vote lectronique. Notre solution apporte une rponse concrte  le cot lev des solutions existantes sur le march. Les travaux futurs porteront sur l'amlioration des performances et la scalabilit du systme."
ARCH-0067,Un chatbot d'assistance mdicale avec Arduino et Raspberry Pi,Cloud,2021,Etudiant_0067,L'objectif de cette tude est de rsoudre la lenteur des processus manuels actuels grce  un chatbot d'assistance mdicale. Nous utilisons Arduino et Raspberry Pi combin avec le prototypage rapide et l'itration continue pour atteindre cet objectif.,"L'approche mthodologique retenue est le prototypage rapide et l'itration continue. Elle se dcline en 6 grandes tapes : analyse des besoins, conception, implmentation, tests et dploiement.",Les tests raliss montrent que notre solution atteint 94% de prcision. Les performances obtenues dpassent les solutions existantes de 32%. L'interface utilisateur a t valide par 40 utilisateurs rels.,Ce mmoire prsente un chatbot d'assistance mdicale comme solution  la lenteur des processus manuels actuels. Les objectifs fixs au dpart ont t atteints. Cette tude constitue une base solide pour de futures recherches dans ce domaine.,"L'objectif de cette tude est de rsoudre la lenteur des processus manuels actuels grce  un chatbot d'assistance mdicale. Nous utilisons Arduino et Raspberry Pi combin avec le prototypage rapide et l'itration continue pour atteindre cet objectif. L'approche mthodologique retenue est le prototypage rapide et l'itration continue. Elle se dcline en 6 grandes tapes : analyse des besoins, conception, implmentation, tests et dploiement. Les tests raliss montrent que notre solution atteint 94% de prcision. Les performances obtenues dpassent les solutions existantes de 32%. L'interface utilisateur a t valide par 40 utilisateurs rels. Ce mmoire prsente un chatbot d'assistance mdicale comme solution  la lenteur des processus manuels actuels. Les objectifs fixs au dpart ont t atteints. Cette tude constitue une base solide pour de futures recherches dans ce domaine."
ARCH-0068,Un systme d'archivage intelligent de documents avec Docker et Kubernetes,Cyber,2021,Etudiant_0068,Ce projet de fin d'tudes porte sur un systme d'archivage intelligent de documents. La motivation principale est le cot lev des solutions existantes sur le march qui constitue un dfi majeur. Nous proposons une solution base sur Docker et Kubernetes en suivant une approche la recherche exprimentale avec validation empirique.,La mthodologie de dveloppement choisie est la recherche exprimentale avec validation empirique. Nous avons structur le travail en 6 phases distinctes. Chaque phase comprend des livrables mesurables et des critres de validation clairs.,Les tests raliss montrent que notre solution atteint 90% de prcision. Les performances obtenues dpassent les solutions existantes de 38%. L'interface utilisateur a t valide par 40 utilisateurs rels.,Ce mmoire prsente un systme d'archivage intelligent de documents comme solution  le cot lev des solutions existantes sur le march. Les objectifs fixs au dpart ont t atteints. Cette tude constitue une base solide pour de futures recherches dans ce domaine.,Ce projet de fin d'tudes porte sur un systme d'archivage intelligent de documents. La motivation principale est le cot lev des solutions existantes sur le march qui constitue un dfi majeur. Nous proposons une solution base sur Docker et Kubernetes en suivant une approche la recherche exprimentale avec validation empirique. La mthodologie de dveloppement choisie est la recherche exprimentale avec validation empirique. Nous avons structur le travail en 6 phases distinctes. Chaque phase comprend des livrables mesurables et des critres de validation clairs. Les tests raliss montrent que notre solution atteint 90% de prcision. Les performances obtenues dpassent les solutions existantes de 38%. L'interface utilisateur a t valide par 40 utilisateurs rels. Ce mmoire prsente un systme d'archivage intelligent de documents comme solution  le cot lev des solutions existantes sur le march. Les objectifs fixs au dpart ont t atteints. Cette tude constitue une base solide pour de futures recherches dans ce domaine.
ARCH-0069,Un systme de dtection de fraude bancaire avec Django et PostgreSQL,IoT,2022,Etudiant_0069,Ce projet de fin d'tudes porte sur un systme de dtection de fraude bancaire. La motivation principale est la difficult d'accs aux soins mdicaux qui constitue un dfi majeur. Nous proposons une solution base sur Django et PostgreSQL en suivant une approche SCRUM avec des sprints de 2 semaines.,La mthodologie de dveloppement choisie est SCRUM avec des sprints de 2 semaines. Nous avons structur le travail en 6 phases distinctes. Chaque phase comprend des livrables mesurables et des critres de validation clairs.,Les tests raliss montrent que notre solution atteint 84% de prcision. Les performances obtenues dpassent les solutions existantes de 28%. L'interface utilisateur a t valide par 19 utilisateurs rels.,"En conclusion, nous avons conu et implment un systme de dtection de fraude bancaire. Notre solution apporte une rponse concrte  la difficult d'accs aux soins mdicaux. Les travaux futurs porteront sur l'amlioration des performances et la scalabilit du systme.","Ce projet de fin d'tudes porte sur un systme de dtection de fraude bancaire. La motivation principale est la difficult d'accs aux soins mdicaux qui constitue un dfi majeur. Nous proposons une solution base sur Django et PostgreSQL en suivant une approche SCRUM avec des sprints de 2 semaines. La mthodologie de dveloppement choisie est SCRUM avec des sprints de 2 semaines. Nous avons structur le travail en 6 phases distinctes. Chaque phase comprend des livrables mesurables et des critres de validation clairs. Les tests raliss montrent que notre solution atteint 84% de prcision. Les performances obtenues dpassent les solutions existantes de 28%. L'interface utilisateur a t valide par 19 utilisateurs rels. En conclusion, nous avons conu et implment un systme de dtection de fraude bancaire. Notre solution apporte une rponse concrte  la difficult d'accs aux soins mdicaux. Les travaux futurs porteront sur l'amlioration des performances et la scalabilit du systme."
ARCH-0070,Une plateforme de gestion des ressources humaines avec machine learning et scikit-learn,Mobile,2019,Etudiant_0070,Ce projet de fin d'tudes porte sur une plateforme de gestion des ressources humaines. La motivation principale est le manque d'accessibilit aux services dans les zones rurales qui constitue un dfi majeur. Nous proposons une solution base sur machine learning et scikit-learn en suivant une approche le prototypage rapide et l'itration continue.,"Pour raliser ce projet, nous avons adopt le prototypage rapide et l'itration continue. Cette approche nous permet de livrer des incrments fonctionnels rgulirement. Le travail a t divis en 6 itrations de dure gale.","Les exprimentations confirment la viabilit de notre approche avec 81% d'efficacit. Compar aux solutions actuelles, nous observons un gain de 34% sur les mtriques cls. Ces rsultats ont t valids par une quipe de 14 experts du domaine.",Ce mmoire prsente une plateforme de gestion des ressources humaines comme solution  le manque d'accessibilit aux services dans les zones rurales. Les objectifs fixs au dpart ont t atteints. Cette tude constitue une base solide pour de futures recherches dans ce domaine.,"Ce projet de fin d'tudes porte sur une plateforme de gestion des ressources humaines. La motivation principale est le manque d'accessibilit aux services dans les zones rurales qui constitue un dfi majeur. Nous proposons une solution base sur machine learning et scikit-learn en suivant une approche le prototypage rapide et l'itration continue. Pour raliser ce projet, nous avons adopt le prototypage rapide et l'itration continue. Cette approche nous permet de livrer des incrments fonctionnels rgulirement. Le travail a t divis en 6 itrations de dure gale. Les exprimentations confirment la viabilit de notre approche avec 81% d'efficacit. Compar aux solutions actuelles, nous observons un gain de 34% sur les mtriques cls. Ces rsultats ont t valids par une quipe de 14 experts du domaine. Ce mmoire prsente une plateforme de gestion des ressources humaines comme solution  le manque d'accessibilit aux services dans les zones rurales. Les objectifs fixs au dpart ont t atteints. Cette tude constitue une base solide pour de futures recherches dans ce domaine."
ARCH-0071,Une plateforme de gestion des ressources humaines avec React et FastAPI,Mobile,2020,Etudiant_0071,Ce travail vise  concevoir et implmenter une plateforme de gestion des ressources humaines en utilisant React et FastAPI. La problmatique principale est les pertes financires dues aux erreurs humaines. Notre approche repose sur SCRUM avec des sprints de 2 semaines.,"Pour raliser ce projet, nous avons adopt SCRUM avec des sprints de 2 semaines. Cette approche nous permet de livrer des incrments fonctionnels rgulirement. Le travail a t divis en 4 itrations de dure gale.","Les exprimentations confirment la viabilit de notre approche avec 89% d'efficacit. Compar aux solutions actuelles, nous observons un gain de 43% sur les mtriques cls. Ces rsultats ont t valids par une quipe de 11 experts du domaine.",Ce travail a permis de dvelopper une plateforme de gestion des ressources humaines qui rpond efficacement  les pertes financires dues aux erreurs humaines. Les rsultats obtenus sont satisfaisants et ouvrent la voie  des amliorations futures. Les perspectives incluent l'intgration de nouvelles fonctionnalits et l'extension  d'autres contextes.,"Ce travail vise  concevoir et implmenter une plateforme de gestion des ressources humaines en utilisant React et FastAPI. La problmatique principale est les pertes financires dues aux erreurs humaines. Notre approche repose sur SCRUM avec des sprints de 2 semaines. Pour raliser ce projet, nous avons adopt SCRUM avec des sprints de 2 semaines. Cette approche nous permet de livrer des incrments fonctionnels rgulirement. Le travail a t divis en 4 itrations de dure gale. Les exprimentations confirment la viabilit de notre approche avec 89% d'efficacit. Compar aux solutions actuelles, nous observons un gain de 43% sur les mtriques cls. Ces rsultats ont t valids par une quipe de 11 experts du domaine. Ce travail a permis de dvelopper une plateforme de gestion des ressources humaines qui rpond efficacement  les pertes financires dues aux erreurs humaines. Les rsultats obtenus sont satisfaisants et ouvrent la voie  des amliorations futures. Les perspectives incluent l'intgration de nouvelles fonctionnalits et l'extension  d'autres contextes."
ARCH-0072,Un systme de surveillance de la qualit de l'air avec machine learning et scikit-learn,Rseau,2021,Etudiant_0072,Ce projet de fin d'tudes porte sur un systme de surveillance de la qualit de l'air. La motivation principale est la scurit insuffisante des donnes personnelles qui constitue un dfi majeur. Nous proposons une solution base sur machine learning et scikit-learn en suivant une approche la recherche exprimentale avec validation empirique.,"L'approche mthodologique retenue est la recherche exprimentale avec validation empirique. Elle se dcline en 4 grandes tapes : analyse des besoins, conception, implmentation, tests et dploiement.",Les tests raliss montrent que notre solution atteint 85% de prcision. Les performances obtenues dpassent les solutions existantes de 17%. L'interface utilisateur a t valide par 49 utilisateurs rels.,Ce mmoire prsente un systme de surveillance de la qualit de l'air comme solution  la scurit insuffisante des donnes personnelles. Les objectifs fixs au dpart ont t atteints. Cette tude constitue une base solide pour de futures recherches dans ce domaine.,"Ce projet de fin d'tudes porte sur un systme de surveillance de la qualit de l'air. La motivation principale est la scurit insuffisante des donnes personnelles qui constitue un dfi majeur. Nous proposons une solution base sur machine learning et scikit-learn en suivant une approche la recherche exprimentale avec validation empirique. L'approche mthodologique retenue est la recherche exprimentale avec validation empirique. Elle se dcline en 4 grandes tapes : analyse des besoins, conception, implmentation, tests et dploiement. Les tests raliss montrent que notre solution atteint 85% de prcision. Les performances obtenues dpassent les solutions existantes de 17%. L'interface utilisateur a t valide par 49 utilisateurs rels. Ce mmoire prsente un systme de surveillance de la qualit de l'air comme solution  la scurit insuffisante des donnes personnelles. Les objectifs fixs au dpart ont t atteints. Cette tude constitue une base solide pour de futures recherches dans ce domaine."
ARCH-0073,Un systme d'archivage intelligent de documents avec NLP et transformers BERT,Cyber,2018,Etudiant_0073,Ce projet de fin d'tudes porte sur un systme d'archivage intelligent de documents. La motivation principale est la scurit insuffisante des donnes personnelles qui constitue un dfi majeur. Nous proposons une solution base sur NLP et transformers BERT en suivant une approche la recherche exprimentale avec validation empirique.,"L'approche mthodologique retenue est la recherche exprimentale avec validation empirique. Elle se dcline en 5 grandes tapes : analyse des besoins, conception, implmentation, tests et dploiement.","Notre systme a t valu sur un jeu de donnes de 8122 enregistrements. Les rsultats indiquent une amlioration de 36% par rapport  l'approche classique. Le temps de rponse moyen est de 197ms, ce qui rpond aux exigences.",Ce mmoire prsente un systme d'archivage intelligent de documents comme solution  la scurit insuffisante des donnes personnelles. Les objectifs fixs au dpart ont t atteints. Cette tude constitue une base solide pour de futures recherches dans ce domaine.,"Ce projet de fin d'tudes porte sur un systme d'archivage intelligent de documents. La motivation principale est la scurit insuffisante des donnes personnelles qui constitue un dfi majeur. Nous proposons une solution base sur NLP et transformers BERT en suivant une approche la recherche exprimentale avec validation empirique. L'approche mthodologique retenue est la recherche exprimentale avec validation empirique. Elle se dcline en 5 grandes tapes : analyse des besoins, conception, implmentation, tests et dploiement. Notre systme a t valu sur un jeu de donnes de 8122 enregistrements. Les rsultats indiquent une amlioration de 36% par rapport  l'approche classique. Le temps de rponse moyen est de 197ms, ce qui rpond aux exigences. Ce mmoire prsente un systme d'archivage intelligent de documents comme solution  la scurit insuffisante des donnes personnelles. Les objectifs fixs au dpart ont t atteints. Cette tude constitue une base solide pour de futures recherches dans ce domaine."
ARCH-0074,Un systme de vote lectronique avec Docker et Kubernetes,IoT,2022,Etudiant_0074,L'objectif de cette tude est de rsoudre l'absence d'outils adapts au contexte africain grce  un systme de vote lectronique. Nous utilisons Docker et Kubernetes combin avec une tude de cas approfondie avec donnes relles pour atteindre cet objectif.,"Pour raliser ce projet, nous avons adopt une tude de cas approfondie avec donnes relles. Cette approche nous permet de livrer des incrments fonctionnels rgulirement. Le travail a t divis en 5 itrations de dure gale.",Les tests raliss montrent que notre solution atteint 92% de prcision. Les performances obtenues dpassent les solutions existantes de 42%. L'interface utilisateur a t valide par 40 utilisateurs rels.,"En conclusion, nous avons conu et implment un systme de vote lectronique. Notre solution apporte une rponse concrte  l'absence d'outils adapts au contexte africain. Les travaux futurs porteront sur l'amlioration des performances et la scalabilit du systme.","L'objectif de cette tude est de rsoudre l'absence d'outils adapts au contexte africain grce  un systme de vote lectronique. Nous utilisons Docker et Kubernetes combin avec une tude de cas approfondie avec donnes relles pour atteindre cet objectif. Pour raliser ce projet, nous avons adopt une tude de cas approfondie avec donnes relles. Cette approche nous permet de livrer des incrments fonctionnels rgulirement. Le travail a t divis en 5 itrations de dure gale. Les tests raliss montrent que notre solution atteint 92% de prcision. Les performances obtenues dpassent les solutions existantes de 42%. L'interface utilisateur a t valide par 40 utilisateurs rels. En conclusion, nous avons conu et implment un systme de vote lectronique. Notre solution apporte une rponse concrte  l'absence d'outils adapts au contexte africain. Les travaux futurs porteront sur l'amlioration des performances et la scalabilit du systme."
ARCH-0075,Une application de paiement mobile scurise avec Arduino et Raspberry Pi,Rseau,2023,Etudiant_0075,L'objectif de cette tude est de rsoudre la lenteur des processus manuels actuels grce  une application de paiement mobile scurise. Nous utilisons Arduino et Raspberry Pi combin avec une tude de cas approfondie avec donnes relles pour atteindre cet objectif.,La mthodologie de dveloppement choisie est une tude de cas approfondie avec donnes relles. Nous avons structur le travail en 3 phases distinctes. Chaque phase comprend des livrables mesurables et des critres de validation clairs.,"Les exprimentations confirment la viabilit de notre approche avec 95% d'efficacit. Compar aux solutions actuelles, nous observons un gain de 41% sur les mtriques cls. Ces rsultats ont t valids par une quipe de 28 experts du domaine.","En conclusion, nous avons conu et implment une application de paiement mobile scurise. Notre solution apporte une rponse concrte  la lenteur des processus manuels actuels. Les travaux futurs porteront sur l'amlioration des performances et la scalabilit du systme.","L'objectif de cette tude est de rsoudre la lenteur des processus manuels actuels grce  une application de paiement mobile scurise. Nous utilisons Arduino et Raspberry Pi combin avec une tude de cas approfondie avec donnes relles pour atteindre cet objectif. La mthodologie de dveloppement choisie est une tude de cas approfondie avec donnes relles. Nous avons structur le travail en 3 phases distinctes. Chaque phase comprend des livrables mesurables et des critres de validation clairs. Les exprimentations confirment la viabilit de notre approche avec 95% d'efficacit. Compar aux solutions actuelles, nous observons un gain de 41% sur les mtriques cls. Ces rsultats ont t valids par une quipe de 28 experts du domaine. En conclusion, nous avons conu et implment une application de paiement mobile scurise. Notre solution apporte une rponse concrte  la lenteur des processus manuels actuels. Les travaux futurs porteront sur l'amlioration des performances et la scalabilit du systme."
ARCH-0076,Un systme de gestion des stocks intelligents avec NLP et transformers BERT,Web,2020,Etudiant_0076,Ce travail vise  concevoir et implmenter un systme de gestion des stocks intelligents en utilisant NLP et transformers BERT. La problmatique principale est l'absence d'outils adapts au contexte africain. Notre approche repose sur la recherche exprimentale avec validation empirique.,"L'approche mthodologique retenue est la recherche exprimentale avec validation empirique. Elle se dcline en 3 grandes tapes : analyse des besoins, conception, implmentation, tests et dploiement.","Notre systme a t valu sur un jeu de donnes de 6477 enregistrements. Les rsultats indiquent une amlioration de 16% par rapport  l'approche classique. Le temps de rponse moyen est de 424ms, ce qui rpond aux exigences.",Ce travail a permis de dvelopper un systme de gestion des stocks intelligents qui rpond efficacement  l'absence d'outils adapts au contexte africain. Les rsultats obtenus sont satisfaisants et ouvrent la voie  des amliorations futures. Les perspectives incluent l'intgration de nouvelles fonctionnalits et l'extension  d'autres contextes.,"Ce travail vise  concevoir et implmenter un systme de gestion des stocks intelligents en utilisant NLP et transformers BERT. La problmatique principale est l'absence d'outils adapts au contexte africain. Notre approche repose sur la recherche exprimentale avec validation empirique. L'approche mthodologique retenue est la recherche exprimentale avec validation empirique. Elle se dcline en 3 grandes tapes : analyse des besoins, conception, implmentation, tests et dploiement. Notre systme a t valu sur un jeu de donnes de 6477 enregistrements. Les rsultats indiquent une amlioration de 16% par rapport  l'approche classique. Le temps de rponse moyen est de 424ms, ce qui rpond aux exigences. Ce travail a permis de dvelopper un systme de gestion des stocks intelligents qui rpond efficacement  l'absence d'outils adapts au contexte africain. Les rsultats obtenus sont satisfaisants et ouvrent la voie  des amliorations futures. Les perspectives incluent l'intgration de nouvelles fonctionnalits et l'extension  d'autres contextes."
ARCH-0077,Un systme de surveillance de la qualit de l'air avec machine learning et scikit-learn,Mobile,2023,Etudiant_0077,"Dans le cadre de ce mmoire, nous proposons un systme de surveillance de la qualit de l'air. Face  la scurit insuffisante des donnes personnelles, nous avons choisi d'utiliser machine learning et scikit-learn comme solution principale. La mthodologie adopte est la recherche exprimentale avec validation empirique.","L'approche mthodologique retenue est la recherche exprimentale avec validation empirique. Elle se dcline en 5 grandes tapes : analyse des besoins, conception, implmentation, tests et dploiement.","Les exprimentations confirment la viabilit de notre approche avec 96% d'efficacit. Compar aux solutions actuelles, nous observons un gain de 44% sur les mtriques cls. Ces rsultats ont t valids par une quipe de 27 experts du domaine.","En conclusion, nous avons conu et implment un systme de surveillance de la qualit de l'air. Notre solution apporte une rponse concrte  la scurit insuffisante des donnes personnelles. Les travaux futurs porteront sur l'amlioration des performances et la scalabilit du systme.","Dans le cadre de ce mmoire, nous proposons un systme de surveillance de la qualit de l'air. Face  la scurit insuffisante des donnes personnelles, nous avons choisi d'utiliser machine learning et scikit-learn comme solution principale. La mthodologie adopte est la recherche exprimentale avec validation empirique. L'approche mthodologique retenue est la recherche exprimentale avec validation empirique. Elle se dcline en 5 grandes tapes : analyse des besoins, conception, implmentation, tests et dploiement. Les exprimentations confirment la viabilit de notre approche avec 96% d'efficacit. Compar aux solutions actuelles, nous observons un gain de 44% sur les mtriques cls. Ces rsultats ont t valids par une quipe de 27 experts du domaine. En conclusion, nous avons conu et implment un systme de surveillance de la qualit de l'air. Notre solution apporte une rponse concrte  la scurit insuffisante des donnes personnelles. Les travaux futurs porteront sur l'amlioration des performances et la scalabilit du systme."
ARCH-0078,Un outil d'analyse de sentiment sur les rseaux sociaux avec Docker et Kubernetes,IA,2020,Etudiant_0078,Ce travail vise  concevoir et implmenter un outil d'analyse de sentiment sur les rseaux sociaux en utilisant Docker et Kubernetes. La problmatique principale est le manque d'accessibilit aux services dans les zones rurales. Notre approche repose sur une tude de cas approfondie avec donnes relles.,La mthodologie de dveloppement choisie est une tude de cas approfondie avec donnes relles. Nous avons structur le travail en 4 phases distinctes. Chaque phase comprend des livrables mesurables et des critres de validation clairs.,"Les exprimentations confirment la viabilit de notre approche avec 92% d'efficacit. Compar aux solutions actuelles, nous observons un gain de 45% sur les mtriques cls. Ces rsultats ont t valids par une quipe de 45 experts du domaine.","En conclusion, nous avons conu et implment un outil d'analyse de sentiment sur les rseaux sociaux. Notre solution apporte une rponse concrte  le manque d'accessibilit aux services dans les zones rurales. Les travaux futurs porteront sur l'amlioration des performances et la scalabilit du systme.","Ce travail vise  concevoir et implmenter un outil d'analyse de sentiment sur les rseaux sociaux en utilisant Docker et Kubernetes. La problmatique principale est le manque d'accessibilit aux services dans les zones rurales. Notre approche repose sur une tude de cas approfondie avec donnes relles. La mthodologie de dveloppement choisie est une tude de cas approfondie avec donnes relles. Nous avons structur le travail en 4 phases distinctes. Chaque phase comprend des livrables mesurables et des critres de validation clairs. Les exprimentations confirment la viabilit de notre approche avec 92% d'efficacit. Compar aux solutions actuelles, nous observons un gain de 45% sur les mtriques cls. Ces rsultats ont t valids par une quipe de 45 experts du domaine. En conclusion, nous avons conu et implment un outil d'analyse de sentiment sur les rseaux sociaux. Notre solution apporte une rponse concrte  le manque d'accessibilit aux services dans les zones rurales. Les travaux futurs porteront sur l'amlioration des performances et la scalabilit du systme."
ARCH-0079,Un chatbot d'assistance mdicale avec React et FastAPI,IoT,2022,Etudiant_0079,L'objectif de cette tude est de rsoudre le manque de traabilit dans les processus administratifs grce  un chatbot d'assistance mdicale. Nous utilisons React et FastAPI combin avec le prototypage rapide et l'itration continue pour atteindre cet objectif.,"L'approche mthodologique retenue est le prototypage rapide et l'itration continue. Elle se dcline en 6 grandes tapes : analyse des besoins, conception, implmentation, tests et dploiement.","Les exprimentations confirment la viabilit de notre approche avec 91% d'efficacit. Compar aux solutions actuelles, nous observons un gain de 18% sur les mtriques cls. Ces rsultats ont t valids par une quipe de 24 experts du domaine.",Ce mmoire prsente un chatbot d'assistance mdicale comme solution  le manque de traabilit dans les processus administratifs. Les objectifs fixs au dpart ont t atteints. Cette tude constitue une base solide pour de futures recherches dans ce domaine.,"L'objectif de cette tude est de rsoudre le manque de traabilit dans les processus administratifs grce  un chatbot d'assistance mdicale. Nous utilisons React et FastAPI combin avec le prototypage rapide et l'itration continue pour atteindre cet objectif. L'approche mthodologique retenue est le prototypage rapide et l'itration continue. Elle se dcline en 6 grandes tapes : analyse des besoins, conception, implmentation, tests et dploiement. Les exprimentations confirment la viabilit de notre approche avec 91% d'efficacit. Compar aux solutions actuelles, nous observons un gain de 18% sur les mtriques cls. Ces rsultats ont t valids par une quipe de 24 experts du domaine. Ce mmoire prsente un chatbot d'assistance mdicale comme solution  le manque de traabilit dans les processus administratifs. Les objectifs fixs au dpart ont t atteints. Cette tude constitue une base solide pour de futures recherches dans ce domaine."
ARCH-0080,Un systme de gestion des stocks intelligents avec React et FastAPI,Cyber,2021,Etudiant_0080,Ce projet de fin d'tudes porte sur un systme de gestion des stocks intelligents. La motivation principale est le manque de traabilit dans les processus administratifs qui constitue un dfi majeur. Nous proposons une solution base sur React et FastAPI en suivant une approche le prototypage rapide et l'itration continue.,La mthodologie de dveloppement choisie est le prototypage rapide et l'itration continue. Nous avons structur le travail en 4 phases distinctes. Chaque phase comprend des livrables mesurables et des critres de validation clairs.,Les tests raliss montrent que notre solution atteint 81% de prcision. Les performances obtenues dpassent les solutions existantes de 24%. L'interface utilisateur a t valide par 41 utilisateurs rels.,Ce travail a permis de dvelopper un systme de gestion des stocks intelligents qui rpond efficacement  le manque de traabilit dans les processus administratifs. Les rsultats obtenus sont satisfaisants et ouvrent la voie  des amliorations futures. Les perspectives incluent l'intgration de nouvelles fonctionnalits et l'extension  d'autres contextes.,Ce projet de fin d'tudes porte sur un systme de gestion des stocks intelligents. La motivation principale est le manque de traabilit dans les processus administratifs qui constitue un dfi majeur. Nous proposons une solution base sur React et FastAPI en suivant une approche le prototypage rapide et l'itration continue. La mthodologie de dveloppement choisie est le prototypage rapide et l'itration continue. Nous avons structur le travail en 4 phases distinctes. Chaque phase comprend des livrables mesurables et des critres de validation clairs. Les tests raliss montrent que notre solution atteint 81% de prcision. Les performances obtenues dpassent les solutions existantes de 24%. L'interface utilisateur a t valide par 41 utilisateurs rels. Ce travail a permis de dvelopper un systme de gestion des stocks intelligents qui rpond efficacement  le manque de traabilit dans les processus administratifs. Les rsultats obtenus sont satisfaisants et ouvrent la voie  des amliorations futures. Les perspectives incluent l'intgration de nouvelles fonctionnalits et l'extension  d'autres contextes.
ARCH-0081,Un systme de vote lectronique avec Docker et Kubernetes,Rseau,2021,Etudiant_0081,"Dans le cadre de ce mmoire, nous proposons un systme de vote lectronique. Face  les pertes financires dues aux erreurs humaines, nous avons choisi d'utiliser Docker et Kubernetes comme solution principale. La mthodologie adopte est la recherche-action avec participation des utilisateurs finaux.","Pour raliser ce projet, nous avons adopt la recherche-action avec participation des utilisateurs finaux. Cette approche nous permet de livrer des incrments fonctionnels rgulirement. Le travail a t divis en 3 itrations de dure gale.","Notre systme a t valu sur un jeu de donnes de 1036 enregistrements. Les rsultats indiquent une amlioration de 45% par rapport  l'approche classique. Le temps de rponse moyen est de 403ms, ce qui rpond aux exigences.","En conclusion, nous avons conu et implment un systme de vote lectronique. Notre solution apporte une rponse concrte  les pertes financires dues aux erreurs humaines. Les travaux futurs porteront sur l'amlioration des performances et la scalabilit du systme.","Dans le cadre de ce mmoire, nous proposons un systme de vote lectronique. Face  les pertes financires dues aux erreurs humaines, nous avons choisi d'utiliser Docker et Kubernetes comme solution principale. La mthodologie adopte est la recherche-action avec participation des utilisateurs finaux. Pour raliser ce projet, nous avons adopt la recherche-action avec participation des utilisateurs finaux. Cette approche nous permet de livrer des incrments fonctionnels rgulirement. Le travail a t divis en 3 itrations de dure gale. Notre systme a t valu sur un jeu de donnes de 1036 enregistrements. Les rsultats indiquent une amlioration de 45% par rapport  l'approche classique. Le temps de rponse moyen est de 403ms, ce qui rpond aux exigences. En conclusion, nous avons conu et implment un systme de vote lectronique. Notre solution apporte une rponse concrte  les pertes financires dues aux erreurs humaines. Les travaux futurs porteront sur l'amlioration des performances et la scalabilit du systme."
ARCH-0082,Un systme de vote lectronique avec Flutter et Firebase,Web,2023,Etudiant_0082,L'objectif de cette tude est de rsoudre la difficult d'accs aux soins mdicaux grce  un systme de vote lectronique. Nous utilisons Flutter et Firebase combin avec SCRUM avec des sprints de 2 semaines pour atteindre cet objectif.,"L'approche mthodologique retenue est SCRUM avec des sprints de 2 semaines. Elle se dcline en 5 grandes tapes : analyse des besoins, conception, implmentation, tests et dploiement.",Les tests raliss montrent que notre solution atteint 92% de prcision. Les performances obtenues dpassent les solutions existantes de 23%. L'interface utilisateur a t valide par 22 utilisateurs rels.,"En conclusion, nous avons conu et implment un systme de vote lectronique. Notre solution apporte une rponse concrte  la difficult d'accs aux soins mdicaux. Les travaux futurs porteront sur l'amlioration des performances et la scalabilit du systme.","L'objectif de cette tude est de rsoudre la difficult d'accs aux soins mdicaux grce  un systme de vote lectronique. Nous utilisons Flutter et Firebase combin avec SCRUM avec des sprints de 2 semaines pour atteindre cet objectif. L'approche mthodologique retenue est SCRUM avec des sprints de 2 semaines. Elle se dcline en 5 grandes tapes : analyse des besoins, conception, implmentation, tests et dploiement. Les tests raliss montrent que notre solution atteint 92% de prcision. Les performances obtenues dpassent les solutions existantes de 23%. L'interface utilisateur a t valide par 22 utilisateurs rels. En conclusion, nous avons conu et implment un systme de vote lectronique. Notre solution apporte une rponse concrte  la difficult d'accs aux soins mdicaux. Les travaux futurs porteront sur l'amlioration des performances et la scalabilit du systme."
ARCH-0083,Un systme de gestion des stocks intelligents avec NLP et transformers BERT,Rseau,2020,Etudiant_0083,L'objectif de cette tude est de rsoudre la lenteur des processus manuels actuels grce  un systme de gestion des stocks intelligents. Nous utilisons NLP et transformers BERT combin avec SCRUM avec des sprints de 2 semaines pour atteindre cet objectif.,La mthodologie de dveloppement choisie est SCRUM avec des sprints de 2 semaines. Nous avons structur le travail en 4 phases distinctes. Chaque phase comprend des livrables mesurables et des critres de validation clairs.,"Les exprimentations confirment la viabilit de notre approche avec 86% d'efficacit. Compar aux solutions actuelles, nous observons un gain de 17% sur les mtriques cls. Ces rsultats ont t valids par une quipe de 45 experts du domaine.",Ce travail a permis de dvelopper un systme de gestion des stocks intelligents qui rpond efficacement  la lenteur des processus manuels actuels. Les rsultats obtenus sont satisfaisants et ouvrent la voie  des amliorations futures. Les perspectives incluent l'intgration de nouvelles fonctionnalits et l'extension  d'autres contextes.,"L'objectif de cette tude est de rsoudre la lenteur des processus manuels actuels grce  un systme de gestion des stocks intelligents. Nous utilisons NLP et transformers BERT combin avec SCRUM avec des sprints de 2 semaines pour atteindre cet objectif. La mthodologie de dveloppement choisie est SCRUM avec des sprints de 2 semaines. Nous avons structur le travail en 4 phases distinctes. Chaque phase comprend des livrables mesurables et des critres de validation clairs. Les exprimentations confirment la viabilit de notre approche avec 86% d'efficacit. Compar aux solutions actuelles, nous observons un gain de 17% sur les mtriques cls. Ces rsultats ont t valids par une quipe de 45 experts du domaine. Ce travail a permis de dvelopper un systme de gestion des stocks intelligents qui rpond efficacement  la lenteur des processus manuels actuels. Les rsultats obtenus sont satisfaisants et ouvrent la voie  des amliorations futures. Les perspectives incluent l'intgration de nouvelles fonctionnalits et l'extension  d'autres contextes."
ARCH-0084,Un systme de prdiction du dcrochage scolaire avec Django et PostgreSQL,Rseau,2022,Etudiant_0084,"Dans le cadre de ce mmoire, nous proposons un systme de prdiction du dcrochage scolaire. Face  la lenteur des processus manuels actuels, nous avons choisi d'utiliser Django et PostgreSQL comme solution principale. La mthodologie adopte est le prototypage rapide et l'itration continue.",La mthodologie de dveloppement choisie est le prototypage rapide et l'itration continue. Nous avons structur le travail en 5 phases distinctes. Chaque phase comprend des livrables mesurables et des critres de validation clairs.,Les tests raliss montrent que notre solution atteint 83% de prcision. Les performances obtenues dpassent les solutions existantes de 36%. L'interface utilisateur a t valide par 11 utilisateurs rels.,"En conclusion, nous avons conu et implment un systme de prdiction du dcrochage scolaire. Notre solution apporte une rponse concrte  la lenteur des processus manuels actuels. Les travaux futurs porteront sur l'amlioration des performances et la scalabilit du systme.","Dans le cadre de ce mmoire, nous proposons un systme de prdiction du dcrochage scolaire. Face  la lenteur des processus manuels actuels, nous avons choisi d'utiliser Django et PostgreSQL comme solution principale. La mthodologie adopte est le prototypage rapide et l'itration continue. La mthodologie de dveloppement choisie est le prototypage rapide et l'itration continue. Nous avons structur le travail en 5 phases distinctes. Chaque phase comprend des livrables mesurables et des critres de validation clairs. Les tests raliss montrent que notre solution atteint 83% de prcision. Les performances obtenues dpassent les solutions existantes de 36%. L'interface utilisateur a t valide par 11 utilisateurs rels. En conclusion, nous avons conu et implment un systme de prdiction du dcrochage scolaire. Notre solution apporte une rponse concrte  la lenteur des processus manuels actuels. Les travaux futurs porteront sur l'amlioration des performances et la scalabilit du systme."
ARCH-0085,Un systme de surveillance de la qualit de l'air avec Python et TensorFlow,Web,2021,Etudiant_0085,Ce travail vise  concevoir et implmenter un systme de surveillance de la qualit de l'air en utilisant Python et TensorFlow. La problmatique principale est la scurit insuffisante des donnes personnelles. Notre approche repose sur le prototypage rapide et l'itration continue.,La mthodologie de dveloppement choisie est le prototypage rapide et l'itration continue. Nous avons structur le travail en 6 phases distinctes. Chaque phase comprend des livrables mesurables et des critres de validation clairs.,"Les exprimentations confirment la viabilit de notre approche avec 83% d'efficacit. Compar aux solutions actuelles, nous observons un gain de 38% sur les mtriques cls. Ces rsultats ont t valids par une quipe de 14 experts du domaine.","En conclusion, nous avons conu et implment un systme de surveillance de la qualit de l'air. Notre solution apporte une rponse concrte  la scurit insuffisante des donnes personnelles. Les travaux futurs porteront sur l'amlioration des performances et la scalabilit du systme.","Ce travail vise  concevoir et implmenter un systme de surveillance de la qualit de l'air en utilisant Python et TensorFlow. La problmatique principale est la scurit insuffisante des donnes personnelles. Notre approche repose sur le prototypage rapide et l'itration continue. La mthodologie de dveloppement choisie est le prototypage rapide et l'itration continue. Nous avons structur le travail en 6 phases distinctes. Chaque phase comprend des livrables mesurables et des critres de validation clairs. Les exprimentations confirment la viabilit de notre approche avec 83% d'efficacit. Compar aux solutions actuelles, nous observons un gain de 38% sur les mtriques cls. Ces rsultats ont t valids par une quipe de 14 experts du domaine. En conclusion, nous avons conu et implment un systme de surveillance de la qualit de l'air. Notre solution apporte une rponse concrte  la scurit insuffisante des donnes personnelles. Les travaux futurs porteront sur l'amlioration des performances et la scalabilit du systme."
ARCH-0086,Un chatbot d'assistance mdicale avec Flutter et Firebase,BDD,2023,Etudiant_0086,L'objectif de cette tude est de rsoudre la lenteur des processus manuels actuels grce  un chatbot d'assistance mdicale. Nous utilisons Flutter et Firebase combin avec la recherche-action avec participation des utilisateurs finaux pour atteindre cet objectif.,"Pour raliser ce projet, nous avons adopt la recherche-action avec participation des utilisateurs finaux. Cette approche nous permet de livrer des incrments fonctionnels rgulirement. Le travail a t divis en 3 itrations de dure gale.",Les tests raliss montrent que notre solution atteint 95% de prcision. Les performances obtenues dpassent les solutions existantes de 42%. L'interface utilisateur a t valide par 35 utilisateurs rels.,Ce travail a permis de dvelopper un chatbot d'assistance mdicale qui rpond efficacement  la lenteur des processus manuels actuels. Les rsultats obtenus sont satisfaisants et ouvrent la voie  des amliorations futures. Les perspectives incluent l'intgration de nouvelles fonctionnalits et l'extension  d'autres contextes.,"L'objectif de cette tude est de rsoudre la lenteur des processus manuels actuels grce  un chatbot d'assistance mdicale. Nous utilisons Flutter et Firebase combin avec la recherche-action avec participation des utilisateurs finaux pour atteindre cet objectif. Pour raliser ce projet, nous avons adopt la recherche-action avec participation des utilisateurs finaux. Cette approche nous permet de livrer des incrments fonctionnels rgulirement. Le travail a t divis en 3 itrations de dure gale. Les tests raliss montrent que notre solution atteint 95% de prcision. Les performances obtenues dpassent les solutions existantes de 42%. L'interface utilisateur a t valide par 35 utilisateurs rels. Ce travail a permis de dvelopper un chatbot d'assistance mdicale qui rpond efficacement  la lenteur des processus manuels actuels. Les rsultats obtenus sont satisfaisants et ouvrent la voie  des amliorations futures. Les perspectives incluent l'intgration de nouvelles fonctionnalits et l'extension  d'autres contextes."
ARCH-0087,Un systme d'archivage intelligent de documents avec deep learning et PyTorch,Cloud,2022,Etudiant_0087,L'objectif de cette tude est de rsoudre le manque d'accessibilit aux services dans les zones rurales grce  un systme d'archivage intelligent de documents. Nous utilisons deep learning et PyTorch combin avec SCRUM avec des sprints de 2 semaines pour atteindre cet objectif.,"L'approche mthodologique retenue est SCRUM avec des sprints de 2 semaines. Elle se dcline en 4 grandes tapes : analyse des besoins, conception, implmentation, tests et dploiement.",Les tests raliss montrent que notre solution atteint 84% de prcision. Les performances obtenues dpassent les solutions existantes de 23%. L'interface utilisateur a t valide par 49 utilisateurs rels.,"En conclusion, nous avons conu et implment un systme d'archivage intelligent de documents. Notre solution apporte une rponse concrte  le manque d'accessibilit aux services dans les zones rurales. Les travaux futurs porteront sur l'amlioration des performances et la scalabilit du systme.","L'objectif de cette tude est de rsoudre le manque d'accessibilit aux services dans les zones rurales grce  un systme d'archivage intelligent de documents. Nous utilisons deep learning et PyTorch combin avec SCRUM avec des sprints de 2 semaines pour atteindre cet objectif. L'approche mthodologique retenue est SCRUM avec des sprints de 2 semaines. Elle se dcline en 4 grandes tapes : analyse des besoins, conception, implmentation, tests et dploiement. Les tests raliss montrent que notre solution atteint 84% de prcision. Les performances obtenues dpassent les solutions existantes de 23%. L'interface utilisateur a t valide par 49 utilisateurs rels. En conclusion, nous avons conu et implment un systme d'archivage intelligent de documents. Notre solution apporte une rponse concrte  le manque d'accessibilit aux services dans les zones rurales. Les travaux futurs porteront sur l'amlioration des performances et la scalabilit du systme."
ARCH-0088,Un chatbot d'assistance mdicale avec Arduino et Raspberry Pi,Cloud,2020,Etudiant_0088,Ce projet de fin d'tudes porte sur un chatbot d'assistance mdicale. La motivation principale est le manque de traabilit dans les processus administratifs qui constitue un dfi majeur. Nous proposons une solution base sur Arduino et Raspberry Pi en suivant une approche la recherche-action avec participation des utilisateurs finaux.,La mthodologie de dveloppement choisie est la recherche-action avec participation des utilisateurs finaux. Nous avons structur le travail en 3 phases distinctes. Chaque phase comprend des livrables mesurables et des critres de validation clairs.,"Les exprimentations confirment la viabilit de notre approche avec 97% d'efficacit. Compar aux solutions actuelles, nous observons un gain de 38% sur les mtriques cls. Ces rsultats ont t valids par une quipe de 23 experts du domaine.",Ce travail a permis de dvelopper un chatbot d'assistance mdicale qui rpond efficacement  le manque de traabilit dans les processus administratifs. Les rsultats obtenus sont satisfaisants et ouvrent la voie  des amliorations futures. Les perspectives incluent l'intgration de nouvelles fonctionnalits et l'extension  d'autres contextes.,"Ce projet de fin d'tudes porte sur un chatbot d'assistance mdicale. La motivation principale est le manque de traabilit dans les processus administratifs qui constitue un dfi majeur. Nous proposons une solution base sur Arduino et Raspberry Pi en suivant une approche la recherche-action avec participation des utilisateurs finaux. La mthodologie de dveloppement choisie est la recherche-action avec participation des utilisateurs finaux. Nous avons structur le travail en 3 phases distinctes. Chaque phase comprend des livrables mesurables et des critres de validation clairs. Les exprimentations confirment la viabilit de notre approche avec 97% d'efficacit. Compar aux solutions actuelles, nous observons un gain de 38% sur les mtriques cls. Ces rsultats ont t valids par une quipe de 23 experts du domaine. Ce travail a permis de dvelopper un chatbot d'assistance mdicale qui rpond efficacement  le manque de traabilit dans les processus administratifs. Les rsultats obtenus sont satisfaisants et ouvrent la voie  des amliorations futures. Les perspectives incluent l'intgration de nouvelles fonctionnalits et l'extension  d'autres contextes."
ARCH-0089,Un outil d'analyse de sentiment sur les rseaux sociaux avec deep learning et PyTorch,Web,2018,Etudiant_0089,Ce travail vise  concevoir et implmenter un outil d'analyse de sentiment sur les rseaux sociaux en utilisant deep learning et PyTorch. La problmatique principale est les pertes financires dues aux erreurs humaines. Notre approche repose sur une tude de cas approfondie avec donnes relles.,"Pour raliser ce projet, nous avons adopt une tude de cas approfondie avec donnes relles. Cette approche nous permet de livrer des incrments fonctionnels rgulirement. Le travail a t divis en 6 itrations de dure gale.","Notre systme a t valu sur un jeu de donnes de 8270 enregistrements. Les rsultats indiquent une amlioration de 26% par rapport  l'approche classique. Le temps de rponse moyen est de 84ms, ce qui rpond aux exigences.",Ce travail a permis de dvelopper un outil d'analyse de sentiment sur les rseaux sociaux qui rpond efficacement  les pertes financires dues aux erreurs humaines. Les rsultats obtenus sont satisfaisants et ouvrent la voie  des amliorations futures. Les perspectives incluent l'intgration de nouvelles fonctionnalits et l'extension  d'autres contextes.,"Ce travail vise  concevoir et implmenter un outil d'analyse de sentiment sur les rseaux sociaux en utilisant deep learning et PyTorch. La problmatique principale est les pertes financires dues aux erreurs humaines. Notre approche repose sur une tude de cas approfondie avec donnes relles. Pour raliser ce projet, nous avons adopt une tude de cas approfondie avec donnes relles. Cette approche nous permet de livrer des incrments fonctionnels rgulirement. Le travail a t divis en 6 itrations de dure gale. Notre systme a t valu sur un jeu de donnes de 8270 enregistrements. Les rsultats indiquent une amlioration de 26% par rapport  l'approche classique. Le temps de rponse moyen est de 84ms, ce qui rpond aux exigences. Ce travail a permis de dvelopper un outil d'analyse de sentiment sur les rseaux sociaux qui rpond efficacement  les pertes financires dues aux erreurs humaines. Les rsultats obtenus sont satisfaisants et ouvrent la voie  des amliorations futures. Les perspectives incluent l'intgration de nouvelles fonctionnalits et l'extension  d'autres contextes."
ARCH-0090,Une plateforme e-commerce pour artisans locaux avec React et FastAPI,IA,2020,Etudiant_0090,Ce travail vise  concevoir et implmenter une plateforme e-commerce pour artisans locaux en utilisant React et FastAPI. La problmatique principale est la difficult d'accs aux soins mdicaux. Notre approche repose sur la recherche exprimentale avec validation empirique.,"L'approche mthodologique retenue est la recherche exprimentale avec validation empirique. Elle se dcline en 5 grandes tapes : analyse des besoins, conception, implmentation, tests et dploiement.","Les exprimentations confirment la viabilit de notre approche avec 83% d'efficacit. Compar aux solutions actuelles, nous observons un gain de 28% sur les mtriques cls. Ces rsultats ont t valids par une quipe de 32 experts du domaine.",Ce mmoire prsente une plateforme e-commerce pour artisans locaux comme solution  la difficult d'accs aux soins mdicaux. Les objectifs fixs au dpart ont t atteints. Cette tude constitue une base solide pour de futures recherches dans ce domaine.,"Ce travail vise  concevoir et implmenter une plateforme e-commerce pour artisans locaux en utilisant React et FastAPI. La problmatique principale est la difficult d'accs aux soins mdicaux. Notre approche repose sur la recherche exprimentale avec validation empirique. L'approche mthodologique retenue est la recherche exprimentale avec validation empirique. Elle se dcline en 5 grandes tapes : analyse des besoins, conception, implmentation, tests et dploiement. Les exprimentations confirment la viabilit de notre approche avec 83% d'efficacit. Compar aux solutions actuelles, nous observons un gain de 28% sur les mtriques cls. Ces rsultats ont t valids par une quipe de 32 experts du domaine. Ce mmoire prsente une plateforme e-commerce pour artisans locaux comme solution  la difficult d'accs aux soins mdicaux. Les objectifs fixs au dpart ont t atteints. Cette tude constitue une base solide pour de futures recherches dans ce domaine."
ARCH-0091,Une application de covoiturage universitaire avec Arduino et Raspberry Pi,Rseau,2024,Etudiant_0091,"Dans le cadre de ce mmoire, nous proposons une application de covoiturage universitaire. Face  la difficult d'accs aux soins mdicaux, nous avons choisi d'utiliser Arduino et Raspberry Pi comme solution principale. La mthodologie adopte est SCRUM avec des sprints de 2 semaines.",La mthodologie de dveloppement choisie est SCRUM avec des sprints de 2 semaines. Nous avons structur le travail en 6 phases distinctes. Chaque phase comprend des livrables mesurables et des critres de validation clairs.,Les tests raliss montrent que notre solution atteint 83% de prcision. Les performances obtenues dpassent les solutions existantes de 26%. L'interface utilisateur a t valide par 45 utilisateurs rels.,"En conclusion, nous avons conu et implment une application de covoiturage universitaire. Notre solution apporte une rponse concrte  la difficult d'accs aux soins mdicaux. Les travaux futurs porteront sur l'amlioration des performances et la scalabilit du systme.","Dans le cadre de ce mmoire, nous proposons une application de covoiturage universitaire. Face  la difficult d'accs aux soins mdicaux, nous avons choisi d'utiliser Arduino et Raspberry Pi comme solution principale. La mthodologie adopte est SCRUM avec des sprints de 2 semaines. La mthodologie de dveloppement choisie est SCRUM avec des sprints de 2 semaines. Nous avons structur le travail en 6 phases distinctes. Chaque phase comprend des livrables mesurables et des critres de validation clairs. Les tests raliss montrent que notre solution atteint 83% de prcision. Les performances obtenues dpassent les solutions existantes de 26%. L'interface utilisateur a t valide par 45 utilisateurs rels. En conclusion, nous avons conu et implment une application de covoiturage universitaire. Notre solution apporte une rponse concrte  la difficult d'accs aux soins mdicaux. Les travaux futurs porteront sur l'amlioration des performances et la scalabilit du systme."
ARCH-0092,Une plateforme e-commerce pour artisans locaux avec blockchain et smart contracts,Cyber,2022,Etudiant_0092,L'objectif de cette tude est de rsoudre la lenteur des processus manuels actuels grce  une plateforme e-commerce pour artisans locaux. Nous utilisons blockchain et smart contracts combin avec la recherche-action avec participation des utilisateurs finaux pour atteindre cet objectif.,La mthodologie de dveloppement choisie est la recherche-action avec participation des utilisateurs finaux. Nous avons structur le travail en 4 phases distinctes. Chaque phase comprend des livrables mesurables et des critres de validation clairs.,"Notre systme a t valu sur un jeu de donnes de 6251 enregistrements. Les rsultats indiquent une amlioration de 44% par rapport  l'approche classique. Le temps de rponse moyen est de 53ms, ce qui rpond aux exigences.",Ce travail a permis de dvelopper une plateforme e-commerce pour artisans locaux qui rpond efficacement  la lenteur des processus manuels actuels. Les rsultats obtenus sont satisfaisants et ouvrent la voie  des amliorations futures. Les perspectives incluent l'intgration de nouvelles fonctionnalits et l'extension  d'autres contextes.,"L'objectif de cette tude est de rsoudre la lenteur des processus manuels actuels grce  une plateforme e-commerce pour artisans locaux. Nous utilisons blockchain et smart contracts combin avec la recherche-action avec participation des utilisateurs finaux pour atteindre cet objectif. La mthodologie de dveloppement choisie est la recherche-action avec participation des utilisateurs finaux. Nous avons structur le travail en 4 phases distinctes. Chaque phase comprend des livrables mesurables et des critres de validation clairs. Notre systme a t valu sur un jeu de donnes de 6251 enregistrements. Les rsultats indiquent une amlioration de 44% par rapport  l'approche classique. Le temps de rponse moyen est de 53ms, ce qui rpond aux exigences. Ce travail a permis de dvelopper une plateforme e-commerce pour artisans locaux qui rpond efficacement  la lenteur des processus manuels actuels. Les rsultats obtenus sont satisfaisants et ouvrent la voie  des amliorations futures. Les perspectives incluent l'intgration de nouvelles fonctionnalits et l'extension  d'autres contextes."
ARCH-0093,Un systme de contrle d'accs biomtrique avec machine learning et scikit-learn,IoT,2024,Etudiant_0093,Ce travail vise  concevoir et implmenter un systme de contrle d'accs biomtrique en utilisant machine learning et scikit-learn. La problmatique principale est le manque d'accessibilit aux services dans les zones rurales. Notre approche repose sur la recherche exprimentale avec validation empirique.,La mthodologie de dveloppement choisie est la recherche exprimentale avec validation empirique. Nous avons structur le travail en 4 phases distinctes. Chaque phase comprend des livrables mesurables et des critres de validation clairs.,"Notre systme a t valu sur un jeu de donnes de 3078 enregistrements. Les rsultats indiquent une amlioration de 29% par rapport  l'approche classique. Le temps de rponse moyen est de 239ms, ce qui rpond aux exigences.","En conclusion, nous avons conu et implment un systme de contrle d'accs biomtrique. Notre solution apporte une rponse concrte  le manque d'accessibilit aux services dans les zones rurales. Les travaux futurs porteront sur l'amlioration des performances et la scalabilit du systme.","Ce travail vise  concevoir et implmenter un systme de contrle d'accs biomtrique en utilisant machine learning et scikit-learn. La problmatique principale est le manque d'accessibilit aux services dans les zones rurales. Notre approche repose sur la recherche exprimentale avec validation empirique. La mthodologie de dveloppement choisie est la recherche exprimentale avec validation empirique. Nous avons structur le travail en 4 phases distinctes. Chaque phase comprend des livrables mesurables et des critres de validation clairs. Notre systme a t valu sur un jeu de donnes de 3078 enregistrements. Les rsultats indiquent une amlioration de 29% par rapport  l'approche classique. Le temps de rponse moyen est de 239ms, ce qui rpond aux exigences. En conclusion, nous avons conu et implment un systme de contrle d'accs biomtrique. Notre solution apporte une rponse concrte  le manque d'accessibilit aux services dans les zones rurales. Les travaux futurs porteront sur l'amlioration des performances et la scalabilit du systme."
ARCH-0094,Une application de covoiturage universitaire avec NLP et transformers BERT,BDD,2021,Etudiant_0094,"Dans le cadre de ce mmoire, nous proposons une application de covoiturage universitaire. Face  le manque d'accessibilit aux services dans les zones rurales, nous avons choisi d'utiliser NLP et transformers BERT comme solution principale. La mthodologie adopte est SCRUM avec des sprints de 2 semaines.",La mthodologie de dveloppement choisie est SCRUM avec des sprints de 2 semaines. Nous avons structur le travail en 3 phases distinctes. Chaque phase comprend des livrables mesurables et des critres de validation clairs.,"Les exprimentations confirment la viabilit de notre approche avec 82% d'efficacit. Compar aux solutions actuelles, nous observons un gain de 23% sur les mtriques cls. Ces rsultats ont t valids par une quipe de 38 experts du domaine.",Ce mmoire prsente une application de covoiturage universitaire comme solution  le manque d'accessibilit aux services dans les zones rurales. Les objectifs fixs au dpart ont t atteints. Cette tude constitue une base solide pour de futures recherches dans ce domaine.,"Dans le cadre de ce mmoire, nous proposons une application de covoiturage universitaire. Face  le manque d'accessibilit aux services dans les zones rurales, nous avons choisi d'utiliser NLP et transformers BERT comme solution principale. La mthodologie adopte est SCRUM avec des sprints de 2 semaines. La mthodologie de dveloppement choisie est SCRUM avec des sprints de 2 semaines. Nous avons structur le travail en 3 phases distinctes. Chaque phase comprend des livrables mesurables et des critres de validation clairs. Les exprimentations confirment la viabilit de notre approche avec 82% d'efficacit. Compar aux solutions actuelles, nous observons un gain de 23% sur les mtriques cls. Ces rsultats ont t valids par une quipe de 38 experts du domaine. Ce mmoire prsente une application de covoiturage universitaire comme solution  le manque d'accessibilit aux services dans les zones rurales. Les objectifs fixs au dpart ont t atteints. Cette tude constitue une base solide pour de futures recherches dans ce domaine."
ARCH-0095,Une application de paiement mobile scurise avec Flutter et Firebase,Cloud,2022,Etudiant_0095,Ce projet de fin d'tudes porte sur une application de paiement mobile scurise. La motivation principale est le manque d'accessibilit aux services dans les zones rurales qui constitue un dfi majeur. Nous proposons une solution base sur Flutter et Firebase en suivant une approche le prototypage rapide et l'itration continue.,La mthodologie de dveloppement choisie est le prototypage rapide et l'itration continue. Nous avons structur le travail en 5 phases distinctes. Chaque phase comprend des livrables mesurables et des critres de validation clairs.,"Les exprimentations confirment la viabilit de notre approche avec 98% d'efficacit. Compar aux solutions actuelles, nous observons un gain de 30% sur les mtriques cls. Ces rsultats ont t valids par une quipe de 43 experts du domaine.",Ce travail a permis de dvelopper une application de paiement mobile scurise qui rpond efficacement  le manque d'accessibilit aux services dans les zones rurales. Les rsultats obtenus sont satisfaisants et ouvrent la voie  des amliorations futures. Les perspectives incluent l'intgration de nouvelles fonctionnalits et l'extension  d'autres contextes.,"Ce projet de fin d'tudes porte sur une application de paiement mobile scurise. La motivation principale est le manque d'accessibilit aux services dans les zones rurales qui constitue un dfi majeur. Nous proposons une solution base sur Flutter et Firebase en suivant une approche le prototypage rapide et l'itration continue. La mthodologie de dveloppement choisie est le prototypage rapide et l'itration continue. Nous avons structur le travail en 5 phases distinctes. Chaque phase comprend des livrables mesurables et des critres de validation clairs. Les exprimentations confirment la viabilit de notre approche avec 98% d'efficacit. Compar aux solutions actuelles, nous observons un gain de 30% sur les mtriques cls. Ces rsultats ont t valids par une quipe de 43 experts du domaine. Ce travail a permis de dvelopper une application de paiement mobile scurise qui rpond efficacement  le manque d'accessibilit aux services dans les zones rurales. Les rsultats obtenus sont satisfaisants et ouvrent la voie  des amliorations futures. Les perspectives incluent l'intgration de nouvelles fonctionnalits et l'extension  d'autres contextes."
ARCH-0096,Un systme de dtection de fraude bancaire avec Python et TensorFlow,Cyber,2019,Etudiant_0096,"Dans le cadre de ce mmoire, nous proposons un systme de dtection de fraude bancaire. Face  le cot lev des solutions existantes sur le march, nous avons choisi d'utiliser Python et TensorFlow comme solution principale. La mthodologie adopte est le prototypage rapide et l'itration continue.",La mthodologie de dveloppement choisie est le prototypage rapide et l'itration continue. Nous avons structur le travail en 5 phases distinctes. Chaque phase comprend des livrables mesurables et des critres de validation clairs.,"Notre systme a t valu sur un jeu de donnes de 8649 enregistrements. Les rsultats indiquent une amlioration de 18% par rapport  l'approche classique. Le temps de rponse moyen est de 432ms, ce qui rpond aux exigences.","En conclusion, nous avons conu et implment un systme de dtection de fraude bancaire. Notre solution apporte une rponse concrte  le cot lev des solutions existantes sur le march. Les travaux futurs porteront sur l'amlioration des performances et la scalabilit du systme.","Dans le cadre de ce mmoire, nous proposons un systme de dtection de fraude bancaire. Face  le cot lev des solutions existantes sur le march, nous avons choisi d'utiliser Python et TensorFlow comme solution principale. La mthodologie adopte est le prototypage rapide et l'itration continue. La mthodologie de dveloppement choisie est le prototypage rapide et l'itration continue. Nous avons structur le travail en 5 phases distinctes. Chaque phase comprend des livrables mesurables et des critres de validation clairs. Notre systme a t valu sur un jeu de donnes de 8649 enregistrements. Les rsultats indiquent une amlioration de 18% par rapport  l'approche classique. Le temps de rponse moyen est de 432ms, ce qui rpond aux exigences. En conclusion, nous avons conu et implment un systme de dtection de fraude bancaire. Notre solution apporte une rponse concrte  le cot lev des solutions existantes sur le march. Les travaux futurs porteront sur l'amlioration des performances et la scalabilit du systme."
ARCH-0097,Une plateforme e-commerce pour artisans locaux avec blockchain et smart contracts,Cloud,2022,Etudiant_0097,L'objectif de cette tude est de rsoudre le cot lev des solutions existantes sur le march grce  une plateforme e-commerce pour artisans locaux. Nous utilisons blockchain et smart contracts combin avec la recherche-action avec participation des utilisateurs finaux pour atteindre cet objectif.,La mthodologie de dveloppement choisie est la recherche-action avec participation des utilisateurs finaux. Nous avons structur le travail en 6 phases distinctes. Chaque phase comprend des livrables mesurables et des critres de validation clairs.,"Les exprimentations confirment la viabilit de notre approche avec 81% d'efficacit. Compar aux solutions actuelles, nous observons un gain de 28% sur les mtriques cls. Ces rsultats ont t valids par une quipe de 11 experts du domaine.","En conclusion, nous avons conu et implment une plateforme e-commerce pour artisans locaux. Notre solution apporte une rponse concrte  le cot lev des solutions existantes sur le march. Les travaux futurs porteront sur l'amlioration des performances et la scalabilit du systme.","L'objectif de cette tude est de rsoudre le cot lev des solutions existantes sur le march grce  une plateforme e-commerce pour artisans locaux. Nous utilisons blockchain et smart contracts combin avec la recherche-action avec participation des utilisateurs finaux pour atteindre cet objectif. La mthodologie de dveloppement choisie est la recherche-action avec participation des utilisateurs finaux. Nous avons structur le travail en 6 phases distinctes. Chaque phase comprend des livrables mesurables et des critres de validation clairs. Les exprimentations confirment la viabilit de notre approche avec 81% d'efficacit. Compar aux solutions actuelles, nous observons un gain de 28% sur les mtriques cls. Ces rsultats ont t valids par une quipe de 11 experts du domaine. En conclusion, nous avons conu et implment une plateforme e-commerce pour artisans locaux. Notre solution apporte une rponse concrte  le cot lev des solutions existantes sur le march. Les travaux futurs porteront sur l'amlioration des performances et la scalabilit du systme."
ARCH-0098,Une plateforme e-commerce pour artisans locaux avec machine learning et scikit-learn,Rseau,2021,Etudiant_0098,Ce projet de fin d'tudes porte sur une plateforme e-commerce pour artisans locaux. La motivation principale est l'absence d'outils adapts au contexte africain qui constitue un dfi majeur. Nous proposons une solution base sur machine learning et scikit-learn en suivant une approche SCRUM avec des sprints de 2 semaines.,La mthodologie de dveloppement choisie est SCRUM avec des sprints de 2 semaines. Nous avons structur le travail en 5 phases distinctes. Chaque phase comprend des livrables mesurables et des critres de validation clairs.,Les tests raliss montrent que notre solution atteint 94% de prcision. Les performances obtenues dpassent les solutions existantes de 41%. L'interface utilisateur a t valide par 33 utilisateurs rels.,Ce travail a permis de dvelopper une plateforme e-commerce pour artisans locaux qui rpond efficacement  l'absence d'outils adapts au contexte africain. Les rsultats obtenus sont satisfaisants et ouvrent la voie  des amliorations futures. Les perspectives incluent l'intgration de nouvelles fonctionnalits et l'extension  d'autres contextes.,Ce projet de fin d'tudes porte sur une plateforme e-commerce pour artisans locaux. La motivation principale est l'absence d'outils adapts au contexte africain qui constitue un dfi majeur. Nous proposons une solution base sur machine learning et scikit-learn en suivant une approche SCRUM avec des sprints de 2 semaines. La mthodologie de dveloppement choisie est SCRUM avec des sprints de 2 semaines. Nous avons structur le travail en 5 phases distinctes. Chaque phase comprend des livrables mesurables et des critres de validation clairs. Les tests raliss montrent que notre solution atteint 94% de prcision. Les performances obtenues dpassent les solutions existantes de 41%. L'interface utilisateur a t valide par 33 utilisateurs rels. Ce travail a permis de dvelopper une plateforme e-commerce pour artisans locaux qui rpond efficacement  l'absence d'outils adapts au contexte africain. Les rsultats obtenus sont satisfaisants et ouvrent la voie  des amliorations futures. Les perspectives incluent l'intgration de nouvelles fonctionnalits et l'extension  d'autres contextes.
ARCH-0099,Une application de covoiturage universitaire avec machine learning et scikit-learn,Web,2022,Etudiant_0099,L'objectif de cette tude est de rsoudre le manque d'accessibilit aux services dans les zones rurales grce  une application de covoiturage universitaire. Nous utilisons machine learning et scikit-learn combin avec une tude de cas approfondie avec donnes relles pour atteindre cet objectif.,"L'approche mthodologique retenue est une tude de cas approfondie avec donnes relles. Elle se dcline en 5 grandes tapes : analyse des besoins, conception, implmentation, tests et dploiement.",Les tests raliss montrent que notre solution atteint 90% de prcision. Les performances obtenues dpassent les solutions existantes de 39%. L'interface utilisateur a t valide par 20 utilisateurs rels.,Ce mmoire prsente une application de covoiturage universitaire comme solution  le manque d'accessibilit aux services dans les zones rurales. Les objectifs fixs au dpart ont t atteints. Cette tude constitue une base solide pour de futures recherches dans ce domaine.,"L'objectif de cette tude est de rsoudre le manque d'accessibilit aux services dans les zones rurales grce  une application de covoiturage universitaire. Nous utilisons machine learning et scikit-learn combin avec une tude de cas approfondie avec donnes relles pour atteindre cet objectif. L'approche mthodologique retenue est une tude de cas approfondie avec donnes relles. Elle se dcline en 5 grandes tapes : analyse des besoins, conception, implmentation, tests et dploiement. Les tests raliss montrent que notre solution atteint 90% de prcision. Les performances obtenues dpassent les solutions existantes de 39%. L'interface utilisateur a t valide par 20 utilisateurs rels. Ce mmoire prsente une application de covoiturage universitaire comme solution  le manque d'accessibilit aux services dans les zones rurales. Les objectifs fixs au dpart ont t atteints. Cette tude constitue une base solide pour de futures recherches dans ce domaine."
ARCH-0100,Un chatbot d'assistance mdicale avec Flutter et Firebase,Web,2019,Etudiant_0100,"Dans le cadre de ce mmoire, nous proposons un chatbot d'assistance mdicale. Face  la difficult d'accs aux soins mdicaux, nous avons choisi d'utiliser Flutter et Firebase comme solution principale. La mthodologie adopte est le prototypage rapide et l'itration continue.",La mthodologie de dveloppement choisie est le prototypage rapide et l'itration continue. Nous avons structur le travail en 3 phases distinctes. Chaque phase comprend des livrables mesurables et des critres de validation clairs.,Les tests raliss montrent que notre solution atteint 88% de prcision. Les performances obtenues dpassent les solutions existantes de 21%. L'interface utilisateur a t valide par 21 utilisateurs rels.,Ce mmoire prsente un chatbot d'assistance mdicale comme solution  la difficult d'accs aux soins mdicaux. Les objectifs fixs au dpart ont t atteints. Cette tude constitue une base solide pour de futures recherches dans ce domaine.,"Dans le cadre de ce mmoire, nous proposons un chatbot d'assistance mdicale. Face  la difficult d'accs aux soins mdicaux, nous avons choisi d'utiliser Flutter et Firebase comme solution principale. La mthodologie adopte est le prototypage rapide et l'itration continue. La mthodologie de dveloppement choisie est le prototypage rapide et l'itration continue. Nous avons structur le travail en 3 phases distinctes. Chaque phase comprend des livrables mesurables et des critres de validation clairs. Les tests raliss montrent que notre solution atteint 88% de prcision. Les performances obtenues dpassent les solutions existantes de 21%. L'interface utilisateur a t valide par 21 utilisateurs rels. Ce mmoire prsente un chatbot d'assistance mdicale comme solution  la difficult d'accs aux soins mdicaux. Les objectifs fixs au dpart ont t atteints. Cette tude constitue une base solide pour de futures recherches dans ce domaine."
ARCH-0101,Un systme de prdiction du dcrochage scolaire avec deep learning et PyTorch,Mobile,2024,Etudiant_0101,Ce projet de fin d'tudes porte sur un systme de prdiction du dcrochage scolaire. La motivation principale est le manque de traabilit dans les processus administratifs qui constitue un dfi majeur. Nous proposons une solution base sur deep learning et PyTorch en suivant une approche la recherche-action avec participation des utilisateurs finaux.,"L'approche mthodologique retenue est la recherche-action avec participation des utilisateurs finaux. Elle se dcline en 5 grandes tapes : analyse des besoins, conception, implmentation, tests et dploiement.","Les exprimentations confirment la viabilit de notre approche avec 90% d'efficacit. Compar aux solutions actuelles, nous observons un gain de 19% sur les mtriques cls. Ces rsultats ont t valids par une quipe de 38 experts du domaine.","En conclusion, nous avons conu et implment un systme de prdiction du dcrochage scolaire. Notre solution apporte une rponse concrte  le manque de traabilit dans les processus administratifs. Les travaux futurs porteront sur l'amlioration des performances et la scalabilit du systme.","Ce projet de fin d'tudes porte sur un systme de prdiction du dcrochage scolaire. La motivation principale est le manque de traabilit dans les processus administratifs qui constitue un dfi majeur. Nous proposons une solution base sur deep learning et PyTorch en suivant une approche la recherche-action avec participation des utilisateurs finaux. L'approche mthodologique retenue est la recherche-action avec participation des utilisateurs finaux. Elle se dcline en 5 grandes tapes : analyse des besoins, conception, implmentation, tests et dploiement. Les exprimentations confirment la viabilit de notre approche avec 90% d'efficacit. Compar aux solutions actuelles, nous observons un gain de 19% sur les mtriques cls. Ces rsultats ont t valids par une quipe de 38 experts du domaine. En conclusion, nous avons conu et implment un systme de prdiction du dcrochage scolaire. Notre solution apporte une rponse concrte  le manque de traabilit dans les processus administratifs. Les travaux futurs porteront sur l'amlioration des performances et la scalabilit du systme."
ARCH-0102,Une application de paiement mobile scurise avec NLP et transformers BERT,Web,2022,Etudiant_0102,Ce travail vise  concevoir et implmenter une application de paiement mobile scurise en utilisant NLP et transformers BERT. La problmatique principale est la lenteur des processus manuels actuels. Notre approche repose sur le prototypage rapide et l'itration continue.,"Pour raliser ce projet, nous avons adopt le prototypage rapide et l'itration continue. Cette approche nous permet de livrer des incrments fonctionnels rgulirement. Le travail a t divis en 6 itrations de dure gale.","Notre systme a t valu sur un jeu de donnes de 5203 enregistrements. Les rsultats indiquent une amlioration de 16% par rapport  l'approche classique. Le temps de rponse moyen est de 89ms, ce qui rpond aux exigences.",Ce mmoire prsente une application de paiement mobile scurise comme solution  la lenteur des processus manuels actuels. Les objectifs fixs au dpart ont t atteints. Cette tude constitue une base solide pour de futures recherches dans ce domaine.,"Ce travail vise  concevoir et implmenter une application de paiement mobile scurise en utilisant NLP et transformers BERT. La problmatique principale est la lenteur des processus manuels actuels. Notre approche repose sur le prototypage rapide et l'itration continue. Pour raliser ce projet, nous avons adopt le prototypage rapide et l'itration continue. Cette approche nous permet de livrer des incrments fonctionnels rgulirement. Le travail a t divis en 6 itrations de dure gale. Notre systme a t valu sur un jeu de donnes de 5203 enregistrements. Les rsultats indiquent une amlioration de 16% par rapport  l'approche classique. Le temps de rponse moyen est de 89ms, ce qui rpond aux exigences. Ce mmoire prsente une application de paiement mobile scurise comme solution  la lenteur des processus manuels actuels. Les objectifs fixs au dpart ont t atteints. Cette tude constitue une base solide pour de futures recherches dans ce domaine."
ARCH-0103,Une application de covoiturage universitaire avec blockchain et smart contracts,IoT,2023,Etudiant_0103,Ce travail vise  concevoir et implmenter une application de covoiturage universitaire en utilisant blockchain et smart contracts. La problmatique principale est les pertes financires dues aux erreurs humaines. Notre approche repose sur une tude de cas approfondie avec donnes relles.,"Pour raliser ce projet, nous avons adopt une tude de cas approfondie avec donnes relles. Cette approche nous permet de livrer des incrments fonctionnels rgulirement. Le travail a t divis en 4 itrations de dure gale.","Notre systme a t valu sur un jeu de donnes de 1513 enregistrements. Les rsultats indiquent une amlioration de 31% par rapport  l'approche classique. Le temps de rponse moyen est de 280ms, ce qui rpond aux exigences.",Ce travail a permis de dvelopper une application de covoiturage universitaire qui rpond efficacement  les pertes financires dues aux erreurs humaines. Les rsultats obtenus sont satisfaisants et ouvrent la voie  des amliorations futures. Les perspectives incluent l'intgration de nouvelles fonctionnalits et l'extension  d'autres contextes.,"Ce travail vise  concevoir et implmenter une application de covoiturage universitaire en utilisant blockchain et smart contracts. La problmatique principale est les pertes financires dues aux erreurs humaines. Notre approche repose sur une tude de cas approfondie avec donnes relles. Pour raliser ce projet, nous avons adopt une tude de cas approfondie avec donnes relles. Cette approche nous permet de livrer des incrments fonctionnels rgulirement. Le travail a t divis en 4 itrations de dure gale. Notre systme a t valu sur un jeu de donnes de 1513 enregistrements. Les rsultats indiquent une amlioration de 31% par rapport  l'approche classique. Le temps de rponse moyen est de 280ms, ce qui rpond aux exigences. Ce travail a permis de dvelopper une application de covoiturage universitaire qui rpond efficacement  les pertes financires dues aux erreurs humaines. Les rsultats obtenus sont satisfaisants et ouvrent la voie  des amliorations futures. Les perspectives incluent l'intgration de nouvelles fonctionnalits et l'extension  d'autres contextes."
ARCH-0104,Une plateforme de tlmdecine avec blockchain et smart contracts,Mobile,2021,Etudiant_0104,"Dans le cadre de ce mmoire, nous proposons une plateforme de tlmdecine. Face  la scurit insuffisante des donnes personnelles, nous avons choisi d'utiliser blockchain et smart contracts comme solution principale. La mthodologie adopte est SCRUM avec des sprints de 2 semaines.","L'approche mthodologique retenue est SCRUM avec des sprints de 2 semaines. Elle se dcline en 6 grandes tapes : analyse des besoins, conception, implmentation, tests et dploiement.","Notre systme a t valu sur un jeu de donnes de 3100 enregistrements. Les rsultats indiquent une amlioration de 31% par rapport  l'approche classique. Le temps de rponse moyen est de 236ms, ce qui rpond aux exigences.","En conclusion, nous avons conu et implment une plateforme de tlmdecine. Notre solution apporte une rponse concrte  la scurit insuffisante des donnes personnelles. Les travaux futurs porteront sur l'amlioration des performances et la scalabilit du systme.","Dans le cadre de ce mmoire, nous proposons une plateforme de tlmdecine. Face  la scurit insuffisante des donnes personnelles, nous avons choisi d'utiliser blockchain et smart contracts comme solution principale. La mthodologie adopte est SCRUM avec des sprints de 2 semaines. L'approche mthodologique retenue est SCRUM avec des sprints de 2 semaines. Elle se dcline en 6 grandes tapes : analyse des besoins, conception, implmentation, tests et dploiement. Notre systme a t valu sur un jeu de donnes de 3100 enregistrements. Les rsultats indiquent une amlioration de 31% par rapport  l'approche classique. Le temps de rponse moyen est de 236ms, ce qui rpond aux exigences. En conclusion, nous avons conu et implment une plateforme de tlmdecine. Notre solution apporte une rponse concrte  la scurit insuffisante des donnes personnelles. Les travaux futurs porteront sur l'amlioration des performances et la scalabilit du systme."
ARCH-0105,Une plateforme e-commerce pour artisans locaux avec Docker et Kubernetes,Cyber,2020,Etudiant_0105,Ce travail vise  concevoir et implmenter une plateforme e-commerce pour artisans locaux en utilisant Docker et Kubernetes. La problmatique principale est la lenteur des processus manuels actuels. Notre approche repose sur le prototypage rapide et l'itration continue.,"Pour raliser ce projet, nous avons adopt le prototypage rapide et l'itration continue. Cette approche nous permet de livrer des incrments fonctionnels rgulirement. Le travail a t divis en 3 itrations de dure gale.","Les exprimentations confirment la viabilit de notre approche avec 92% d'efficacit. Compar aux solutions actuelles, nous observons un gain de 24% sur les mtriques cls. Ces rsultats ont t valids par une quipe de 26 experts du domaine.",Ce travail a permis de dvelopper une plateforme e-commerce pour artisans locaux qui rpond efficacement  la lenteur des processus manuels actuels. Les rsultats obtenus sont satisfaisants et ouvrent la voie  des amliorations futures. Les perspectives incluent l'intgration de nouvelles fonctionnalits et l'extension  d'autres contextes.,"Ce travail vise  concevoir et implmenter une plateforme e-commerce pour artisans locaux en utilisant Docker et Kubernetes. La problmatique principale est la lenteur des processus manuels actuels. Notre approche repose sur le prototypage rapide et l'itration continue. Pour raliser ce projet, nous avons adopt le prototypage rapide et l'itration continue. Cette approche nous permet de livrer des incrments fonctionnels rgulirement. Le travail a t divis en 3 itrations de dure gale. Les exprimentations confirment la viabilit de notre approche avec 92% d'efficacit. Compar aux solutions actuelles, nous observons un gain de 24% sur les mtriques cls. Ces rsultats ont t valids par une quipe de 26 experts du domaine. Ce travail a permis de dvelopper une plateforme e-commerce pour artisans locaux qui rpond efficacement  la lenteur des processus manuels actuels. Les rsultats obtenus sont satisfaisants et ouvrent la voie  des amliorations futures. Les perspectives incluent l'intgration de nouvelles fonctionnalits et l'extension  d'autres contextes."
ARCH-0106,Une application de paiement mobile scurise avec machine learning et scikit-learn,Cloud,2022,Etudiant_0106,Ce travail vise  concevoir et implmenter une application de paiement mobile scurise en utilisant machine learning et scikit-learn. La problmatique principale est la scurit insuffisante des donnes personnelles. Notre approche repose sur la recherche-action avec participation des utilisateurs finaux.,"Pour raliser ce projet, nous avons adopt la recherche-action avec participation des utilisateurs finaux. Cette approche nous permet de livrer des incrments fonctionnels rgulirement. Le travail a t divis en 6 itrations de dure gale.","Les exprimentations confirment la viabilit de notre approche avec 90% d'efficacit. Compar aux solutions actuelles, nous observons un gain de 41% sur les mtriques cls. Ces rsultats ont t valids par une quipe de 18 experts du domaine.",Ce mmoire prsente une application de paiement mobile scurise comme solution  la scurit insuffisante des donnes personnelles. Les objectifs fixs au dpart ont t atteints. Cette tude constitue une base solide pour de futures recherches dans ce domaine.,"Ce travail vise  concevoir et implmenter une application de paiement mobile scurise en utilisant machine learning et scikit-learn. La problmatique principale est la scurit insuffisante des donnes personnelles. Notre approche repose sur la recherche-action avec participation des utilisateurs finaux. Pour raliser ce projet, nous avons adopt la recherche-action avec participation des utilisateurs finaux. Cette approche nous permet de livrer des incrments fonctionnels rgulirement. Le travail a t divis en 6 itrations de dure gale. Les exprimentations confirment la viabilit de notre approche avec 90% d'efficacit. Compar aux solutions actuelles, nous observons un gain de 41% sur les mtriques cls. Ces rsultats ont t valids par une quipe de 18 experts du domaine. Ce mmoire prsente une application de paiement mobile scurise comme solution  la scurit insuffisante des donnes personnelles. Les objectifs fixs au dpart ont t atteints. Cette tude constitue une base solide pour de futures recherches dans ce domaine."
ARCH-0107,Un systme de surveillance de la qualit de l'air avec Python et TensorFlow,Web,2022,Etudiant_0107,"Dans le cadre de ce mmoire, nous proposons un systme de surveillance de la qualit de l'air. Face  la difficult d'accs aux soins mdicaux, nous avons choisi d'utiliser Python et TensorFlow comme solution principale. La mthodologie adopte est le prototypage rapide et l'itration continue.",La mthodologie de dveloppement choisie est le prototypage rapide et l'itration continue. Nous avons structur le travail en 5 phases distinctes. Chaque phase comprend des livrables mesurables et des critres de validation clairs.,"Notre systme a t valu sur un jeu de donnes de 3038 enregistrements. Les rsultats indiquent une amlioration de 22% par rapport  l'approche classique. Le temps de rponse moyen est de 89ms, ce qui rpond aux exigences.","En conclusion, nous avons conu et implment un systme de surveillance de la qualit de l'air. Notre solution apporte une rponse concrte  la difficult d'accs aux soins mdicaux. Les travaux futurs porteront sur l'amlioration des performances et la scalabilit du systme.","Dans le cadre de ce mmoire, nous proposons un systme de surveillance de la qualit de l'air. Face  la difficult d'accs aux soins mdicaux, nous avons choisi d'utiliser Python et TensorFlow comme solution principale. La mthodologie adopte est le prototypage rapide et l'itration continue. La mthodologie de dveloppement choisie est le prototypage rapide et l'itration continue. Nous avons structur le travail en 5 phases distinctes. Chaque phase comprend des livrables mesurables et des critres de validation clairs. Notre systme a t valu sur un jeu de donnes de 3038 enregistrements. Les rsultats indiquent une amlioration de 22% par rapport  l'approche classique. Le temps de rponse moyen est de 89ms, ce qui rpond aux exigences. En conclusion, nous avons conu et implment un systme de surveillance de la qualit de l'air. Notre solution apporte une rponse concrte  la difficult d'accs aux soins mdicaux. Les travaux futurs porteront sur l'amlioration des performances et la scalabilit du systme."
ARCH-0108,Un systme de prdiction du dcrochage scolaire avec blockchain et smart contracts,IA,2021,Etudiant_0108,"Dans le cadre de ce mmoire, nous proposons un systme de prdiction du dcrochage scolaire. Face  la lenteur des processus manuels actuels, nous avons choisi d'utiliser blockchain et smart contracts comme solution principale. La mthodologie adopte est le prototypage rapide et l'itration continue.","L'approche mthodologique retenue est le prototypage rapide et l'itration continue. Elle se dcline en 6 grandes tapes : analyse des besoins, conception, implmentation, tests et dploiement.",Les tests raliss montrent que notre solution atteint 85% de prcision. Les performances obtenues dpassent les solutions existantes de 20%. L'interface utilisateur a t valide par 49 utilisateurs rels.,"En conclusion, nous avons conu et implment un systme de prdiction du dcrochage scolaire. Notre solution apporte une rponse concrte  la lenteur des processus manuels actuels. Les travaux futurs porteront sur l'amlioration des performances et la scalabilit du systme.","Dans le cadre de ce mmoire, nous proposons un systme de prdiction du dcrochage scolaire. Face  la lenteur des processus manuels actuels, nous avons choisi d'utiliser blockchain et smart contracts comme solution principale. La mthodologie adopte est le prototypage rapide et l'itration continue. L'approche mthodologique retenue est le prototypage rapide et l'itration continue. Elle se dcline en 6 grandes tapes : analyse des besoins, conception, implmentation, tests et dploiement. Les tests raliss montrent que notre solution atteint 85% de prcision. Les performances obtenues dpassent les solutions existantes de 20%. L'interface utilisateur a t valide par 49 utilisateurs rels. En conclusion, nous avons conu et implment un systme de prdiction du dcrochage scolaire. Notre solution apporte une rponse concrte  la lenteur des processus manuels actuels. Les travaux futurs porteront sur l'amlioration des performances et la scalabilit du systme."
ARCH-0109,Un systme de surveillance de la qualit de l'air avec Flutter et Firebase,IoT,2023,Etudiant_0109,L'objectif de cette tude est de rsoudre le manque de traabilit dans les processus administratifs grce  un systme de surveillance de la qualit de l'air. Nous utilisons Flutter et Firebase combin avec la recherche-action avec participation des utilisateurs finaux pour atteindre cet objectif.,"L'approche mthodologique retenue est la recherche-action avec participation des utilisateurs finaux. Elle se dcline en 6 grandes tapes : analyse des besoins, conception, implmentation, tests et dploiement.",Les tests raliss montrent que notre solution atteint 97% de prcision. Les performances obtenues dpassent les solutions existantes de 22%. L'interface utilisateur a t valide par 29 utilisateurs rels.,Ce travail a permis de dvelopper un systme de surveillance de la qualit de l'air qui rpond efficacement  le manque de traabilit dans les processus administratifs. Les rsultats obtenus sont satisfaisants et ouvrent la voie  des amliorations futures. Les perspectives incluent l'intgration de nouvelles fonctionnalits et l'extension  d'autres contextes.,"L'objectif de cette tude est de rsoudre le manque de traabilit dans les processus administratifs grce  un systme de surveillance de la qualit de l'air. Nous utilisons Flutter et Firebase combin avec la recherche-action avec participation des utilisateurs finaux pour atteindre cet objectif. L'approche mthodologique retenue est la recherche-action avec participation des utilisateurs finaux. Elle se dcline en 6 grandes tapes : analyse des besoins, conception, implmentation, tests et dploiement. Les tests raliss montrent que notre solution atteint 97% de prcision. Les performances obtenues dpassent les solutions existantes de 22%. L'interface utilisateur a t valide par 29 utilisateurs rels. Ce travail a permis de dvelopper un systme de surveillance de la qualit de l'air qui rpond efficacement  le manque de traabilit dans les processus administratifs. Les rsultats obtenus sont satisfaisants et ouvrent la voie  des amliorations futures. Les perspectives incluent l'intgration de nouvelles fonctionnalits et l'extension  d'autres contextes."
ARCH-0110,Une application de covoiturage universitaire avec deep learning et PyTorch,IA,2023,Etudiant_0110,Ce projet de fin d'tudes porte sur une application de covoiturage universitaire. La motivation principale est le manque de traabilit dans les processus administratifs qui constitue un dfi majeur. Nous proposons une solution base sur deep learning et PyTorch en suivant une approche le prototypage rapide et l'itration continue.,"L'approche mthodologique retenue est le prototypage rapide et l'itration continue. Elle se dcline en 6 grandes tapes : analyse des besoins, conception, implmentation, tests et dploiement.",Les tests raliss montrent que notre solution atteint 86% de prcision. Les performances obtenues dpassent les solutions existantes de 40%. L'interface utilisateur a t valide par 48 utilisateurs rels.,"En conclusion, nous avons conu et implment une application de covoiturage universitaire. Notre solution apporte une rponse concrte  le manque de traabilit dans les processus administratifs. Les travaux futurs porteront sur l'amlioration des performances et la scalabilit du systme.","Ce projet de fin d'tudes porte sur une application de covoiturage universitaire. La motivation principale est le manque de traabilit dans les processus administratifs qui constitue un dfi majeur. Nous proposons une solution base sur deep learning et PyTorch en suivant une approche le prototypage rapide et l'itration continue. L'approche mthodologique retenue est le prototypage rapide et l'itration continue. Elle se dcline en 6 grandes tapes : analyse des besoins, conception, implmentation, tests et dploiement. Les tests raliss montrent que notre solution atteint 86% de prcision. Les performances obtenues dpassent les solutions existantes de 40%. L'interface utilisateur a t valide par 48 utilisateurs rels. En conclusion, nous avons conu et implment une application de covoiturage universitaire. Notre solution apporte une rponse concrte  le manque de traabilit dans les processus administratifs. Les travaux futurs porteront sur l'amlioration des performances et la scalabilit du systme."
ARCH-0111,Un systme de vote lectronique avec Docker et Kubernetes,Web,2019,Etudiant_0111,Ce travail vise  concevoir et implmenter un systme de vote lectronique en utilisant Docker et Kubernetes. La problmatique principale est le manque d'accessibilit aux services dans les zones rurales. Notre approche repose sur la recherche-action avec participation des utilisateurs finaux.,"Pour raliser ce projet, nous avons adopt la recherche-action avec participation des utilisateurs finaux. Cette approche nous permet de livrer des incrments fonctionnels rgulirement. Le travail a t divis en 3 itrations de dure gale.",Les tests raliss montrent que notre solution atteint 88% de prcision. Les performances obtenues dpassent les solutions existantes de 29%. L'interface utilisateur a t valide par 42 utilisateurs rels.,"En conclusion, nous avons conu et implment un systme de vote lectronique. Notre solution apporte une rponse concrte  le manque d'accessibilit aux services dans les zones rurales. Les travaux futurs porteront sur l'amlioration des performances et la scalabilit du systme.","Ce travail vise  concevoir et implmenter un systme de vote lectronique en utilisant Docker et Kubernetes. La problmatique principale est le manque d'accessibilit aux services dans les zones rurales. Notre approche repose sur la recherche-action avec participation des utilisateurs finaux. Pour raliser ce projet, nous avons adopt la recherche-action avec participation des utilisateurs finaux. Cette approche nous permet de livrer des incrments fonctionnels rgulirement. Le travail a t divis en 3 itrations de dure gale. Les tests raliss montrent que notre solution atteint 88% de prcision. Les performances obtenues dpassent les solutions existantes de 29%. L'interface utilisateur a t valide par 42 utilisateurs rels. En conclusion, nous avons conu et implment un systme de vote lectronique. Notre solution apporte une rponse concrte  le manque d'accessibilit aux services dans les zones rurales. Les travaux futurs porteront sur l'amlioration des performances et la scalabilit du systme."
ARCH-0112,Un outil d'analyse de sentiment sur les rseaux sociaux avec deep learning et PyTorch,IA,2020,Etudiant_0112,Ce projet de fin d'tudes porte sur un outil d'analyse de sentiment sur les rseaux sociaux. La motivation principale est la difficult d'accs aux soins mdicaux qui constitue un dfi majeur. Nous proposons une solution base sur deep learning et PyTorch en suivant une approche SCRUM avec des sprints de 2 semaines.,La mthodologie de dveloppement choisie est SCRUM avec des sprints de 2 semaines. Nous avons structur le travail en 6 phases distinctes. Chaque phase comprend des livrables mesurables et des critres de validation clairs.,"Les exprimentations confirment la viabilit de notre approche avec 91% d'efficacit. Compar aux solutions actuelles, nous observons un gain de 22% sur les mtriques cls. Ces rsultats ont t valids par une quipe de 34 experts du domaine.",Ce travail a permis de dvelopper un outil d'analyse de sentiment sur les rseaux sociaux qui rpond efficacement  la difficult d'accs aux soins mdicaux. Les rsultats obtenus sont satisfaisants et ouvrent la voie  des amliorations futures. Les perspectives incluent l'intgration de nouvelles fonctionnalits et l'extension  d'autres contextes.,"Ce projet de fin d'tudes porte sur un outil d'analyse de sentiment sur les rseaux sociaux. La motivation principale est la difficult d'accs aux soins mdicaux qui constitue un dfi majeur. Nous proposons une solution base sur deep learning et PyTorch en suivant une approche SCRUM avec des sprints de 2 semaines. La mthodologie de dveloppement choisie est SCRUM avec des sprints de 2 semaines. Nous avons structur le travail en 6 phases distinctes. Chaque phase comprend des livrables mesurables et des critres de validation clairs. Les exprimentations confirment la viabilit de notre approche avec 91% d'efficacit. Compar aux solutions actuelles, nous observons un gain de 22% sur les mtriques cls. Ces rsultats ont t valids par une quipe de 34 experts du domaine. Ce travail a permis de dvelopper un outil d'analyse de sentiment sur les rseaux sociaux qui rpond efficacement  la difficult d'accs aux soins mdicaux. Les rsultats obtenus sont satisfaisants et ouvrent la voie  des amliorations futures. Les perspectives incluent l'intgration de nouvelles fonctionnalits et l'extension  d'autres contextes."
ARCH-0113,Un systme d'archivage intelligent de documents avec React et FastAPI,Web,2018,Etudiant_0113,"Dans le cadre de ce mmoire, nous proposons un systme d'archivage intelligent de documents. Face  la difficult d'accs aux soins mdicaux, nous avons choisi d'utiliser React et FastAPI comme solution principale. La mthodologie adopte est la recherche exprimentale avec validation empirique.",La mthodologie de dveloppement choisie est la recherche exprimentale avec validation empirique. Nous avons structur le travail en 5 phases distinctes. Chaque phase comprend des livrables mesurables et des critres de validation clairs.,"Notre systme a t valu sur un jeu de donnes de 7849 enregistrements. Les rsultats indiquent une amlioration de 39% par rapport  l'approche classique. Le temps de rponse moyen est de 365ms, ce qui rpond aux exigences.",Ce travail a permis de dvelopper un systme d'archivage intelligent de documents qui rpond efficacement  la difficult d'accs aux soins mdicaux. Les rsultats obtenus sont satisfaisants et ouvrent la voie  des amliorations futures. Les perspectives incluent l'intgration de nouvelles fonctionnalits et l'extension  d'autres contextes.,"Dans le cadre de ce mmoire, nous proposons un systme d'archivage intelligent de documents. Face  la difficult d'accs aux soins mdicaux, nous avons choisi d'utiliser React et FastAPI comme solution principale. La mthodologie adopte est la recherche exprimentale avec validation empirique. La mthodologie de dveloppement choisie est la recherche exprimentale avec validation empirique. Nous avons structur le travail en 5 phases distinctes. Chaque phase comprend des livrables mesurables et des critres de validation clairs. Notre systme a t valu sur un jeu de donnes de 7849 enregistrements. Les rsultats indiquent une amlioration de 39% par rapport  l'approche classique. Le temps de rponse moyen est de 365ms, ce qui rpond aux exigences. Ce travail a permis de dvelopper un systme d'archivage intelligent de documents qui rpond efficacement  la difficult d'accs aux soins mdicaux. Les rsultats obtenus sont satisfaisants et ouvrent la voie  des amliorations futures. Les perspectives incluent l'intgration de nouvelles fonctionnalits et l'extension  d'autres contextes."
ARCH-0114,Une application de paiement mobile scurise avec Flutter et Firebase,BDD,2018,Etudiant_0114,Ce projet de fin d'tudes porte sur une application de paiement mobile scurise. La motivation principale est la scurit insuffisante des donnes personnelles qui constitue un dfi majeur. Nous proposons une solution base sur Flutter et Firebase en suivant une approche la recherche-action avec participation des utilisateurs finaux.,La mthodologie de dveloppement choisie est la recherche-action avec participation des utilisateurs finaux. Nous avons structur le travail en 5 phases distinctes. Chaque phase comprend des livrables mesurables et des critres de validation clairs.,Les tests raliss montrent que notre solution atteint 89% de prcision. Les performances obtenues dpassent les solutions existantes de 18%. L'interface utilisateur a t valide par 13 utilisateurs rels.,Ce mmoire prsente une application de paiement mobile scurise comme solution  la scurit insuffisante des donnes personnelles. Les objectifs fixs au dpart ont t atteints. Cette tude constitue une base solide pour de futures recherches dans ce domaine.,Ce projet de fin d'tudes porte sur une application de paiement mobile scurise. La motivation principale est la scurit insuffisante des donnes personnelles qui constitue un dfi majeur. Nous proposons une solution base sur Flutter et Firebase en suivant une approche la recherche-action avec participation des utilisateurs finaux. La mthodologie de dveloppement choisie est la recherche-action avec participation des utilisateurs finaux. Nous avons structur le travail en 5 phases distinctes. Chaque phase comprend des livrables mesurables et des critres de validation clairs. Les tests raliss montrent que notre solution atteint 89% de prcision. Les performances obtenues dpassent les solutions existantes de 18%. L'interface utilisateur a t valide par 13 utilisateurs rels. Ce mmoire prsente une application de paiement mobile scurise comme solution  la scurit insuffisante des donnes personnelles. Les objectifs fixs au dpart ont t atteints. Cette tude constitue une base solide pour de futures recherches dans ce domaine.
ARCH-0115,Une plateforme de tlmdecine avec deep learning et PyTorch,Cloud,2019,Etudiant_0115,"Dans le cadre de ce mmoire, nous proposons une plateforme de tlmdecine. Face  la lenteur des processus manuels actuels, nous avons choisi d'utiliser deep learning et PyTorch comme solution principale. La mthodologie adopte est la recherche-action avec participation des utilisateurs finaux.","L'approche mthodologique retenue est la recherche-action avec participation des utilisateurs finaux. Elle se dcline en 4 grandes tapes : analyse des besoins, conception, implmentation, tests et dploiement.","Notre systme a t valu sur un jeu de donnes de 6280 enregistrements. Les rsultats indiquent une amlioration de 15% par rapport  l'approche classique. Le temps de rponse moyen est de 173ms, ce qui rpond aux exigences.",Ce mmoire prsente une plateforme de tlmdecine comme solution  la lenteur des processus manuels actuels. Les objectifs fixs au dpart ont t atteints. Cette tude constitue une base solide pour de futures recherches dans ce domaine.,"Dans le cadre de ce mmoire, nous proposons une plateforme de tlmdecine. Face  la lenteur des processus manuels actuels, nous avons choisi d'utiliser deep learning et PyTorch comme solution principale. La mthodologie adopte est la recherche-action avec participation des utilisateurs finaux. L'approche mthodologique retenue est la recherche-action avec participation des utilisateurs finaux. Elle se dcline en 4 grandes tapes : analyse des besoins, conception, implmentation, tests et dploiement. Notre systme a t valu sur un jeu de donnes de 6280 enregistrements. Les rsultats indiquent une amlioration de 15% par rapport  l'approche classique. Le temps de rponse moyen est de 173ms, ce qui rpond aux exigences. Ce mmoire prsente une plateforme de tlmdecine comme solution  la lenteur des processus manuels actuels. Les objectifs fixs au dpart ont t atteints. Cette tude constitue une base solide pour de futures recherches dans ce domaine."
ARCH-0116,Un systme de contrle d'accs biomtrique avec React et FastAPI,IoT,2019,Etudiant_0116,Ce travail vise  concevoir et implmenter un systme de contrle d'accs biomtrique en utilisant React et FastAPI. La problmatique principale est la difficult d'accs aux soins mdicaux. Notre approche repose sur SCRUM avec des sprints de 2 semaines.,"Pour raliser ce projet, nous avons adopt SCRUM avec des sprints de 2 semaines. Cette approche nous permet de livrer des incrments fonctionnels rgulirement. Le travail a t divis en 6 itrations de dure gale.",Les tests raliss montrent que notre solution atteint 92% de prcision. Les performances obtenues dpassent les solutions existantes de 26%. L'interface utilisateur a t valide par 26 utilisateurs rels.,Ce travail a permis de dvelopper un systme de contrle d'accs biomtrique qui rpond efficacement  la difficult d'accs aux soins mdicaux. Les rsultats obtenus sont satisfaisants et ouvrent la voie  des amliorations futures. Les perspectives incluent l'intgration de nouvelles fonctionnalits et l'extension  d'autres contextes.,"Ce travail vise  concevoir et implmenter un systme de contrle d'accs biomtrique en utilisant React et FastAPI. La problmatique principale est la difficult d'accs aux soins mdicaux. Notre approche repose sur SCRUM avec des sprints de 2 semaines. Pour raliser ce projet, nous avons adopt SCRUM avec des sprints de 2 semaines. Cette approche nous permet de livrer des incrments fonctionnels rgulirement. Le travail a t divis en 6 itrations de dure gale. Les tests raliss montrent que notre solution atteint 92% de prcision. Les performances obtenues dpassent les solutions existantes de 26%. L'interface utilisateur a t valide par 26 utilisateurs rels. Ce travail a permis de dvelopper un systme de contrle d'accs biomtrique qui rpond efficacement  la difficult d'accs aux soins mdicaux. Les rsultats obtenus sont satisfaisants et ouvrent la voie  des amliorations futures. Les perspectives incluent l'intgration de nouvelles fonctionnalits et l'extension  d'autres contextes."
ARCH-0117,Une plateforme de gestion des ressources humaines avec React et FastAPI,Cyber,2018,Etudiant_0117,Ce travail vise  concevoir et implmenter une plateforme de gestion des ressources humaines en utilisant React et FastAPI. La problmatique principale est la difficult d'accs aux soins mdicaux. Notre approche repose sur la recherche exprimentale avec validation empirique.,"Pour raliser ce projet, nous avons adopt la recherche exprimentale avec validation empirique. Cette approche nous permet de livrer des incrments fonctionnels rgulirement. Le travail a t divis en 5 itrations de dure gale.","Les exprimentations confirment la viabilit de notre approche avec 85% d'efficacit. Compar aux solutions actuelles, nous observons un gain de 41% sur les mtriques cls. Ces rsultats ont t valids par une quipe de 39 experts du domaine.",Ce travail a permis de dvelopper une plateforme de gestion des ressources humaines qui rpond efficacement  la difficult d'accs aux soins mdicaux. Les rsultats obtenus sont satisfaisants et ouvrent la voie  des amliorations futures. Les perspectives incluent l'intgration de nouvelles fonctionnalits et l'extension  d'autres contextes.,"Ce travail vise  concevoir et implmenter une plateforme de gestion des ressources humaines en utilisant React et FastAPI. La problmatique principale est la difficult d'accs aux soins mdicaux. Notre approche repose sur la recherche exprimentale avec validation empirique. Pour raliser ce projet, nous avons adopt la recherche exprimentale avec validation empirique. Cette approche nous permet de livrer des incrments fonctionnels rgulirement. Le travail a t divis en 5 itrations de dure gale. Les exprimentations confirment la viabilit de notre approche avec 85% d'efficacit. Compar aux solutions actuelles, nous observons un gain de 41% sur les mtriques cls. Ces rsultats ont t valids par une quipe de 39 experts du domaine. Ce travail a permis de dvelopper une plateforme de gestion des ressources humaines qui rpond efficacement  la difficult d'accs aux soins mdicaux. Les rsultats obtenus sont satisfaisants et ouvrent la voie  des amliorations futures. Les perspectives incluent l'intgration de nouvelles fonctionnalits et l'extension  d'autres contextes."
ARCH-0118,Une plateforme de gestion des ressources humaines avec deep learning et PyTorch,BDD,2020,Etudiant_0118,"Dans le cadre de ce mmoire, nous proposons une plateforme de gestion des ressources humaines. Face  la lenteur des processus manuels actuels, nous avons choisi d'utiliser deep learning et PyTorch comme solution principale. La mthodologie adopte est le prototypage rapide et l'itration continue.",La mthodologie de dveloppement choisie est le prototypage rapide et l'itration continue. Nous avons structur le travail en 4 phases distinctes. Chaque phase comprend des livrables mesurables et des critres de validation clairs.,Les tests raliss montrent que notre solution atteint 90% de prcision. Les performances obtenues dpassent les solutions existantes de 44%. L'interface utilisateur a t valide par 29 utilisateurs rels.,Ce mmoire prsente une plateforme de gestion des ressources humaines comme solution  la lenteur des processus manuels actuels. Les objectifs fixs au dpart ont t atteints. Cette tude constitue une base solide pour de futures recherches dans ce domaine.,"Dans le cadre de ce mmoire, nous proposons une plateforme de gestion des ressources humaines. Face  la lenteur des processus manuels actuels, nous avons choisi d'utiliser deep learning et PyTorch comme solution principale. La mthodologie adopte est le prototypage rapide et l'itration continue. La mthodologie de dveloppement choisie est le prototypage rapide et l'itration continue. Nous avons structur le travail en 4 phases distinctes. Chaque phase comprend des livrables mesurables et des critres de validation clairs. Les tests raliss montrent que notre solution atteint 90% de prcision. Les performances obtenues dpassent les solutions existantes de 44%. L'interface utilisateur a t valide par 29 utilisateurs rels. Ce mmoire prsente une plateforme de gestion des ressources humaines comme solution  la lenteur des processus manuels actuels. Les objectifs fixs au dpart ont t atteints. Cette tude constitue une base solide pour de futures recherches dans ce domaine."
ARCH-0119,Un systme de dtection de fraude bancaire avec Flutter et Firebase,BDD,2021,Etudiant_0119,Ce travail vise  concevoir et implmenter un systme de dtection de fraude bancaire en utilisant Flutter et Firebase. La problmatique principale est l'absence d'outils adapts au contexte africain. Notre approche repose sur le prototypage rapide et l'itration continue.,"L'approche mthodologique retenue est le prototypage rapide et l'itration continue. Elle se dcline en 5 grandes tapes : analyse des besoins, conception, implmentation, tests et dploiement.","Notre systme a t valu sur un jeu de donnes de 7659 enregistrements. Les rsultats indiquent une amlioration de 40% par rapport  l'approche classique. Le temps de rponse moyen est de 254ms, ce qui rpond aux exigences.",Ce mmoire prsente un systme de dtection de fraude bancaire comme solution  l'absence d'outils adapts au contexte africain. Les objectifs fixs au dpart ont t atteints. Cette tude constitue une base solide pour de futures recherches dans ce domaine.,"Ce travail vise  concevoir et implmenter un systme de dtection de fraude bancaire en utilisant Flutter et Firebase. La problmatique principale est l'absence d'outils adapts au contexte africain. Notre approche repose sur le prototypage rapide et l'itration continue. L'approche mthodologique retenue est le prototypage rapide et l'itration continue. Elle se dcline en 5 grandes tapes : analyse des besoins, conception, implmentation, tests et dploiement. Notre systme a t valu sur un jeu de donnes de 7659 enregistrements. Les rsultats indiquent une amlioration de 40% par rapport  l'approche classique. Le temps de rponse moyen est de 254ms, ce qui rpond aux exigences. Ce mmoire prsente un systme de dtection de fraude bancaire comme solution  l'absence d'outils adapts au contexte africain. Les objectifs fixs au dpart ont t atteints. Cette tude constitue une base solide pour de futures recherches dans ce domaine."
ARCH-0120,Un systme de surveillance de la qualit de l'air avec Django et PostgreSQL,IoT,2018,Etudiant_0120,L'objectif de cette tude est de rsoudre le manque de traabilit dans les processus administratifs grce  un systme de surveillance de la qualit de l'air. Nous utilisons Django et PostgreSQL combin avec une tude de cas approfondie avec donnes relles pour atteindre cet objectif.,"L'approche mthodologique retenue est une tude de cas approfondie avec donnes relles. Elle se dcline en 5 grandes tapes : analyse des besoins, conception, implmentation, tests et dploiement.",Les tests raliss montrent que notre solution atteint 93% de prcision. Les performances obtenues dpassent les solutions existantes de 17%. L'interface utilisateur a t valide par 37 utilisateurs rels.,"En conclusion, nous avons conu et implment un systme de surveillance de la qualit de l'air. Notre solution apporte une rponse concrte  le manque de traabilit dans les processus administratifs. Les travaux futurs porteront sur l'amlioration des performances et la scalabilit du systme.","L'objectif de cette tude est de rsoudre le manque de traabilit dans les processus administratifs grce  un systme de surveillance de la qualit de l'air. Nous utilisons Django et PostgreSQL combin avec une tude de cas approfondie avec donnes relles pour atteindre cet objectif. L'approche mthodologique retenue est une tude de cas approfondie avec donnes relles. Elle se dcline en 5 grandes tapes : analyse des besoins, conception, implmentation, tests et dploiement. Les tests raliss montrent que notre solution atteint 93% de prcision. Les performances obtenues dpassent les solutions existantes de 17%. L'interface utilisateur a t valide par 37 utilisateurs rels. En conclusion, nous avons conu et implment un systme de surveillance de la qualit de l'air. Notre solution apporte une rponse concrte  le manque de traabilit dans les processus administratifs. Les travaux futurs porteront sur l'amlioration des performances et la scalabilit du systme."
ARCH-0121,Une plateforme de tlmdecine avec Docker et Kubernetes,Cloud,2020,Etudiant_0121,Ce projet de fin d'tudes porte sur une plateforme de tlmdecine. La motivation principale est l'absence d'outils adapts au contexte africain qui constitue un dfi majeur. Nous proposons une solution base sur Docker et Kubernetes en suivant une approche le prototypage rapide et l'itration continue.,"L'approche mthodologique retenue est le prototypage rapide et l'itration continue. Elle se dcline en 6 grandes tapes : analyse des besoins, conception, implmentation, tests et dploiement.",Les tests raliss montrent que notre solution atteint 94% de prcision. Les performances obtenues dpassent les solutions existantes de 26%. L'interface utilisateur a t valide par 38 utilisateurs rels.,"En conclusion, nous avons conu et implment une plateforme de tlmdecine. Notre solution apporte une rponse concrte  l'absence d'outils adapts au contexte africain. Les travaux futurs porteront sur l'amlioration des performances et la scalabilit du systme.","Ce projet de fin d'tudes porte sur une plateforme de tlmdecine. La motivation principale est l'absence d'outils adapts au contexte africain qui constitue un dfi majeur. Nous proposons une solution base sur Docker et Kubernetes en suivant une approche le prototypage rapide et l'itration continue. L'approche mthodologique retenue est le prototypage rapide et l'itration continue. Elle se dcline en 6 grandes tapes : analyse des besoins, conception, implmentation, tests et dploiement. Les tests raliss montrent que notre solution atteint 94% de prcision. Les performances obtenues dpassent les solutions existantes de 26%. L'interface utilisateur a t valide par 38 utilisateurs rels. En conclusion, nous avons conu et implment une plateforme de tlmdecine. Notre solution apporte une rponse concrte  l'absence d'outils adapts au contexte africain. Les travaux futurs porteront sur l'amlioration des performances et la scalabilit du systme."
ARCH-0122,Un systme de contrle d'accs biomtrique avec Python et TensorFlow,Web,2019,Etudiant_0122,L'objectif de cette tude est de rsoudre le manque d'accessibilit aux services dans les zones rurales grce  un systme de contrle d'accs biomtrique. Nous utilisons Python et TensorFlow combin avec une tude de cas approfondie avec donnes relles pour atteindre cet objectif.,"L'approche mthodologique retenue est une tude de cas approfondie avec donnes relles. Elle se dcline en 4 grandes tapes : analyse des besoins, conception, implmentation, tests et dploiement.",Les tests raliss montrent que notre solution atteint 84% de prcision. Les performances obtenues dpassent les solutions existantes de 42%. L'interface utilisateur a t valide par 48 utilisateurs rels.,Ce travail a permis de dvelopper un systme de contrle d'accs biomtrique qui rpond efficacement  le manque d'accessibilit aux services dans les zones rurales. Les rsultats obtenus sont satisfaisants et ouvrent la voie  des amliorations futures. Les perspectives incluent l'intgration de nouvelles fonctionnalits et l'extension  d'autres contextes.,"L'objectif de cette tude est de rsoudre le manque d'accessibilit aux services dans les zones rurales grce  un systme de contrle d'accs biomtrique. Nous utilisons Python et TensorFlow combin avec une tude de cas approfondie avec donnes relles pour atteindre cet objectif. L'approche mthodologique retenue est une tude de cas approfondie avec donnes relles. Elle se dcline en 4 grandes tapes : analyse des besoins, conception, implmentation, tests et dploiement. Les tests raliss montrent que notre solution atteint 84% de prcision. Les performances obtenues dpassent les solutions existantes de 42%. L'interface utilisateur a t valide par 48 utilisateurs rels. Ce travail a permis de dvelopper un systme de contrle d'accs biomtrique qui rpond efficacement  le manque d'accessibilit aux services dans les zones rurales. Les rsultats obtenus sont satisfaisants et ouvrent la voie  des amliorations futures. Les perspectives incluent l'intgration de nouvelles fonctionnalits et l'extension  d'autres contextes."
ARCH-0123,Un systme de prdiction du dcrochage scolaire avec Docker et Kubernetes,Cyber,2022,Etudiant_0123,Ce travail vise  concevoir et implmenter un systme de prdiction du dcrochage scolaire en utilisant Docker et Kubernetes. La problmatique principale est la difficult d'accs aux soins mdicaux. Notre approche repose sur une tude de cas approfondie avec donnes relles.,"L'approche mthodologique retenue est une tude de cas approfondie avec donnes relles. Elle se dcline en 4 grandes tapes : analyse des besoins, conception, implmentation, tests et dploiement.","Les exprimentations confirment la viabilit de notre approche avec 94% d'efficacit. Compar aux solutions actuelles, nous observons un gain de 45% sur les mtriques cls. Ces rsultats ont t valids par une quipe de 33 experts du domaine.",Ce travail a permis de dvelopper un systme de prdiction du dcrochage scolaire qui rpond efficacement  la difficult d'accs aux soins mdicaux. Les rsultats obtenus sont satisfaisants et ouvrent la voie  des amliorations futures. Les perspectives incluent l'intgration de nouvelles fonctionnalits et l'extension  d'autres contextes.,"Ce travail vise  concevoir et implmenter un systme de prdiction du dcrochage scolaire en utilisant Docker et Kubernetes. La problmatique principale est la difficult d'accs aux soins mdicaux. Notre approche repose sur une tude de cas approfondie avec donnes relles. L'approche mthodologique retenue est une tude de cas approfondie avec donnes relles. Elle se dcline en 4 grandes tapes : analyse des besoins, conception, implmentation, tests et dploiement. Les exprimentations confirment la viabilit de notre approche avec 94% d'efficacit. Compar aux solutions actuelles, nous observons un gain de 45% sur les mtriques cls. Ces rsultats ont t valids par une quipe de 33 experts du domaine. Ce travail a permis de dvelopper un systme de prdiction du dcrochage scolaire qui rpond efficacement  la difficult d'accs aux soins mdicaux. Les rsultats obtenus sont satisfaisants et ouvrent la voie  des amliorations futures. Les perspectives incluent l'intgration de nouvelles fonctionnalits et l'extension  d'autres contextes."
ARCH-0124,Un systme de surveillance de la qualit de l'air avec machine learning et scikit-learn,Mobile,2024,Etudiant_0124,"Dans le cadre de ce mmoire, nous proposons un systme de surveillance de la qualit de l'air. Face  la difficult d'accs aux soins mdicaux, nous avons choisi d'utiliser machine learning et scikit-learn comme solution principale. La mthodologie adopte est le prototypage rapide et l'itration continue.",La mthodologie de dveloppement choisie est le prototypage rapide et l'itration continue. Nous avons structur le travail en 3 phases distinctes. Chaque phase comprend des livrables mesurables et des critres de validation clairs.,"Les exprimentations confirment la viabilit de notre approche avec 85% d'efficacit. Compar aux solutions actuelles, nous observons un gain de 30% sur les mtriques cls. Ces rsultats ont t valids par une quipe de 43 experts du domaine.",Ce travail a permis de dvelopper un systme de surveillance de la qualit de l'air qui rpond efficacement  la difficult d'accs aux soins mdicaux. Les rsultats obtenus sont satisfaisants et ouvrent la voie  des amliorations futures. Les perspectives incluent l'intgration de nouvelles fonctionnalits et l'extension  d'autres contextes.,"Dans le cadre de ce mmoire, nous proposons un systme de surveillance de la qualit de l'air. Face  la difficult d'accs aux soins mdicaux, nous avons choisi d'utiliser machine learning et scikit-learn comme solution principale. La mthodologie adopte est le prototypage rapide et l'itration continue. La mthodologie de dveloppement choisie est le prototypage rapide et l'itration continue. Nous avons structur le travail en 3 phases distinctes. Chaque phase comprend des livrables mesurables et des critres de validation clairs. Les exprimentations confirment la viabilit de notre approche avec 85% d'efficacit. Compar aux solutions actuelles, nous observons un gain de 30% sur les mtriques cls. Ces rsultats ont t valids par une quipe de 43 experts du domaine. Ce travail a permis de dvelopper un systme de surveillance de la qualit de l'air qui rpond efficacement  la difficult d'accs aux soins mdicaux. Les rsultats obtenus sont satisfaisants et ouvrent la voie  des amliorations futures. Les perspectives incluent l'intgration de nouvelles fonctionnalits et l'extension  d'autres contextes."
ARCH-0125,Une application de paiement mobile scurise avec deep learning et PyTorch,BDD,2018,Etudiant_0125,L'objectif de cette tude est de rsoudre le cot lev des solutions existantes sur le march grce  une application de paiement mobile scurise. Nous utilisons deep learning et PyTorch combin avec la recherche-action avec participation des utilisateurs finaux pour atteindre cet objectif.,"L'approche mthodologique retenue est la recherche-action avec participation des utilisateurs finaux. Elle se dcline en 6 grandes tapes : analyse des besoins, conception, implmentation, tests et dploiement.",Les tests raliss montrent que notre solution atteint 83% de prcision. Les performances obtenues dpassent les solutions existantes de 19%. L'interface utilisateur a t valide par 14 utilisateurs rels.,Ce mmoire prsente une application de paiement mobile scurise comme solution  le cot lev des solutions existantes sur le march. Les objectifs fixs au dpart ont t atteints. Cette tude constitue une base solide pour de futures recherches dans ce domaine.,"L'objectif de cette tude est de rsoudre le cot lev des solutions existantes sur le march grce  une application de paiement mobile scurise. Nous utilisons deep learning et PyTorch combin avec la recherche-action avec participation des utilisateurs finaux pour atteindre cet objectif. L'approche mthodologique retenue est la recherche-action avec participation des utilisateurs finaux. Elle se dcline en 6 grandes tapes : analyse des besoins, conception, implmentation, tests et dploiement. Les tests raliss montrent que notre solution atteint 83% de prcision. Les performances obtenues dpassent les solutions existantes de 19%. L'interface utilisateur a t valide par 14 utilisateurs rels. Ce mmoire prsente une application de paiement mobile scurise comme solution  le cot lev des solutions existantes sur le march. Les objectifs fixs au dpart ont t atteints. Cette tude constitue une base solide pour de futures recherches dans ce domaine."
ARCH-0126,Un systme de prdiction du dcrochage scolaire avec Docker et Kubernetes,Rseau,2024,Etudiant_0126,L'objectif de cette tude est de rsoudre la difficult d'accs aux soins mdicaux grce  un systme de prdiction du dcrochage scolaire. Nous utilisons Docker et Kubernetes combin avec SCRUM avec des sprints de 2 semaines pour atteindre cet objectif.,"Pour raliser ce projet, nous avons adopt SCRUM avec des sprints de 2 semaines. Cette approche nous permet de livrer des incrments fonctionnels rgulirement. Le travail a t divis en 4 itrations de dure gale.","Les exprimentations confirment la viabilit de notre approche avec 85% d'efficacit. Compar aux solutions actuelles, nous observons un gain de 40% sur les mtriques cls. Ces rsultats ont t valids par une quipe de 33 experts du domaine.",Ce travail a permis de dvelopper un systme de prdiction du dcrochage scolaire qui rpond efficacement  la difficult d'accs aux soins mdicaux. Les rsultats obtenus sont satisfaisants et ouvrent la voie  des amliorations futures. Les perspectives incluent l'intgration de nouvelles fonctionnalits et l'extension  d'autres contextes.,"L'objectif de cette tude est de rsoudre la difficult d'accs aux soins mdicaux grce  un systme de prdiction du dcrochage scolaire. Nous utilisons Docker et Kubernetes combin avec SCRUM avec des sprints de 2 semaines pour atteindre cet objectif. Pour raliser ce projet, nous avons adopt SCRUM avec des sprints de 2 semaines. Cette approche nous permet de livrer des incrments fonctionnels rgulirement. Le travail a t divis en 4 itrations de dure gale. Les exprimentations confirment la viabilit de notre approche avec 85% d'efficacit. Compar aux solutions actuelles, nous observons un gain de 40% sur les mtriques cls. Ces rsultats ont t valids par une quipe de 33 experts du domaine. Ce travail a permis de dvelopper un systme de prdiction du dcrochage scolaire qui rpond efficacement  la difficult d'accs aux soins mdicaux. Les rsultats obtenus sont satisfaisants et ouvrent la voie  des amliorations futures. Les perspectives incluent l'intgration de nouvelles fonctionnalits et l'extension  d'autres contextes."
ARCH-0127,Un moteur de recommandation de cours avec Flutter et Firebase,Cloud,2023,Etudiant_0127,L'objectif de cette tude est de rsoudre le manque de traabilit dans les processus administratifs grce  un moteur de recommandation de cours. Nous utilisons Flutter et Firebase combin avec SCRUM avec des sprints de 2 semaines pour atteindre cet objectif.,"L'approche mthodologique retenue est SCRUM avec des sprints de 2 semaines. Elle se dcline en 5 grandes tapes : analyse des besoins, conception, implmentation, tests et dploiement.","Notre systme a t valu sur un jeu de donnes de 1912 enregistrements. Les rsultats indiquent une amlioration de 19% par rapport  l'approche classique. Le temps de rponse moyen est de 83ms, ce qui rpond aux exigences.","En conclusion, nous avons conu et implment un moteur de recommandation de cours. Notre solution apporte une rponse concrte  le manque de traabilit dans les processus administratifs. Les travaux futurs porteront sur l'amlioration des performances et la scalabilit du systme.","L'objectif de cette tude est de rsoudre le manque de traabilit dans les processus administratifs grce  un moteur de recommandation de cours. Nous utilisons Flutter et Firebase combin avec SCRUM avec des sprints de 2 semaines pour atteindre cet objectif. L'approche mthodologique retenue est SCRUM avec des sprints de 2 semaines. Elle se dcline en 5 grandes tapes : analyse des besoins, conception, implmentation, tests et dploiement. Notre systme a t valu sur un jeu de donnes de 1912 enregistrements. Les rsultats indiquent une amlioration de 19% par rapport  l'approche classique. Le temps de rponse moyen est de 83ms, ce qui rpond aux exigences. En conclusion, nous avons conu et implment un moteur de recommandation de cours. Notre solution apporte une rponse concrte  le manque de traabilit dans les processus administratifs. Les travaux futurs porteront sur l'amlioration des performances et la scalabilit du systme."
ARCH-0128,Une plateforme de gestion des ressources humaines avec deep learning et PyTorch,Cyber,2024,Etudiant_0128,Ce travail vise  concevoir et implmenter une plateforme de gestion des ressources humaines en utilisant deep learning et PyTorch. La problmatique principale est les pertes financires dues aux erreurs humaines. Notre approche repose sur une tude de cas approfondie avec donnes relles.,La mthodologie de dveloppement choisie est une tude de cas approfondie avec donnes relles. Nous avons structur le travail en 5 phases distinctes. Chaque phase comprend des livrables mesurables et des critres de validation clairs.,"Les exprimentations confirment la viabilit de notre approche avec 82% d'efficacit. Compar aux solutions actuelles, nous observons un gain de 29% sur les mtriques cls. Ces rsultats ont t valids par une quipe de 39 experts du domaine.",Ce travail a permis de dvelopper une plateforme de gestion des ressources humaines qui rpond efficacement  les pertes financires dues aux erreurs humaines. Les rsultats obtenus sont satisfaisants et ouvrent la voie  des amliorations futures. Les perspectives incluent l'intgration de nouvelles fonctionnalits et l'extension  d'autres contextes.,"Ce travail vise  concevoir et implmenter une plateforme de gestion des ressources humaines en utilisant deep learning et PyTorch. La problmatique principale est les pertes financires dues aux erreurs humaines. Notre approche repose sur une tude de cas approfondie avec donnes relles. La mthodologie de dveloppement choisie est une tude de cas approfondie avec donnes relles. Nous avons structur le travail en 5 phases distinctes. Chaque phase comprend des livrables mesurables et des critres de validation clairs. Les exprimentations confirment la viabilit de notre approche avec 82% d'efficacit. Compar aux solutions actuelles, nous observons un gain de 29% sur les mtriques cls. Ces rsultats ont t valids par une quipe de 39 experts du domaine. Ce travail a permis de dvelopper une plateforme de gestion des ressources humaines qui rpond efficacement  les pertes financires dues aux erreurs humaines. Les rsultats obtenus sont satisfaisants et ouvrent la voie  des amliorations futures. Les perspectives incluent l'intgration de nouvelles fonctionnalits et l'extension  d'autres contextes."
ARCH-0129,Un moteur de recommandation de cours avec machine learning et scikit-learn,Web,2020,Etudiant_0129,"Dans le cadre de ce mmoire, nous proposons un moteur de recommandation de cours. Face  la lenteur des processus manuels actuels, nous avons choisi d'utiliser machine learning et scikit-learn comme solution principale. La mthodologie adopte est SCRUM avec des sprints de 2 semaines.","Pour raliser ce projet, nous avons adopt SCRUM avec des sprints de 2 semaines. Cette approche nous permet de livrer des incrments fonctionnels rgulirement. Le travail a t divis en 4 itrations de dure gale.",Les tests raliss montrent que notre solution atteint 90% de prcision. Les performances obtenues dpassent les solutions existantes de 44%. L'interface utilisateur a t valide par 24 utilisateurs rels.,"En conclusion, nous avons conu et implment un moteur de recommandation de cours. Notre solution apporte une rponse concrte  la lenteur des processus manuels actuels. Les travaux futurs porteront sur l'amlioration des performances et la scalabilit du systme.","Dans le cadre de ce mmoire, nous proposons un moteur de recommandation de cours. Face  la lenteur des processus manuels actuels, nous avons choisi d'utiliser machine learning et scikit-learn comme solution principale. La mthodologie adopte est SCRUM avec des sprints de 2 semaines. Pour raliser ce projet, nous avons adopt SCRUM avec des sprints de 2 semaines. Cette approche nous permet de livrer des incrments fonctionnels rgulirement. Le travail a t divis en 4 itrations de dure gale. Les tests raliss montrent que notre solution atteint 90% de prcision. Les performances obtenues dpassent les solutions existantes de 44%. L'interface utilisateur a t valide par 24 utilisateurs rels. En conclusion, nous avons conu et implment un moteur de recommandation de cours. Notre solution apporte une rponse concrte  la lenteur des processus manuels actuels. Les travaux futurs porteront sur l'amlioration des performances et la scalabilit du systme."
ARCH-0130,Un systme de gestion des stocks intelligents avec blockchain et smart contracts,IoT,2024,Etudiant_0130,L'objectif de cette tude est de rsoudre l'absence d'outils adapts au contexte africain grce  un systme de gestion des stocks intelligents. Nous utilisons blockchain et smart contracts combin avec la recherche exprimentale avec validation empirique pour atteindre cet objectif.,"L'approche mthodologique retenue est la recherche exprimentale avec validation empirique. Elle se dcline en 3 grandes tapes : analyse des besoins, conception, implmentation, tests et dploiement.","Les exprimentations confirment la viabilit de notre approche avec 85% d'efficacit. Compar aux solutions actuelles, nous observons un gain de 33% sur les mtriques cls. Ces rsultats ont t valids par une quipe de 47 experts du domaine.",Ce mmoire prsente un systme de gestion des stocks intelligents comme solution  l'absence d'outils adapts au contexte africain. Les objectifs fixs au dpart ont t atteints. Cette tude constitue une base solide pour de futures recherches dans ce domaine.,"L'objectif de cette tude est de rsoudre l'absence d'outils adapts au contexte africain grce  un systme de gestion des stocks intelligents. Nous utilisons blockchain et smart contracts combin avec la recherche exprimentale avec validation empirique pour atteindre cet objectif. L'approche mthodologique retenue est la recherche exprimentale avec validation empirique. Elle se dcline en 3 grandes tapes : analyse des besoins, conception, implmentation, tests et dploiement. Les exprimentations confirment la viabilit de notre approche avec 85% d'efficacit. Compar aux solutions actuelles, nous observons un gain de 33% sur les mtriques cls. Ces rsultats ont t valids par une quipe de 47 experts du domaine. Ce mmoire prsente un systme de gestion des stocks intelligents comme solution  l'absence d'outils adapts au contexte africain. Les objectifs fixs au dpart ont t atteints. Cette tude constitue une base solide pour de futures recherches dans ce domaine."
ARCH-0131,Un systme d'archivage intelligent de documents avec NLP et transformers BERT,IA,2021,Etudiant_0131,Ce travail vise  concevoir et implmenter un systme d'archivage intelligent de documents en utilisant NLP et transformers BERT. La problmatique principale est la lenteur des processus manuels actuels. Notre approche repose sur SCRUM avec des sprints de 2 semaines.,La mthodologie de dveloppement choisie est SCRUM avec des sprints de 2 semaines. Nous avons structur le travail en 5 phases distinctes. Chaque phase comprend des livrables mesurables et des critres de validation clairs.,"Les exprimentations confirment la viabilit de notre approche avec 86% d'efficacit. Compar aux solutions actuelles, nous observons un gain de 39% sur les mtriques cls. Ces rsultats ont t valids par une quipe de 46 experts du domaine.",Ce mmoire prsente un systme d'archivage intelligent de documents comme solution  la lenteur des processus manuels actuels. Les objectifs fixs au dpart ont t atteints. Cette tude constitue une base solide pour de futures recherches dans ce domaine.,"Ce travail vise  concevoir et implmenter un systme d'archivage intelligent de documents en utilisant NLP et transformers BERT. La problmatique principale est la lenteur des processus manuels actuels. Notre approche repose sur SCRUM avec des sprints de 2 semaines. La mthodologie de dveloppement choisie est SCRUM avec des sprints de 2 semaines. Nous avons structur le travail en 5 phases distinctes. Chaque phase comprend des livrables mesurables et des critres de validation clairs. Les exprimentations confirment la viabilit de notre approche avec 86% d'efficacit. Compar aux solutions actuelles, nous observons un gain de 39% sur les mtriques cls. Ces rsultats ont t valids par une quipe de 46 experts du domaine. Ce mmoire prsente un systme d'archivage intelligent de documents comme solution  la lenteur des processus manuels actuels. Les objectifs fixs au dpart ont t atteints. Cette tude constitue une base solide pour de futures recherches dans ce domaine."
ARCH-0132,Un systme d'archivage intelligent de documents avec blockchain et smart contracts,BDD,2021,Etudiant_0132,Ce projet de fin d'tudes porte sur un systme d'archivage intelligent de documents. La motivation principale est l'absence d'outils adapts au contexte africain qui constitue un dfi majeur. Nous proposons une solution base sur blockchain et smart contracts en suivant une approche le prototypage rapide et l'itration continue.,La mthodologie de dveloppement choisie est le prototypage rapide et l'itration continue. Nous avons structur le travail en 6 phases distinctes. Chaque phase comprend des livrables mesurables et des critres de validation clairs.,"Notre systme a t valu sur un jeu de donnes de 3089 enregistrements. Les rsultats indiquent une amlioration de 17% par rapport  l'approche classique. Le temps de rponse moyen est de 275ms, ce qui rpond aux exigences.","En conclusion, nous avons conu et implment un systme d'archivage intelligent de documents. Notre solution apporte une rponse concrte  l'absence d'outils adapts au contexte africain. Les travaux futurs porteront sur l'amlioration des performances et la scalabilit du systme.","Ce projet de fin d'tudes porte sur un systme d'archivage intelligent de documents. La motivation principale est l'absence d'outils adapts au contexte africain qui constitue un dfi majeur. Nous proposons une solution base sur blockchain et smart contracts en suivant une approche le prototypage rapide et l'itration continue. La mthodologie de dveloppement choisie est le prototypage rapide et l'itration continue. Nous avons structur le travail en 6 phases distinctes. Chaque phase comprend des livrables mesurables et des critres de validation clairs. Notre systme a t valu sur un jeu de donnes de 3089 enregistrements. Les rsultats indiquent une amlioration de 17% par rapport  l'approche classique. Le temps de rponse moyen est de 275ms, ce qui rpond aux exigences. En conclusion, nous avons conu et implment un systme d'archivage intelligent de documents. Notre solution apporte une rponse concrte  l'absence d'outils adapts au contexte africain. Les travaux futurs porteront sur l'amlioration des performances et la scalabilit du systme."
ARCH-0133,Un systme de gestion des stocks intelligents avec Docker et Kubernetes,IoT,2019,Etudiant_0133,L'objectif de cette tude est de rsoudre la scurit insuffisante des donnes personnelles grce  un systme de gestion des stocks intelligents. Nous utilisons Docker et Kubernetes combin avec le prototypage rapide et l'itration continue pour atteindre cet objectif.,"L'approche mthodologique retenue est le prototypage rapide et l'itration continue. Elle se dcline en 5 grandes tapes : analyse des besoins, conception, implmentation, tests et dploiement.","Notre systme a t valu sur un jeu de donnes de 8937 enregistrements. Les rsultats indiquent une amlioration de 39% par rapport  l'approche classique. Le temps de rponse moyen est de 337ms, ce qui rpond aux exigences.",Ce travail a permis de dvelopper un systme de gestion des stocks intelligents qui rpond efficacement  la scurit insuffisante des donnes personnelles. Les rsultats obtenus sont satisfaisants et ouvrent la voie  des amliorations futures. Les perspectives incluent l'intgration de nouvelles fonctionnalits et l'extension  d'autres contextes.,"L'objectif de cette tude est de rsoudre la scurit insuffisante des donnes personnelles grce  un systme de gestion des stocks intelligents. Nous utilisons Docker et Kubernetes combin avec le prototypage rapide et l'itration continue pour atteindre cet objectif. L'approche mthodologique retenue est le prototypage rapide et l'itration continue. Elle se dcline en 5 grandes tapes : analyse des besoins, conception, implmentation, tests et dploiement. Notre systme a t valu sur un jeu de donnes de 8937 enregistrements. Les rsultats indiquent une amlioration de 39% par rapport  l'approche classique. Le temps de rponse moyen est de 337ms, ce qui rpond aux exigences. Ce travail a permis de dvelopper un systme de gestion des stocks intelligents qui rpond efficacement  la scurit insuffisante des donnes personnelles. Les rsultats obtenus sont satisfaisants et ouvrent la voie  des amliorations futures. Les perspectives incluent l'intgration de nouvelles fonctionnalits et l'extension  d'autres contextes."
ARCH-0134,Un systme de vote lectronique avec React et FastAPI,IoT,2022,Etudiant_0134,"Dans le cadre de ce mmoire, nous proposons un systme de vote lectronique. Face  l'absence d'outils adapts au contexte africain, nous avons choisi d'utiliser React et FastAPI comme solution principale. La mthodologie adopte est une tude de cas approfondie avec donnes relles.",La mthodologie de dveloppement choisie est une tude de cas approfondie avec donnes relles. Nous avons structur le travail en 3 phases distinctes. Chaque phase comprend des livrables mesurables et des critres de validation clairs.,Les tests raliss montrent que notre solution atteint 89% de prcision. Les performances obtenues dpassent les solutions existantes de 45%. L'interface utilisateur a t valide par 34 utilisateurs rels.,Ce travail a permis de dvelopper un systme de vote lectronique qui rpond efficacement  l'absence d'outils adapts au contexte africain. Les rsultats obtenus sont satisfaisants et ouvrent la voie  des amliorations futures. Les perspectives incluent l'intgration de nouvelles fonctionnalits et l'extension  d'autres contextes.,"Dans le cadre de ce mmoire, nous proposons un systme de vote lectronique. Face  l'absence d'outils adapts au contexte africain, nous avons choisi d'utiliser React et FastAPI comme solution principale. La mthodologie adopte est une tude de cas approfondie avec donnes relles. La mthodologie de dveloppement choisie est une tude de cas approfondie avec donnes relles. Nous avons structur le travail en 3 phases distinctes. Chaque phase comprend des livrables mesurables et des critres de validation clairs. Les tests raliss montrent que notre solution atteint 89% de prcision. Les performances obtenues dpassent les solutions existantes de 45%. L'interface utilisateur a t valide par 34 utilisateurs rels. Ce travail a permis de dvelopper un systme de vote lectronique qui rpond efficacement  l'absence d'outils adapts au contexte africain. Les rsultats obtenus sont satisfaisants et ouvrent la voie  des amliorations futures. Les perspectives incluent l'intgration de nouvelles fonctionnalits et l'extension  d'autres contextes."
ARCH-0135,Une plateforme de gestion des ressources humaines avec Docker et Kubernetes,BDD,2019,Etudiant_0135,Ce projet de fin d'tudes porte sur une plateforme de gestion des ressources humaines. La motivation principale est le cot lev des solutions existantes sur le march qui constitue un dfi majeur. Nous proposons une solution base sur Docker et Kubernetes en suivant une approche la recherche exprimentale avec validation empirique.,"L'approche mthodologique retenue est la recherche exprimentale avec validation empirique. Elle se dcline en 6 grandes tapes : analyse des besoins, conception, implmentation, tests et dploiement.","Notre systme a t valu sur un jeu de donnes de 1975 enregistrements. Les rsultats indiquent une amlioration de 30% par rapport  l'approche classique. Le temps de rponse moyen est de 251ms, ce qui rpond aux exigences.",Ce mmoire prsente une plateforme de gestion des ressources humaines comme solution  le cot lev des solutions existantes sur le march. Les objectifs fixs au dpart ont t atteints. Cette tude constitue une base solide pour de futures recherches dans ce domaine.,"Ce projet de fin d'tudes porte sur une plateforme de gestion des ressources humaines. La motivation principale est le cot lev des solutions existantes sur le march qui constitue un dfi majeur. Nous proposons une solution base sur Docker et Kubernetes en suivant une approche la recherche exprimentale avec validation empirique. L'approche mthodologique retenue est la recherche exprimentale avec validation empirique. Elle se dcline en 6 grandes tapes : analyse des besoins, conception, implmentation, tests et dploiement. Notre systme a t valu sur un jeu de donnes de 1975 enregistrements. Les rsultats indiquent une amlioration de 30% par rapport  l'approche classique. Le temps de rponse moyen est de 251ms, ce qui rpond aux exigences. Ce mmoire prsente une plateforme de gestion des ressources humaines comme solution  le cot lev des solutions existantes sur le march. Les objectifs fixs au dpart ont t atteints. Cette tude constitue une base solide pour de futures recherches dans ce domaine."
ARCH-0136,Un systme de gestion des stocks intelligents avec NLP et transformers BERT,Cloud,2019,Etudiant_0136,Ce travail vise  concevoir et implmenter un systme de gestion des stocks intelligents en utilisant NLP et transformers BERT. La problmatique principale est la difficult d'accs aux soins mdicaux. Notre approche repose sur SCRUM avec des sprints de 2 semaines.,"Pour raliser ce projet, nous avons adopt SCRUM avec des sprints de 2 semaines. Cette approche nous permet de livrer des incrments fonctionnels rgulirement. Le travail a t divis en 6 itrations de dure gale.","Les exprimentations confirment la viabilit de notre approche avec 95% d'efficacit. Compar aux solutions actuelles, nous observons un gain de 24% sur les mtriques cls. Ces rsultats ont t valids par une quipe de 44 experts du domaine.",Ce travail a permis de dvelopper un systme de gestion des stocks intelligents qui rpond efficacement  la difficult d'accs aux soins mdicaux. Les rsultats obtenus sont satisfaisants et ouvrent la voie  des amliorations futures. Les perspectives incluent l'intgration de nouvelles fonctionnalits et l'extension  d'autres contextes.,"Ce travail vise  concevoir et implmenter un systme de gestion des stocks intelligents en utilisant NLP et transformers BERT. La problmatique principale est la difficult d'accs aux soins mdicaux. Notre approche repose sur SCRUM avec des sprints de 2 semaines. Pour raliser ce projet, nous avons adopt SCRUM avec des sprints de 2 semaines. Cette approche nous permet de livrer des incrments fonctionnels rgulirement. Le travail a t divis en 6 itrations de dure gale. Les exprimentations confirment la viabilit de notre approche avec 95% d'efficacit. Compar aux solutions actuelles, nous observons un gain de 24% sur les mtriques cls. Ces rsultats ont t valids par une quipe de 44 experts du domaine. Ce travail a permis de dvelopper un systme de gestion des stocks intelligents qui rpond efficacement  la difficult d'accs aux soins mdicaux. Les rsultats obtenus sont satisfaisants et ouvrent la voie  des amliorations futures. Les perspectives incluent l'intgration de nouvelles fonctionnalits et l'extension  d'autres contextes."
ARCH-0137,Un systme d'archivage intelligent de documents avec Arduino et Raspberry Pi,Web,2021,Etudiant_0137,L'objectif de cette tude est de rsoudre la difficult d'accs aux soins mdicaux grce  un systme d'archivage intelligent de documents. Nous utilisons Arduino et Raspberry Pi combin avec une tude de cas approfondie avec donnes relles pour atteindre cet objectif.,La mthodologie de dveloppement choisie est une tude de cas approfondie avec donnes relles. Nous avons structur le travail en 6 phases distinctes. Chaque phase comprend des livrables mesurables et des critres de validation clairs.,Les tests raliss montrent que notre solution atteint 98% de prcision. Les performances obtenues dpassent les solutions existantes de 32%. L'interface utilisateur a t valide par 22 utilisateurs rels.,"En conclusion, nous avons conu et implment un systme d'archivage intelligent de documents. Notre solution apporte une rponse concrte  la difficult d'accs aux soins mdicaux. Les travaux futurs porteront sur l'amlioration des performances et la scalabilit du systme.","L'objectif de cette tude est de rsoudre la difficult d'accs aux soins mdicaux grce  un systme d'archivage intelligent de documents. Nous utilisons Arduino et Raspberry Pi combin avec une tude de cas approfondie avec donnes relles pour atteindre cet objectif. La mthodologie de dveloppement choisie est une tude de cas approfondie avec donnes relles. Nous avons structur le travail en 6 phases distinctes. Chaque phase comprend des livrables mesurables et des critres de validation clairs. Les tests raliss montrent que notre solution atteint 98% de prcision. Les performances obtenues dpassent les solutions existantes de 32%. L'interface utilisateur a t valide par 22 utilisateurs rels. En conclusion, nous avons conu et implment un systme d'archivage intelligent de documents. Notre solution apporte une rponse concrte  la difficult d'accs aux soins mdicaux. Les travaux futurs porteront sur l'amlioration des performances et la scalabilit du systme."
ARCH-0138,Un chatbot d'assistance mdicale avec deep learning et PyTorch,Rseau,2022,Etudiant_0138,Ce travail vise  concevoir et implmenter un chatbot d'assistance mdicale en utilisant deep learning et PyTorch. La problmatique principale est l'absence d'outils adapts au contexte africain. Notre approche repose sur la recherche-action avec participation des utilisateurs finaux.,La mthodologie de dveloppement choisie est la recherche-action avec participation des utilisateurs finaux. Nous avons structur le travail en 3 phases distinctes. Chaque phase comprend des livrables mesurables et des critres de validation clairs.,"Notre systme a t valu sur un jeu de donnes de 9639 enregistrements. Les rsultats indiquent une amlioration de 40% par rapport  l'approche classique. Le temps de rponse moyen est de 237ms, ce qui rpond aux exigences.",Ce travail a permis de dvelopper un chatbot d'assistance mdicale qui rpond efficacement  l'absence d'outils adapts au contexte africain. Les rsultats obtenus sont satisfaisants et ouvrent la voie  des amliorations futures. Les perspectives incluent l'intgration de nouvelles fonctionnalits et l'extension  d'autres contextes.,"Ce travail vise  concevoir et implmenter un chatbot d'assistance mdicale en utilisant deep learning et PyTorch. La problmatique principale est l'absence d'outils adapts au contexte africain. Notre approche repose sur la recherche-action avec participation des utilisateurs finaux. La mthodologie de dveloppement choisie est la recherche-action avec participation des utilisateurs finaux. Nous avons structur le travail en 3 phases distinctes. Chaque phase comprend des livrables mesurables et des critres de validation clairs. Notre systme a t valu sur un jeu de donnes de 9639 enregistrements. Les rsultats indiquent une amlioration de 40% par rapport  l'approche classique. Le temps de rponse moyen est de 237ms, ce qui rpond aux exigences. Ce travail a permis de dvelopper un chatbot d'assistance mdicale qui rpond efficacement  l'absence d'outils adapts au contexte africain. Les rsultats obtenus sont satisfaisants et ouvrent la voie  des amliorations futures. Les perspectives incluent l'intgration de nouvelles fonctionnalits et l'extension  d'autres contextes."
ARCH-0139,Un chatbot d'assistance mdicale avec machine learning et scikit-learn,IoT,2019,Etudiant_0139,Ce travail vise  concevoir et implmenter un chatbot d'assistance mdicale en utilisant machine learning et scikit-learn. La problmatique principale est la lenteur des processus manuels actuels. Notre approche repose sur SCRUM avec des sprints de 2 semaines.,La mthodologie de dveloppement choisie est SCRUM avec des sprints de 2 semaines. Nous avons structur le travail en 5 phases distinctes. Chaque phase comprend des livrables mesurables et des critres de validation clairs.,"Notre systme a t valu sur un jeu de donnes de 8946 enregistrements. Les rsultats indiquent une amlioration de 29% par rapport  l'approche classique. Le temps de rponse moyen est de 121ms, ce qui rpond aux exigences.","En conclusion, nous avons conu et implment un chatbot d'assistance mdicale. Notre solution apporte une rponse concrte  la lenteur des processus manuels actuels. Les travaux futurs porteront sur l'amlioration des performances et la scalabilit du systme.","Ce travail vise  concevoir et implmenter un chatbot d'assistance mdicale en utilisant machine learning et scikit-learn. La problmatique principale est la lenteur des processus manuels actuels. Notre approche repose sur SCRUM avec des sprints de 2 semaines. La mthodologie de dveloppement choisie est SCRUM avec des sprints de 2 semaines. Nous avons structur le travail en 5 phases distinctes. Chaque phase comprend des livrables mesurables et des critres de validation clairs. Notre systme a t valu sur un jeu de donnes de 8946 enregistrements. Les rsultats indiquent une amlioration de 29% par rapport  l'approche classique. Le temps de rponse moyen est de 121ms, ce qui rpond aux exigences. En conclusion, nous avons conu et implment un chatbot d'assistance mdicale. Notre solution apporte une rponse concrte  la lenteur des processus manuels actuels. Les travaux futurs porteront sur l'amlioration des performances et la scalabilit du systme."
ARCH-0140,Une plateforme e-commerce pour artisans locaux avec NLP et transformers BERT,Web,2021,Etudiant_0140,L'objectif de cette tude est de rsoudre l'absence d'outils adapts au contexte africain grce  une plateforme e-commerce pour artisans locaux. Nous utilisons NLP et transformers BERT combin avec la recherche-action avec participation des utilisateurs finaux pour atteindre cet objectif.,"L'approche mthodologique retenue est la recherche-action avec participation des utilisateurs finaux. Elle se dcline en 6 grandes tapes : analyse des besoins, conception, implmentation, tests et dploiement.","Les exprimentations confirment la viabilit de notre approche avec 98% d'efficacit. Compar aux solutions actuelles, nous observons un gain de 24% sur les mtriques cls. Ces rsultats ont t valids par une quipe de 40 experts du domaine.","En conclusion, nous avons conu et implment une plateforme e-commerce pour artisans locaux. Notre solution apporte une rponse concrte  l'absence d'outils adapts au contexte africain. Les travaux futurs porteront sur l'amlioration des performances et la scalabilit du systme.","L'objectif de cette tude est de rsoudre l'absence d'outils adapts au contexte africain grce  une plateforme e-commerce pour artisans locaux. Nous utilisons NLP et transformers BERT combin avec la recherche-action avec participation des utilisateurs finaux pour atteindre cet objectif. L'approche mthodologique retenue est la recherche-action avec participation des utilisateurs finaux. Elle se dcline en 6 grandes tapes : analyse des besoins, conception, implmentation, tests et dploiement. Les exprimentations confirment la viabilit de notre approche avec 98% d'efficacit. Compar aux solutions actuelles, nous observons un gain de 24% sur les mtriques cls. Ces rsultats ont t valids par une quipe de 40 experts du domaine. En conclusion, nous avons conu et implment une plateforme e-commerce pour artisans locaux. Notre solution apporte une rponse concrte  l'absence d'outils adapts au contexte africain. Les travaux futurs porteront sur l'amlioration des performances et la scalabilit du systme."
ARCH-0141,Une application de covoiturage universitaire avec Arduino et Raspberry Pi,Cloud,2019,Etudiant_0141,Ce projet de fin d'tudes porte sur une application de covoiturage universitaire. La motivation principale est la lenteur des processus manuels actuels qui constitue un dfi majeur. Nous proposons une solution base sur Arduino et Raspberry Pi en suivant une approche la recherche-action avec participation des utilisateurs finaux.,"Pour raliser ce projet, nous avons adopt la recherche-action avec participation des utilisateurs finaux. Cette approche nous permet de livrer des incrments fonctionnels rgulirement. Le travail a t divis en 4 itrations de dure gale.","Les exprimentations confirment la viabilit de notre approche avec 81% d'efficacit. Compar aux solutions actuelles, nous observons un gain de 33% sur les mtriques cls. Ces rsultats ont t valids par une quipe de 40 experts du domaine.",Ce mmoire prsente une application de covoiturage universitaire comme solution  la lenteur des processus manuels actuels. Les objectifs fixs au dpart ont t atteints. Cette tude constitue une base solide pour de futures recherches dans ce domaine.,"Ce projet de fin d'tudes porte sur une application de covoiturage universitaire. La motivation principale est la lenteur des processus manuels actuels qui constitue un dfi majeur. Nous proposons une solution base sur Arduino et Raspberry Pi en suivant une approche la recherche-action avec participation des utilisateurs finaux. Pour raliser ce projet, nous avons adopt la recherche-action avec participation des utilisateurs finaux. Cette approche nous permet de livrer des incrments fonctionnels rgulirement. Le travail a t divis en 4 itrations de dure gale. Les exprimentations confirment la viabilit de notre approche avec 81% d'efficacit. Compar aux solutions actuelles, nous observons un gain de 33% sur les mtriques cls. Ces rsultats ont t valids par une quipe de 40 experts du domaine. Ce mmoire prsente une application de covoiturage universitaire comme solution  la lenteur des processus manuels actuels. Les objectifs fixs au dpart ont t atteints. Cette tude constitue une base solide pour de futures recherches dans ce domaine."
ARCH-0142,Un outil d'analyse de sentiment sur les rseaux sociaux avec Flutter et Firebase,Cloud,2022,Etudiant_0142,Ce travail vise  concevoir et implmenter un outil d'analyse de sentiment sur les rseaux sociaux en utilisant Flutter et Firebase. La problmatique principale est la lenteur des processus manuels actuels. Notre approche repose sur la recherche-action avec participation des utilisateurs finaux.,La mthodologie de dveloppement choisie est la recherche-action avec participation des utilisateurs finaux. Nous avons structur le travail en 3 phases distinctes. Chaque phase comprend des livrables mesurables et des critres de validation clairs.,"Notre systme a t valu sur un jeu de donnes de 7265 enregistrements. Les rsultats indiquent une amlioration de 28% par rapport  l'approche classique. Le temps de rponse moyen est de 403ms, ce qui rpond aux exigences.",Ce travail a permis de dvelopper un outil d'analyse de sentiment sur les rseaux sociaux qui rpond efficacement  la lenteur des processus manuels actuels. Les rsultats obtenus sont satisfaisants et ouvrent la voie  des amliorations futures. Les perspectives incluent l'intgration de nouvelles fonctionnalits et l'extension  d'autres contextes.,"Ce travail vise  concevoir et implmenter un outil d'analyse de sentiment sur les rseaux sociaux en utilisant Flutter et Firebase. La problmatique principale est la lenteur des processus manuels actuels. Notre approche repose sur la recherche-action avec participation des utilisateurs finaux. La mthodologie de dveloppement choisie est la recherche-action avec participation des utilisateurs finaux. Nous avons structur le travail en 3 phases distinctes. Chaque phase comprend des livrables mesurables et des critres de validation clairs. Notre systme a t valu sur un jeu de donnes de 7265 enregistrements. Les rsultats indiquent une amlioration de 28% par rapport  l'approche classique. Le temps de rponse moyen est de 403ms, ce qui rpond aux exigences. Ce travail a permis de dvelopper un outil d'analyse de sentiment sur les rseaux sociaux qui rpond efficacement  la lenteur des processus manuels actuels. Les rsultats obtenus sont satisfaisants et ouvrent la voie  des amliorations futures. Les perspectives incluent l'intgration de nouvelles fonctionnalits et l'extension  d'autres contextes."
ARCH-0143,Un systme de prdiction du dcrochage scolaire avec NLP et transformers BERT,Cyber,2021,Etudiant_0143,"Dans le cadre de ce mmoire, nous proposons un systme de prdiction du dcrochage scolaire. Face  le manque de traabilit dans les processus administratifs, nous avons choisi d'utiliser NLP et transformers BERT comme solution principale. La mthodologie adopte est SCRUM avec des sprints de 2 semaines.","L'approche mthodologique retenue est SCRUM avec des sprints de 2 semaines. Elle se dcline en 4 grandes tapes : analyse des besoins, conception, implmentation, tests et dploiement.","Les exprimentations confirment la viabilit de notre approche avec 90% d'efficacit. Compar aux solutions actuelles, nous observons un gain de 36% sur les mtriques cls. Ces rsultats ont t valids par une quipe de 40 experts du domaine.","En conclusion, nous avons conu et implment un systme de prdiction du dcrochage scolaire. Notre solution apporte une rponse concrte  le manque de traabilit dans les processus administratifs. Les travaux futurs porteront sur l'amlioration des performances et la scalabilit du systme.","Dans le cadre de ce mmoire, nous proposons un systme de prdiction du dcrochage scolaire. Face  le manque de traabilit dans les processus administratifs, nous avons choisi d'utiliser NLP et transformers BERT comme solution principale. La mthodologie adopte est SCRUM avec des sprints de 2 semaines. L'approche mthodologique retenue est SCRUM avec des sprints de 2 semaines. Elle se dcline en 4 grandes tapes : analyse des besoins, conception, implmentation, tests et dploiement. Les exprimentations confirment la viabilit de notre approche avec 90% d'efficacit. Compar aux solutions actuelles, nous observons un gain de 36% sur les mtriques cls. Ces rsultats ont t valids par une quipe de 40 experts du domaine. En conclusion, nous avons conu et implment un systme de prdiction du dcrochage scolaire. Notre solution apporte une rponse concrte  le manque de traabilit dans les processus administratifs. Les travaux futurs porteront sur l'amlioration des performances et la scalabilit du systme."
ARCH-0144,Un systme d'archivage intelligent de documents avec blockchain et smart contracts,Rseau,2020,Etudiant_0144,L'objectif de cette tude est de rsoudre la difficult d'accs aux soins mdicaux grce  un systme d'archivage intelligent de documents. Nous utilisons blockchain et smart contracts combin avec la recherche-action avec participation des utilisateurs finaux pour atteindre cet objectif.,"L'approche mthodologique retenue est la recherche-action avec participation des utilisateurs finaux. Elle se dcline en 5 grandes tapes : analyse des besoins, conception, implmentation, tests et dploiement.","Les exprimentations confirment la viabilit de notre approche avec 95% d'efficacit. Compar aux solutions actuelles, nous observons un gain de 21% sur les mtriques cls. Ces rsultats ont t valids par une quipe de 25 experts du domaine.","En conclusion, nous avons conu et implment un systme d'archivage intelligent de documents. Notre solution apporte une rponse concrte  la difficult d'accs aux soins mdicaux. Les travaux futurs porteront sur l'amlioration des performances et la scalabilit du systme.","L'objectif de cette tude est de rsoudre la difficult d'accs aux soins mdicaux grce  un systme d'archivage intelligent de documents. Nous utilisons blockchain et smart contracts combin avec la recherche-action avec participation des utilisateurs finaux pour atteindre cet objectif. L'approche mthodologique retenue est la recherche-action avec participation des utilisateurs finaux. Elle se dcline en 5 grandes tapes : analyse des besoins, conception, implmentation, tests et dploiement. Les exprimentations confirment la viabilit de notre approche avec 95% d'efficacit. Compar aux solutions actuelles, nous observons un gain de 21% sur les mtriques cls. Ces rsultats ont t valids par une quipe de 25 experts du domaine. En conclusion, nous avons conu et implment un systme d'archivage intelligent de documents. Notre solution apporte une rponse concrte  la difficult d'accs aux soins mdicaux. Les travaux futurs porteront sur l'amlioration des performances et la scalabilit du systme."
ARCH-0145,Un systme de prdiction du dcrochage scolaire avec Arduino et Raspberry Pi,Cloud,2021,Etudiant_0145,L'objectif de cette tude est de rsoudre le cot lev des solutions existantes sur le march grce  un systme de prdiction du dcrochage scolaire. Nous utilisons Arduino et Raspberry Pi combin avec une tude de cas approfondie avec donnes relles pour atteindre cet objectif.,"Pour raliser ce projet, nous avons adopt une tude de cas approfondie avec donnes relles. Cette approche nous permet de livrer des incrments fonctionnels rgulirement. Le travail a t divis en 5 itrations de dure gale.","Les exprimentations confirment la viabilit de notre approche avec 88% d'efficacit. Compar aux solutions actuelles, nous observons un gain de 24% sur les mtriques cls. Ces rsultats ont t valids par une quipe de 17 experts du domaine.",Ce mmoire prsente un systme de prdiction du dcrochage scolaire comme solution  le cot lev des solutions existantes sur le march. Les objectifs fixs au dpart ont t atteints. Cette tude constitue une base solide pour de futures recherches dans ce domaine.,"L'objectif de cette tude est de rsoudre le cot lev des solutions existantes sur le march grce  un systme de prdiction du dcrochage scolaire. Nous utilisons Arduino et Raspberry Pi combin avec une tude de cas approfondie avec donnes relles pour atteindre cet objectif. Pour raliser ce projet, nous avons adopt une tude de cas approfondie avec donnes relles. Cette approche nous permet de livrer des incrments fonctionnels rgulirement. Le travail a t divis en 5 itrations de dure gale. Les exprimentations confirment la viabilit de notre approche avec 88% d'efficacit. Compar aux solutions actuelles, nous observons un gain de 24% sur les mtriques cls. Ces rsultats ont t valids par une quipe de 17 experts du domaine. Ce mmoire prsente un systme de prdiction du dcrochage scolaire comme solution  le cot lev des solutions existantes sur le march. Les objectifs fixs au dpart ont t atteints. Cette tude constitue une base solide pour de futures recherches dans ce domaine."
ARCH-0146,Un outil d'analyse de sentiment sur les rseaux sociaux avec Docker et Kubernetes,Mobile,2022,Etudiant_0146,Ce travail vise  concevoir et implmenter un outil d'analyse de sentiment sur les rseaux sociaux en utilisant Docker et Kubernetes. La problmatique principale est la scurit insuffisante des donnes personnelles. Notre approche repose sur le prototypage rapide et l'itration continue.,"Pour raliser ce projet, nous avons adopt le prototypage rapide et l'itration continue. Cette approche nous permet de livrer des incrments fonctionnels rgulirement. Le travail a t divis en 3 itrations de dure gale.","Notre systme a t valu sur un jeu de donnes de 8349 enregistrements. Les rsultats indiquent une amlioration de 35% par rapport  l'approche classique. Le temps de rponse moyen est de 159ms, ce qui rpond aux exigences.",Ce travail a permis de dvelopper un outil d'analyse de sentiment sur les rseaux sociaux qui rpond efficacement  la scurit insuffisante des donnes personnelles. Les rsultats obtenus sont satisfaisants et ouvrent la voie  des amliorations futures. Les perspectives incluent l'intgration de nouvelles fonctionnalits et l'extension  d'autres contextes.,"Ce travail vise  concevoir et implmenter un outil d'analyse de sentiment sur les rseaux sociaux en utilisant Docker et Kubernetes. La problmatique principale est la scurit insuffisante des donnes personnelles. Notre approche repose sur le prototypage rapide et l'itration continue. Pour raliser ce projet, nous avons adopt le prototypage rapide et l'itration continue. Cette approche nous permet de livrer des incrments fonctionnels rgulirement. Le travail a t divis en 3 itrations de dure gale. Notre systme a t valu sur un jeu de donnes de 8349 enregistrements. Les rsultats indiquent une amlioration de 35% par rapport  l'approche classique. Le temps de rponse moyen est de 159ms, ce qui rpond aux exigences. Ce travail a permis de dvelopper un outil d'analyse de sentiment sur les rseaux sociaux qui rpond efficacement  la scurit insuffisante des donnes personnelles. Les rsultats obtenus sont satisfaisants et ouvrent la voie  des amliorations futures. Les perspectives incluent l'intgration de nouvelles fonctionnalits et l'extension  d'autres contextes."
ARCH-0147,Une plateforme de gestion des ressources humaines avec Arduino et Raspberry Pi,Cloud,2020,Etudiant_0147,"Dans le cadre de ce mmoire, nous proposons une plateforme de gestion des ressources humaines. Face  la scurit insuffisante des donnes personnelles, nous avons choisi d'utiliser Arduino et Raspberry Pi comme solution principale. La mthodologie adopte est SCRUM avec des sprints de 2 semaines.",La mthodologie de dveloppement choisie est SCRUM avec des sprints de 2 semaines. Nous avons structur le travail en 3 phases distinctes. Chaque phase comprend des livrables mesurables et des critres de validation clairs.,"Les exprimentations confirment la viabilit de notre approche avec 96% d'efficacit. Compar aux solutions actuelles, nous observons un gain de 22% sur les mtriques cls. Ces rsultats ont t valids par une quipe de 50 experts du domaine.",Ce travail a permis de dvelopper une plateforme de gestion des ressources humaines qui rpond efficacement  la scurit insuffisante des donnes personnelles. Les rsultats obtenus sont satisfaisants et ouvrent la voie  des amliorations futures. Les perspectives incluent l'intgration de nouvelles fonctionnalits et l'extension  d'autres contextes.,"Dans le cadre de ce mmoire, nous proposons une plateforme de gestion des ressources humaines. Face  la scurit insuffisante des donnes personnelles, nous avons choisi d'utiliser Arduino et Raspberry Pi comme solution principale. La mthodologie adopte est SCRUM avec des sprints de 2 semaines. La mthodologie de dveloppement choisie est SCRUM avec des sprints de 2 semaines. Nous avons structur le travail en 3 phases distinctes. Chaque phase comprend des livrables mesurables et des critres de validation clairs. Les exprimentations confirment la viabilit de notre approche avec 96% d'efficacit. Compar aux solutions actuelles, nous observons un gain de 22% sur les mtriques cls. Ces rsultats ont t valids par une quipe de 50 experts du domaine. Ce travail a permis de dvelopper une plateforme de gestion des ressources humaines qui rpond efficacement  la scurit insuffisante des donnes personnelles. Les rsultats obtenus sont satisfaisants et ouvrent la voie  des amliorations futures. Les perspectives incluent l'intgration de nouvelles fonctionnalits et l'extension  d'autres contextes."
ARCH-0148,Une plateforme de gestion des ressources humaines avec deep learning et PyTorch,IA,2024,Etudiant_0148,Ce travail vise  concevoir et implmenter une plateforme de gestion des ressources humaines en utilisant deep learning et PyTorch. La problmatique principale est le manque d'accessibilit aux services dans les zones rurales. Notre approche repose sur la recherche exprimentale avec validation empirique.,"L'approche mthodologique retenue est la recherche exprimentale avec validation empirique. Elle se dcline en 4 grandes tapes : analyse des besoins, conception, implmentation, tests et dploiement.","Notre systme a t valu sur un jeu de donnes de 5206 enregistrements. Les rsultats indiquent une amlioration de 30% par rapport  l'approche classique. Le temps de rponse moyen est de 214ms, ce qui rpond aux exigences.","En conclusion, nous avons conu et implment une plateforme de gestion des ressources humaines. Notre solution apporte une rponse concrte  le manque d'accessibilit aux services dans les zones rurales. Les travaux futurs porteront sur l'amlioration des performances et la scalabilit du systme.","Ce travail vise  concevoir et implmenter une plateforme de gestion des ressources humaines en utilisant deep learning et PyTorch. La problmatique principale est le manque d'accessibilit aux services dans les zones rurales. Notre approche repose sur la recherche exprimentale avec validation empirique. L'approche mthodologique retenue est la recherche exprimentale avec validation empirique. Elle se dcline en 4 grandes tapes : analyse des besoins, conception, implmentation, tests et dploiement. Notre systme a t valu sur un jeu de donnes de 5206 enregistrements. Les rsultats indiquent une amlioration de 30% par rapport  l'approche classique. Le temps de rponse moyen est de 214ms, ce qui rpond aux exigences. En conclusion, nous avons conu et implment une plateforme de gestion des ressources humaines. Notre solution apporte une rponse concrte  le manque d'accessibilit aux services dans les zones rurales. Les travaux futurs porteront sur l'amlioration des performances et la scalabilit du systme."
ARCH-0149,Une plateforme de tlmdecine avec NLP et transformers BERT,Mobile,2018,Etudiant_0149,Ce travail vise  concevoir et implmenter une plateforme de tlmdecine en utilisant NLP et transformers BERT. La problmatique principale est le cot lev des solutions existantes sur le march. Notre approche repose sur la recherche-action avec participation des utilisateurs finaux.,La mthodologie de dveloppement choisie est la recherche-action avec participation des utilisateurs finaux. Nous avons structur le travail en 6 phases distinctes. Chaque phase comprend des livrables mesurables et des critres de validation clairs.,Les tests raliss montrent que notre solution atteint 81% de prcision. Les performances obtenues dpassent les solutions existantes de 41%. L'interface utilisateur a t valide par 35 utilisateurs rels.,Ce mmoire prsente une plateforme de tlmdecine comme solution  le cot lev des solutions existantes sur le march. Les objectifs fixs au dpart ont t atteints. Cette tude constitue une base solide pour de futures recherches dans ce domaine.,Ce travail vise  concevoir et implmenter une plateforme de tlmdecine en utilisant NLP et transformers BERT. La problmatique principale est le cot lev des solutions existantes sur le march. Notre approche repose sur la recherche-action avec participation des utilisateurs finaux. La mthodologie de dveloppement choisie est la recherche-action avec participation des utilisateurs finaux. Nous avons structur le travail en 6 phases distinctes. Chaque phase comprend des livrables mesurables et des critres de validation clairs. Les tests raliss montrent que notre solution atteint 81% de prcision. Les performances obtenues dpassent les solutions existantes de 41%. L'interface utilisateur a t valide par 35 utilisateurs rels. Ce mmoire prsente une plateforme de tlmdecine comme solution  le cot lev des solutions existantes sur le march. Les objectifs fixs au dpart ont t atteints. Cette tude constitue une base solide pour de futures recherches dans ce domaine.
ARCH-0150,Un systme de dtection de fraude bancaire avec Arduino et Raspberry Pi,IoT,2019,Etudiant_0150,L'objectif de cette tude est de rsoudre le manque d'accessibilit aux services dans les zones rurales grce  un systme de dtection de fraude bancaire. Nous utilisons Arduino et Raspberry Pi combin avec le prototypage rapide et l'itration continue pour atteindre cet objectif.,"Pour raliser ce projet, nous avons adopt le prototypage rapide et l'itration continue. Cette approche nous permet de livrer des incrments fonctionnels rgulirement. Le travail a t divis en 6 itrations de dure gale.",Les tests raliss montrent que notre solution atteint 96% de prcision. Les performances obtenues dpassent les solutions existantes de 29%. L'interface utilisateur a t valide par 27 utilisateurs rels.,Ce travail a permis de dvelopper un systme de dtection de fraude bancaire qui rpond efficacement  le manque d'accessibilit aux services dans les zones rurales. Les rsultats obtenus sont satisfaisants et ouvrent la voie  des amliorations futures. Les perspectives incluent l'intgration de nouvelles fonctionnalits et l'extension  d'autres contextes.,"L'objectif de cette tude est de rsoudre le manque d'accessibilit aux services dans les zones rurales grce  un systme de dtection de fraude bancaire. Nous utilisons Arduino et Raspberry Pi combin avec le prototypage rapide et l'itration continue pour atteindre cet objectif. Pour raliser ce projet, nous avons adopt le prototypage rapide et l'itration continue. Cette approche nous permet de livrer des incrments fonctionnels rgulirement. Le travail a t divis en 6 itrations de dure gale. Les tests raliss montrent que notre solution atteint 96% de prcision. Les performances obtenues dpassent les solutions existantes de 29%. L'interface utilisateur a t valide par 27 utilisateurs rels. Ce travail a permis de dvelopper un systme de dtection de fraude bancaire qui rpond efficacement  le manque d'accessibilit aux services dans les zones rurales. Les rsultats obtenus sont satisfaisants et ouvrent la voie  des amliorations futures. Les perspectives incluent l'intgration de nouvelles fonctionnalits et l'extension  d'autres contextes."
ARCH-0151,Une plateforme de gestion des ressources humaines avec deep learning et PyTorch,Cloud,2024,Etudiant_0151,Ce travail vise  concevoir et implmenter une plateforme de gestion des ressources humaines en utilisant deep learning et PyTorch. La problmatique principale est l'absence d'outils adapts au contexte africain. Notre approche repose sur la recherche exprimentale avec validation empirique.,"L'approche mthodologique retenue est la recherche exprimentale avec validation empirique. Elle se dcline en 5 grandes tapes : analyse des besoins, conception, implmentation, tests et dploiement.","Notre systme a t valu sur un jeu de donnes de 3375 enregistrements. Les rsultats indiquent une amlioration de 36% par rapport  l'approche classique. Le temps de rponse moyen est de 362ms, ce qui rpond aux exigences.",Ce mmoire prsente une plateforme de gestion des ressources humaines comme solution  l'absence d'outils adapts au contexte africain. Les objectifs fixs au dpart ont t atteints. Cette tude constitue une base solide pour de futures recherches dans ce domaine.,"Ce travail vise  concevoir et implmenter une plateforme de gestion des ressources humaines en utilisant deep learning et PyTorch. La problmatique principale est l'absence d'outils adapts au contexte africain. Notre approche repose sur la recherche exprimentale avec validation empirique. L'approche mthodologique retenue est la recherche exprimentale avec validation empirique. Elle se dcline en 5 grandes tapes : analyse des besoins, conception, implmentation, tests et dploiement. Notre systme a t valu sur un jeu de donnes de 3375 enregistrements. Les rsultats indiquent une amlioration de 36% par rapport  l'approche classique. Le temps de rponse moyen est de 362ms, ce qui rpond aux exigences. Ce mmoire prsente une plateforme de gestion des ressources humaines comme solution  l'absence d'outils adapts au contexte africain. Les objectifs fixs au dpart ont t atteints. Cette tude constitue une base solide pour de futures recherches dans ce domaine."
ARCH-0152,Une plateforme e-commerce pour artisans locaux avec blockchain et smart contracts,Cloud,2019,Etudiant_0152,Ce projet de fin d'tudes porte sur une plateforme e-commerce pour artisans locaux. La motivation principale est la difficult d'accs aux soins mdicaux qui constitue un dfi majeur. Nous proposons une solution base sur blockchain et smart contracts en suivant une approche SCRUM avec des sprints de 2 semaines.,"L'approche mthodologique retenue est SCRUM avec des sprints de 2 semaines. Elle se dcline en 3 grandes tapes : analyse des besoins, conception, implmentation, tests et dploiement.",Les tests raliss montrent que notre solution atteint 84% de prcision. Les performances obtenues dpassent les solutions existantes de 30%. L'interface utilisateur a t valide par 30 utilisateurs rels.,"En conclusion, nous avons conu et implment une plateforme e-commerce pour artisans locaux. Notre solution apporte une rponse concrte  la difficult d'accs aux soins mdicaux. Les travaux futurs porteront sur l'amlioration des performances et la scalabilit du systme.","Ce projet de fin d'tudes porte sur une plateforme e-commerce pour artisans locaux. La motivation principale est la difficult d'accs aux soins mdicaux qui constitue un dfi majeur. Nous proposons une solution base sur blockchain et smart contracts en suivant une approche SCRUM avec des sprints de 2 semaines. L'approche mthodologique retenue est SCRUM avec des sprints de 2 semaines. Elle se dcline en 3 grandes tapes : analyse des besoins, conception, implmentation, tests et dploiement. Les tests raliss montrent que notre solution atteint 84% de prcision. Les performances obtenues dpassent les solutions existantes de 30%. L'interface utilisateur a t valide par 30 utilisateurs rels. En conclusion, nous avons conu et implment une plateforme e-commerce pour artisans locaux. Notre solution apporte une rponse concrte  la difficult d'accs aux soins mdicaux. Les travaux futurs porteront sur l'amlioration des performances et la scalabilit du systme."
ARCH-0153,Un systme de vote lectronique avec Arduino et Raspberry Pi,Cloud,2023,Etudiant_0153,Ce travail vise  concevoir et implmenter un systme de vote lectronique en utilisant Arduino et Raspberry Pi. La problmatique principale est la difficult d'accs aux soins mdicaux. Notre approche repose sur le prototypage rapide et l'itration continue.,"Pour raliser ce projet, nous avons adopt le prototypage rapide et l'itration continue. Cette approche nous permet de livrer des incrments fonctionnels rgulirement. Le travail a t divis en 5 itrations de dure gale.","Les exprimentations confirment la viabilit de notre approche avec 87% d'efficacit. Compar aux solutions actuelles, nous observons un gain de 16% sur les mtriques cls. Ces rsultats ont t valids par une quipe de 17 experts du domaine.",Ce travail a permis de dvelopper un systme de vote lectronique qui rpond efficacement  la difficult d'accs aux soins mdicaux. Les rsultats obtenus sont satisfaisants et ouvrent la voie  des amliorations futures. Les perspectives incluent l'intgration de nouvelles fonctionnalits et l'extension  d'autres contextes.,"Ce travail vise  concevoir et implmenter un systme de vote lectronique en utilisant Arduino et Raspberry Pi. La problmatique principale est la difficult d'accs aux soins mdicaux. Notre approche repose sur le prototypage rapide et l'itration continue. Pour raliser ce projet, nous avons adopt le prototypage rapide et l'itration continue. Cette approche nous permet de livrer des incrments fonctionnels rgulirement. Le travail a t divis en 5 itrations de dure gale. Les exprimentations confirment la viabilit de notre approche avec 87% d'efficacit. Compar aux solutions actuelles, nous observons un gain de 16% sur les mtriques cls. Ces rsultats ont t valids par une quipe de 17 experts du domaine. Ce travail a permis de dvelopper un systme de vote lectronique qui rpond efficacement  la difficult d'accs aux soins mdicaux. Les rsultats obtenus sont satisfaisants et ouvrent la voie  des amliorations futures. Les perspectives incluent l'intgration de nouvelles fonctionnalits et l'extension  d'autres contextes."
ARCH-0154,Un chatbot d'assistance mdicale avec Arduino et Raspberry Pi,IoT,2021,Etudiant_0154,L'objectif de cette tude est de rsoudre le manque d'accessibilit aux services dans les zones rurales grce  un chatbot d'assistance mdicale. Nous utilisons Arduino et Raspberry Pi combin avec le prototypage rapide et l'itration continue pour atteindre cet objectif.,"L'approche mthodologique retenue est le prototypage rapide et l'itration continue. Elle se dcline en 4 grandes tapes : analyse des besoins, conception, implmentation, tests et dploiement.",Les tests raliss montrent que notre solution atteint 84% de prcision. Les performances obtenues dpassent les solutions existantes de 30%. L'interface utilisateur a t valide par 19 utilisateurs rels.,Ce mmoire prsente un chatbot d'assistance mdicale comme solution  le manque d'accessibilit aux services dans les zones rurales. Les objectifs fixs au dpart ont t atteints. Cette tude constitue une base solide pour de futures recherches dans ce domaine.,"L'objectif de cette tude est de rsoudre le manque d'accessibilit aux services dans les zones rurales grce  un chatbot d'assistance mdicale. Nous utilisons Arduino et Raspberry Pi combin avec le prototypage rapide et l'itration continue pour atteindre cet objectif. L'approche mthodologique retenue est le prototypage rapide et l'itration continue. Elle se dcline en 4 grandes tapes : analyse des besoins, conception, implmentation, tests et dploiement. Les tests raliss montrent que notre solution atteint 84% de prcision. Les performances obtenues dpassent les solutions existantes de 30%. L'interface utilisateur a t valide par 19 utilisateurs rels. Ce mmoire prsente un chatbot d'assistance mdicale comme solution  le manque d'accessibilit aux services dans les zones rurales. Les objectifs fixs au dpart ont t atteints. Cette tude constitue une base solide pour de futures recherches dans ce domaine."
ARCH-0155,Une plateforme de gestion des ressources humaines avec blockchain et smart contracts,IA,2024,Etudiant_0155,"Dans le cadre de ce mmoire, nous proposons une plateforme de gestion des ressources humaines. Face  le manque de traabilit dans les processus administratifs, nous avons choisi d'utiliser blockchain et smart contracts comme solution principale. La mthodologie adopte est la recherche-action avec participation des utilisateurs finaux.",La mthodologie de dveloppement choisie est la recherche-action avec participation des utilisateurs finaux. Nous avons structur le travail en 3 phases distinctes. Chaque phase comprend des livrables mesurables et des critres de validation clairs.,"Les exprimentations confirment la viabilit de notre approche avec 94% d'efficacit. Compar aux solutions actuelles, nous observons un gain de 31% sur les mtriques cls. Ces rsultats ont t valids par une quipe de 33 experts du domaine.",Ce travail a permis de dvelopper une plateforme de gestion des ressources humaines qui rpond efficacement  le manque de traabilit dans les processus administratifs. Les rsultats obtenus sont satisfaisants et ouvrent la voie  des amliorations futures. Les perspectives incluent l'intgration de nouvelles fonctionnalits et l'extension  d'autres contextes.,"Dans le cadre de ce mmoire, nous proposons une plateforme de gestion des ressources humaines. Face  le manque de traabilit dans les processus administratifs, nous avons choisi d'utiliser blockchain et smart contracts comme solution principale. La mthodologie adopte est la recherche-action avec participation des utilisateurs finaux. La mthodologie de dveloppement choisie est la recherche-action avec participation des utilisateurs finaux. Nous avons structur le travail en 3 phases distinctes. Chaque phase comprend des livrables mesurables et des critres de validation clairs. Les exprimentations confirment la viabilit de notre approche avec 94% d'efficacit. Compar aux solutions actuelles, nous observons un gain de 31% sur les mtriques cls. Ces rsultats ont t valids par une quipe de 33 experts du domaine. Ce travail a permis de dvelopper une plateforme de gestion des ressources humaines qui rpond efficacement  le manque de traabilit dans les processus administratifs. Les rsultats obtenus sont satisfaisants et ouvrent la voie  des amliorations futures. Les perspectives incluent l'intgration de nouvelles fonctionnalits et l'extension  d'autres contextes."
ARCH-0156,Un chatbot d'assistance mdicale avec blockchain et smart contracts,BDD,2024,Etudiant_0156,"Dans le cadre de ce mmoire, nous proposons un chatbot d'assistance mdicale. Face  le cot lev des solutions existantes sur le march, nous avons choisi d'utiliser blockchain et smart contracts comme solution principale. La mthodologie adopte est la recherche-action avec participation des utilisateurs finaux.",La mthodologie de dveloppement choisie est la recherche-action avec participation des utilisateurs finaux. Nous avons structur le travail en 5 phases distinctes. Chaque phase comprend des livrables mesurables et des critres de validation clairs.,"Les exprimentations confirment la viabilit de notre approche avec 94% d'efficacit. Compar aux solutions actuelles, nous observons un gain de 18% sur les mtriques cls. Ces rsultats ont t valids par une quipe de 23 experts du domaine.",Ce mmoire prsente un chatbot d'assistance mdicale comme solution  le cot lev des solutions existantes sur le march. Les objectifs fixs au dpart ont t atteints. Cette tude constitue une base solide pour de futures recherches dans ce domaine.,"Dans le cadre de ce mmoire, nous proposons un chatbot d'assistance mdicale. Face  le cot lev des solutions existantes sur le march, nous avons choisi d'utiliser blockchain et smart contracts comme solution principale. La mthodologie adopte est la recherche-action avec participation des utilisateurs finaux. La mthodologie de dveloppement choisie est la recherche-action avec participation des utilisateurs finaux. Nous avons structur le travail en 5 phases distinctes. Chaque phase comprend des livrables mesurables et des critres de validation clairs. Les exprimentations confirment la viabilit de notre approche avec 94% d'efficacit. Compar aux solutions actuelles, nous observons un gain de 18% sur les mtriques cls. Ces rsultats ont t valids par une quipe de 23 experts du domaine. Ce mmoire prsente un chatbot d'assistance mdicale comme solution  le cot lev des solutions existantes sur le march. Les objectifs fixs au dpart ont t atteints. Cette tude constitue une base solide pour de futures recherches dans ce domaine."
ARCH-0157,Un systme de dtection de fraude bancaire avec deep learning et PyTorch,IA,2023,Etudiant_0157,Ce projet de fin d'tudes porte sur un systme de dtection de fraude bancaire. La motivation principale est la scurit insuffisante des donnes personnelles qui constitue un dfi majeur. Nous proposons une solution base sur deep learning et PyTorch en suivant une approche la recherche-action avec participation des utilisateurs finaux.,"Pour raliser ce projet, nous avons adopt la recherche-action avec participation des utilisateurs finaux. Cette approche nous permet de livrer des incrments fonctionnels rgulirement. Le travail a t divis en 3 itrations de dure gale.","Les exprimentations confirment la viabilit de notre approche avec 94% d'efficacit. Compar aux solutions actuelles, nous observons un gain de 36% sur les mtriques cls. Ces rsultats ont t valids par une quipe de 29 experts du domaine.","En conclusion, nous avons conu et implment un systme de dtection de fraude bancaire. Notre solution apporte une rponse concrte  la scurit insuffisante des donnes personnelles. Les travaux futurs porteront sur l'amlioration des performances et la scalabilit du systme.","Ce projet de fin d'tudes porte sur un systme de dtection de fraude bancaire. La motivation principale est la scurit insuffisante des donnes personnelles qui constitue un dfi majeur. Nous proposons une solution base sur deep learning et PyTorch en suivant une approche la recherche-action avec participation des utilisateurs finaux. Pour raliser ce projet, nous avons adopt la recherche-action avec participation des utilisateurs finaux. Cette approche nous permet de livrer des incrments fonctionnels rgulirement. Le travail a t divis en 3 itrations de dure gale. Les exprimentations confirment la viabilit de notre approche avec 94% d'efficacit. Compar aux solutions actuelles, nous observons un gain de 36% sur les mtriques cls. Ces rsultats ont t valids par une quipe de 29 experts du domaine. En conclusion, nous avons conu et implment un systme de dtection de fraude bancaire. Notre solution apporte une rponse concrte  la scurit insuffisante des donnes personnelles. Les travaux futurs porteront sur l'amlioration des performances et la scalabilit du systme."
ARCH-0158,Un systme de gestion des stocks intelligents avec NLP et transformers BERT,Cloud,2019,Etudiant_0158,Ce projet de fin d'tudes porte sur un systme de gestion des stocks intelligents. La motivation principale est le manque d'accessibilit aux services dans les zones rurales qui constitue un dfi majeur. Nous proposons une solution base sur NLP et transformers BERT en suivant une approche SCRUM avec des sprints de 2 semaines.,"Pour raliser ce projet, nous avons adopt SCRUM avec des sprints de 2 semaines. Cette approche nous permet de livrer des incrments fonctionnels rgulirement. Le travail a t divis en 3 itrations de dure gale.","Les exprimentations confirment la viabilit de notre approche avec 81% d'efficacit. Compar aux solutions actuelles, nous observons un gain de 44% sur les mtriques cls. Ces rsultats ont t valids par une quipe de 14 experts du domaine.","En conclusion, nous avons conu et implment un systme de gestion des stocks intelligents. Notre solution apporte une rponse concrte  le manque d'accessibilit aux services dans les zones rurales. Les travaux futurs porteront sur l'amlioration des performances et la scalabilit du systme.","Ce projet de fin d'tudes porte sur un systme de gestion des stocks intelligents. La motivation principale est le manque d'accessibilit aux services dans les zones rurales qui constitue un dfi majeur. Nous proposons une solution base sur NLP et transformers BERT en suivant une approche SCRUM avec des sprints de 2 semaines. Pour raliser ce projet, nous avons adopt SCRUM avec des sprints de 2 semaines. Cette approche nous permet de livrer des incrments fonctionnels rgulirement. Le travail a t divis en 3 itrations de dure gale. Les exprimentations confirment la viabilit de notre approche avec 81% d'efficacit. Compar aux solutions actuelles, nous observons un gain de 44% sur les mtriques cls. Ces rsultats ont t valids par une quipe de 14 experts du domaine. En conclusion, nous avons conu et implment un systme de gestion des stocks intelligents. Notre solution apporte une rponse concrte  le manque d'accessibilit aux services dans les zones rurales. Les travaux futurs porteront sur l'amlioration des performances et la scalabilit du systme."
ARCH-0159,Un systme de prdiction du dcrochage scolaire avec Django et PostgreSQL,Web,2019,Etudiant_0159,Ce projet de fin d'tudes porte sur un systme de prdiction du dcrochage scolaire. La motivation principale est les pertes financires dues aux erreurs humaines qui constitue un dfi majeur. Nous proposons une solution base sur Django et PostgreSQL en suivant une approche le prototypage rapide et l'itration continue.,"Pour raliser ce projet, nous avons adopt le prototypage rapide et l'itration continue. Cette approche nous permet de livrer des incrments fonctionnels rgulirement. Le travail a t divis en 6 itrations de dure gale.","Notre systme a t valu sur un jeu de donnes de 2678 enregistrements. Les rsultats indiquent une amlioration de 36% par rapport  l'approche classique. Le temps de rponse moyen est de 384ms, ce qui rpond aux exigences.","En conclusion, nous avons conu et implment un systme de prdiction du dcrochage scolaire. Notre solution apporte une rponse concrte  les pertes financires dues aux erreurs humaines. Les travaux futurs porteront sur l'amlioration des performances et la scalabilit du systme.","Ce projet de fin d'tudes porte sur un systme de prdiction du dcrochage scolaire. La motivation principale est les pertes financires dues aux erreurs humaines qui constitue un dfi majeur. Nous proposons une solution base sur Django et PostgreSQL en suivant une approche le prototypage rapide et l'itration continue. Pour raliser ce projet, nous avons adopt le prototypage rapide et l'itration continue. Cette approche nous permet de livrer des incrments fonctionnels rgulirement. Le travail a t divis en 6 itrations de dure gale. Notre systme a t valu sur un jeu de donnes de 2678 enregistrements. Les rsultats indiquent une amlioration de 36% par rapport  l'approche classique. Le temps de rponse moyen est de 384ms, ce qui rpond aux exigences. En conclusion, nous avons conu et implment un systme de prdiction du dcrochage scolaire. Notre solution apporte une rponse concrte  les pertes financires dues aux erreurs humaines. Les travaux futurs porteront sur l'amlioration des performances et la scalabilit du systme."
ARCH-0160,Un chatbot d'assistance mdicale avec machine learning et scikit-learn,Rseau,2021,Etudiant_0160,Ce travail vise  concevoir et implmenter un chatbot d'assistance mdicale en utilisant machine learning et scikit-learn. La problmatique principale est la scurit insuffisante des donnes personnelles. Notre approche repose sur la recherche exprimentale avec validation empirique.,La mthodologie de dveloppement choisie est la recherche exprimentale avec validation empirique. Nous avons structur le travail en 5 phases distinctes. Chaque phase comprend des livrables mesurables et des critres de validation clairs.,"Notre systme a t valu sur un jeu de donnes de 6714 enregistrements. Les rsultats indiquent une amlioration de 28% par rapport  l'approche classique. Le temps de rponse moyen est de 471ms, ce qui rpond aux exigences.",Ce travail a permis de dvelopper un chatbot d'assistance mdicale qui rpond efficacement  la scurit insuffisante des donnes personnelles. Les rsultats obtenus sont satisfaisants et ouvrent la voie  des amliorations futures. Les perspectives incluent l'intgration de nouvelles fonctionnalits et l'extension  d'autres contextes.,"Ce travail vise  concevoir et implmenter un chatbot d'assistance mdicale en utilisant machine learning et scikit-learn. La problmatique principale est la scurit insuffisante des donnes personnelles. Notre approche repose sur la recherche exprimentale avec validation empirique. La mthodologie de dveloppement choisie est la recherche exprimentale avec validation empirique. Nous avons structur le travail en 5 phases distinctes. Chaque phase comprend des livrables mesurables et des critres de validation clairs. Notre systme a t valu sur un jeu de donnes de 6714 enregistrements. Les rsultats indiquent une amlioration de 28% par rapport  l'approche classique. Le temps de rponse moyen est de 471ms, ce qui rpond aux exigences. Ce travail a permis de dvelopper un chatbot d'assistance mdicale qui rpond efficacement  la scurit insuffisante des donnes personnelles. Les rsultats obtenus sont satisfaisants et ouvrent la voie  des amliorations futures. Les perspectives incluent l'intgration de nouvelles fonctionnalits et l'extension  d'autres contextes."
ARCH-0161,Un systme de surveillance de la qualit de l'air avec Django et PostgreSQL,IA,2021,Etudiant_0161,Ce travail vise  concevoir et implmenter un systme de surveillance de la qualit de l'air en utilisant Django et PostgreSQL. La problmatique principale est l'absence d'outils adapts au contexte africain. Notre approche repose sur la recherche exprimentale avec validation empirique.,La mthodologie de dveloppement choisie est la recherche exprimentale avec validation empirique. Nous avons structur le travail en 6 phases distinctes. Chaque phase comprend des livrables mesurables et des critres de validation clairs.,"Les exprimentations confirment la viabilit de notre approche avec 80% d'efficacit. Compar aux solutions actuelles, nous observons un gain de 22% sur les mtriques cls. Ces rsultats ont t valids par une quipe de 23 experts du domaine.",Ce mmoire prsente un systme de surveillance de la qualit de l'air comme solution  l'absence d'outils adapts au contexte africain. Les objectifs fixs au dpart ont t atteints. Cette tude constitue une base solide pour de futures recherches dans ce domaine.,"Ce travail vise  concevoir et implmenter un systme de surveillance de la qualit de l'air en utilisant Django et PostgreSQL. La problmatique principale est l'absence d'outils adapts au contexte africain. Notre approche repose sur la recherche exprimentale avec validation empirique. La mthodologie de dveloppement choisie est la recherche exprimentale avec validation empirique. Nous avons structur le travail en 6 phases distinctes. Chaque phase comprend des livrables mesurables et des critres de validation clairs. Les exprimentations confirment la viabilit de notre approche avec 80% d'efficacit. Compar aux solutions actuelles, nous observons un gain de 22% sur les mtriques cls. Ces rsultats ont t valids par une quipe de 23 experts du domaine. Ce mmoire prsente un systme de surveillance de la qualit de l'air comme solution  l'absence d'outils adapts au contexte africain. Les objectifs fixs au dpart ont t atteints. Cette tude constitue une base solide pour de futures recherches dans ce domaine."
ARCH-0162,Une application de covoiturage universitaire avec Python et TensorFlow,Rseau,2024,Etudiant_0162,Ce projet de fin d'tudes porte sur une application de covoiturage universitaire. La motivation principale est le cot lev des solutions existantes sur le march qui constitue un dfi majeur. Nous proposons une solution base sur Python et TensorFlow en suivant une approche SCRUM avec des sprints de 2 semaines.,"Pour raliser ce projet, nous avons adopt SCRUM avec des sprints de 2 semaines. Cette approche nous permet de livrer des incrments fonctionnels rgulirement. Le travail a t divis en 4 itrations de dure gale.","Les exprimentations confirment la viabilit de notre approche avec 86% d'efficacit. Compar aux solutions actuelles, nous observons un gain de 39% sur les mtriques cls. Ces rsultats ont t valids par une quipe de 13 experts du domaine.","En conclusion, nous avons conu et implment une application de covoiturage universitaire. Notre solution apporte une rponse concrte  le cot lev des solutions existantes sur le march. Les travaux futurs porteront sur l'amlioration des performances et la scalabilit du systme.","Ce projet de fin d'tudes porte sur une application de covoiturage universitaire. La motivation principale est le cot lev des solutions existantes sur le march qui constitue un dfi majeur. Nous proposons une solution base sur Python et TensorFlow en suivant une approche SCRUM avec des sprints de 2 semaines. Pour raliser ce projet, nous avons adopt SCRUM avec des sprints de 2 semaines. Cette approche nous permet de livrer des incrments fonctionnels rgulirement. Le travail a t divis en 4 itrations de dure gale. Les exprimentations confirment la viabilit de notre approche avec 86% d'efficacit. Compar aux solutions actuelles, nous observons un gain de 39% sur les mtriques cls. Ces rsultats ont t valids par une quipe de 13 experts du domaine. En conclusion, nous avons conu et implment une application de covoiturage universitaire. Notre solution apporte une rponse concrte  le cot lev des solutions existantes sur le march. Les travaux futurs porteront sur l'amlioration des performances et la scalabilit du systme."
ARCH-0163,Un systme d'archivage intelligent de documents avec NLP et transformers BERT,Cyber,2023,Etudiant_0163,L'objectif de cette tude est de rsoudre la difficult d'accs aux soins mdicaux grce  un systme d'archivage intelligent de documents. Nous utilisons NLP et transformers BERT combin avec la recherche-action avec participation des utilisateurs finaux pour atteindre cet objectif.,La mthodologie de dveloppement choisie est la recherche-action avec participation des utilisateurs finaux. Nous avons structur le travail en 5 phases distinctes. Chaque phase comprend des livrables mesurables et des critres de validation clairs.,Les tests raliss montrent que notre solution atteint 96% de prcision. Les performances obtenues dpassent les solutions existantes de 22%. L'interface utilisateur a t valide par 36 utilisateurs rels.,Ce travail a permis de dvelopper un systme d'archivage intelligent de documents qui rpond efficacement  la difficult d'accs aux soins mdicaux. Les rsultats obtenus sont satisfaisants et ouvrent la voie  des amliorations futures. Les perspectives incluent l'intgration de nouvelles fonctionnalits et l'extension  d'autres contextes.,L'objectif de cette tude est de rsoudre la difficult d'accs aux soins mdicaux grce  un systme d'archivage intelligent de documents. Nous utilisons NLP et transformers BERT combin avec la recherche-action avec participation des utilisateurs finaux pour atteindre cet objectif. La mthodologie de dveloppement choisie est la recherche-action avec participation des utilisateurs finaux. Nous avons structur le travail en 5 phases distinctes. Chaque phase comprend des livrables mesurables et des critres de validation clairs. Les tests raliss montrent que notre solution atteint 96% de prcision. Les performances obtenues dpassent les solutions existantes de 22%. L'interface utilisateur a t valide par 36 utilisateurs rels. Ce travail a permis de dvelopper un systme d'archivage intelligent de documents qui rpond efficacement  la difficult d'accs aux soins mdicaux. Les rsultats obtenus sont satisfaisants et ouvrent la voie  des amliorations futures. Les perspectives incluent l'intgration de nouvelles fonctionnalits et l'extension  d'autres contextes.
ARCH-0164,Un systme de contrle d'accs biomtrique avec machine learning et scikit-learn,Cloud,2019,Etudiant_0164,L'objectif de cette tude est de rsoudre le manque de traabilit dans les processus administratifs grce  un systme de contrle d'accs biomtrique. Nous utilisons machine learning et scikit-learn combin avec SCRUM avec des sprints de 2 semaines pour atteindre cet objectif.,"L'approche mthodologique retenue est SCRUM avec des sprints de 2 semaines. Elle se dcline en 6 grandes tapes : analyse des besoins, conception, implmentation, tests et dploiement.","Les exprimentations confirment la viabilit de notre approche avec 90% d'efficacit. Compar aux solutions actuelles, nous observons un gain de 37% sur les mtriques cls. Ces rsultats ont t valids par une quipe de 36 experts du domaine.","En conclusion, nous avons conu et implment un systme de contrle d'accs biomtrique. Notre solution apporte une rponse concrte  le manque de traabilit dans les processus administratifs. Les travaux futurs porteront sur l'amlioration des performances et la scalabilit du systme.","L'objectif de cette tude est de rsoudre le manque de traabilit dans les processus administratifs grce  un systme de contrle d'accs biomtrique. Nous utilisons machine learning et scikit-learn combin avec SCRUM avec des sprints de 2 semaines pour atteindre cet objectif. L'approche mthodologique retenue est SCRUM avec des sprints de 2 semaines. Elle se dcline en 6 grandes tapes : analyse des besoins, conception, implmentation, tests et dploiement. Les exprimentations confirment la viabilit de notre approche avec 90% d'efficacit. Compar aux solutions actuelles, nous observons un gain de 37% sur les mtriques cls. Ces rsultats ont t valids par une quipe de 36 experts du domaine. En conclusion, nous avons conu et implment un systme de contrle d'accs biomtrique. Notre solution apporte une rponse concrte  le manque de traabilit dans les processus administratifs. Les travaux futurs porteront sur l'amlioration des performances et la scalabilit du systme."
ARCH-0165,Un systme de prdiction du dcrochage scolaire avec blockchain et smart contracts,Cyber,2021,Etudiant_0165,"Dans le cadre de ce mmoire, nous proposons un systme de prdiction du dcrochage scolaire. Face  le manque de traabilit dans les processus administratifs, nous avons choisi d'utiliser blockchain et smart contracts comme solution principale. La mthodologie adopte est la recherche exprimentale avec validation empirique.","Pour raliser ce projet, nous avons adopt la recherche exprimentale avec validation empirique. Cette approche nous permet de livrer des incrments fonctionnels rgulirement. Le travail a t divis en 4 itrations de dure gale.","Notre systme a t valu sur un jeu de donnes de 7324 enregistrements. Les rsultats indiquent une amlioration de 32% par rapport  l'approche classique. Le temps de rponse moyen est de 335ms, ce qui rpond aux exigences.",Ce mmoire prsente un systme de prdiction du dcrochage scolaire comme solution  le manque de traabilit dans les processus administratifs. Les objectifs fixs au dpart ont t atteints. Cette tude constitue une base solide pour de futures recherches dans ce domaine.,"Dans le cadre de ce mmoire, nous proposons un systme de prdiction du dcrochage scolaire. Face  le manque de traabilit dans les processus administratifs, nous avons choisi d'utiliser blockchain et smart contracts comme solution principale. La mthodologie adopte est la recherche exprimentale avec validation empirique. Pour raliser ce projet, nous avons adopt la recherche exprimentale avec validation empirique. Cette approche nous permet de livrer des incrments fonctionnels rgulirement. Le travail a t divis en 4 itrations de dure gale. Notre systme a t valu sur un jeu de donnes de 7324 enregistrements. Les rsultats indiquent une amlioration de 32% par rapport  l'approche classique. Le temps de rponse moyen est de 335ms, ce qui rpond aux exigences. Ce mmoire prsente un systme de prdiction du dcrochage scolaire comme solution  le manque de traabilit dans les processus administratifs. Les objectifs fixs au dpart ont t atteints. Cette tude constitue une base solide pour de futures recherches dans ce domaine."
ARCH-0166,Un systme de gestion des stocks intelligents avec Arduino et Raspberry Pi,IA,2024,Etudiant_0166,Ce travail vise  concevoir et implmenter un systme de gestion des stocks intelligents en utilisant Arduino et Raspberry Pi. La problmatique principale est le cot lev des solutions existantes sur le march. Notre approche repose sur le prototypage rapide et l'itration continue.,"Pour raliser ce projet, nous avons adopt le prototypage rapide et l'itration continue. Cette approche nous permet de livrer des incrments fonctionnels rgulirement. Le travail a t divis en 5 itrations de dure gale.",Les tests raliss montrent que notre solution atteint 97% de prcision. Les performances obtenues dpassent les solutions existantes de 38%. L'interface utilisateur a t valide par 22 utilisateurs rels.,"En conclusion, nous avons conu et implment un systme de gestion des stocks intelligents. Notre solution apporte une rponse concrte  le cot lev des solutions existantes sur le march. Les travaux futurs porteront sur l'amlioration des performances et la scalabilit du systme.","Ce travail vise  concevoir et implmenter un systme de gestion des stocks intelligents en utilisant Arduino et Raspberry Pi. La problmatique principale est le cot lev des solutions existantes sur le march. Notre approche repose sur le prototypage rapide et l'itration continue. Pour raliser ce projet, nous avons adopt le prototypage rapide et l'itration continue. Cette approche nous permet de livrer des incrments fonctionnels rgulirement. Le travail a t divis en 5 itrations de dure gale. Les tests raliss montrent que notre solution atteint 97% de prcision. Les performances obtenues dpassent les solutions existantes de 38%. L'interface utilisateur a t valide par 22 utilisateurs rels. En conclusion, nous avons conu et implment un systme de gestion des stocks intelligents. Notre solution apporte une rponse concrte  le cot lev des solutions existantes sur le march. Les travaux futurs porteront sur l'amlioration des performances et la scalabilit du systme."
ARCH-0167,Une plateforme de tlmdecine avec Flutter et Firebase,Rseau,2023,Etudiant_0167,"Dans le cadre de ce mmoire, nous proposons une plateforme de tlmdecine. Face  le cot lev des solutions existantes sur le march, nous avons choisi d'utiliser Flutter et Firebase comme solution principale. La mthodologie adopte est une tude de cas approfondie avec donnes relles.","Pour raliser ce projet, nous avons adopt une tude de cas approfondie avec donnes relles. Cette approche nous permet de livrer des incrments fonctionnels rgulirement. Le travail a t divis en 5 itrations de dure gale.",Les tests raliss montrent que notre solution atteint 86% de prcision. Les performances obtenues dpassent les solutions existantes de 44%. L'interface utilisateur a t valide par 22 utilisateurs rels.,"En conclusion, nous avons conu et implment une plateforme de tlmdecine. Notre solution apporte une rponse concrte  le cot lev des solutions existantes sur le march. Les travaux futurs porteront sur l'amlioration des performances et la scalabilit du systme.","Dans le cadre de ce mmoire, nous proposons une plateforme de tlmdecine. Face  le cot lev des solutions existantes sur le march, nous avons choisi d'utiliser Flutter et Firebase comme solution principale. La mthodologie adopte est une tude de cas approfondie avec donnes relles. Pour raliser ce projet, nous avons adopt une tude de cas approfondie avec donnes relles. Cette approche nous permet de livrer des incrments fonctionnels rgulirement. Le travail a t divis en 5 itrations de dure gale. Les tests raliss montrent que notre solution atteint 86% de prcision. Les performances obtenues dpassent les solutions existantes de 44%. L'interface utilisateur a t valide par 22 utilisateurs rels. En conclusion, nous avons conu et implment une plateforme de tlmdecine. Notre solution apporte une rponse concrte  le cot lev des solutions existantes sur le march. Les travaux futurs porteront sur l'amlioration des performances et la scalabilit du systme."
ARCH-0168,Une application de covoiturage universitaire avec Flutter et Firebase,BDD,2021,Etudiant_0168,L'objectif de cette tude est de rsoudre les pertes financires dues aux erreurs humaines grce  une application de covoiturage universitaire. Nous utilisons Flutter et Firebase combin avec la recherche exprimentale avec validation empirique pour atteindre cet objectif.,"Pour raliser ce projet, nous avons adopt la recherche exprimentale avec validation empirique. Cette approche nous permet de livrer des incrments fonctionnels rgulirement. Le travail a t divis en 6 itrations de dure gale.","Notre systme a t valu sur un jeu de donnes de 5553 enregistrements. Les rsultats indiquent une amlioration de 35% par rapport  l'approche classique. Le temps de rponse moyen est de 183ms, ce qui rpond aux exigences.","En conclusion, nous avons conu et implment une application de covoiturage universitaire. Notre solution apporte une rponse concrte  les pertes financires dues aux erreurs humaines. Les travaux futurs porteront sur l'amlioration des performances et la scalabilit du systme.","L'objectif de cette tude est de rsoudre les pertes financires dues aux erreurs humaines grce  une application de covoiturage universitaire. Nous utilisons Flutter et Firebase combin avec la recherche exprimentale avec validation empirique pour atteindre cet objectif. Pour raliser ce projet, nous avons adopt la recherche exprimentale avec validation empirique. Cette approche nous permet de livrer des incrments fonctionnels rgulirement. Le travail a t divis en 6 itrations de dure gale. Notre systme a t valu sur un jeu de donnes de 5553 enregistrements. Les rsultats indiquent une amlioration de 35% par rapport  l'approche classique. Le temps de rponse moyen est de 183ms, ce qui rpond aux exigences. En conclusion, nous avons conu et implment une application de covoiturage universitaire. Notre solution apporte une rponse concrte  les pertes financires dues aux erreurs humaines. Les travaux futurs porteront sur l'amlioration des performances et la scalabilit du systme."
ARCH-0169,Une plateforme de tlmdecine avec deep learning et PyTorch,Cloud,2020,Etudiant_0169,L'objectif de cette tude est de rsoudre la difficult d'accs aux soins mdicaux grce  une plateforme de tlmdecine. Nous utilisons deep learning et PyTorch combin avec la recherche exprimentale avec validation empirique pour atteindre cet objectif.,"Pour raliser ce projet, nous avons adopt la recherche exprimentale avec validation empirique. Cette approche nous permet de livrer des incrments fonctionnels rgulirement. Le travail a t divis en 6 itrations de dure gale.",Les tests raliss montrent que notre solution atteint 98% de prcision. Les performances obtenues dpassent les solutions existantes de 42%. L'interface utilisateur a t valide par 24 utilisateurs rels.,"En conclusion, nous avons conu et implment une plateforme de tlmdecine. Notre solution apporte une rponse concrte  la difficult d'accs aux soins mdicaux. Les travaux futurs porteront sur l'amlioration des performances et la scalabilit du systme.","L'objectif de cette tude est de rsoudre la difficult d'accs aux soins mdicaux grce  une plateforme de tlmdecine. Nous utilisons deep learning et PyTorch combin avec la recherche exprimentale avec validation empirique pour atteindre cet objectif. Pour raliser ce projet, nous avons adopt la recherche exprimentale avec validation empirique. Cette approche nous permet de livrer des incrments fonctionnels rgulirement. Le travail a t divis en 6 itrations de dure gale. Les tests raliss montrent que notre solution atteint 98% de prcision. Les performances obtenues dpassent les solutions existantes de 42%. L'interface utilisateur a t valide par 24 utilisateurs rels. En conclusion, nous avons conu et implment une plateforme de tlmdecine. Notre solution apporte une rponse concrte  la difficult d'accs aux soins mdicaux. Les travaux futurs porteront sur l'amlioration des performances et la scalabilit du systme."
ARCH-0170,Un moteur de recommandation de cours avec Flutter et Firebase,BDD,2021,Etudiant_0170,Ce projet de fin d'tudes porte sur un moteur de recommandation de cours. La motivation principale est la difficult d'accs aux soins mdicaux qui constitue un dfi majeur. Nous proposons une solution base sur Flutter et Firebase en suivant une approche la recherche exprimentale avec validation empirique.,"L'approche mthodologique retenue est la recherche exprimentale avec validation empirique. Elle se dcline en 4 grandes tapes : analyse des besoins, conception, implmentation, tests et dploiement.","Notre systme a t valu sur un jeu de donnes de 4716 enregistrements. Les rsultats indiquent une amlioration de 35% par rapport  l'approche classique. Le temps de rponse moyen est de 440ms, ce qui rpond aux exigences.","En conclusion, nous avons conu et implment un moteur de recommandation de cours. Notre solution apporte une rponse concrte  la difficult d'accs aux soins mdicaux. Les travaux futurs porteront sur l'amlioration des performances et la scalabilit du systme.","Ce projet de fin d'tudes porte sur un moteur de recommandation de cours. La motivation principale est la difficult d'accs aux soins mdicaux qui constitue un dfi majeur. Nous proposons une solution base sur Flutter et Firebase en suivant une approche la recherche exprimentale avec validation empirique. L'approche mthodologique retenue est la recherche exprimentale avec validation empirique. Elle se dcline en 4 grandes tapes : analyse des besoins, conception, implmentation, tests et dploiement. Notre systme a t valu sur un jeu de donnes de 4716 enregistrements. Les rsultats indiquent une amlioration de 35% par rapport  l'approche classique. Le temps de rponse moyen est de 440ms, ce qui rpond aux exigences. En conclusion, nous avons conu et implment un moteur de recommandation de cours. Notre solution apporte une rponse concrte  la difficult d'accs aux soins mdicaux. Les travaux futurs porteront sur l'amlioration des performances et la scalabilit du systme."
ARCH-0171,Un moteur de recommandation de cours avec Docker et Kubernetes,Cloud,2019,Etudiant_0171,Ce projet de fin d'tudes porte sur un moteur de recommandation de cours. La motivation principale est la scurit insuffisante des donnes personnelles qui constitue un dfi majeur. Nous proposons une solution base sur Docker et Kubernetes en suivant une approche la recherche exprimentale avec validation empirique.,La mthodologie de dveloppement choisie est la recherche exprimentale avec validation empirique. Nous avons structur le travail en 3 phases distinctes. Chaque phase comprend des livrables mesurables et des critres de validation clairs.,"Les exprimentations confirment la viabilit de notre approche avec 81% d'efficacit. Compar aux solutions actuelles, nous observons un gain de 41% sur les mtriques cls. Ces rsultats ont t valids par une quipe de 14 experts du domaine.",Ce travail a permis de dvelopper un moteur de recommandation de cours qui rpond efficacement  la scurit insuffisante des donnes personnelles. Les rsultats obtenus sont satisfaisants et ouvrent la voie  des amliorations futures. Les perspectives incluent l'intgration de nouvelles fonctionnalits et l'extension  d'autres contextes.,"Ce projet de fin d'tudes porte sur un moteur de recommandation de cours. La motivation principale est la scurit insuffisante des donnes personnelles qui constitue un dfi majeur. Nous proposons une solution base sur Docker et Kubernetes en suivant une approche la recherche exprimentale avec validation empirique. La mthodologie de dveloppement choisie est la recherche exprimentale avec validation empirique. Nous avons structur le travail en 3 phases distinctes. Chaque phase comprend des livrables mesurables et des critres de validation clairs. Les exprimentations confirment la viabilit de notre approche avec 81% d'efficacit. Compar aux solutions actuelles, nous observons un gain de 41% sur les mtriques cls. Ces rsultats ont t valids par une quipe de 14 experts du domaine. Ce travail a permis de dvelopper un moteur de recommandation de cours qui rpond efficacement  la scurit insuffisante des donnes personnelles. Les rsultats obtenus sont satisfaisants et ouvrent la voie  des amliorations futures. Les perspectives incluent l'intgration de nouvelles fonctionnalits et l'extension  d'autres contextes."
ARCH-0172,Un outil d'analyse de sentiment sur les rseaux sociaux avec Flutter et Firebase,IA,2018,Etudiant_0172,Ce travail vise  concevoir et implmenter un outil d'analyse de sentiment sur les rseaux sociaux en utilisant Flutter et Firebase. La problmatique principale est le manque d'accessibilit aux services dans les zones rurales. Notre approche repose sur la recherche exprimentale avec validation empirique.,La mthodologie de dveloppement choisie est la recherche exprimentale avec validation empirique. Nous avons structur le travail en 6 phases distinctes. Chaque phase comprend des livrables mesurables et des critres de validation clairs.,"Notre systme a t valu sur un jeu de donnes de 8416 enregistrements. Les rsultats indiquent une amlioration de 34% par rapport  l'approche classique. Le temps de rponse moyen est de 387ms, ce qui rpond aux exigences.","En conclusion, nous avons conu et implment un outil d'analyse de sentiment sur les rseaux sociaux. Notre solution apporte une rponse concrte  le manque d'accessibilit aux services dans les zones rurales. Les travaux futurs porteront sur l'amlioration des performances et la scalabilit du systme.","Ce travail vise  concevoir et implmenter un outil d'analyse de sentiment sur les rseaux sociaux en utilisant Flutter et Firebase. La problmatique principale est le manque d'accessibilit aux services dans les zones rurales. Notre approche repose sur la recherche exprimentale avec validation empirique. La mthodologie de dveloppement choisie est la recherche exprimentale avec validation empirique. Nous avons structur le travail en 6 phases distinctes. Chaque phase comprend des livrables mesurables et des critres de validation clairs. Notre systme a t valu sur un jeu de donnes de 8416 enregistrements. Les rsultats indiquent une amlioration de 34% par rapport  l'approche classique. Le temps de rponse moyen est de 387ms, ce qui rpond aux exigences. En conclusion, nous avons conu et implment un outil d'analyse de sentiment sur les rseaux sociaux. Notre solution apporte une rponse concrte  le manque d'accessibilit aux services dans les zones rurales. Les travaux futurs porteront sur l'amlioration des performances et la scalabilit du systme."
ARCH-0173,Un chatbot d'assistance mdicale avec blockchain et smart contracts,Web,2018,Etudiant_0173,Ce travail vise  concevoir et implmenter un chatbot d'assistance mdicale en utilisant blockchain et smart contracts. La problmatique principale est les pertes financires dues aux erreurs humaines. Notre approche repose sur SCRUM avec des sprints de 2 semaines.,"L'approche mthodologique retenue est SCRUM avec des sprints de 2 semaines. Elle se dcline en 5 grandes tapes : analyse des besoins, conception, implmentation, tests et dploiement.","Les exprimentations confirment la viabilit de notre approche avec 89% d'efficacit. Compar aux solutions actuelles, nous observons un gain de 15% sur les mtriques cls. Ces rsultats ont t valids par une quipe de 42 experts du domaine.",Ce travail a permis de dvelopper un chatbot d'assistance mdicale qui rpond efficacement  les pertes financires dues aux erreurs humaines. Les rsultats obtenus sont satisfaisants et ouvrent la voie  des amliorations futures. Les perspectives incluent l'intgration de nouvelles fonctionnalits et l'extension  d'autres contextes.,"Ce travail vise  concevoir et implmenter un chatbot d'assistance mdicale en utilisant blockchain et smart contracts. La problmatique principale est les pertes financires dues aux erreurs humaines. Notre approche repose sur SCRUM avec des sprints de 2 semaines. L'approche mthodologique retenue est SCRUM avec des sprints de 2 semaines. Elle se dcline en 5 grandes tapes : analyse des besoins, conception, implmentation, tests et dploiement. Les exprimentations confirment la viabilit de notre approche avec 89% d'efficacit. Compar aux solutions actuelles, nous observons un gain de 15% sur les mtriques cls. Ces rsultats ont t valids par une quipe de 42 experts du domaine. Ce travail a permis de dvelopper un chatbot d'assistance mdicale qui rpond efficacement  les pertes financires dues aux erreurs humaines. Les rsultats obtenus sont satisfaisants et ouvrent la voie  des amliorations futures. Les perspectives incluent l'intgration de nouvelles fonctionnalits et l'extension  d'autres contextes."
ARCH-0174,Un chatbot d'assistance mdicale avec Django et PostgreSQL,Rseau,2020,Etudiant_0174,L'objectif de cette tude est de rsoudre le cot lev des solutions existantes sur le march grce  un chatbot d'assistance mdicale. Nous utilisons Django et PostgreSQL combin avec la recherche exprimentale avec validation empirique pour atteindre cet objectif.,"Pour raliser ce projet, nous avons adopt la recherche exprimentale avec validation empirique. Cette approche nous permet de livrer des incrments fonctionnels rgulirement. Le travail a t divis en 5 itrations de dure gale.","Notre systme a t valu sur un jeu de donnes de 8020 enregistrements. Les rsultats indiquent une amlioration de 26% par rapport  l'approche classique. Le temps de rponse moyen est de 339ms, ce qui rpond aux exigences.",Ce travail a permis de dvelopper un chatbot d'assistance mdicale qui rpond efficacement  le cot lev des solutions existantes sur le march. Les rsultats obtenus sont satisfaisants et ouvrent la voie  des amliorations futures. Les perspectives incluent l'intgration de nouvelles fonctionnalits et l'extension  d'autres contextes.,"L'objectif de cette tude est de rsoudre le cot lev des solutions existantes sur le march grce  un chatbot d'assistance mdicale. Nous utilisons Django et PostgreSQL combin avec la recherche exprimentale avec validation empirique pour atteindre cet objectif. Pour raliser ce projet, nous avons adopt la recherche exprimentale avec validation empirique. Cette approche nous permet de livrer des incrments fonctionnels rgulirement. Le travail a t divis en 5 itrations de dure gale. Notre systme a t valu sur un jeu de donnes de 8020 enregistrements. Les rsultats indiquent une amlioration de 26% par rapport  l'approche classique. Le temps de rponse moyen est de 339ms, ce qui rpond aux exigences. Ce travail a permis de dvelopper un chatbot d'assistance mdicale qui rpond efficacement  le cot lev des solutions existantes sur le march. Les rsultats obtenus sont satisfaisants et ouvrent la voie  des amliorations futures. Les perspectives incluent l'intgration de nouvelles fonctionnalits et l'extension  d'autres contextes."
ARCH-0175,Un systme de contrle d'accs biomtrique avec React et FastAPI,Web,2021,Etudiant_0175,Ce projet de fin d'tudes porte sur un systme de contrle d'accs biomtrique. La motivation principale est la lenteur des processus manuels actuels qui constitue un dfi majeur. Nous proposons une solution base sur React et FastAPI en suivant une approche SCRUM avec des sprints de 2 semaines.,"Pour raliser ce projet, nous avons adopt SCRUM avec des sprints de 2 semaines. Cette approche nous permet de livrer des incrments fonctionnels rgulirement. Le travail a t divis en 6 itrations de dure gale.","Les exprimentations confirment la viabilit de notre approche avec 95% d'efficacit. Compar aux solutions actuelles, nous observons un gain de 16% sur les mtriques cls. Ces rsultats ont t valids par une quipe de 50 experts du domaine.",Ce travail a permis de dvelopper un systme de contrle d'accs biomtrique qui rpond efficacement  la lenteur des processus manuels actuels. Les rsultats obtenus sont satisfaisants et ouvrent la voie  des amliorations futures. Les perspectives incluent l'intgration de nouvelles fonctionnalits et l'extension  d'autres contextes.,"Ce projet de fin d'tudes porte sur un systme de contrle d'accs biomtrique. La motivation principale est la lenteur des processus manuels actuels qui constitue un dfi majeur. Nous proposons une solution base sur React et FastAPI en suivant une approche SCRUM avec des sprints de 2 semaines. Pour raliser ce projet, nous avons adopt SCRUM avec des sprints de 2 semaines. Cette approche nous permet de livrer des incrments fonctionnels rgulirement. Le travail a t divis en 6 itrations de dure gale. Les exprimentations confirment la viabilit de notre approche avec 95% d'efficacit. Compar aux solutions actuelles, nous observons un gain de 16% sur les mtriques cls. Ces rsultats ont t valids par une quipe de 50 experts du domaine. Ce travail a permis de dvelopper un systme de contrle d'accs biomtrique qui rpond efficacement  la lenteur des processus manuels actuels. Les rsultats obtenus sont satisfaisants et ouvrent la voie  des amliorations futures. Les perspectives incluent l'intgration de nouvelles fonctionnalits et l'extension  d'autres contextes."
ARCH-0176,Un outil d'analyse de sentiment sur les rseaux sociaux avec machine learning et scikit-learn,Web,2023,Etudiant_0176,Ce travail vise  concevoir et implmenter un outil d'analyse de sentiment sur les rseaux sociaux en utilisant machine learning et scikit-learn. La problmatique principale est la difficult d'accs aux soins mdicaux. Notre approche repose sur la recherche-action avec participation des utilisateurs finaux.,"L'approche mthodologique retenue est la recherche-action avec participation des utilisateurs finaux. Elle se dcline en 3 grandes tapes : analyse des besoins, conception, implmentation, tests et dploiement.",Les tests raliss montrent que notre solution atteint 86% de prcision. Les performances obtenues dpassent les solutions existantes de 43%. L'interface utilisateur a t valide par 46 utilisateurs rels.,Ce travail a permis de dvelopper un outil d'analyse de sentiment sur les rseaux sociaux qui rpond efficacement  la difficult d'accs aux soins mdicaux. Les rsultats obtenus sont satisfaisants et ouvrent la voie  des amliorations futures. Les perspectives incluent l'intgration de nouvelles fonctionnalits et l'extension  d'autres contextes.,"Ce travail vise  concevoir et implmenter un outil d'analyse de sentiment sur les rseaux sociaux en utilisant machine learning et scikit-learn. La problmatique principale est la difficult d'accs aux soins mdicaux. Notre approche repose sur la recherche-action avec participation des utilisateurs finaux. L'approche mthodologique retenue est la recherche-action avec participation des utilisateurs finaux. Elle se dcline en 3 grandes tapes : analyse des besoins, conception, implmentation, tests et dploiement. Les tests raliss montrent que notre solution atteint 86% de prcision. Les performances obtenues dpassent les solutions existantes de 43%. L'interface utilisateur a t valide par 46 utilisateurs rels. Ce travail a permis de dvelopper un outil d'analyse de sentiment sur les rseaux sociaux qui rpond efficacement  la difficult d'accs aux soins mdicaux. Les rsultats obtenus sont satisfaisants et ouvrent la voie  des amliorations futures. Les perspectives incluent l'intgration de nouvelles fonctionnalits et l'extension  d'autres contextes."
ARCH-0177,Un systme d'archivage intelligent de documents avec Arduino et Raspberry Pi,Rseau,2022,Etudiant_0177,L'objectif de cette tude est de rsoudre la lenteur des processus manuels actuels grce  un systme d'archivage intelligent de documents. Nous utilisons Arduino et Raspberry Pi combin avec la recherche exprimentale avec validation empirique pour atteindre cet objectif.,La mthodologie de dveloppement choisie est la recherche exprimentale avec validation empirique. Nous avons structur le travail en 4 phases distinctes. Chaque phase comprend des livrables mesurables et des critres de validation clairs.,"Les exprimentations confirment la viabilit de notre approche avec 84% d'efficacit. Compar aux solutions actuelles, nous observons un gain de 39% sur les mtriques cls. Ces rsultats ont t valids par une quipe de 35 experts du domaine.",Ce travail a permis de dvelopper un systme d'archivage intelligent de documents qui rpond efficacement  la lenteur des processus manuels actuels. Les rsultats obtenus sont satisfaisants et ouvrent la voie  des amliorations futures. Les perspectives incluent l'intgration de nouvelles fonctionnalits et l'extension  d'autres contextes.,"L'objectif de cette tude est de rsoudre la lenteur des processus manuels actuels grce  un systme d'archivage intelligent de documents. Nous utilisons Arduino et Raspberry Pi combin avec la recherche exprimentale avec validation empirique pour atteindre cet objectif. La mthodologie de dveloppement choisie est la recherche exprimentale avec validation empirique. Nous avons structur le travail en 4 phases distinctes. Chaque phase comprend des livrables mesurables et des critres de validation clairs. Les exprimentations confirment la viabilit de notre approche avec 84% d'efficacit. Compar aux solutions actuelles, nous observons un gain de 39% sur les mtriques cls. Ces rsultats ont t valids par une quipe de 35 experts du domaine. Ce travail a permis de dvelopper un systme d'archivage intelligent de documents qui rpond efficacement  la lenteur des processus manuels actuels. Les rsultats obtenus sont satisfaisants et ouvrent la voie  des amliorations futures. Les perspectives incluent l'intgration de nouvelles fonctionnalits et l'extension  d'autres contextes."
ARCH-0178,Un outil d'analyse de sentiment sur les rseaux sociaux avec machine learning et scikit-learn,IoT,2022,Etudiant_0178,"Dans le cadre de ce mmoire, nous proposons un outil d'analyse de sentiment sur les rseaux sociaux. Face  la difficult d'accs aux soins mdicaux, nous avons choisi d'utiliser machine learning et scikit-learn comme solution principale. La mthodologie adopte est une tude de cas approfondie avec donnes relles.","L'approche mthodologique retenue est une tude de cas approfondie avec donnes relles. Elle se dcline en 3 grandes tapes : analyse des besoins, conception, implmentation, tests et dploiement.","Les exprimentations confirment la viabilit de notre approche avec 91% d'efficacit. Compar aux solutions actuelles, nous observons un gain de 16% sur les mtriques cls. Ces rsultats ont t valids par une quipe de 16 experts du domaine.",Ce travail a permis de dvelopper un outil d'analyse de sentiment sur les rseaux sociaux qui rpond efficacement  la difficult d'accs aux soins mdicaux. Les rsultats obtenus sont satisfaisants et ouvrent la voie  des amliorations futures. Les perspectives incluent l'intgration de nouvelles fonctionnalits et l'extension  d'autres contextes.,"Dans le cadre de ce mmoire, nous proposons un outil d'analyse de sentiment sur les rseaux sociaux. Face  la difficult d'accs aux soins mdicaux, nous avons choisi d'utiliser machine learning et scikit-learn comme solution principale. La mthodologie adopte est une tude de cas approfondie avec donnes relles. L'approche mthodologique retenue est une tude de cas approfondie avec donnes relles. Elle se dcline en 3 grandes tapes : analyse des besoins, conception, implmentation, tests et dploiement. Les exprimentations confirment la viabilit de notre approche avec 91% d'efficacit. Compar aux solutions actuelles, nous observons un gain de 16% sur les mtriques cls. Ces rsultats ont t valids par une quipe de 16 experts du domaine. Ce travail a permis de dvelopper un outil d'analyse de sentiment sur les rseaux sociaux qui rpond efficacement  la difficult d'accs aux soins mdicaux. Les rsultats obtenus sont satisfaisants et ouvrent la voie  des amliorations futures. Les perspectives incluent l'intgration de nouvelles fonctionnalits et l'extension  d'autres contextes."
ARCH-0179,Un systme de prdiction du dcrochage scolaire avec NLP et transformers BERT,Cyber,2023,Etudiant_0179,Ce travail vise  concevoir et implmenter un systme de prdiction du dcrochage scolaire en utilisant NLP et transformers BERT. La problmatique principale est les pertes financires dues aux erreurs humaines. Notre approche repose sur le prototypage rapide et l'itration continue.,"L'approche mthodologique retenue est le prototypage rapide et l'itration continue. Elle se dcline en 5 grandes tapes : analyse des besoins, conception, implmentation, tests et dploiement.","Notre systme a t valu sur un jeu de donnes de 9560 enregistrements. Les rsultats indiquent une amlioration de 22% par rapport  l'approche classique. Le temps de rponse moyen est de 242ms, ce qui rpond aux exigences.","En conclusion, nous avons conu et implment un systme de prdiction du dcrochage scolaire. Notre solution apporte une rponse concrte  les pertes financires dues aux erreurs humaines. Les travaux futurs porteront sur l'amlioration des performances et la scalabilit du systme.","Ce travail vise  concevoir et implmenter un systme de prdiction du dcrochage scolaire en utilisant NLP et transformers BERT. La problmatique principale est les pertes financires dues aux erreurs humaines. Notre approche repose sur le prototypage rapide et l'itration continue. L'approche mthodologique retenue est le prototypage rapide et l'itration continue. Elle se dcline en 5 grandes tapes : analyse des besoins, conception, implmentation, tests et dploiement. Notre systme a t valu sur un jeu de donnes de 9560 enregistrements. Les rsultats indiquent une amlioration de 22% par rapport  l'approche classique. Le temps de rponse moyen est de 242ms, ce qui rpond aux exigences. En conclusion, nous avons conu et implment un systme de prdiction du dcrochage scolaire. Notre solution apporte une rponse concrte  les pertes financires dues aux erreurs humaines. Les travaux futurs porteront sur l'amlioration des performances et la scalabilit du systme."
ARCH-0180,Une application de covoiturage universitaire avec machine learning et scikit-learn,IoT,2020,Etudiant_0180,L'objectif de cette tude est de rsoudre le manque d'accessibilit aux services dans les zones rurales grce  une application de covoiturage universitaire. Nous utilisons machine learning et scikit-learn combin avec la recherche-action avec participation des utilisateurs finaux pour atteindre cet objectif.,La mthodologie de dveloppement choisie est la recherche-action avec participation des utilisateurs finaux. Nous avons structur le travail en 3 phases distinctes. Chaque phase comprend des livrables mesurables et des critres de validation clairs.,Les tests raliss montrent que notre solution atteint 88% de prcision. Les performances obtenues dpassent les solutions existantes de 19%. L'interface utilisateur a t valide par 34 utilisateurs rels.,"En conclusion, nous avons conu et implment une application de covoiturage universitaire. Notre solution apporte une rponse concrte  le manque d'accessibilit aux services dans les zones rurales. Les travaux futurs porteront sur l'amlioration des performances et la scalabilit du systme.","L'objectif de cette tude est de rsoudre le manque d'accessibilit aux services dans les zones rurales grce  une application de covoiturage universitaire. Nous utilisons machine learning et scikit-learn combin avec la recherche-action avec participation des utilisateurs finaux pour atteindre cet objectif. La mthodologie de dveloppement choisie est la recherche-action avec participation des utilisateurs finaux. Nous avons structur le travail en 3 phases distinctes. Chaque phase comprend des livrables mesurables et des critres de validation clairs. Les tests raliss montrent que notre solution atteint 88% de prcision. Les performances obtenues dpassent les solutions existantes de 19%. L'interface utilisateur a t valide par 34 utilisateurs rels. En conclusion, nous avons conu et implment une application de covoiturage universitaire. Notre solution apporte une rponse concrte  le manque d'accessibilit aux services dans les zones rurales. Les travaux futurs porteront sur l'amlioration des performances et la scalabilit du systme."
ARCH-0181,Une plateforme de tlmdecine avec React et FastAPI,Cloud,2018,Etudiant_0181,Ce projet de fin d'tudes porte sur une plateforme de tlmdecine. La motivation principale est la lenteur des processus manuels actuels qui constitue un dfi majeur. Nous proposons une solution base sur React et FastAPI en suivant une approche le prototypage rapide et l'itration continue.,"Pour raliser ce projet, nous avons adopt le prototypage rapide et l'itration continue. Cette approche nous permet de livrer des incrments fonctionnels rgulirement. Le travail a t divis en 5 itrations de dure gale.",Les tests raliss montrent que notre solution atteint 84% de prcision. Les performances obtenues dpassent les solutions existantes de 17%. L'interface utilisateur a t valide par 21 utilisateurs rels.,Ce mmoire prsente une plateforme de tlmdecine comme solution  la lenteur des processus manuels actuels. Les objectifs fixs au dpart ont t atteints. Cette tude constitue une base solide pour de futures recherches dans ce domaine.,"Ce projet de fin d'tudes porte sur une plateforme de tlmdecine. La motivation principale est la lenteur des processus manuels actuels qui constitue un dfi majeur. Nous proposons une solution base sur React et FastAPI en suivant une approche le prototypage rapide et l'itration continue. Pour raliser ce projet, nous avons adopt le prototypage rapide et l'itration continue. Cette approche nous permet de livrer des incrments fonctionnels rgulirement. Le travail a t divis en 5 itrations de dure gale. Les tests raliss montrent que notre solution atteint 84% de prcision. Les performances obtenues dpassent les solutions existantes de 17%. L'interface utilisateur a t valide par 21 utilisateurs rels. Ce mmoire prsente une plateforme de tlmdecine comme solution  la lenteur des processus manuels actuels. Les objectifs fixs au dpart ont t atteints. Cette tude constitue une base solide pour de futures recherches dans ce domaine."
ARCH-0182,Un systme de dtection de fraude bancaire avec React et FastAPI,Rseau,2022,Etudiant_0182,Ce travail vise  concevoir et implmenter un systme de dtection de fraude bancaire en utilisant React et FastAPI. La problmatique principale est la difficult d'accs aux soins mdicaux. Notre approche repose sur la recherche-action avec participation des utilisateurs finaux.,"L'approche mthodologique retenue est la recherche-action avec participation des utilisateurs finaux. Elle se dcline en 5 grandes tapes : analyse des besoins, conception, implmentation, tests et dploiement.","Notre systme a t valu sur un jeu de donnes de 6853 enregistrements. Les rsultats indiquent une amlioration de 24% par rapport  l'approche classique. Le temps de rponse moyen est de 448ms, ce qui rpond aux exigences.",Ce travail a permis de dvelopper un systme de dtection de fraude bancaire qui rpond efficacement  la difficult d'accs aux soins mdicaux. Les rsultats obtenus sont satisfaisants et ouvrent la voie  des amliorations futures. Les perspectives incluent l'intgration de nouvelles fonctionnalits et l'extension  d'autres contextes.,"Ce travail vise  concevoir et implmenter un systme de dtection de fraude bancaire en utilisant React et FastAPI. La problmatique principale est la difficult d'accs aux soins mdicaux. Notre approche repose sur la recherche-action avec participation des utilisateurs finaux. L'approche mthodologique retenue est la recherche-action avec participation des utilisateurs finaux. Elle se dcline en 5 grandes tapes : analyse des besoins, conception, implmentation, tests et dploiement. Notre systme a t valu sur un jeu de donnes de 6853 enregistrements. Les rsultats indiquent une amlioration de 24% par rapport  l'approche classique. Le temps de rponse moyen est de 448ms, ce qui rpond aux exigences. Ce travail a permis de dvelopper un systme de dtection de fraude bancaire qui rpond efficacement  la difficult d'accs aux soins mdicaux. Les rsultats obtenus sont satisfaisants et ouvrent la voie  des amliorations futures. Les perspectives incluent l'intgration de nouvelles fonctionnalits et l'extension  d'autres contextes."
ARCH-0183,Un chatbot d'assistance mdicale avec Django et PostgreSQL,Cloud,2020,Etudiant_0183,"Dans le cadre de ce mmoire, nous proposons un chatbot d'assistance mdicale. Face  les pertes financires dues aux erreurs humaines, nous avons choisi d'utiliser Django et PostgreSQL comme solution principale. La mthodologie adopte est la recherche exprimentale avec validation empirique.","Pour raliser ce projet, nous avons adopt la recherche exprimentale avec validation empirique. Cette approche nous permet de livrer des incrments fonctionnels rgulirement. Le travail a t divis en 5 itrations de dure gale.","Notre systme a t valu sur un jeu de donnes de 3239 enregistrements. Les rsultats indiquent une amlioration de 19% par rapport  l'approche classique. Le temps de rponse moyen est de 272ms, ce qui rpond aux exigences.","En conclusion, nous avons conu et implment un chatbot d'assistance mdicale. Notre solution apporte une rponse concrte  les pertes financires dues aux erreurs humaines. Les travaux futurs porteront sur l'amlioration des performances et la scalabilit du systme.","Dans le cadre de ce mmoire, nous proposons un chatbot d'assistance mdicale. Face  les pertes financires dues aux erreurs humaines, nous avons choisi d'utiliser Django et PostgreSQL comme solution principale. La mthodologie adopte est la recherche exprimentale avec validation empirique. Pour raliser ce projet, nous avons adopt la recherche exprimentale avec validation empirique. Cette approche nous permet de livrer des incrments fonctionnels rgulirement. Le travail a t divis en 5 itrations de dure gale. Notre systme a t valu sur un jeu de donnes de 3239 enregistrements. Les rsultats indiquent une amlioration de 19% par rapport  l'approche classique. Le temps de rponse moyen est de 272ms, ce qui rpond aux exigences. En conclusion, nous avons conu et implment un chatbot d'assistance mdicale. Notre solution apporte une rponse concrte  les pertes financires dues aux erreurs humaines. Les travaux futurs porteront sur l'amlioration des performances et la scalabilit du systme."
ARCH-0184,Un systme de vote lectronique avec React et FastAPI,Cloud,2020,Etudiant_0184,"Dans le cadre de ce mmoire, nous proposons un systme de vote lectronique. Face  la difficult d'accs aux soins mdicaux, nous avons choisi d'utiliser React et FastAPI comme solution principale. La mthodologie adopte est le prototypage rapide et l'itration continue.","L'approche mthodologique retenue est le prototypage rapide et l'itration continue. Elle se dcline en 6 grandes tapes : analyse des besoins, conception, implmentation, tests et dploiement.","Les exprimentations confirment la viabilit de notre approche avec 86% d'efficacit. Compar aux solutions actuelles, nous observons un gain de 29% sur les mtriques cls. Ces rsultats ont t valids par une quipe de 16 experts du domaine.",Ce travail a permis de dvelopper un systme de vote lectronique qui rpond efficacement  la difficult d'accs aux soins mdicaux. Les rsultats obtenus sont satisfaisants et ouvrent la voie  des amliorations futures. Les perspectives incluent l'intgration de nouvelles fonctionnalits et l'extension  d'autres contextes.,"Dans le cadre de ce mmoire, nous proposons un systme de vote lectronique. Face  la difficult d'accs aux soins mdicaux, nous avons choisi d'utiliser React et FastAPI comme solution principale. La mthodologie adopte est le prototypage rapide et l'itration continue. L'approche mthodologique retenue est le prototypage rapide et l'itration continue. Elle se dcline en 6 grandes tapes : analyse des besoins, conception, implmentation, tests et dploiement. Les exprimentations confirment la viabilit de notre approche avec 86% d'efficacit. Compar aux solutions actuelles, nous observons un gain de 29% sur les mtriques cls. Ces rsultats ont t valids par une quipe de 16 experts du domaine. Ce travail a permis de dvelopper un systme de vote lectronique qui rpond efficacement  la difficult d'accs aux soins mdicaux. Les rsultats obtenus sont satisfaisants et ouvrent la voie  des amliorations futures. Les perspectives incluent l'intgration de nouvelles fonctionnalits et l'extension  d'autres contextes."
ARCH-0185,Un outil d'analyse de sentiment sur les rseaux sociaux avec NLP et transformers BERT,Cyber,2021,Etudiant_0185,Ce projet de fin d'tudes porte sur un outil d'analyse de sentiment sur les rseaux sociaux. La motivation principale est les pertes financires dues aux erreurs humaines qui constitue un dfi majeur. Nous proposons une solution base sur NLP et transformers BERT en suivant une approche le prototypage rapide et l'itration continue.,"Pour raliser ce projet, nous avons adopt le prototypage rapide et l'itration continue. Cette approche nous permet de livrer des incrments fonctionnels rgulirement. Le travail a t divis en 6 itrations de dure gale.","Les exprimentations confirment la viabilit de notre approche avec 84% d'efficacit. Compar aux solutions actuelles, nous observons un gain de 24% sur les mtriques cls. Ces rsultats ont t valids par une quipe de 30 experts du domaine.","En conclusion, nous avons conu et implment un outil d'analyse de sentiment sur les rseaux sociaux. Notre solution apporte une rponse concrte  les pertes financires dues aux erreurs humaines. Les travaux futurs porteront sur l'amlioration des performances et la scalabilit du systme.","Ce projet de fin d'tudes porte sur un outil d'analyse de sentiment sur les rseaux sociaux. La motivation principale est les pertes financires dues aux erreurs humaines qui constitue un dfi majeur. Nous proposons une solution base sur NLP et transformers BERT en suivant une approche le prototypage rapide et l'itration continue. Pour raliser ce projet, nous avons adopt le prototypage rapide et l'itration continue. Cette approche nous permet de livrer des incrments fonctionnels rgulirement. Le travail a t divis en 6 itrations de dure gale. Les exprimentations confirment la viabilit de notre approche avec 84% d'efficacit. Compar aux solutions actuelles, nous observons un gain de 24% sur les mtriques cls. Ces rsultats ont t valids par une quipe de 30 experts du domaine. En conclusion, nous avons conu et implment un outil d'analyse de sentiment sur les rseaux sociaux. Notre solution apporte une rponse concrte  les pertes financires dues aux erreurs humaines. Les travaux futurs porteront sur l'amlioration des performances et la scalabilit du systme."
ARCH-0186,Un systme de surveillance de la qualit de l'air avec Arduino et Raspberry Pi,Cyber,2023,Etudiant_0186,"Dans le cadre de ce mmoire, nous proposons un systme de surveillance de la qualit de l'air. Face  le manque de traabilit dans les processus administratifs, nous avons choisi d'utiliser Arduino et Raspberry Pi comme solution principale. La mthodologie adopte est la recherche-action avec participation des utilisateurs finaux.","Pour raliser ce projet, nous avons adopt la recherche-action avec participation des utilisateurs finaux. Cette approche nous permet de livrer des incrments fonctionnels rgulirement. Le travail a t divis en 6 itrations de dure gale.","Notre systme a t valu sur un jeu de donnes de 9738 enregistrements. Les rsultats indiquent une amlioration de 26% par rapport  l'approche classique. Le temps de rponse moyen est de 152ms, ce qui rpond aux exigences.",Ce mmoire prsente un systme de surveillance de la qualit de l'air comme solution  le manque de traabilit dans les processus administratifs. Les objectifs fixs au dpart ont t atteints. Cette tude constitue une base solide pour de futures recherches dans ce domaine.,"Dans le cadre de ce mmoire, nous proposons un systme de surveillance de la qualit de l'air. Face  le manque de traabilit dans les processus administratifs, nous avons choisi d'utiliser Arduino et Raspberry Pi comme solution principale. La mthodologie adopte est la recherche-action avec participation des utilisateurs finaux. Pour raliser ce projet, nous avons adopt la recherche-action avec participation des utilisateurs finaux. Cette approche nous permet de livrer des incrments fonctionnels rgulirement. Le travail a t divis en 6 itrations de dure gale. Notre systme a t valu sur un jeu de donnes de 9738 enregistrements. Les rsultats indiquent une amlioration de 26% par rapport  l'approche classique. Le temps de rponse moyen est de 152ms, ce qui rpond aux exigences. Ce mmoire prsente un systme de surveillance de la qualit de l'air comme solution  le manque de traabilit dans les processus administratifs. Les objectifs fixs au dpart ont t atteints. Cette tude constitue une base solide pour de futures recherches dans ce domaine."
ARCH-0187,Un systme de prdiction du dcrochage scolaire avec blockchain et smart contracts,Mobile,2019,Etudiant_0187,"Dans le cadre de ce mmoire, nous proposons un systme de prdiction du dcrochage scolaire. Face  la lenteur des processus manuels actuels, nous avons choisi d'utiliser blockchain et smart contracts comme solution principale. La mthodologie adopte est une tude de cas approfondie avec donnes relles.","Pour raliser ce projet, nous avons adopt une tude de cas approfondie avec donnes relles. Cette approche nous permet de livrer des incrments fonctionnels rgulirement. Le travail a t divis en 5 itrations de dure gale.","Les exprimentations confirment la viabilit de notre approche avec 82% d'efficacit. Compar aux solutions actuelles, nous observons un gain de 41% sur les mtriques cls. Ces rsultats ont t valids par une quipe de 36 experts du domaine.",Ce mmoire prsente un systme de prdiction du dcrochage scolaire comme solution  la lenteur des processus manuels actuels. Les objectifs fixs au dpart ont t atteints. Cette tude constitue une base solide pour de futures recherches dans ce domaine.,"Dans le cadre de ce mmoire, nous proposons un systme de prdiction du dcrochage scolaire. Face  la lenteur des processus manuels actuels, nous avons choisi d'utiliser blockchain et smart contracts comme solution principale. La mthodologie adopte est une tude de cas approfondie avec donnes relles. Pour raliser ce projet, nous avons adopt une tude de cas approfondie avec donnes relles. Cette approche nous permet de livrer des incrments fonctionnels rgulirement. Le travail a t divis en 5 itrations de dure gale. Les exprimentations confirment la viabilit de notre approche avec 82% d'efficacit. Compar aux solutions actuelles, nous observons un gain de 41% sur les mtriques cls. Ces rsultats ont t valids par une quipe de 36 experts du domaine. Ce mmoire prsente un systme de prdiction du dcrochage scolaire comme solution  la lenteur des processus manuels actuels. Les objectifs fixs au dpart ont t atteints. Cette tude constitue une base solide pour de futures recherches dans ce domaine."
ARCH-0188,Une application de paiement mobile scurise avec Django et PostgreSQL,IoT,2023,Etudiant_0188,Ce travail vise  concevoir et implmenter une application de paiement mobile scurise en utilisant Django et PostgreSQL. La problmatique principale est les pertes financires dues aux erreurs humaines. Notre approche repose sur une tude de cas approfondie avec donnes relles.,"Pour raliser ce projet, nous avons adopt une tude de cas approfondie avec donnes relles. Cette approche nous permet de livrer des incrments fonctionnels rgulirement. Le travail a t divis en 6 itrations de dure gale.","Les exprimentations confirment la viabilit de notre approche avec 92% d'efficacit. Compar aux solutions actuelles, nous observons un gain de 32% sur les mtriques cls. Ces rsultats ont t valids par une quipe de 42 experts du domaine.",Ce travail a permis de dvelopper une application de paiement mobile scurise qui rpond efficacement  les pertes financires dues aux erreurs humaines. Les rsultats obtenus sont satisfaisants et ouvrent la voie  des amliorations futures. Les perspectives incluent l'intgration de nouvelles fonctionnalits et l'extension  d'autres contextes.,"Ce travail vise  concevoir et implmenter une application de paiement mobile scurise en utilisant Django et PostgreSQL. La problmatique principale est les pertes financires dues aux erreurs humaines. Notre approche repose sur une tude de cas approfondie avec donnes relles. Pour raliser ce projet, nous avons adopt une tude de cas approfondie avec donnes relles. Cette approche nous permet de livrer des incrments fonctionnels rgulirement. Le travail a t divis en 6 itrations de dure gale. Les exprimentations confirment la viabilit de notre approche avec 92% d'efficacit. Compar aux solutions actuelles, nous observons un gain de 32% sur les mtriques cls. Ces rsultats ont t valids par une quipe de 42 experts du domaine. Ce travail a permis de dvelopper une application de paiement mobile scurise qui rpond efficacement  les pertes financires dues aux erreurs humaines. Les rsultats obtenus sont satisfaisants et ouvrent la voie  des amliorations futures. Les perspectives incluent l'intgration de nouvelles fonctionnalits et l'extension  d'autres contextes."
ARCH-0189,Un systme d'archivage intelligent de documents avec blockchain et smart contracts,Web,2018,Etudiant_0189,"Dans le cadre de ce mmoire, nous proposons un systme d'archivage intelligent de documents. Face  le manque d'accessibilit aux services dans les zones rurales, nous avons choisi d'utiliser blockchain et smart contracts comme solution principale. La mthodologie adopte est SCRUM avec des sprints de 2 semaines.","L'approche mthodologique retenue est SCRUM avec des sprints de 2 semaines. Elle se dcline en 5 grandes tapes : analyse des besoins, conception, implmentation, tests et dploiement.",Les tests raliss montrent que notre solution atteint 81% de prcision. Les performances obtenues dpassent les solutions existantes de 33%. L'interface utilisateur a t valide par 35 utilisateurs rels.,"En conclusion, nous avons conu et implment un systme d'archivage intelligent de documents. Notre solution apporte une rponse concrte  le manque d'accessibilit aux services dans les zones rurales. Les travaux futurs porteront sur l'amlioration des performances et la scalabilit du systme.","Dans le cadre de ce mmoire, nous proposons un systme d'archivage intelligent de documents. Face  le manque d'accessibilit aux services dans les zones rurales, nous avons choisi d'utiliser blockchain et smart contracts comme solution principale. La mthodologie adopte est SCRUM avec des sprints de 2 semaines. L'approche mthodologique retenue est SCRUM avec des sprints de 2 semaines. Elle se dcline en 5 grandes tapes : analyse des besoins, conception, implmentation, tests et dploiement. Les tests raliss montrent que notre solution atteint 81% de prcision. Les performances obtenues dpassent les solutions existantes de 33%. L'interface utilisateur a t valide par 35 utilisateurs rels. En conclusion, nous avons conu et implment un systme d'archivage intelligent de documents. Notre solution apporte une rponse concrte  le manque d'accessibilit aux services dans les zones rurales. Les travaux futurs porteront sur l'amlioration des performances et la scalabilit du systme."
ARCH-0190,Une plateforme de tlmdecine avec Arduino et Raspberry Pi,IA,2021,Etudiant_0190,"Dans le cadre de ce mmoire, nous proposons une plateforme de tlmdecine. Face  le cot lev des solutions existantes sur le march, nous avons choisi d'utiliser Arduino et Raspberry Pi comme solution principale. La mthodologie adopte est la recherche-action avec participation des utilisateurs finaux.","Pour raliser ce projet, nous avons adopt la recherche-action avec participation des utilisateurs finaux. Cette approche nous permet de livrer des incrments fonctionnels rgulirement. Le travail a t divis en 5 itrations de dure gale.","Notre systme a t valu sur un jeu de donnes de 8699 enregistrements. Les rsultats indiquent une amlioration de 39% par rapport  l'approche classique. Le temps de rponse moyen est de 127ms, ce qui rpond aux exigences.","En conclusion, nous avons conu et implment une plateforme de tlmdecine. Notre solution apporte une rponse concrte  le cot lev des solutions existantes sur le march. Les travaux futurs porteront sur l'amlioration des performances et la scalabilit du systme.","Dans le cadre de ce mmoire, nous proposons une plateforme de tlmdecine. Face  le cot lev des solutions existantes sur le march, nous avons choisi d'utiliser Arduino et Raspberry Pi comme solution principale. La mthodologie adopte est la recherche-action avec participation des utilisateurs finaux. Pour raliser ce projet, nous avons adopt la recherche-action avec participation des utilisateurs finaux. Cette approche nous permet de livrer des incrments fonctionnels rgulirement. Le travail a t divis en 5 itrations de dure gale. Notre systme a t valu sur un jeu de donnes de 8699 enregistrements. Les rsultats indiquent une amlioration de 39% par rapport  l'approche classique. Le temps de rponse moyen est de 127ms, ce qui rpond aux exigences. En conclusion, nous avons conu et implment une plateforme de tlmdecine. Notre solution apporte une rponse concrte  le cot lev des solutions existantes sur le march. Les travaux futurs porteront sur l'amlioration des performances et la scalabilit du systme."
ARCH-0191,Une plateforme de tlmdecine avec Arduino et Raspberry Pi,IoT,2021,Etudiant_0191,Ce travail vise  concevoir et implmenter une plateforme de tlmdecine en utilisant Arduino et Raspberry Pi. La problmatique principale est les pertes financires dues aux erreurs humaines. Notre approche repose sur SCRUM avec des sprints de 2 semaines.,"L'approche mthodologique retenue est SCRUM avec des sprints de 2 semaines. Elle se dcline en 4 grandes tapes : analyse des besoins, conception, implmentation, tests et dploiement.","Notre systme a t valu sur un jeu de donnes de 3889 enregistrements. Les rsultats indiquent une amlioration de 25% par rapport  l'approche classique. Le temps de rponse moyen est de 316ms, ce qui rpond aux exigences.","En conclusion, nous avons conu et implment une plateforme de tlmdecine. Notre solution apporte une rponse concrte  les pertes financires dues aux erreurs humaines. Les travaux futurs porteront sur l'amlioration des performances et la scalabilit du systme.","Ce travail vise  concevoir et implmenter une plateforme de tlmdecine en utilisant Arduino et Raspberry Pi. La problmatique principale est les pertes financires dues aux erreurs humaines. Notre approche repose sur SCRUM avec des sprints de 2 semaines. L'approche mthodologique retenue est SCRUM avec des sprints de 2 semaines. Elle se dcline en 4 grandes tapes : analyse des besoins, conception, implmentation, tests et dploiement. Notre systme a t valu sur un jeu de donnes de 3889 enregistrements. Les rsultats indiquent une amlioration de 25% par rapport  l'approche classique. Le temps de rponse moyen est de 316ms, ce qui rpond aux exigences. En conclusion, nous avons conu et implment une plateforme de tlmdecine. Notre solution apporte une rponse concrte  les pertes financires dues aux erreurs humaines. Les travaux futurs porteront sur l'amlioration des performances et la scalabilit du systme."
ARCH-0192,Une plateforme de tlmdecine avec deep learning et PyTorch,Rseau,2022,Etudiant_0192,Ce travail vise  concevoir et implmenter une plateforme de tlmdecine en utilisant deep learning et PyTorch. La problmatique principale est le manque de traabilit dans les processus administratifs. Notre approche repose sur le prototypage rapide et l'itration continue.,"Pour raliser ce projet, nous avons adopt le prototypage rapide et l'itration continue. Cette approche nous permet de livrer des incrments fonctionnels rgulirement. Le travail a t divis en 3 itrations de dure gale.","Les exprimentations confirment la viabilit de notre approche avec 83% d'efficacit. Compar aux solutions actuelles, nous observons un gain de 15% sur les mtriques cls. Ces rsultats ont t valids par une quipe de 31 experts du domaine.",Ce travail a permis de dvelopper une plateforme de tlmdecine qui rpond efficacement  le manque de traabilit dans les processus administratifs. Les rsultats obtenus sont satisfaisants et ouvrent la voie  des amliorations futures. Les perspectives incluent l'intgration de nouvelles fonctionnalits et l'extension  d'autres contextes.,"Ce travail vise  concevoir et implmenter une plateforme de tlmdecine en utilisant deep learning et PyTorch. La problmatique principale est le manque de traabilit dans les processus administratifs. Notre approche repose sur le prototypage rapide et l'itration continue. Pour raliser ce projet, nous avons adopt le prototypage rapide et l'itration continue. Cette approche nous permet de livrer des incrments fonctionnels rgulirement. Le travail a t divis en 3 itrations de dure gale. Les exprimentations confirment la viabilit de notre approche avec 83% d'efficacit. Compar aux solutions actuelles, nous observons un gain de 15% sur les mtriques cls. Ces rsultats ont t valids par une quipe de 31 experts du domaine. Ce travail a permis de dvelopper une plateforme de tlmdecine qui rpond efficacement  le manque de traabilit dans les processus administratifs. Les rsultats obtenus sont satisfaisants et ouvrent la voie  des amliorations futures. Les perspectives incluent l'intgration de nouvelles fonctionnalits et l'extension  d'autres contextes."
ARCH-0193,Un moteur de recommandation de cours avec blockchain et smart contracts,Rseau,2021,Etudiant_0193,Ce projet de fin d'tudes porte sur un moteur de recommandation de cours. La motivation principale est la scurit insuffisante des donnes personnelles qui constitue un dfi majeur. Nous proposons une solution base sur blockchain et smart contracts en suivant une approche le prototypage rapide et l'itration continue.,"Pour raliser ce projet, nous avons adopt le prototypage rapide et l'itration continue. Cette approche nous permet de livrer des incrments fonctionnels rgulirement. Le travail a t divis en 4 itrations de dure gale.","Notre systme a t valu sur un jeu de donnes de 7580 enregistrements. Les rsultats indiquent une amlioration de 20% par rapport  l'approche classique. Le temps de rponse moyen est de 252ms, ce qui rpond aux exigences.",Ce travail a permis de dvelopper un moteur de recommandation de cours qui rpond efficacement  la scurit insuffisante des donnes personnelles. Les rsultats obtenus sont satisfaisants et ouvrent la voie  des amliorations futures. Les perspectives incluent l'intgration de nouvelles fonctionnalits et l'extension  d'autres contextes.,"Ce projet de fin d'tudes porte sur un moteur de recommandation de cours. La motivation principale est la scurit insuffisante des donnes personnelles qui constitue un dfi majeur. Nous proposons une solution base sur blockchain et smart contracts en suivant une approche le prototypage rapide et l'itration continue. Pour raliser ce projet, nous avons adopt le prototypage rapide et l'itration continue. Cette approche nous permet de livrer des incrments fonctionnels rgulirement. Le travail a t divis en 4 itrations de dure gale. Notre systme a t valu sur un jeu de donnes de 7580 enregistrements. Les rsultats indiquent une amlioration de 20% par rapport  l'approche classique. Le temps de rponse moyen est de 252ms, ce qui rpond aux exigences. Ce travail a permis de dvelopper un moteur de recommandation de cours qui rpond efficacement  la scurit insuffisante des donnes personnelles. Les rsultats obtenus sont satisfaisants et ouvrent la voie  des amliorations futures. Les perspectives incluent l'intgration de nouvelles fonctionnalits et l'extension  d'autres contextes."
ARCH-0194,Une application de covoiturage universitaire avec machine learning et scikit-learn,IoT,2019,Etudiant_0194,"Dans le cadre de ce mmoire, nous proposons une application de covoiturage universitaire. Face  les pertes financires dues aux erreurs humaines, nous avons choisi d'utiliser machine learning et scikit-learn comme solution principale. La mthodologie adopte est SCRUM avec des sprints de 2 semaines.",La mthodologie de dveloppement choisie est SCRUM avec des sprints de 2 semaines. Nous avons structur le travail en 5 phases distinctes. Chaque phase comprend des livrables mesurables et des critres de validation clairs.,"Les exprimentations confirment la viabilit de notre approche avec 82% d'efficacit. Compar aux solutions actuelles, nous observons un gain de 33% sur les mtriques cls. Ces rsultats ont t valids par une quipe de 16 experts du domaine.","En conclusion, nous avons conu et implment une application de covoiturage universitaire. Notre solution apporte une rponse concrte  les pertes financires dues aux erreurs humaines. Les travaux futurs porteront sur l'amlioration des performances et la scalabilit du systme.","Dans le cadre de ce mmoire, nous proposons une application de covoiturage universitaire. Face  les pertes financires dues aux erreurs humaines, nous avons choisi d'utiliser machine learning et scikit-learn comme solution principale. La mthodologie adopte est SCRUM avec des sprints de 2 semaines. La mthodologie de dveloppement choisie est SCRUM avec des sprints de 2 semaines. Nous avons structur le travail en 5 phases distinctes. Chaque phase comprend des livrables mesurables et des critres de validation clairs. Les exprimentations confirment la viabilit de notre approche avec 82% d'efficacit. Compar aux solutions actuelles, nous observons un gain de 33% sur les mtriques cls. Ces rsultats ont t valids par une quipe de 16 experts du domaine. En conclusion, nous avons conu et implment une application de covoiturage universitaire. Notre solution apporte une rponse concrte  les pertes financires dues aux erreurs humaines. Les travaux futurs porteront sur l'amlioration des performances et la scalabilit du systme."
ARCH-0195,Un systme de vote lectronique avec React et FastAPI,Cyber,2024,Etudiant_0195,L'objectif de cette tude est de rsoudre l'absence d'outils adapts au contexte africain grce  un systme de vote lectronique. Nous utilisons React et FastAPI combin avec une tude de cas approfondie avec donnes relles pour atteindre cet objectif.,"L'approche mthodologique retenue est une tude de cas approfondie avec donnes relles. Elle se dcline en 6 grandes tapes : analyse des besoins, conception, implmentation, tests et dploiement.","Les exprimentations confirment la viabilit de notre approche avec 92% d'efficacit. Compar aux solutions actuelles, nous observons un gain de 33% sur les mtriques cls. Ces rsultats ont t valids par une quipe de 17 experts du domaine.","En conclusion, nous avons conu et implment un systme de vote lectronique. Notre solution apporte une rponse concrte  l'absence d'outils adapts au contexte africain. Les travaux futurs porteront sur l'amlioration des performances et la scalabilit du systme.","L'objectif de cette tude est de rsoudre l'absence d'outils adapts au contexte africain grce  un systme de vote lectronique. Nous utilisons React et FastAPI combin avec une tude de cas approfondie avec donnes relles pour atteindre cet objectif. L'approche mthodologique retenue est une tude de cas approfondie avec donnes relles. Elle se dcline en 6 grandes tapes : analyse des besoins, conception, implmentation, tests et dploiement. Les exprimentations confirment la viabilit de notre approche avec 92% d'efficacit. Compar aux solutions actuelles, nous observons un gain de 33% sur les mtriques cls. Ces rsultats ont t valids par une quipe de 17 experts du domaine. En conclusion, nous avons conu et implment un systme de vote lectronique. Notre solution apporte une rponse concrte  l'absence d'outils adapts au contexte africain. Les travaux futurs porteront sur l'amlioration des performances et la scalabilit du systme."
ARCH-0196,Un systme de contrle d'accs biomtrique avec Arduino et Raspberry Pi,Cloud,2022,Etudiant_0196,L'objectif de cette tude est de rsoudre le manque d'accessibilit aux services dans les zones rurales grce  un systme de contrle d'accs biomtrique. Nous utilisons Arduino et Raspberry Pi combin avec la recherche exprimentale avec validation empirique pour atteindre cet objectif.,La mthodologie de dveloppement choisie est la recherche exprimentale avec validation empirique. Nous avons structur le travail en 4 phases distinctes. Chaque phase comprend des livrables mesurables et des critres de validation clairs.,"Notre systme a t valu sur un jeu de donnes de 2816 enregistrements. Les rsultats indiquent une amlioration de 20% par rapport  l'approche classique. Le temps de rponse moyen est de 311ms, ce qui rpond aux exigences.","En conclusion, nous avons conu et implment un systme de contrle d'accs biomtrique. Notre solution apporte une rponse concrte  le manque d'accessibilit aux services dans les zones rurales. Les travaux futurs porteront sur l'amlioration des performances et la scalabilit du systme.","L'objectif de cette tude est de rsoudre le manque d'accessibilit aux services dans les zones rurales grce  un systme de contrle d'accs biomtrique. Nous utilisons Arduino et Raspberry Pi combin avec la recherche exprimentale avec validation empirique pour atteindre cet objectif. La mthodologie de dveloppement choisie est la recherche exprimentale avec validation empirique. Nous avons structur le travail en 4 phases distinctes. Chaque phase comprend des livrables mesurables et des critres de validation clairs. Notre systme a t valu sur un jeu de donnes de 2816 enregistrements. Les rsultats indiquent une amlioration de 20% par rapport  l'approche classique. Le temps de rponse moyen est de 311ms, ce qui rpond aux exigences. En conclusion, nous avons conu et implment un systme de contrle d'accs biomtrique. Notre solution apporte une rponse concrte  le manque d'accessibilit aux services dans les zones rurales. Les travaux futurs porteront sur l'amlioration des performances et la scalabilit du systme."
ARCH-0197,Un moteur de recommandation de cours avec NLP et transformers BERT,BDD,2022,Etudiant_0197,"Dans le cadre de ce mmoire, nous proposons un moteur de recommandation de cours. Face  les pertes financires dues aux erreurs humaines, nous avons choisi d'utiliser NLP et transformers BERT comme solution principale. La mthodologie adopte est une tude de cas approfondie avec donnes relles.","Pour raliser ce projet, nous avons adopt une tude de cas approfondie avec donnes relles. Cette approche nous permet de livrer des incrments fonctionnels rgulirement. Le travail a t divis en 4 itrations de dure gale.","Les exprimentations confirment la viabilit de notre approche avec 85% d'efficacit. Compar aux solutions actuelles, nous observons un gain de 30% sur les mtriques cls. Ces rsultats ont t valids par une quipe de 28 experts du domaine.","En conclusion, nous avons conu et implment un moteur de recommandation de cours. Notre solution apporte une rponse concrte  les pertes financires dues aux erreurs humaines. Les travaux futurs porteront sur l'amlioration des performances et la scalabilit du systme.","Dans le cadre de ce mmoire, nous proposons un moteur de recommandation de cours. Face  les pertes financires dues aux erreurs humaines, nous avons choisi d'utiliser NLP et transformers BERT comme solution principale. La mthodologie adopte est une tude de cas approfondie avec donnes relles. Pour raliser ce projet, nous avons adopt une tude de cas approfondie avec donnes relles. Cette approche nous permet de livrer des incrments fonctionnels rgulirement. Le travail a t divis en 4 itrations de dure gale. Les exprimentations confirment la viabilit de notre approche avec 85% d'efficacit. Compar aux solutions actuelles, nous observons un gain de 30% sur les mtriques cls. Ces rsultats ont t valids par une quipe de 28 experts du domaine. En conclusion, nous avons conu et implment un moteur de recommandation de cours. Notre solution apporte une rponse concrte  les pertes financires dues aux erreurs humaines. Les travaux futurs porteront sur l'amlioration des performances et la scalabilit du systme."
ARCH-0198,Un systme de dtection de fraude bancaire avec Docker et Kubernetes,Cloud,2023,Etudiant_0198,"Dans le cadre de ce mmoire, nous proposons un systme de dtection de fraude bancaire. Face  la lenteur des processus manuels actuels, nous avons choisi d'utiliser Docker et Kubernetes comme solution principale. La mthodologie adopte est une tude de cas approfondie avec donnes relles.",La mthodologie de dveloppement choisie est une tude de cas approfondie avec donnes relles. Nous avons structur le travail en 6 phases distinctes. Chaque phase comprend des livrables mesurables et des critres de validation clairs.,"Les exprimentations confirment la viabilit de notre approche avec 96% d'efficacit. Compar aux solutions actuelles, nous observons un gain de 35% sur les mtriques cls. Ces rsultats ont t valids par une quipe de 41 experts du domaine.","En conclusion, nous avons conu et implment un systme de dtection de fraude bancaire. Notre solution apporte une rponse concrte  la lenteur des processus manuels actuels. Les travaux futurs porteront sur l'amlioration des performances et la scalabilit du systme.","Dans le cadre de ce mmoire, nous proposons un systme de dtection de fraude bancaire. Face  la lenteur des processus manuels actuels, nous avons choisi d'utiliser Docker et Kubernetes comme solution principale. La mthodologie adopte est une tude de cas approfondie avec donnes relles. La mthodologie de dveloppement choisie est une tude de cas approfondie avec donnes relles. Nous avons structur le travail en 6 phases distinctes. Chaque phase comprend des livrables mesurables et des critres de validation clairs. Les exprimentations confirment la viabilit de notre approche avec 96% d'efficacit. Compar aux solutions actuelles, nous observons un gain de 35% sur les mtriques cls. Ces rsultats ont t valids par une quipe de 41 experts du domaine. En conclusion, nous avons conu et implment un systme de dtection de fraude bancaire. Notre solution apporte une rponse concrte  la lenteur des processus manuels actuels. Les travaux futurs porteront sur l'amlioration des performances et la scalabilit du systme."
ARCH-0199,Un outil d'analyse de sentiment sur les rseaux sociaux avec deep learning et PyTorch,Cyber,2024,Etudiant_0199,Ce travail vise  concevoir et implmenter un outil d'analyse de sentiment sur les rseaux sociaux en utilisant deep learning et PyTorch. La problmatique principale est le manque de traabilit dans les processus administratifs. Notre approche repose sur la recherche exprimentale avec validation empirique.,"L'approche mthodologique retenue est la recherche exprimentale avec validation empirique. Elle se dcline en 3 grandes tapes : analyse des besoins, conception, implmentation, tests et dploiement.",Les tests raliss montrent que notre solution atteint 89% de prcision. Les performances obtenues dpassent les solutions existantes de 16%. L'interface utilisateur a t valide par 27 utilisateurs rels.,"En conclusion, nous avons conu et implment un outil d'analyse de sentiment sur les rseaux sociaux. Notre solution apporte une rponse concrte  le manque de traabilit dans les processus administratifs. Les travaux futurs porteront sur l'amlioration des performances et la scalabilit du systme.","Ce travail vise  concevoir et implmenter un outil d'analyse de sentiment sur les rseaux sociaux en utilisant deep learning et PyTorch. La problmatique principale est le manque de traabilit dans les processus administratifs. Notre approche repose sur la recherche exprimentale avec validation empirique. L'approche mthodologique retenue est la recherche exprimentale avec validation empirique. Elle se dcline en 3 grandes tapes : analyse des besoins, conception, implmentation, tests et dploiement. Les tests raliss montrent que notre solution atteint 89% de prcision. Les performances obtenues dpassent les solutions existantes de 16%. L'interface utilisateur a t valide par 27 utilisateurs rels. En conclusion, nous avons conu et implment un outil d'analyse de sentiment sur les rseaux sociaux. Notre solution apporte une rponse concrte  le manque de traabilit dans les processus administratifs. Les travaux futurs porteront sur l'amlioration des performances et la scalabilit du systme."
ARCH-0200,Un systme de vote lectronique avec NLP et transformers BERT,BDD,2022,Etudiant_0200,Ce travail vise  concevoir et implmenter un systme de vote lectronique en utilisant NLP et transformers BERT. La problmatique principale est le manque de traabilit dans les processus administratifs. Notre approche repose sur la recherche-action avec participation des utilisateurs finaux.,"L'approche mthodologique retenue est la recherche-action avec participation des utilisateurs finaux. Elle se dcline en 3 grandes tapes : analyse des besoins, conception, implmentation, tests et dploiement.","Notre systme a t valu sur un jeu de donnes de 9380 enregistrements. Les rsultats indiquent une amlioration de 41% par rapport  l'approche classique. Le temps de rponse moyen est de 471ms, ce qui rpond aux exigences.",Ce travail a permis de dvelopper un systme de vote lectronique qui rpond efficacement  le manque de traabilit dans les processus administratifs. Les rsultats obtenus sont satisfaisants et ouvrent la voie  des amliorations futures. Les perspectives incluent l'intgration de nouvelles fonctionnalits et l'extension  d'autres contextes.,"Ce travail vise  concevoir et implmenter un systme de vote lectronique en utilisant NLP et transformers BERT. La problmatique principale est le manque de traabilit dans les processus administratifs. Notre approche repose sur la recherche-action avec participation des utilisateurs finaux. L'approche mthodologique retenue est la recherche-action avec participation des utilisateurs finaux. Elle se dcline en 3 grandes tapes : analyse des besoins, conception, implmentation, tests et dploiement. Notre systme a t valu sur un jeu de donnes de 9380 enregistrements. Les rsultats indiquent une amlioration de 41% par rapport  l'approche classique. Le temps de rponse moyen est de 471ms, ce qui rpond aux exigences. Ce travail a permis de dvelopper un systme de vote lectronique qui rpond efficacement  le manque de traabilit dans les processus administratifs. Les rsultats obtenus sont satisfaisants et ouvrent la voie  des amliorations futures. Les perspectives incluent l'intgration de nouvelles fonctionnalits et l'extension  d'autres contextes."
