id_memoire,titre,domaine,annee,auteur,introduction,methodologie,resultats,conclusion,texte_complet
ARCH-0001,Un système de contrôle d'accès biométrique avec React et FastAPI,IA,2018,Etudiant_0001,"Dans le cadre de ce mémoire, nous proposons un système de contrôle d'accès biométrique. Face à la lenteur des processus manuels actuels, nous avons choisi d'utiliser React et FastAPI comme solution principale. La méthodologie adoptée est le prototypage rapide et l'itération continue.",La méthodologie de développement choisie est le prototypage rapide et l'itération continue. Nous avons structuré le travail en 4 phases distinctes. Chaque phase comprend des livrables mesurables et des critères de validation clairs.,"Les expérimentations confirment la viabilité de notre approche avec 83% d'efficacité. Comparé aux solutions actuelles, nous observons un gain de 36% sur les métriques clés. Ces résultats ont été validés par une équipe de 44 experts du domaine.","En conclusion, nous avons conçu et implémenté un système de contrôle d'accès biométrique. Notre solution apporte une réponse concrète à la lenteur des processus manuels actuels. Les travaux futurs porteront sur l'amélioration des performances et la scalabilité du système.","Dans le cadre de ce mémoire, nous proposons un système de contrôle d'accès biométrique. Face à la lenteur des processus manuels actuels, nous avons choisi d'utiliser React et FastAPI comme solution principale. La méthodologie adoptée est le prototypage rapide et l'itération continue. La méthodologie de développement choisie est le prototypage rapide et l'itération continue. Nous avons structuré le travail en 4 phases distinctes. Chaque phase comprend des livrables mesurables et des critères de validation clairs. Les expérimentations confirment la viabilité de notre approche avec 83% d'efficacité. Comparé aux solutions actuelles, nous observons un gain de 36% sur les métriques clés. Ces résultats ont été validés par une équipe de 44 experts du domaine. En conclusion, nous avons conçu et implémenté un système de contrôle d'accès biométrique. Notre solution apporte une réponse concrète à la lenteur des processus manuels actuels. Les travaux futurs porteront sur l'amélioration des performances et la scalabilité du système."
ARCH-0002,Une plateforme de télémédecine avec Flutter et Firebase,IA,2024,Etudiant_0002,Ce travail vise à concevoir et implémenter une plateforme de télémédecine en utilisant Flutter et Firebase. La problématique principale est le coût élevé des solutions existantes sur le marché. Notre approche repose sur la recherche-action avec participation des utilisateurs finaux.,"L'approche méthodologique retenue est la recherche-action avec participation des utilisateurs finaux. Elle se décline en 4 grandes étapes : analyse des besoins, conception, implémentation, tests et déploiement.","Les expérimentations confirment la viabilité de notre approche avec 97% d'efficacité. Comparé aux solutions actuelles, nous observons un gain de 28% sur les métriques clés. Ces résultats ont été validés par une équipe de 24 experts du domaine.","En conclusion, nous avons conçu et implémenté une plateforme de télémédecine. Notre solution apporte une réponse concrète à le coût élevé des solutions existantes sur le marché. Les travaux futurs porteront sur l'amélioration des performances et la scalabilité du système.","Ce travail vise à concevoir et implémenter une plateforme de télémédecine en utilisant Flutter et Firebase. La problématique principale est le coût élevé des solutions existantes sur le marché. Notre approche repose sur la recherche-action avec participation des utilisateurs finaux. L'approche méthodologique retenue est la recherche-action avec participation des utilisateurs finaux. Elle se décline en 4 grandes étapes : analyse des besoins, conception, implémentation, tests et déploiement. Les expérimentations confirment la viabilité de notre approche avec 97% d'efficacité. Comparé aux solutions actuelles, nous observons un gain de 28% sur les métriques clés. Ces résultats ont été validés par une équipe de 24 experts du domaine. En conclusion, nous avons conçu et implémenté une plateforme de télémédecine. Notre solution apporte une réponse concrète à le coût élevé des solutions existantes sur le marché. Les travaux futurs porteront sur l'amélioration des performances et la scalabilité du système."
ARCH-0003,Un système de prédiction du décrochage scolaire avec Django et PostgreSQL,Mobile,2024,Etudiant_0003,L'objectif de cette étude est de résoudre les pertes financières dues aux erreurs humaines grâce à un système de prédiction du décrochage scolaire. Nous utilisons Django et PostgreSQL combiné avec le prototypage rapide et l'itération continue pour atteindre cet objectif.,La méthodologie de développement choisie est le prototypage rapide et l'itération continue. Nous avons structuré le travail en 4 phases distinctes. Chaque phase comprend des livrables mesurables et des critères de validation clairs.,"Notre système a été évalué sur un jeu de données de 2084 enregistrements. Les résultats indiquent une amélioration de 17% par rapport à l'approche classique. Le temps de réponse moyen est de 233ms, ce qui répond aux exigences.","En conclusion, nous avons conçu et implémenté un système de prédiction du décrochage scolaire. Notre solution apporte une réponse concrète à les pertes financières dues aux erreurs humaines. Les travaux futurs porteront sur l'amélioration des performances et la scalabilité du système.","L'objectif de cette étude est de résoudre les pertes financières dues aux erreurs humaines grâce à un système de prédiction du décrochage scolaire. Nous utilisons Django et PostgreSQL combiné avec le prototypage rapide et l'itération continue pour atteindre cet objectif. La méthodologie de développement choisie est le prototypage rapide et l'itération continue. Nous avons structuré le travail en 4 phases distinctes. Chaque phase comprend des livrables mesurables et des critères de validation clairs. Notre système a été évalué sur un jeu de données de 2084 enregistrements. Les résultats indiquent une amélioration de 17% par rapport à l'approche classique. Le temps de réponse moyen est de 233ms, ce qui répond aux exigences. En conclusion, nous avons conçu et implémenté un système de prédiction du décrochage scolaire. Notre solution apporte une réponse concrète à les pertes financières dues aux erreurs humaines. Les travaux futurs porteront sur l'amélioration des performances et la scalabilité du système."
ARCH-0004,Un système de détection de fraude bancaire avec deep learning et PyTorch,Réseau,2024,Etudiant_0004,Ce travail vise à concevoir et implémenter un système de détection de fraude bancaire en utilisant deep learning et PyTorch. La problématique principale est le manque d'accessibilité aux services dans les zones rurales. Notre approche repose sur une étude de cas approfondie avec données réelles.,"L'approche méthodologique retenue est une étude de cas approfondie avec données réelles. Elle se décline en 5 grandes étapes : analyse des besoins, conception, implémentation, tests et déploiement.","Les expérimentations confirment la viabilité de notre approche avec 91% d'efficacité. Comparé aux solutions actuelles, nous observons un gain de 33% sur les métriques clés. Ces résultats ont été validés par une équipe de 22 experts du domaine.",Ce mémoire présente un système de détection de fraude bancaire comme solution à le manque d'accessibilité aux services dans les zones rurales. Les objectifs fixés au départ ont été atteints. Cette étude constitue une base solide pour de futures recherches dans ce domaine.,"Ce travail vise à concevoir et implémenter un système de détection de fraude bancaire en utilisant deep learning et PyTorch. La problématique principale est le manque d'accessibilité aux services dans les zones rurales. Notre approche repose sur une étude de cas approfondie avec données réelles. L'approche méthodologique retenue est une étude de cas approfondie avec données réelles. Elle se décline en 5 grandes étapes : analyse des besoins, conception, implémentation, tests et déploiement. Les expérimentations confirment la viabilité de notre approche avec 91% d'efficacité. Comparé aux solutions actuelles, nous observons un gain de 33% sur les métriques clés. Ces résultats ont été validés par une équipe de 22 experts du domaine. Ce mémoire présente un système de détection de fraude bancaire comme solution à le manque d'accessibilité aux services dans les zones rurales. Les objectifs fixés au départ ont été atteints. Cette étude constitue une base solide pour de futures recherches dans ce domaine."
ARCH-0005,Une application de paiement mobile sécurisée avec React et FastAPI,Mobile,2023,Etudiant_0005,Ce projet de fin d'études porte sur une application de paiement mobile sécurisée. La motivation principale est le coût élevé des solutions existantes sur le marché qui constitue un défi majeur. Nous proposons une solution basée sur React et FastAPI en suivant une approche SCRUM avec des sprints de 2 semaines.,"Pour réaliser ce projet, nous avons adopté SCRUM avec des sprints de 2 semaines. Cette approche nous permet de livrer des incréments fonctionnels régulièrement. Le travail a été divisé en 6 itérations de durée égale.","Les expérimentations confirment la viabilité de notre approche avec 91% d'efficacité. Comparé aux solutions actuelles, nous observons un gain de 20% sur les métriques clés. Ces résultats ont été validés par une équipe de 33 experts du domaine.",Ce mémoire présente une application de paiement mobile sécurisée comme solution à le coût élevé des solutions existantes sur le marché. Les objectifs fixés au départ ont été atteints. Cette étude constitue une base solide pour de futures recherches dans ce domaine.,"Ce projet de fin d'études porte sur une application de paiement mobile sécurisée. La motivation principale est le coût élevé des solutions existantes sur le marché qui constitue un défi majeur. Nous proposons une solution basée sur React et FastAPI en suivant une approche SCRUM avec des sprints de 2 semaines. Pour réaliser ce projet, nous avons adopté SCRUM avec des sprints de 2 semaines. Cette approche nous permet de livrer des incréments fonctionnels régulièrement. Le travail a été divisé en 6 itérations de durée égale. Les expérimentations confirment la viabilité de notre approche avec 91% d'efficacité. Comparé aux solutions actuelles, nous observons un gain de 20% sur les métriques clés. Ces résultats ont été validés par une équipe de 33 experts du domaine. Ce mémoire présente une application de paiement mobile sécurisée comme solution à le coût élevé des solutions existantes sur le marché. Les objectifs fixés au départ ont été atteints. Cette étude constitue une base solide pour de futures recherches dans ce domaine."
ARCH-0006,Un système d'archivage intelligent de documents avec React et FastAPI,IoT,2024,Etudiant_0006,"Dans le cadre de ce mémoire, nous proposons un système d'archivage intelligent de documents. Face à la sécurité insuffisante des données personnelles, nous avons choisi d'utiliser React et FastAPI comme solution principale. La méthodologie adoptée est la recherche-action avec participation des utilisateurs finaux.",La méthodologie de développement choisie est la recherche-action avec participation des utilisateurs finaux. Nous avons structuré le travail en 6 phases distinctes. Chaque phase comprend des livrables mesurables et des critères de validation clairs.,"Notre système a été évalué sur un jeu de données de 9625 enregistrements. Les résultats indiquent une amélioration de 44% par rapport à l'approche classique. Le temps de réponse moyen est de 162ms, ce qui répond aux exigences.",Ce mémoire présente un système d'archivage intelligent de documents comme solution à la sécurité insuffisante des données personnelles. Les objectifs fixés au départ ont été atteints. Cette étude constitue une base solide pour de futures recherches dans ce domaine.,"Dans le cadre de ce mémoire, nous proposons un système d'archivage intelligent de documents. Face à la sécurité insuffisante des données personnelles, nous avons choisi d'utiliser React et FastAPI comme solution principale. La méthodologie adoptée est la recherche-action avec participation des utilisateurs finaux. La méthodologie de développement choisie est la recherche-action avec participation des utilisateurs finaux. Nous avons structuré le travail en 6 phases distinctes. Chaque phase comprend des livrables mesurables et des critères de validation clairs. Notre système a été évalué sur un jeu de données de 9625 enregistrements. Les résultats indiquent une amélioration de 44% par rapport à l'approche classique. Le temps de réponse moyen est de 162ms, ce qui répond aux exigences. Ce mémoire présente un système d'archivage intelligent de documents comme solution à la sécurité insuffisante des données personnelles. Les objectifs fixés au départ ont été atteints. Cette étude constitue une base solide pour de futures recherches dans ce domaine."
ARCH-0007,Un système de prédiction du décrochage scolaire avec Python et TensorFlow,BDD,2021,Etudiant_0007,L'objectif de cette étude est de résoudre le coût élevé des solutions existantes sur le marché grâce à un système de prédiction du décrochage scolaire. Nous utilisons Python et TensorFlow combiné avec SCRUM avec des sprints de 2 semaines pour atteindre cet objectif.,"Pour réaliser ce projet, nous avons adopté SCRUM avec des sprints de 2 semaines. Cette approche nous permet de livrer des incréments fonctionnels régulièrement. Le travail a été divisé en 5 itérations de durée égale.",Les tests réalisés montrent que notre solution atteint 86% de précision. Les performances obtenues dépassent les solutions existantes de 44%. L'interface utilisateur a été validée par 46 utilisateurs réels.,Ce mémoire présente un système de prédiction du décrochage scolaire comme solution à le coût élevé des solutions existantes sur le marché. Les objectifs fixés au départ ont été atteints. Cette étude constitue une base solide pour de futures recherches dans ce domaine.,"L'objectif de cette étude est de résoudre le coût élevé des solutions existantes sur le marché grâce à un système de prédiction du décrochage scolaire. Nous utilisons Python et TensorFlow combiné avec SCRUM avec des sprints de 2 semaines pour atteindre cet objectif. Pour réaliser ce projet, nous avons adopté SCRUM avec des sprints de 2 semaines. Cette approche nous permet de livrer des incréments fonctionnels régulièrement. Le travail a été divisé en 5 itérations de durée égale. Les tests réalisés montrent que notre solution atteint 86% de précision. Les performances obtenues dépassent les solutions existantes de 44%. L'interface utilisateur a été validée par 46 utilisateurs réels. Ce mémoire présente un système de prédiction du décrochage scolaire comme solution à le coût élevé des solutions existantes sur le marché. Les objectifs fixés au départ ont été atteints. Cette étude constitue une base solide pour de futures recherches dans ce domaine."
ARCH-0008,Un système d'archivage intelligent de documents avec deep learning et PyTorch,Cyber,2022,Etudiant_0008,"Dans le cadre de ce mémoire, nous proposons un système d'archivage intelligent de documents. Face à la sécurité insuffisante des données personnelles, nous avons choisi d'utiliser deep learning et PyTorch comme solution principale. La méthodologie adoptée est le prototypage rapide et l'itération continue.",La méthodologie de développement choisie est le prototypage rapide et l'itération continue. Nous avons structuré le travail en 5 phases distinctes. Chaque phase comprend des livrables mesurables et des critères de validation clairs.,"Les expérimentations confirment la viabilité de notre approche avec 98% d'efficacité. Comparé aux solutions actuelles, nous observons un gain de 28% sur les métriques clés. Ces résultats ont été validés par une équipe de 47 experts du domaine.",Ce travail a permis de développer un système d'archivage intelligent de documents qui répond efficacement à la sécurité insuffisante des données personnelles. Les résultats obtenus sont satisfaisants et ouvrent la voie à des améliorations futures. Les perspectives incluent l'intégration de nouvelles fonctionnalités et l'extension à d'autres contextes.,"Dans le cadre de ce mémoire, nous proposons un système d'archivage intelligent de documents. Face à la sécurité insuffisante des données personnelles, nous avons choisi d'utiliser deep learning et PyTorch comme solution principale. La méthodologie adoptée est le prototypage rapide et l'itération continue. La méthodologie de développement choisie est le prototypage rapide et l'itération continue. Nous avons structuré le travail en 5 phases distinctes. Chaque phase comprend des livrables mesurables et des critères de validation clairs. Les expérimentations confirment la viabilité de notre approche avec 98% d'efficacité. Comparé aux solutions actuelles, nous observons un gain de 28% sur les métriques clés. Ces résultats ont été validés par une équipe de 47 experts du domaine. Ce travail a permis de développer un système d'archivage intelligent de documents qui répond efficacement à la sécurité insuffisante des données personnelles. Les résultats obtenus sont satisfaisants et ouvrent la voie à des améliorations futures. Les perspectives incluent l'intégration de nouvelles fonctionnalités et l'extension à d'autres contextes."
ARCH-0009,Un système de vote électronique avec React et FastAPI,BDD,2022,Etudiant_0009,"Dans le cadre de ce mémoire, nous proposons un système de vote électronique. Face à la lenteur des processus manuels actuels, nous avons choisi d'utiliser React et FastAPI comme solution principale. La méthodologie adoptée est SCRUM avec des sprints de 2 semaines.","L'approche méthodologique retenue est SCRUM avec des sprints de 2 semaines. Elle se décline en 4 grandes étapes : analyse des besoins, conception, implémentation, tests et déploiement.","Les expérimentations confirment la viabilité de notre approche avec 93% d'efficacité. Comparé aux solutions actuelles, nous observons un gain de 34% sur les métriques clés. Ces résultats ont été validés par une équipe de 14 experts du domaine.",Ce mémoire présente un système de vote électronique comme solution à la lenteur des processus manuels actuels. Les objectifs fixés au départ ont été atteints. Cette étude constitue une base solide pour de futures recherches dans ce domaine.,"Dans le cadre de ce mémoire, nous proposons un système de vote électronique. Face à la lenteur des processus manuels actuels, nous avons choisi d'utiliser React et FastAPI comme solution principale. La méthodologie adoptée est SCRUM avec des sprints de 2 semaines. L'approche méthodologique retenue est SCRUM avec des sprints de 2 semaines. Elle se décline en 4 grandes étapes : analyse des besoins, conception, implémentation, tests et déploiement. Les expérimentations confirment la viabilité de notre approche avec 93% d'efficacité. Comparé aux solutions actuelles, nous observons un gain de 34% sur les métriques clés. Ces résultats ont été validés par une équipe de 14 experts du domaine. Ce mémoire présente un système de vote électronique comme solution à la lenteur des processus manuels actuels. Les objectifs fixés au départ ont été atteints. Cette étude constitue une base solide pour de futures recherches dans ce domaine."
ARCH-0010,Une application de paiement mobile sécurisée avec blockchain et smart contracts,Mobile,2022,Etudiant_0010,L'objectif de cette étude est de résoudre la lenteur des processus manuels actuels grâce à une application de paiement mobile sécurisée. Nous utilisons blockchain et smart contracts combiné avec SCRUM avec des sprints de 2 semaines pour atteindre cet objectif.,"L'approche méthodologique retenue est SCRUM avec des sprints de 2 semaines. Elle se décline en 5 grandes étapes : analyse des besoins, conception, implémentation, tests et déploiement.",Les tests réalisés montrent que notre solution atteint 89% de précision. Les performances obtenues dépassent les solutions existantes de 28%. L'interface utilisateur a été validée par 20 utilisateurs réels.,Ce mémoire présente une application de paiement mobile sécurisée comme solution à la lenteur des processus manuels actuels. Les objectifs fixés au départ ont été atteints. Cette étude constitue une base solide pour de futures recherches dans ce domaine.,"L'objectif de cette étude est de résoudre la lenteur des processus manuels actuels grâce à une application de paiement mobile sécurisée. Nous utilisons blockchain et smart contracts combiné avec SCRUM avec des sprints de 2 semaines pour atteindre cet objectif. L'approche méthodologique retenue est SCRUM avec des sprints de 2 semaines. Elle se décline en 5 grandes étapes : analyse des besoins, conception, implémentation, tests et déploiement. Les tests réalisés montrent que notre solution atteint 89% de précision. Les performances obtenues dépassent les solutions existantes de 28%. L'interface utilisateur a été validée par 20 utilisateurs réels. Ce mémoire présente une application de paiement mobile sécurisée comme solution à la lenteur des processus manuels actuels. Les objectifs fixés au départ ont été atteints. Cette étude constitue une base solide pour de futures recherches dans ce domaine."
ARCH-0011,Un système de prédiction du décrochage scolaire avec Django et PostgreSQL,BDD,2018,Etudiant_0011,"Dans le cadre de ce mémoire, nous proposons un système de prédiction du décrochage scolaire. Face à le manque d'accessibilité aux services dans les zones rurales, nous avons choisi d'utiliser Django et PostgreSQL comme solution principale. La méthodologie adoptée est le prototypage rapide et l'itération continue.",La méthodologie de développement choisie est le prototypage rapide et l'itération continue. Nous avons structuré le travail en 5 phases distinctes. Chaque phase comprend des livrables mesurables et des critères de validation clairs.,Les tests réalisés montrent que notre solution atteint 97% de précision. Les performances obtenues dépassent les solutions existantes de 45%. L'interface utilisateur a été validée par 43 utilisateurs réels.,"En conclusion, nous avons conçu et implémenté un système de prédiction du décrochage scolaire. Notre solution apporte une réponse concrète à le manque d'accessibilité aux services dans les zones rurales. Les travaux futurs porteront sur l'amélioration des performances et la scalabilité du système.","Dans le cadre de ce mémoire, nous proposons un système de prédiction du décrochage scolaire. Face à le manque d'accessibilité aux services dans les zones rurales, nous avons choisi d'utiliser Django et PostgreSQL comme solution principale. La méthodologie adoptée est le prototypage rapide et l'itération continue. La méthodologie de développement choisie est le prototypage rapide et l'itération continue. Nous avons structuré le travail en 5 phases distinctes. Chaque phase comprend des livrables mesurables et des critères de validation clairs. Les tests réalisés montrent que notre solution atteint 97% de précision. Les performances obtenues dépassent les solutions existantes de 45%. L'interface utilisateur a été validée par 43 utilisateurs réels. En conclusion, nous avons conçu et implémenté un système de prédiction du décrochage scolaire. Notre solution apporte une réponse concrète à le manque d'accessibilité aux services dans les zones rurales. Les travaux futurs porteront sur l'amélioration des performances et la scalabilité du système."
ARCH-0012,Une plateforme de télémédecine avec Docker et Kubernetes,Cyber,2023,Etudiant_0012,Ce travail vise à concevoir et implémenter une plateforme de télémédecine en utilisant Docker et Kubernetes. La problématique principale est l'absence d'outils adaptés au contexte africain. Notre approche repose sur la recherche expérimentale avec validation empirique.,La méthodologie de développement choisie est la recherche expérimentale avec validation empirique. Nous avons structuré le travail en 3 phases distinctes. Chaque phase comprend des livrables mesurables et des critères de validation clairs.,Les tests réalisés montrent que notre solution atteint 95% de précision. Les performances obtenues dépassent les solutions existantes de 41%. L'interface utilisateur a été validée par 14 utilisateurs réels.,Ce travail a permis de développer une plateforme de télémédecine qui répond efficacement à l'absence d'outils adaptés au contexte africain. Les résultats obtenus sont satisfaisants et ouvrent la voie à des améliorations futures. Les perspectives incluent l'intégration de nouvelles fonctionnalités et l'extension à d'autres contextes.,Ce travail vise à concevoir et implémenter une plateforme de télémédecine en utilisant Docker et Kubernetes. La problématique principale est l'absence d'outils adaptés au contexte africain. Notre approche repose sur la recherche expérimentale avec validation empirique. La méthodologie de développement choisie est la recherche expérimentale avec validation empirique. Nous avons structuré le travail en 3 phases distinctes. Chaque phase comprend des livrables mesurables et des critères de validation clairs. Les tests réalisés montrent que notre solution atteint 95% de précision. Les performances obtenues dépassent les solutions existantes de 41%. L'interface utilisateur a été validée par 14 utilisateurs réels. Ce travail a permis de développer une plateforme de télémédecine qui répond efficacement à l'absence d'outils adaptés au contexte africain. Les résultats obtenus sont satisfaisants et ouvrent la voie à des améliorations futures. Les perspectives incluent l'intégration de nouvelles fonctionnalités et l'extension à d'autres contextes.
ARCH-0013,Un système de vote électronique avec blockchain et smart contracts,Web,2019,Etudiant_0013,Ce projet de fin d'études porte sur un système de vote électronique. La motivation principale est la sécurité insuffisante des données personnelles qui constitue un défi majeur. Nous proposons une solution basée sur blockchain et smart contracts en suivant une approche le prototypage rapide et l'itération continue.,La méthodologie de développement choisie est le prototypage rapide et l'itération continue. Nous avons structuré le travail en 4 phases distinctes. Chaque phase comprend des livrables mesurables et des critères de validation clairs.,"Les expérimentations confirment la viabilité de notre approche avec 89% d'efficacité. Comparé aux solutions actuelles, nous observons un gain de 27% sur les métriques clés. Ces résultats ont été validés par une équipe de 33 experts du domaine.","En conclusion, nous avons conçu et implémenté un système de vote électronique. Notre solution apporte une réponse concrète à la sécurité insuffisante des données personnelles. Les travaux futurs porteront sur l'amélioration des performances et la scalabilité du système.","Ce projet de fin d'études porte sur un système de vote électronique. La motivation principale est la sécurité insuffisante des données personnelles qui constitue un défi majeur. Nous proposons une solution basée sur blockchain et smart contracts en suivant une approche le prototypage rapide et l'itération continue. La méthodologie de développement choisie est le prototypage rapide et l'itération continue. Nous avons structuré le travail en 4 phases distinctes. Chaque phase comprend des livrables mesurables et des critères de validation clairs. Les expérimentations confirment la viabilité de notre approche avec 89% d'efficacité. Comparé aux solutions actuelles, nous observons un gain de 27% sur les métriques clés. Ces résultats ont été validés par une équipe de 33 experts du domaine. En conclusion, nous avons conçu et implémenté un système de vote électronique. Notre solution apporte une réponse concrète à la sécurité insuffisante des données personnelles. Les travaux futurs porteront sur l'amélioration des performances et la scalabilité du système."
ARCH-0014,Un système de gestion des stocks intelligents avec React et FastAPI,IA,2024,Etudiant_0014,"Dans le cadre de ce mémoire, nous proposons un système de gestion des stocks intelligents. Face à la difficulté d'accès aux soins médicaux, nous avons choisi d'utiliser React et FastAPI comme solution principale. La méthodologie adoptée est SCRUM avec des sprints de 2 semaines.","L'approche méthodologique retenue est SCRUM avec des sprints de 2 semaines. Elle se décline en 4 grandes étapes : analyse des besoins, conception, implémentation, tests et déploiement.",Les tests réalisés montrent que notre solution atteint 82% de précision. Les performances obtenues dépassent les solutions existantes de 37%. L'interface utilisateur a été validée par 50 utilisateurs réels.,Ce travail a permis de développer un système de gestion des stocks intelligents qui répond efficacement à la difficulté d'accès aux soins médicaux. Les résultats obtenus sont satisfaisants et ouvrent la voie à des améliorations futures. Les perspectives incluent l'intégration de nouvelles fonctionnalités et l'extension à d'autres contextes.,"Dans le cadre de ce mémoire, nous proposons un système de gestion des stocks intelligents. Face à la difficulté d'accès aux soins médicaux, nous avons choisi d'utiliser React et FastAPI comme solution principale. La méthodologie adoptée est SCRUM avec des sprints de 2 semaines. L'approche méthodologique retenue est SCRUM avec des sprints de 2 semaines. Elle se décline en 4 grandes étapes : analyse des besoins, conception, implémentation, tests et déploiement. Les tests réalisés montrent que notre solution atteint 82% de précision. Les performances obtenues dépassent les solutions existantes de 37%. L'interface utilisateur a été validée par 50 utilisateurs réels. Ce travail a permis de développer un système de gestion des stocks intelligents qui répond efficacement à la difficulté d'accès aux soins médicaux. Les résultats obtenus sont satisfaisants et ouvrent la voie à des améliorations futures. Les perspectives incluent l'intégration de nouvelles fonctionnalités et l'extension à d'autres contextes."
ARCH-0015,Un système de surveillance de la qualité de l'air avec React et FastAPI,Cloud,2019,Etudiant_0015,Ce projet de fin d'études porte sur un système de surveillance de la qualité de l'air. La motivation principale est le coût élevé des solutions existantes sur le marché qui constitue un défi majeur. Nous proposons une solution basée sur React et FastAPI en suivant une approche le prototypage rapide et l'itération continue.,La méthodologie de développement choisie est le prototypage rapide et l'itération continue. Nous avons structuré le travail en 4 phases distinctes. Chaque phase comprend des livrables mesurables et des critères de validation clairs.,"Les expérimentations confirment la viabilité de notre approche avec 98% d'efficacité. Comparé aux solutions actuelles, nous observons un gain de 33% sur les métriques clés. Ces résultats ont été validés par une équipe de 40 experts du domaine.","En conclusion, nous avons conçu et implémenté un système de surveillance de la qualité de l'air. Notre solution apporte une réponse concrète à le coût élevé des solutions existantes sur le marché. Les travaux futurs porteront sur l'amélioration des performances et la scalabilité du système.","Ce projet de fin d'études porte sur un système de surveillance de la qualité de l'air. La motivation principale est le coût élevé des solutions existantes sur le marché qui constitue un défi majeur. Nous proposons une solution basée sur React et FastAPI en suivant une approche le prototypage rapide et l'itération continue. La méthodologie de développement choisie est le prototypage rapide et l'itération continue. Nous avons structuré le travail en 4 phases distinctes. Chaque phase comprend des livrables mesurables et des critères de validation clairs. Les expérimentations confirment la viabilité de notre approche avec 98% d'efficacité. Comparé aux solutions actuelles, nous observons un gain de 33% sur les métriques clés. Ces résultats ont été validés par une équipe de 40 experts du domaine. En conclusion, nous avons conçu et implémenté un système de surveillance de la qualité de l'air. Notre solution apporte une réponse concrète à le coût élevé des solutions existantes sur le marché. Les travaux futurs porteront sur l'amélioration des performances et la scalabilité du système."
ARCH-0016,Une plateforme de télémédecine avec React et FastAPI,IoT,2024,Etudiant_0016,Ce projet de fin d'études porte sur une plateforme de télémédecine. La motivation principale est les pertes financières dues aux erreurs humaines qui constitue un défi majeur. Nous proposons une solution basée sur React et FastAPI en suivant une approche le prototypage rapide et l'itération continue.,"Pour réaliser ce projet, nous avons adopté le prototypage rapide et l'itération continue. Cette approche nous permet de livrer des incréments fonctionnels régulièrement. Le travail a été divisé en 6 itérations de durée égale.","Les expérimentations confirment la viabilité de notre approche avec 81% d'efficacité. Comparé aux solutions actuelles, nous observons un gain de 36% sur les métriques clés. Ces résultats ont été validés par une équipe de 16 experts du domaine.",Ce mémoire présente une plateforme de télémédecine comme solution à les pertes financières dues aux erreurs humaines. Les objectifs fixés au départ ont été atteints. Cette étude constitue une base solide pour de futures recherches dans ce domaine.,"Ce projet de fin d'études porte sur une plateforme de télémédecine. La motivation principale est les pertes financières dues aux erreurs humaines qui constitue un défi majeur. Nous proposons une solution basée sur React et FastAPI en suivant une approche le prototypage rapide et l'itération continue. Pour réaliser ce projet, nous avons adopté le prototypage rapide et l'itération continue. Cette approche nous permet de livrer des incréments fonctionnels régulièrement. Le travail a été divisé en 6 itérations de durée égale. Les expérimentations confirment la viabilité de notre approche avec 81% d'efficacité. Comparé aux solutions actuelles, nous observons un gain de 36% sur les métriques clés. Ces résultats ont été validés par une équipe de 16 experts du domaine. Ce mémoire présente une plateforme de télémédecine comme solution à les pertes financières dues aux erreurs humaines. Les objectifs fixés au départ ont été atteints. Cette étude constitue une base solide pour de futures recherches dans ce domaine."
ARCH-0017,Un outil d'analyse de sentiment sur les réseaux sociaux avec React et FastAPI,BDD,2024,Etudiant_0017,"Dans le cadre de ce mémoire, nous proposons un outil d'analyse de sentiment sur les réseaux sociaux. Face à le coût élevé des solutions existantes sur le marché, nous avons choisi d'utiliser React et FastAPI comme solution principale. La méthodologie adoptée est la recherche expérimentale avec validation empirique.","L'approche méthodologique retenue est la recherche expérimentale avec validation empirique. Elle se décline en 6 grandes étapes : analyse des besoins, conception, implémentation, tests et déploiement.",Les tests réalisés montrent que notre solution atteint 93% de précision. Les performances obtenues dépassent les solutions existantes de 20%. L'interface utilisateur a été validée par 27 utilisateurs réels.,Ce travail a permis de développer un outil d'analyse de sentiment sur les réseaux sociaux qui répond efficacement à le coût élevé des solutions existantes sur le marché. Les résultats obtenus sont satisfaisants et ouvrent la voie à des améliorations futures. Les perspectives incluent l'intégration de nouvelles fonctionnalités et l'extension à d'autres contextes.,"Dans le cadre de ce mémoire, nous proposons un outil d'analyse de sentiment sur les réseaux sociaux. Face à le coût élevé des solutions existantes sur le marché, nous avons choisi d'utiliser React et FastAPI comme solution principale. La méthodologie adoptée est la recherche expérimentale avec validation empirique. L'approche méthodologique retenue est la recherche expérimentale avec validation empirique. Elle se décline en 6 grandes étapes : analyse des besoins, conception, implémentation, tests et déploiement. Les tests réalisés montrent que notre solution atteint 93% de précision. Les performances obtenues dépassent les solutions existantes de 20%. L'interface utilisateur a été validée par 27 utilisateurs réels. Ce travail a permis de développer un outil d'analyse de sentiment sur les réseaux sociaux qui répond efficacement à le coût élevé des solutions existantes sur le marché. Les résultats obtenus sont satisfaisants et ouvrent la voie à des améliorations futures. Les perspectives incluent l'intégration de nouvelles fonctionnalités et l'extension à d'autres contextes."
ARCH-0018,Un outil d'analyse de sentiment sur les réseaux sociaux avec blockchain et smart contracts,IA,2019,Etudiant_0018,Ce travail vise à concevoir et implémenter un outil d'analyse de sentiment sur les réseaux sociaux en utilisant blockchain et smart contracts. La problématique principale est le manque d'accessibilité aux services dans les zones rurales. Notre approche repose sur SCRUM avec des sprints de 2 semaines.,La méthodologie de développement choisie est SCRUM avec des sprints de 2 semaines. Nous avons structuré le travail en 4 phases distinctes. Chaque phase comprend des livrables mesurables et des critères de validation clairs.,Les tests réalisés montrent que notre solution atteint 93% de précision. Les performances obtenues dépassent les solutions existantes de 30%. L'interface utilisateur a été validée par 40 utilisateurs réels.,"En conclusion, nous avons conçu et implémenté un outil d'analyse de sentiment sur les réseaux sociaux. Notre solution apporte une réponse concrète à le manque d'accessibilité aux services dans les zones rurales. Les travaux futurs porteront sur l'amélioration des performances et la scalabilité du système.","Ce travail vise à concevoir et implémenter un outil d'analyse de sentiment sur les réseaux sociaux en utilisant blockchain et smart contracts. La problématique principale est le manque d'accessibilité aux services dans les zones rurales. Notre approche repose sur SCRUM avec des sprints de 2 semaines. La méthodologie de développement choisie est SCRUM avec des sprints de 2 semaines. Nous avons structuré le travail en 4 phases distinctes. Chaque phase comprend des livrables mesurables et des critères de validation clairs. Les tests réalisés montrent que notre solution atteint 93% de précision. Les performances obtenues dépassent les solutions existantes de 30%. L'interface utilisateur a été validée par 40 utilisateurs réels. En conclusion, nous avons conçu et implémenté un outil d'analyse de sentiment sur les réseaux sociaux. Notre solution apporte une réponse concrète à le manque d'accessibilité aux services dans les zones rurales. Les travaux futurs porteront sur l'amélioration des performances et la scalabilité du système."
ARCH-0019,Une plateforme e-commerce pour artisans locaux avec Python et TensorFlow,Réseau,2018,Etudiant_0019,Ce projet de fin d'études porte sur une plateforme e-commerce pour artisans locaux. La motivation principale est les pertes financières dues aux erreurs humaines qui constitue un défi majeur. Nous proposons une solution basée sur Python et TensorFlow en suivant une approche le prototypage rapide et l'itération continue.,"Pour réaliser ce projet, nous avons adopté le prototypage rapide et l'itération continue. Cette approche nous permet de livrer des incréments fonctionnels régulièrement. Le travail a été divisé en 6 itérations de durée égale.","Les expérimentations confirment la viabilité de notre approche avec 97% d'efficacité. Comparé aux solutions actuelles, nous observons un gain de 36% sur les métriques clés. Ces résultats ont été validés par une équipe de 41 experts du domaine.","En conclusion, nous avons conçu et implémenté une plateforme e-commerce pour artisans locaux. Notre solution apporte une réponse concrète à les pertes financières dues aux erreurs humaines. Les travaux futurs porteront sur l'amélioration des performances et la scalabilité du système.","Ce projet de fin d'études porte sur une plateforme e-commerce pour artisans locaux. La motivation principale est les pertes financières dues aux erreurs humaines qui constitue un défi majeur. Nous proposons une solution basée sur Python et TensorFlow en suivant une approche le prototypage rapide et l'itération continue. Pour réaliser ce projet, nous avons adopté le prototypage rapide et l'itération continue. Cette approche nous permet de livrer des incréments fonctionnels régulièrement. Le travail a été divisé en 6 itérations de durée égale. Les expérimentations confirment la viabilité de notre approche avec 97% d'efficacité. Comparé aux solutions actuelles, nous observons un gain de 36% sur les métriques clés. Ces résultats ont été validés par une équipe de 41 experts du domaine. En conclusion, nous avons conçu et implémenté une plateforme e-commerce pour artisans locaux. Notre solution apporte une réponse concrète à les pertes financières dues aux erreurs humaines. Les travaux futurs porteront sur l'amélioration des performances et la scalabilité du système."
ARCH-0020,Une application de covoiturage universitaire avec blockchain et smart contracts,Web,2022,Etudiant_0020,Ce travail vise à concevoir et implémenter une application de covoiturage universitaire en utilisant blockchain et smart contracts. La problématique principale est la lenteur des processus manuels actuels. Notre approche repose sur le prototypage rapide et l'itération continue.,La méthodologie de développement choisie est le prototypage rapide et l'itération continue. Nous avons structuré le travail en 6 phases distinctes. Chaque phase comprend des livrables mesurables et des critères de validation clairs.,"Les expérimentations confirment la viabilité de notre approche avec 96% d'efficacité. Comparé aux solutions actuelles, nous observons un gain de 20% sur les métriques clés. Ces résultats ont été validés par une équipe de 13 experts du domaine.",Ce travail a permis de développer une application de covoiturage universitaire qui répond efficacement à la lenteur des processus manuels actuels. Les résultats obtenus sont satisfaisants et ouvrent la voie à des améliorations futures. Les perspectives incluent l'intégration de nouvelles fonctionnalités et l'extension à d'autres contextes.,"Ce travail vise à concevoir et implémenter une application de covoiturage universitaire en utilisant blockchain et smart contracts. La problématique principale est la lenteur des processus manuels actuels. Notre approche repose sur le prototypage rapide et l'itération continue. La méthodologie de développement choisie est le prototypage rapide et l'itération continue. Nous avons structuré le travail en 6 phases distinctes. Chaque phase comprend des livrables mesurables et des critères de validation clairs. Les expérimentations confirment la viabilité de notre approche avec 96% d'efficacité. Comparé aux solutions actuelles, nous observons un gain de 20% sur les métriques clés. Ces résultats ont été validés par une équipe de 13 experts du domaine. Ce travail a permis de développer une application de covoiturage universitaire qui répond efficacement à la lenteur des processus manuels actuels. Les résultats obtenus sont satisfaisants et ouvrent la voie à des améliorations futures. Les perspectives incluent l'intégration de nouvelles fonctionnalités et l'extension à d'autres contextes."
ARCH-0021,Une plateforme de télémédecine avec Flutter et Firebase,Mobile,2019,Etudiant_0021,"Dans le cadre de ce mémoire, nous proposons une plateforme de télémédecine. Face à les pertes financières dues aux erreurs humaines, nous avons choisi d'utiliser Flutter et Firebase comme solution principale. La méthodologie adoptée est SCRUM avec des sprints de 2 semaines.","L'approche méthodologique retenue est SCRUM avec des sprints de 2 semaines. Elle se décline en 3 grandes étapes : analyse des besoins, conception, implémentation, tests et déploiement.","Les expérimentations confirment la viabilité de notre approche avec 82% d'efficacité. Comparé aux solutions actuelles, nous observons un gain de 28% sur les métriques clés. Ces résultats ont été validés par une équipe de 47 experts du domaine.","En conclusion, nous avons conçu et implémenté une plateforme de télémédecine. Notre solution apporte une réponse concrète à les pertes financières dues aux erreurs humaines. Les travaux futurs porteront sur l'amélioration des performances et la scalabilité du système.","Dans le cadre de ce mémoire, nous proposons une plateforme de télémédecine. Face à les pertes financières dues aux erreurs humaines, nous avons choisi d'utiliser Flutter et Firebase comme solution principale. La méthodologie adoptée est SCRUM avec des sprints de 2 semaines. L'approche méthodologique retenue est SCRUM avec des sprints de 2 semaines. Elle se décline en 3 grandes étapes : analyse des besoins, conception, implémentation, tests et déploiement. Les expérimentations confirment la viabilité de notre approche avec 82% d'efficacité. Comparé aux solutions actuelles, nous observons un gain de 28% sur les métriques clés. Ces résultats ont été validés par une équipe de 47 experts du domaine. En conclusion, nous avons conçu et implémenté une plateforme de télémédecine. Notre solution apporte une réponse concrète à les pertes financières dues aux erreurs humaines. Les travaux futurs porteront sur l'amélioration des performances et la scalabilité du système."
ARCH-0022,Un système de contrôle d'accès biométrique avec Docker et Kubernetes,Web,2018,Etudiant_0022,Ce projet de fin d'études porte sur un système de contrôle d'accès biométrique. La motivation principale est le coût élevé des solutions existantes sur le marché qui constitue un défi majeur. Nous proposons une solution basée sur Docker et Kubernetes en suivant une approche le prototypage rapide et l'itération continue.,La méthodologie de développement choisie est le prototypage rapide et l'itération continue. Nous avons structuré le travail en 5 phases distinctes. Chaque phase comprend des livrables mesurables et des critères de validation clairs.,"Notre système a été évalué sur un jeu de données de 652 enregistrements. Les résultats indiquent une amélioration de 44% par rapport à l'approche classique. Le temps de réponse moyen est de 284ms, ce qui répond aux exigences.",Ce mémoire présente un système de contrôle d'accès biométrique comme solution à le coût élevé des solutions existantes sur le marché. Les objectifs fixés au départ ont été atteints. Cette étude constitue une base solide pour de futures recherches dans ce domaine.,"Ce projet de fin d'études porte sur un système de contrôle d'accès biométrique. La motivation principale est le coût élevé des solutions existantes sur le marché qui constitue un défi majeur. Nous proposons une solution basée sur Docker et Kubernetes en suivant une approche le prototypage rapide et l'itération continue. La méthodologie de développement choisie est le prototypage rapide et l'itération continue. Nous avons structuré le travail en 5 phases distinctes. Chaque phase comprend des livrables mesurables et des critères de validation clairs. Notre système a été évalué sur un jeu de données de 652 enregistrements. Les résultats indiquent une amélioration de 44% par rapport à l'approche classique. Le temps de réponse moyen est de 284ms, ce qui répond aux exigences. Ce mémoire présente un système de contrôle d'accès biométrique comme solution à le coût élevé des solutions existantes sur le marché. Les objectifs fixés au départ ont été atteints. Cette étude constitue une base solide pour de futures recherches dans ce domaine."
ARCH-0023,Un chatbot d'assistance médicale avec Flutter et Firebase,IA,2023,Etudiant_0023,L'objectif de cette étude est de résoudre l'absence d'outils adaptés au contexte africain grâce à un chatbot d'assistance médicale. Nous utilisons Flutter et Firebase combiné avec la recherche expérimentale avec validation empirique pour atteindre cet objectif.,La méthodologie de développement choisie est la recherche expérimentale avec validation empirique. Nous avons structuré le travail en 4 phases distinctes. Chaque phase comprend des livrables mesurables et des critères de validation clairs.,"Notre système a été évalué sur un jeu de données de 9400 enregistrements. Les résultats indiquent une amélioration de 20% par rapport à l'approche classique. Le temps de réponse moyen est de 410ms, ce qui répond aux exigences.","En conclusion, nous avons conçu et implémenté un chatbot d'assistance médicale. Notre solution apporte une réponse concrète à l'absence d'outils adaptés au contexte africain. Les travaux futurs porteront sur l'amélioration des performances et la scalabilité du système.","L'objectif de cette étude est de résoudre l'absence d'outils adaptés au contexte africain grâce à un chatbot d'assistance médicale. Nous utilisons Flutter et Firebase combiné avec la recherche expérimentale avec validation empirique pour atteindre cet objectif. La méthodologie de développement choisie est la recherche expérimentale avec validation empirique. Nous avons structuré le travail en 4 phases distinctes. Chaque phase comprend des livrables mesurables et des critères de validation clairs. Notre système a été évalué sur un jeu de données de 9400 enregistrements. Les résultats indiquent une amélioration de 20% par rapport à l'approche classique. Le temps de réponse moyen est de 410ms, ce qui répond aux exigences. En conclusion, nous avons conçu et implémenté un chatbot d'assistance médicale. Notre solution apporte une réponse concrète à l'absence d'outils adaptés au contexte africain. Les travaux futurs porteront sur l'amélioration des performances et la scalabilité du système."
ARCH-0024,Un outil d'analyse de sentiment sur les réseaux sociaux avec blockchain et smart contracts,IoT,2019,Etudiant_0024,"Dans le cadre de ce mémoire, nous proposons un outil d'analyse de sentiment sur les réseaux sociaux. Face à l'absence d'outils adaptés au contexte africain, nous avons choisi d'utiliser blockchain et smart contracts comme solution principale. La méthodologie adoptée est SCRUM avec des sprints de 2 semaines.","Pour réaliser ce projet, nous avons adopté SCRUM avec des sprints de 2 semaines. Cette approche nous permet de livrer des incréments fonctionnels régulièrement. Le travail a été divisé en 3 itérations de durée égale.",Les tests réalisés montrent que notre solution atteint 97% de précision. Les performances obtenues dépassent les solutions existantes de 19%. L'interface utilisateur a été validée par 27 utilisateurs réels.,Ce travail a permis de développer un outil d'analyse de sentiment sur les réseaux sociaux qui répond efficacement à l'absence d'outils adaptés au contexte africain. Les résultats obtenus sont satisfaisants et ouvrent la voie à des améliorations futures. Les perspectives incluent l'intégration de nouvelles fonctionnalités et l'extension à d'autres contextes.,"Dans le cadre de ce mémoire, nous proposons un outil d'analyse de sentiment sur les réseaux sociaux. Face à l'absence d'outils adaptés au contexte africain, nous avons choisi d'utiliser blockchain et smart contracts comme solution principale. La méthodologie adoptée est SCRUM avec des sprints de 2 semaines. Pour réaliser ce projet, nous avons adopté SCRUM avec des sprints de 2 semaines. Cette approche nous permet de livrer des incréments fonctionnels régulièrement. Le travail a été divisé en 3 itérations de durée égale. Les tests réalisés montrent que notre solution atteint 97% de précision. Les performances obtenues dépassent les solutions existantes de 19%. L'interface utilisateur a été validée par 27 utilisateurs réels. Ce travail a permis de développer un outil d'analyse de sentiment sur les réseaux sociaux qui répond efficacement à l'absence d'outils adaptés au contexte africain. Les résultats obtenus sont satisfaisants et ouvrent la voie à des améliorations futures. Les perspectives incluent l'intégration de nouvelles fonctionnalités et l'extension à d'autres contextes."
ARCH-0025,Un système de contrôle d'accès biométrique avec Arduino et Raspberry Pi,Cyber,2023,Etudiant_0025,Ce travail vise à concevoir et implémenter un système de contrôle d'accès biométrique en utilisant Arduino et Raspberry Pi. La problématique principale est le manque de traçabilité dans les processus administratifs. Notre approche repose sur le prototypage rapide et l'itération continue.,La méthodologie de développement choisie est le prototypage rapide et l'itération continue. Nous avons structuré le travail en 6 phases distinctes. Chaque phase comprend des livrables mesurables et des critères de validation clairs.,"Notre système a été évalué sur un jeu de données de 2643 enregistrements. Les résultats indiquent une amélioration de 15% par rapport à l'approche classique. Le temps de réponse moyen est de 376ms, ce qui répond aux exigences.","En conclusion, nous avons conçu et implémenté un système de contrôle d'accès biométrique. Notre solution apporte une réponse concrète à le manque de traçabilité dans les processus administratifs. Les travaux futurs porteront sur l'amélioration des performances et la scalabilité du système.","Ce travail vise à concevoir et implémenter un système de contrôle d'accès biométrique en utilisant Arduino et Raspberry Pi. La problématique principale est le manque de traçabilité dans les processus administratifs. Notre approche repose sur le prototypage rapide et l'itération continue. La méthodologie de développement choisie est le prototypage rapide et l'itération continue. Nous avons structuré le travail en 6 phases distinctes. Chaque phase comprend des livrables mesurables et des critères de validation clairs. Notre système a été évalué sur un jeu de données de 2643 enregistrements. Les résultats indiquent une amélioration de 15% par rapport à l'approche classique. Le temps de réponse moyen est de 376ms, ce qui répond aux exigences. En conclusion, nous avons conçu et implémenté un système de contrôle d'accès biométrique. Notre solution apporte une réponse concrète à le manque de traçabilité dans les processus administratifs. Les travaux futurs porteront sur l'amélioration des performances et la scalabilité du système."
ARCH-0026,Un système de vote électronique avec blockchain et smart contracts,Cyber,2021,Etudiant_0026,Ce travail vise à concevoir et implémenter un système de vote électronique en utilisant blockchain et smart contracts. La problématique principale est les pertes financières dues aux erreurs humaines. Notre approche repose sur la recherche-action avec participation des utilisateurs finaux.,La méthodologie de développement choisie est la recherche-action avec participation des utilisateurs finaux. Nous avons structuré le travail en 3 phases distinctes. Chaque phase comprend des livrables mesurables et des critères de validation clairs.,"Les expérimentations confirment la viabilité de notre approche avec 84% d'efficacité. Comparé aux solutions actuelles, nous observons un gain de 32% sur les métriques clés. Ces résultats ont été validés par une équipe de 12 experts du domaine.",Ce mémoire présente un système de vote électronique comme solution à les pertes financières dues aux erreurs humaines. Les objectifs fixés au départ ont été atteints. Cette étude constitue une base solide pour de futures recherches dans ce domaine.,"Ce travail vise à concevoir et implémenter un système de vote électronique en utilisant blockchain et smart contracts. La problématique principale est les pertes financières dues aux erreurs humaines. Notre approche repose sur la recherche-action avec participation des utilisateurs finaux. La méthodologie de développement choisie est la recherche-action avec participation des utilisateurs finaux. Nous avons structuré le travail en 3 phases distinctes. Chaque phase comprend des livrables mesurables et des critères de validation clairs. Les expérimentations confirment la viabilité de notre approche avec 84% d'efficacité. Comparé aux solutions actuelles, nous observons un gain de 32% sur les métriques clés. Ces résultats ont été validés par une équipe de 12 experts du domaine. Ce mémoire présente un système de vote électronique comme solution à les pertes financières dues aux erreurs humaines. Les objectifs fixés au départ ont été atteints. Cette étude constitue une base solide pour de futures recherches dans ce domaine."
ARCH-0027,Un moteur de recommandation de cours avec Python et TensorFlow,Cloud,2022,Etudiant_0027,Ce travail vise à concevoir et implémenter un moteur de recommandation de cours en utilisant Python et TensorFlow. La problématique principale est l'absence d'outils adaptés au contexte africain. Notre approche repose sur le prototypage rapide et l'itération continue.,"Pour réaliser ce projet, nous avons adopté le prototypage rapide et l'itération continue. Cette approche nous permet de livrer des incréments fonctionnels régulièrement. Le travail a été divisé en 4 itérations de durée égale.","Les expérimentations confirment la viabilité de notre approche avec 87% d'efficacité. Comparé aux solutions actuelles, nous observons un gain de 36% sur les métriques clés. Ces résultats ont été validés par une équipe de 16 experts du domaine.",Ce mémoire présente un moteur de recommandation de cours comme solution à l'absence d'outils adaptés au contexte africain. Les objectifs fixés au départ ont été atteints. Cette étude constitue une base solide pour de futures recherches dans ce domaine.,"Ce travail vise à concevoir et implémenter un moteur de recommandation de cours en utilisant Python et TensorFlow. La problématique principale est l'absence d'outils adaptés au contexte africain. Notre approche repose sur le prototypage rapide et l'itération continue. Pour réaliser ce projet, nous avons adopté le prototypage rapide et l'itération continue. Cette approche nous permet de livrer des incréments fonctionnels régulièrement. Le travail a été divisé en 4 itérations de durée égale. Les expérimentations confirment la viabilité de notre approche avec 87% d'efficacité. Comparé aux solutions actuelles, nous observons un gain de 36% sur les métriques clés. Ces résultats ont été validés par une équipe de 16 experts du domaine. Ce mémoire présente un moteur de recommandation de cours comme solution à l'absence d'outils adaptés au contexte africain. Les objectifs fixés au départ ont été atteints. Cette étude constitue une base solide pour de futures recherches dans ce domaine."
ARCH-0028,Une plateforme de gestion des ressources humaines avec Django et PostgreSQL,Web,2021,Etudiant_0028,"Dans le cadre de ce mémoire, nous proposons une plateforme de gestion des ressources humaines. Face à le coût élevé des solutions existantes sur le marché, nous avons choisi d'utiliser Django et PostgreSQL comme solution principale. La méthodologie adoptée est la recherche expérimentale avec validation empirique.","Pour réaliser ce projet, nous avons adopté la recherche expérimentale avec validation empirique. Cette approche nous permet de livrer des incréments fonctionnels régulièrement. Le travail a été divisé en 3 itérations de durée égale.",Les tests réalisés montrent que notre solution atteint 90% de précision. Les performances obtenues dépassent les solutions existantes de 40%. L'interface utilisateur a été validée par 36 utilisateurs réels.,Ce travail a permis de développer une plateforme de gestion des ressources humaines qui répond efficacement à le coût élevé des solutions existantes sur le marché. Les résultats obtenus sont satisfaisants et ouvrent la voie à des améliorations futures. Les perspectives incluent l'intégration de nouvelles fonctionnalités et l'extension à d'autres contextes.,"Dans le cadre de ce mémoire, nous proposons une plateforme de gestion des ressources humaines. Face à le coût élevé des solutions existantes sur le marché, nous avons choisi d'utiliser Django et PostgreSQL comme solution principale. La méthodologie adoptée est la recherche expérimentale avec validation empirique. Pour réaliser ce projet, nous avons adopté la recherche expérimentale avec validation empirique. Cette approche nous permet de livrer des incréments fonctionnels régulièrement. Le travail a été divisé en 3 itérations de durée égale. Les tests réalisés montrent que notre solution atteint 90% de précision. Les performances obtenues dépassent les solutions existantes de 40%. L'interface utilisateur a été validée par 36 utilisateurs réels. Ce travail a permis de développer une plateforme de gestion des ressources humaines qui répond efficacement à le coût élevé des solutions existantes sur le marché. Les résultats obtenus sont satisfaisants et ouvrent la voie à des améliorations futures. Les perspectives incluent l'intégration de nouvelles fonctionnalités et l'extension à d'autres contextes."
ARCH-0029,Un outil d'analyse de sentiment sur les réseaux sociaux avec Python et TensorFlow,Mobile,2024,Etudiant_0029,"Dans le cadre de ce mémoire, nous proposons un outil d'analyse de sentiment sur les réseaux sociaux. Face à le manque de traçabilité dans les processus administratifs, nous avons choisi d'utiliser Python et TensorFlow comme solution principale. La méthodologie adoptée est la recherche expérimentale avec validation empirique.","Pour réaliser ce projet, nous avons adopté la recherche expérimentale avec validation empirique. Cette approche nous permet de livrer des incréments fonctionnels régulièrement. Le travail a été divisé en 5 itérations de durée égale.","Notre système a été évalué sur un jeu de données de 3664 enregistrements. Les résultats indiquent une amélioration de 22% par rapport à l'approche classique. Le temps de réponse moyen est de 254ms, ce qui répond aux exigences.","En conclusion, nous avons conçu et implémenté un outil d'analyse de sentiment sur les réseaux sociaux. Notre solution apporte une réponse concrète à le manque de traçabilité dans les processus administratifs. Les travaux futurs porteront sur l'amélioration des performances et la scalabilité du système.","Dans le cadre de ce mémoire, nous proposons un outil d'analyse de sentiment sur les réseaux sociaux. Face à le manque de traçabilité dans les processus administratifs, nous avons choisi d'utiliser Python et TensorFlow comme solution principale. La méthodologie adoptée est la recherche expérimentale avec validation empirique. Pour réaliser ce projet, nous avons adopté la recherche expérimentale avec validation empirique. Cette approche nous permet de livrer des incréments fonctionnels régulièrement. Le travail a été divisé en 5 itérations de durée égale. Notre système a été évalué sur un jeu de données de 3664 enregistrements. Les résultats indiquent une amélioration de 22% par rapport à l'approche classique. Le temps de réponse moyen est de 254ms, ce qui répond aux exigences. En conclusion, nous avons conçu et implémenté un outil d'analyse de sentiment sur les réseaux sociaux. Notre solution apporte une réponse concrète à le manque de traçabilité dans les processus administratifs. Les travaux futurs porteront sur l'amélioration des performances et la scalabilité du système."
ARCH-0030,Une plateforme de télémédecine avec Arduino et Raspberry Pi,IA,2018,Etudiant_0030,Ce projet de fin d'études porte sur une plateforme de télémédecine. La motivation principale est la difficulté d'accès aux soins médicaux qui constitue un défi majeur. Nous proposons une solution basée sur Arduino et Raspberry Pi en suivant une approche la recherche-action avec participation des utilisateurs finaux.,"L'approche méthodologique retenue est la recherche-action avec participation des utilisateurs finaux. Elle se décline en 5 grandes étapes : analyse des besoins, conception, implémentation, tests et déploiement.",Les tests réalisés montrent que notre solution atteint 83% de précision. Les performances obtenues dépassent les solutions existantes de 43%. L'interface utilisateur a été validée par 26 utilisateurs réels.,"En conclusion, nous avons conçu et implémenté une plateforme de télémédecine. Notre solution apporte une réponse concrète à la difficulté d'accès aux soins médicaux. Les travaux futurs porteront sur l'amélioration des performances et la scalabilité du système.","Ce projet de fin d'études porte sur une plateforme de télémédecine. La motivation principale est la difficulté d'accès aux soins médicaux qui constitue un défi majeur. Nous proposons une solution basée sur Arduino et Raspberry Pi en suivant une approche la recherche-action avec participation des utilisateurs finaux. L'approche méthodologique retenue est la recherche-action avec participation des utilisateurs finaux. Elle se décline en 5 grandes étapes : analyse des besoins, conception, implémentation, tests et déploiement. Les tests réalisés montrent que notre solution atteint 83% de précision. Les performances obtenues dépassent les solutions existantes de 43%. L'interface utilisateur a été validée par 26 utilisateurs réels. En conclusion, nous avons conçu et implémenté une plateforme de télémédecine. Notre solution apporte une réponse concrète à la difficulté d'accès aux soins médicaux. Les travaux futurs porteront sur l'amélioration des performances et la scalabilité du système."
ARCH-0031,Une application de covoiturage universitaire avec machine learning et scikit-learn,IA,2022,Etudiant_0031,Ce projet de fin d'études porte sur une application de covoiturage universitaire. La motivation principale est la difficulté d'accès aux soins médicaux qui constitue un défi majeur. Nous proposons une solution basée sur machine learning et scikit-learn en suivant une approche le prototypage rapide et l'itération continue.,"L'approche méthodologique retenue est le prototypage rapide et l'itération continue. Elle se décline en 3 grandes étapes : analyse des besoins, conception, implémentation, tests et déploiement.","Notre système a été évalué sur un jeu de données de 1227 enregistrements. Les résultats indiquent une amélioration de 21% par rapport à l'approche classique. Le temps de réponse moyen est de 412ms, ce qui répond aux exigences.","En conclusion, nous avons conçu et implémenté une application de covoiturage universitaire. Notre solution apporte une réponse concrète à la difficulté d'accès aux soins médicaux. Les travaux futurs porteront sur l'amélioration des performances et la scalabilité du système.","Ce projet de fin d'études porte sur une application de covoiturage universitaire. La motivation principale est la difficulté d'accès aux soins médicaux qui constitue un défi majeur. Nous proposons une solution basée sur machine learning et scikit-learn en suivant une approche le prototypage rapide et l'itération continue. L'approche méthodologique retenue est le prototypage rapide et l'itération continue. Elle se décline en 3 grandes étapes : analyse des besoins, conception, implémentation, tests et déploiement. Notre système a été évalué sur un jeu de données de 1227 enregistrements. Les résultats indiquent une amélioration de 21% par rapport à l'approche classique. Le temps de réponse moyen est de 412ms, ce qui répond aux exigences. En conclusion, nous avons conçu et implémenté une application de covoiturage universitaire. Notre solution apporte une réponse concrète à la difficulté d'accès aux soins médicaux. Les travaux futurs porteront sur l'amélioration des performances et la scalabilité du système."
ARCH-0032,Un système d'archivage intelligent de documents avec blockchain et smart contracts,Cloud,2020,Etudiant_0032,Ce projet de fin d'études porte sur un système d'archivage intelligent de documents. La motivation principale est le coût élevé des solutions existantes sur le marché qui constitue un défi majeur. Nous proposons une solution basée sur blockchain et smart contracts en suivant une approche le prototypage rapide et l'itération continue.,La méthodologie de développement choisie est le prototypage rapide et l'itération continue. Nous avons structuré le travail en 5 phases distinctes. Chaque phase comprend des livrables mesurables et des critères de validation clairs.,"Les expérimentations confirment la viabilité de notre approche avec 90% d'efficacité. Comparé aux solutions actuelles, nous observons un gain de 36% sur les métriques clés. Ces résultats ont été validés par une équipe de 17 experts du domaine.","En conclusion, nous avons conçu et implémenté un système d'archivage intelligent de documents. Notre solution apporte une réponse concrète à le coût élevé des solutions existantes sur le marché. Les travaux futurs porteront sur l'amélioration des performances et la scalabilité du système.","Ce projet de fin d'études porte sur un système d'archivage intelligent de documents. La motivation principale est le coût élevé des solutions existantes sur le marché qui constitue un défi majeur. Nous proposons une solution basée sur blockchain et smart contracts en suivant une approche le prototypage rapide et l'itération continue. La méthodologie de développement choisie est le prototypage rapide et l'itération continue. Nous avons structuré le travail en 5 phases distinctes. Chaque phase comprend des livrables mesurables et des critères de validation clairs. Les expérimentations confirment la viabilité de notre approche avec 90% d'efficacité. Comparé aux solutions actuelles, nous observons un gain de 36% sur les métriques clés. Ces résultats ont été validés par une équipe de 17 experts du domaine. En conclusion, nous avons conçu et implémenté un système d'archivage intelligent de documents. Notre solution apporte une réponse concrète à le coût élevé des solutions existantes sur le marché. Les travaux futurs porteront sur l'amélioration des performances et la scalabilité du système."
ARCH-0033,Une plateforme e-commerce pour artisans locaux avec Arduino et Raspberry Pi,IA,2020,Etudiant_0033,Ce projet de fin d'études porte sur une plateforme e-commerce pour artisans locaux. La motivation principale est la sécurité insuffisante des données personnelles qui constitue un défi majeur. Nous proposons une solution basée sur Arduino et Raspberry Pi en suivant une approche la recherche expérimentale avec validation empirique.,"L'approche méthodologique retenue est la recherche expérimentale avec validation empirique. Elle se décline en 6 grandes étapes : analyse des besoins, conception, implémentation, tests et déploiement.","Les expérimentations confirment la viabilité de notre approche avec 85% d'efficacité. Comparé aux solutions actuelles, nous observons un gain de 34% sur les métriques clés. Ces résultats ont été validés par une équipe de 46 experts du domaine.",Ce mémoire présente une plateforme e-commerce pour artisans locaux comme solution à la sécurité insuffisante des données personnelles. Les objectifs fixés au départ ont été atteints. Cette étude constitue une base solide pour de futures recherches dans ce domaine.,"Ce projet de fin d'études porte sur une plateforme e-commerce pour artisans locaux. La motivation principale est la sécurité insuffisante des données personnelles qui constitue un défi majeur. Nous proposons une solution basée sur Arduino et Raspberry Pi en suivant une approche la recherche expérimentale avec validation empirique. L'approche méthodologique retenue est la recherche expérimentale avec validation empirique. Elle se décline en 6 grandes étapes : analyse des besoins, conception, implémentation, tests et déploiement. Les expérimentations confirment la viabilité de notre approche avec 85% d'efficacité. Comparé aux solutions actuelles, nous observons un gain de 34% sur les métriques clés. Ces résultats ont été validés par une équipe de 46 experts du domaine. Ce mémoire présente une plateforme e-commerce pour artisans locaux comme solution à la sécurité insuffisante des données personnelles. Les objectifs fixés au départ ont été atteints. Cette étude constitue une base solide pour de futures recherches dans ce domaine."
ARCH-0034,Une application de paiement mobile sécurisée avec Flutter et Firebase,Mobile,2022,Etudiant_0034,L'objectif de cette étude est de résoudre les pertes financières dues aux erreurs humaines grâce à une application de paiement mobile sécurisée. Nous utilisons Flutter et Firebase combiné avec la recherche-action avec participation des utilisateurs finaux pour atteindre cet objectif.,"Pour réaliser ce projet, nous avons adopté la recherche-action avec participation des utilisateurs finaux. Cette approche nous permet de livrer des incréments fonctionnels régulièrement. Le travail a été divisé en 6 itérations de durée égale.","Notre système a été évalué sur un jeu de données de 3280 enregistrements. Les résultats indiquent une amélioration de 31% par rapport à l'approche classique. Le temps de réponse moyen est de 387ms, ce qui répond aux exigences.",Ce travail a permis de développer une application de paiement mobile sécurisée qui répond efficacement à les pertes financières dues aux erreurs humaines. Les résultats obtenus sont satisfaisants et ouvrent la voie à des améliorations futures. Les perspectives incluent l'intégration de nouvelles fonctionnalités et l'extension à d'autres contextes.,"L'objectif de cette étude est de résoudre les pertes financières dues aux erreurs humaines grâce à une application de paiement mobile sécurisée. Nous utilisons Flutter et Firebase combiné avec la recherche-action avec participation des utilisateurs finaux pour atteindre cet objectif. Pour réaliser ce projet, nous avons adopté la recherche-action avec participation des utilisateurs finaux. Cette approche nous permet de livrer des incréments fonctionnels régulièrement. Le travail a été divisé en 6 itérations de durée égale. Notre système a été évalué sur un jeu de données de 3280 enregistrements. Les résultats indiquent une amélioration de 31% par rapport à l'approche classique. Le temps de réponse moyen est de 387ms, ce qui répond aux exigences. Ce travail a permis de développer une application de paiement mobile sécurisée qui répond efficacement à les pertes financières dues aux erreurs humaines. Les résultats obtenus sont satisfaisants et ouvrent la voie à des améliorations futures. Les perspectives incluent l'intégration de nouvelles fonctionnalités et l'extension à d'autres contextes."
ARCH-0035,Un système de contrôle d'accès biométrique avec NLP et transformers BERT,Web,2021,Etudiant_0035,"Dans le cadre de ce mémoire, nous proposons un système de contrôle d'accès biométrique. Face à la difficulté d'accès aux soins médicaux, nous avons choisi d'utiliser NLP et transformers BERT comme solution principale. La méthodologie adoptée est SCRUM avec des sprints de 2 semaines.","L'approche méthodologique retenue est SCRUM avec des sprints de 2 semaines. Elle se décline en 5 grandes étapes : analyse des besoins, conception, implémentation, tests et déploiement.",Les tests réalisés montrent que notre solution atteint 86% de précision. Les performances obtenues dépassent les solutions existantes de 19%. L'interface utilisateur a été validée par 11 utilisateurs réels.,"En conclusion, nous avons conçu et implémenté un système de contrôle d'accès biométrique. Notre solution apporte une réponse concrète à la difficulté d'accès aux soins médicaux. Les travaux futurs porteront sur l'amélioration des performances et la scalabilité du système.","Dans le cadre de ce mémoire, nous proposons un système de contrôle d'accès biométrique. Face à la difficulté d'accès aux soins médicaux, nous avons choisi d'utiliser NLP et transformers BERT comme solution principale. La méthodologie adoptée est SCRUM avec des sprints de 2 semaines. L'approche méthodologique retenue est SCRUM avec des sprints de 2 semaines. Elle se décline en 5 grandes étapes : analyse des besoins, conception, implémentation, tests et déploiement. Les tests réalisés montrent que notre solution atteint 86% de précision. Les performances obtenues dépassent les solutions existantes de 19%. L'interface utilisateur a été validée par 11 utilisateurs réels. En conclusion, nous avons conçu et implémenté un système de contrôle d'accès biométrique. Notre solution apporte une réponse concrète à la difficulté d'accès aux soins médicaux. Les travaux futurs porteront sur l'amélioration des performances et la scalabilité du système."
ARCH-0036,Une plateforme e-commerce pour artisans locaux avec NLP et transformers BERT,BDD,2018,Etudiant_0036,Ce projet de fin d'études porte sur une plateforme e-commerce pour artisans locaux. La motivation principale est le coût élevé des solutions existantes sur le marché qui constitue un défi majeur. Nous proposons une solution basée sur NLP et transformers BERT en suivant une approche une étude de cas approfondie avec données réelles.,"Pour réaliser ce projet, nous avons adopté une étude de cas approfondie avec données réelles. Cette approche nous permet de livrer des incréments fonctionnels régulièrement. Le travail a été divisé en 4 itérations de durée égale.",Les tests réalisés montrent que notre solution atteint 80% de précision. Les performances obtenues dépassent les solutions existantes de 43%. L'interface utilisateur a été validée par 16 utilisateurs réels.,Ce travail a permis de développer une plateforme e-commerce pour artisans locaux qui répond efficacement à le coût élevé des solutions existantes sur le marché. Les résultats obtenus sont satisfaisants et ouvrent la voie à des améliorations futures. Les perspectives incluent l'intégration de nouvelles fonctionnalités et l'extension à d'autres contextes.,"Ce projet de fin d'études porte sur une plateforme e-commerce pour artisans locaux. La motivation principale est le coût élevé des solutions existantes sur le marché qui constitue un défi majeur. Nous proposons une solution basée sur NLP et transformers BERT en suivant une approche une étude de cas approfondie avec données réelles. Pour réaliser ce projet, nous avons adopté une étude de cas approfondie avec données réelles. Cette approche nous permet de livrer des incréments fonctionnels régulièrement. Le travail a été divisé en 4 itérations de durée égale. Les tests réalisés montrent que notre solution atteint 80% de précision. Les performances obtenues dépassent les solutions existantes de 43%. L'interface utilisateur a été validée par 16 utilisateurs réels. Ce travail a permis de développer une plateforme e-commerce pour artisans locaux qui répond efficacement à le coût élevé des solutions existantes sur le marché. Les résultats obtenus sont satisfaisants et ouvrent la voie à des améliorations futures. Les perspectives incluent l'intégration de nouvelles fonctionnalités et l'extension à d'autres contextes."
ARCH-0037,Un chatbot d'assistance médicale avec Flutter et Firebase,BDD,2021,Etudiant_0037,"Dans le cadre de ce mémoire, nous proposons un chatbot d'assistance médicale. Face à le manque d'accessibilité aux services dans les zones rurales, nous avons choisi d'utiliser Flutter et Firebase comme solution principale. La méthodologie adoptée est une étude de cas approfondie avec données réelles.","Pour réaliser ce projet, nous avons adopté une étude de cas approfondie avec données réelles. Cette approche nous permet de livrer des incréments fonctionnels régulièrement. Le travail a été divisé en 5 itérations de durée égale.","Notre système a été évalué sur un jeu de données de 7805 enregistrements. Les résultats indiquent une amélioration de 28% par rapport à l'approche classique. Le temps de réponse moyen est de 131ms, ce qui répond aux exigences.",Ce mémoire présente un chatbot d'assistance médicale comme solution à le manque d'accessibilité aux services dans les zones rurales. Les objectifs fixés au départ ont été atteints. Cette étude constitue une base solide pour de futures recherches dans ce domaine.,"Dans le cadre de ce mémoire, nous proposons un chatbot d'assistance médicale. Face à le manque d'accessibilité aux services dans les zones rurales, nous avons choisi d'utiliser Flutter et Firebase comme solution principale. La méthodologie adoptée est une étude de cas approfondie avec données réelles. Pour réaliser ce projet, nous avons adopté une étude de cas approfondie avec données réelles. Cette approche nous permet de livrer des incréments fonctionnels régulièrement. Le travail a été divisé en 5 itérations de durée égale. Notre système a été évalué sur un jeu de données de 7805 enregistrements. Les résultats indiquent une amélioration de 28% par rapport à l'approche classique. Le temps de réponse moyen est de 131ms, ce qui répond aux exigences. Ce mémoire présente un chatbot d'assistance médicale comme solution à le manque d'accessibilité aux services dans les zones rurales. Les objectifs fixés au départ ont été atteints. Cette étude constitue une base solide pour de futures recherches dans ce domaine."
ARCH-0038,Une application de paiement mobile sécurisée avec Flutter et Firebase,IoT,2022,Etudiant_0038,Ce projet de fin d'études porte sur une application de paiement mobile sécurisée. La motivation principale est l'absence d'outils adaptés au contexte africain qui constitue un défi majeur. Nous proposons une solution basée sur Flutter et Firebase en suivant une approche la recherche-action avec participation des utilisateurs finaux.,"L'approche méthodologique retenue est la recherche-action avec participation des utilisateurs finaux. Elle se décline en 4 grandes étapes : analyse des besoins, conception, implémentation, tests et déploiement.","Notre système a été évalué sur un jeu de données de 4341 enregistrements. Les résultats indiquent une amélioration de 17% par rapport à l'approche classique. Le temps de réponse moyen est de 189ms, ce qui répond aux exigences.","En conclusion, nous avons conçu et implémenté une application de paiement mobile sécurisée. Notre solution apporte une réponse concrète à l'absence d'outils adaptés au contexte africain. Les travaux futurs porteront sur l'amélioration des performances et la scalabilité du système.","Ce projet de fin d'études porte sur une application de paiement mobile sécurisée. La motivation principale est l'absence d'outils adaptés au contexte africain qui constitue un défi majeur. Nous proposons une solution basée sur Flutter et Firebase en suivant une approche la recherche-action avec participation des utilisateurs finaux. L'approche méthodologique retenue est la recherche-action avec participation des utilisateurs finaux. Elle se décline en 4 grandes étapes : analyse des besoins, conception, implémentation, tests et déploiement. Notre système a été évalué sur un jeu de données de 4341 enregistrements. Les résultats indiquent une amélioration de 17% par rapport à l'approche classique. Le temps de réponse moyen est de 189ms, ce qui répond aux exigences. En conclusion, nous avons conçu et implémenté une application de paiement mobile sécurisée. Notre solution apporte une réponse concrète à l'absence d'outils adaptés au contexte africain. Les travaux futurs porteront sur l'amélioration des performances et la scalabilité du système."
ARCH-0039,Une plateforme de télémédecine avec Django et PostgreSQL,BDD,2021,Etudiant_0039,Ce projet de fin d'études porte sur une plateforme de télémédecine. La motivation principale est la sécurité insuffisante des données personnelles qui constitue un défi majeur. Nous proposons une solution basée sur Django et PostgreSQL en suivant une approche la recherche expérimentale avec validation empirique.,"L'approche méthodologique retenue est la recherche expérimentale avec validation empirique. Elle se décline en 4 grandes étapes : analyse des besoins, conception, implémentation, tests et déploiement.","Les expérimentations confirment la viabilité de notre approche avec 86% d'efficacité. Comparé aux solutions actuelles, nous observons un gain de 17% sur les métriques clés. Ces résultats ont été validés par une équipe de 36 experts du domaine.",Ce mémoire présente une plateforme de télémédecine comme solution à la sécurité insuffisante des données personnelles. Les objectifs fixés au départ ont été atteints. Cette étude constitue une base solide pour de futures recherches dans ce domaine.,"Ce projet de fin d'études porte sur une plateforme de télémédecine. La motivation principale est la sécurité insuffisante des données personnelles qui constitue un défi majeur. Nous proposons une solution basée sur Django et PostgreSQL en suivant une approche la recherche expérimentale avec validation empirique. L'approche méthodologique retenue est la recherche expérimentale avec validation empirique. Elle se décline en 4 grandes étapes : analyse des besoins, conception, implémentation, tests et déploiement. Les expérimentations confirment la viabilité de notre approche avec 86% d'efficacité. Comparé aux solutions actuelles, nous observons un gain de 17% sur les métriques clés. Ces résultats ont été validés par une équipe de 36 experts du domaine. Ce mémoire présente une plateforme de télémédecine comme solution à la sécurité insuffisante des données personnelles. Les objectifs fixés au départ ont été atteints. Cette étude constitue une base solide pour de futures recherches dans ce domaine."
ARCH-0040,Un système de détection de fraude bancaire avec Flutter et Firebase,Cloud,2022,Etudiant_0040,Ce travail vise à concevoir et implémenter un système de détection de fraude bancaire en utilisant Flutter et Firebase. La problématique principale est les pertes financières dues aux erreurs humaines. Notre approche repose sur une étude de cas approfondie avec données réelles.,"L'approche méthodologique retenue est une étude de cas approfondie avec données réelles. Elle se décline en 6 grandes étapes : analyse des besoins, conception, implémentation, tests et déploiement.","Notre système a été évalué sur un jeu de données de 5392 enregistrements. Les résultats indiquent une amélioration de 45% par rapport à l'approche classique. Le temps de réponse moyen est de 435ms, ce qui répond aux exigences.","En conclusion, nous avons conçu et implémenté un système de détection de fraude bancaire. Notre solution apporte une réponse concrète à les pertes financières dues aux erreurs humaines. Les travaux futurs porteront sur l'amélioration des performances et la scalabilité du système.","Ce travail vise à concevoir et implémenter un système de détection de fraude bancaire en utilisant Flutter et Firebase. La problématique principale est les pertes financières dues aux erreurs humaines. Notre approche repose sur une étude de cas approfondie avec données réelles. L'approche méthodologique retenue est une étude de cas approfondie avec données réelles. Elle se décline en 6 grandes étapes : analyse des besoins, conception, implémentation, tests et déploiement. Notre système a été évalué sur un jeu de données de 5392 enregistrements. Les résultats indiquent une amélioration de 45% par rapport à l'approche classique. Le temps de réponse moyen est de 435ms, ce qui répond aux exigences. En conclusion, nous avons conçu et implémenté un système de détection de fraude bancaire. Notre solution apporte une réponse concrète à les pertes financières dues aux erreurs humaines. Les travaux futurs porteront sur l'amélioration des performances et la scalabilité du système."
ARCH-0041,Une plateforme de gestion des ressources humaines avec blockchain et smart contracts,BDD,2019,Etudiant_0041,"Dans le cadre de ce mémoire, nous proposons une plateforme de gestion des ressources humaines. Face à le coût élevé des solutions existantes sur le marché, nous avons choisi d'utiliser blockchain et smart contracts comme solution principale. La méthodologie adoptée est une étude de cas approfondie avec données réelles.","Pour réaliser ce projet, nous avons adopté une étude de cas approfondie avec données réelles. Cette approche nous permet de livrer des incréments fonctionnels régulièrement. Le travail a été divisé en 6 itérations de durée égale.","Notre système a été évalué sur un jeu de données de 7124 enregistrements. Les résultats indiquent une amélioration de 27% par rapport à l'approche classique. Le temps de réponse moyen est de 420ms, ce qui répond aux exigences.",Ce travail a permis de développer une plateforme de gestion des ressources humaines qui répond efficacement à le coût élevé des solutions existantes sur le marché. Les résultats obtenus sont satisfaisants et ouvrent la voie à des améliorations futures. Les perspectives incluent l'intégration de nouvelles fonctionnalités et l'extension à d'autres contextes.,"Dans le cadre de ce mémoire, nous proposons une plateforme de gestion des ressources humaines. Face à le coût élevé des solutions existantes sur le marché, nous avons choisi d'utiliser blockchain et smart contracts comme solution principale. La méthodologie adoptée est une étude de cas approfondie avec données réelles. Pour réaliser ce projet, nous avons adopté une étude de cas approfondie avec données réelles. Cette approche nous permet de livrer des incréments fonctionnels régulièrement. Le travail a été divisé en 6 itérations de durée égale. Notre système a été évalué sur un jeu de données de 7124 enregistrements. Les résultats indiquent une amélioration de 27% par rapport à l'approche classique. Le temps de réponse moyen est de 420ms, ce qui répond aux exigences. Ce travail a permis de développer une plateforme de gestion des ressources humaines qui répond efficacement à le coût élevé des solutions existantes sur le marché. Les résultats obtenus sont satisfaisants et ouvrent la voie à des améliorations futures. Les perspectives incluent l'intégration de nouvelles fonctionnalités et l'extension à d'autres contextes."
ARCH-0042,Une application de covoiturage universitaire avec blockchain et smart contracts,Réseau,2021,Etudiant_0042,Ce travail vise à concevoir et implémenter une application de covoiturage universitaire en utilisant blockchain et smart contracts. La problématique principale est la lenteur des processus manuels actuels. Notre approche repose sur une étude de cas approfondie avec données réelles.,La méthodologie de développement choisie est une étude de cas approfondie avec données réelles. Nous avons structuré le travail en 6 phases distinctes. Chaque phase comprend des livrables mesurables et des critères de validation clairs.,Les tests réalisés montrent que notre solution atteint 94% de précision. Les performances obtenues dépassent les solutions existantes de 20%. L'interface utilisateur a été validée par 13 utilisateurs réels.,"En conclusion, nous avons conçu et implémenté une application de covoiturage universitaire. Notre solution apporte une réponse concrète à la lenteur des processus manuels actuels. Les travaux futurs porteront sur l'amélioration des performances et la scalabilité du système.","Ce travail vise à concevoir et implémenter une application de covoiturage universitaire en utilisant blockchain et smart contracts. La problématique principale est la lenteur des processus manuels actuels. Notre approche repose sur une étude de cas approfondie avec données réelles. La méthodologie de développement choisie est une étude de cas approfondie avec données réelles. Nous avons structuré le travail en 6 phases distinctes. Chaque phase comprend des livrables mesurables et des critères de validation clairs. Les tests réalisés montrent que notre solution atteint 94% de précision. Les performances obtenues dépassent les solutions existantes de 20%. L'interface utilisateur a été validée par 13 utilisateurs réels. En conclusion, nous avons conçu et implémenté une application de covoiturage universitaire. Notre solution apporte une réponse concrète à la lenteur des processus manuels actuels. Les travaux futurs porteront sur l'amélioration des performances et la scalabilité du système."
ARCH-0043,Un système de surveillance de la qualité de l'air avec Docker et Kubernetes,Web,2024,Etudiant_0043,Ce projet de fin d'études porte sur un système de surveillance de la qualité de l'air. La motivation principale est les pertes financières dues aux erreurs humaines qui constitue un défi majeur. Nous proposons une solution basée sur Docker et Kubernetes en suivant une approche le prototypage rapide et l'itération continue.,"Pour réaliser ce projet, nous avons adopté le prototypage rapide et l'itération continue. Cette approche nous permet de livrer des incréments fonctionnels régulièrement. Le travail a été divisé en 3 itérations de durée égale.","Notre système a été évalué sur un jeu de données de 1353 enregistrements. Les résultats indiquent une amélioration de 38% par rapport à l'approche classique. Le temps de réponse moyen est de 229ms, ce qui répond aux exigences.",Ce travail a permis de développer un système de surveillance de la qualité de l'air qui répond efficacement à les pertes financières dues aux erreurs humaines. Les résultats obtenus sont satisfaisants et ouvrent la voie à des améliorations futures. Les perspectives incluent l'intégration de nouvelles fonctionnalités et l'extension à d'autres contextes.,"Ce projet de fin d'études porte sur un système de surveillance de la qualité de l'air. La motivation principale est les pertes financières dues aux erreurs humaines qui constitue un défi majeur. Nous proposons une solution basée sur Docker et Kubernetes en suivant une approche le prototypage rapide et l'itération continue. Pour réaliser ce projet, nous avons adopté le prototypage rapide et l'itération continue. Cette approche nous permet de livrer des incréments fonctionnels régulièrement. Le travail a été divisé en 3 itérations de durée égale. Notre système a été évalué sur un jeu de données de 1353 enregistrements. Les résultats indiquent une amélioration de 38% par rapport à l'approche classique. Le temps de réponse moyen est de 229ms, ce qui répond aux exigences. Ce travail a permis de développer un système de surveillance de la qualité de l'air qui répond efficacement à les pertes financières dues aux erreurs humaines. Les résultats obtenus sont satisfaisants et ouvrent la voie à des améliorations futures. Les perspectives incluent l'intégration de nouvelles fonctionnalités et l'extension à d'autres contextes."
ARCH-0044,Un système de contrôle d'accès biométrique avec Python et TensorFlow,Mobile,2024,Etudiant_0044,"Dans le cadre de ce mémoire, nous proposons un système de contrôle d'accès biométrique. Face à la lenteur des processus manuels actuels, nous avons choisi d'utiliser Python et TensorFlow comme solution principale. La méthodologie adoptée est la recherche expérimentale avec validation empirique.",La méthodologie de développement choisie est la recherche expérimentale avec validation empirique. Nous avons structuré le travail en 4 phases distinctes. Chaque phase comprend des livrables mesurables et des critères de validation clairs.,Les tests réalisés montrent que notre solution atteint 84% de précision. Les performances obtenues dépassent les solutions existantes de 30%. L'interface utilisateur a été validée par 17 utilisateurs réels.,"En conclusion, nous avons conçu et implémenté un système de contrôle d'accès biométrique. Notre solution apporte une réponse concrète à la lenteur des processus manuels actuels. Les travaux futurs porteront sur l'amélioration des performances et la scalabilité du système.","Dans le cadre de ce mémoire, nous proposons un système de contrôle d'accès biométrique. Face à la lenteur des processus manuels actuels, nous avons choisi d'utiliser Python et TensorFlow comme solution principale. La méthodologie adoptée est la recherche expérimentale avec validation empirique. La méthodologie de développement choisie est la recherche expérimentale avec validation empirique. Nous avons structuré le travail en 4 phases distinctes. Chaque phase comprend des livrables mesurables et des critères de validation clairs. Les tests réalisés montrent que notre solution atteint 84% de précision. Les performances obtenues dépassent les solutions existantes de 30%. L'interface utilisateur a été validée par 17 utilisateurs réels. En conclusion, nous avons conçu et implémenté un système de contrôle d'accès biométrique. Notre solution apporte une réponse concrète à la lenteur des processus manuels actuels. Les travaux futurs porteront sur l'amélioration des performances et la scalabilité du système."
ARCH-0045,Un système de surveillance de la qualité de l'air avec Django et PostgreSQL,Web,2022,Etudiant_0045,L'objectif de cette étude est de résoudre le manque d'accessibilité aux services dans les zones rurales grâce à un système de surveillance de la qualité de l'air. Nous utilisons Django et PostgreSQL combiné avec la recherche expérimentale avec validation empirique pour atteindre cet objectif.,La méthodologie de développement choisie est la recherche expérimentale avec validation empirique. Nous avons structuré le travail en 3 phases distinctes. Chaque phase comprend des livrables mesurables et des critères de validation clairs.,"Notre système a été évalué sur un jeu de données de 6998 enregistrements. Les résultats indiquent une amélioration de 36% par rapport à l'approche classique. Le temps de réponse moyen est de 416ms, ce qui répond aux exigences.",Ce travail a permis de développer un système de surveillance de la qualité de l'air qui répond efficacement à le manque d'accessibilité aux services dans les zones rurales. Les résultats obtenus sont satisfaisants et ouvrent la voie à des améliorations futures. Les perspectives incluent l'intégration de nouvelles fonctionnalités et l'extension à d'autres contextes.,"L'objectif de cette étude est de résoudre le manque d'accessibilité aux services dans les zones rurales grâce à un système de surveillance de la qualité de l'air. Nous utilisons Django et PostgreSQL combiné avec la recherche expérimentale avec validation empirique pour atteindre cet objectif. La méthodologie de développement choisie est la recherche expérimentale avec validation empirique. Nous avons structuré le travail en 3 phases distinctes. Chaque phase comprend des livrables mesurables et des critères de validation clairs. Notre système a été évalué sur un jeu de données de 6998 enregistrements. Les résultats indiquent une amélioration de 36% par rapport à l'approche classique. Le temps de réponse moyen est de 416ms, ce qui répond aux exigences. Ce travail a permis de développer un système de surveillance de la qualité de l'air qui répond efficacement à le manque d'accessibilité aux services dans les zones rurales. Les résultats obtenus sont satisfaisants et ouvrent la voie à des améliorations futures. Les perspectives incluent l'intégration de nouvelles fonctionnalités et l'extension à d'autres contextes."
ARCH-0046,Une plateforme de gestion des ressources humaines avec Flutter et Firebase,IoT,2018,Etudiant_0046,Ce travail vise à concevoir et implémenter une plateforme de gestion des ressources humaines en utilisant Flutter et Firebase. La problématique principale est le manque d'accessibilité aux services dans les zones rurales. Notre approche repose sur le prototypage rapide et l'itération continue.,"L'approche méthodologique retenue est le prototypage rapide et l'itération continue. Elle se décline en 3 grandes étapes : analyse des besoins, conception, implémentation, tests et déploiement.","Notre système a été évalué sur un jeu de données de 1629 enregistrements. Les résultats indiquent une amélioration de 28% par rapport à l'approche classique. Le temps de réponse moyen est de 309ms, ce qui répond aux exigences.",Ce mémoire présente une plateforme de gestion des ressources humaines comme solution à le manque d'accessibilité aux services dans les zones rurales. Les objectifs fixés au départ ont été atteints. Cette étude constitue une base solide pour de futures recherches dans ce domaine.,"Ce travail vise à concevoir et implémenter une plateforme de gestion des ressources humaines en utilisant Flutter et Firebase. La problématique principale est le manque d'accessibilité aux services dans les zones rurales. Notre approche repose sur le prototypage rapide et l'itération continue. L'approche méthodologique retenue est le prototypage rapide et l'itération continue. Elle se décline en 3 grandes étapes : analyse des besoins, conception, implémentation, tests et déploiement. Notre système a été évalué sur un jeu de données de 1629 enregistrements. Les résultats indiquent une amélioration de 28% par rapport à l'approche classique. Le temps de réponse moyen est de 309ms, ce qui répond aux exigences. Ce mémoire présente une plateforme de gestion des ressources humaines comme solution à le manque d'accessibilité aux services dans les zones rurales. Les objectifs fixés au départ ont été atteints. Cette étude constitue une base solide pour de futures recherches dans ce domaine."
ARCH-0047,Un outil d'analyse de sentiment sur les réseaux sociaux avec machine learning et scikit-learn,BDD,2021,Etudiant_0047,Ce projet de fin d'études porte sur un outil d'analyse de sentiment sur les réseaux sociaux. La motivation principale est le manque de traçabilité dans les processus administratifs qui constitue un défi majeur. Nous proposons une solution basée sur machine learning et scikit-learn en suivant une approche SCRUM avec des sprints de 2 semaines.,"Pour réaliser ce projet, nous avons adopté SCRUM avec des sprints de 2 semaines. Cette approche nous permet de livrer des incréments fonctionnels régulièrement. Le travail a été divisé en 6 itérations de durée égale.","Les expérimentations confirment la viabilité de notre approche avec 84% d'efficacité. Comparé aux solutions actuelles, nous observons un gain de 28% sur les métriques clés. Ces résultats ont été validés par une équipe de 21 experts du domaine.","En conclusion, nous avons conçu et implémenté un outil d'analyse de sentiment sur les réseaux sociaux. Notre solution apporte une réponse concrète à le manque de traçabilité dans les processus administratifs. Les travaux futurs porteront sur l'amélioration des performances et la scalabilité du système.","Ce projet de fin d'études porte sur un outil d'analyse de sentiment sur les réseaux sociaux. La motivation principale est le manque de traçabilité dans les processus administratifs qui constitue un défi majeur. Nous proposons une solution basée sur machine learning et scikit-learn en suivant une approche SCRUM avec des sprints de 2 semaines. Pour réaliser ce projet, nous avons adopté SCRUM avec des sprints de 2 semaines. Cette approche nous permet de livrer des incréments fonctionnels régulièrement. Le travail a été divisé en 6 itérations de durée égale. Les expérimentations confirment la viabilité de notre approche avec 84% d'efficacité. Comparé aux solutions actuelles, nous observons un gain de 28% sur les métriques clés. Ces résultats ont été validés par une équipe de 21 experts du domaine. En conclusion, nous avons conçu et implémenté un outil d'analyse de sentiment sur les réseaux sociaux. Notre solution apporte une réponse concrète à le manque de traçabilité dans les processus administratifs. Les travaux futurs porteront sur l'amélioration des performances et la scalabilité du système."
ARCH-0048,Une plateforme e-commerce pour artisans locaux avec NLP et transformers BERT,Cloud,2020,Etudiant_0048,"Dans le cadre de ce mémoire, nous proposons une plateforme e-commerce pour artisans locaux. Face à l'absence d'outils adaptés au contexte africain, nous avons choisi d'utiliser NLP et transformers BERT comme solution principale. La méthodologie adoptée est le prototypage rapide et l'itération continue.",La méthodologie de développement choisie est le prototypage rapide et l'itération continue. Nous avons structuré le travail en 5 phases distinctes. Chaque phase comprend des livrables mesurables et des critères de validation clairs.,"Notre système a été évalué sur un jeu de données de 9836 enregistrements. Les résultats indiquent une amélioration de 39% par rapport à l'approche classique. Le temps de réponse moyen est de 362ms, ce qui répond aux exigences.",Ce mémoire présente une plateforme e-commerce pour artisans locaux comme solution à l'absence d'outils adaptés au contexte africain. Les objectifs fixés au départ ont été atteints. Cette étude constitue une base solide pour de futures recherches dans ce domaine.,"Dans le cadre de ce mémoire, nous proposons une plateforme e-commerce pour artisans locaux. Face à l'absence d'outils adaptés au contexte africain, nous avons choisi d'utiliser NLP et transformers BERT comme solution principale. La méthodologie adoptée est le prototypage rapide et l'itération continue. La méthodologie de développement choisie est le prototypage rapide et l'itération continue. Nous avons structuré le travail en 5 phases distinctes. Chaque phase comprend des livrables mesurables et des critères de validation clairs. Notre système a été évalué sur un jeu de données de 9836 enregistrements. Les résultats indiquent une amélioration de 39% par rapport à l'approche classique. Le temps de réponse moyen est de 362ms, ce qui répond aux exigences. Ce mémoire présente une plateforme e-commerce pour artisans locaux comme solution à l'absence d'outils adaptés au contexte africain. Les objectifs fixés au départ ont été atteints. Cette étude constitue une base solide pour de futures recherches dans ce domaine."
ARCH-0049,Un système de détection de fraude bancaire avec deep learning et PyTorch,Réseau,2018,Etudiant_0049,Ce projet de fin d'études porte sur un système de détection de fraude bancaire. La motivation principale est la difficulté d'accès aux soins médicaux qui constitue un défi majeur. Nous proposons une solution basée sur deep learning et PyTorch en suivant une approche la recherche expérimentale avec validation empirique.,La méthodologie de développement choisie est la recherche expérimentale avec validation empirique. Nous avons structuré le travail en 5 phases distinctes. Chaque phase comprend des livrables mesurables et des critères de validation clairs.,"Notre système a été évalué sur un jeu de données de 5026 enregistrements. Les résultats indiquent une amélioration de 23% par rapport à l'approche classique. Le temps de réponse moyen est de 334ms, ce qui répond aux exigences.",Ce travail a permis de développer un système de détection de fraude bancaire qui répond efficacement à la difficulté d'accès aux soins médicaux. Les résultats obtenus sont satisfaisants et ouvrent la voie à des améliorations futures. Les perspectives incluent l'intégration de nouvelles fonctionnalités et l'extension à d'autres contextes.,"Ce projet de fin d'études porte sur un système de détection de fraude bancaire. La motivation principale est la difficulté d'accès aux soins médicaux qui constitue un défi majeur. Nous proposons une solution basée sur deep learning et PyTorch en suivant une approche la recherche expérimentale avec validation empirique. La méthodologie de développement choisie est la recherche expérimentale avec validation empirique. Nous avons structuré le travail en 5 phases distinctes. Chaque phase comprend des livrables mesurables et des critères de validation clairs. Notre système a été évalué sur un jeu de données de 5026 enregistrements. Les résultats indiquent une amélioration de 23% par rapport à l'approche classique. Le temps de réponse moyen est de 334ms, ce qui répond aux exigences. Ce travail a permis de développer un système de détection de fraude bancaire qui répond efficacement à la difficulté d'accès aux soins médicaux. Les résultats obtenus sont satisfaisants et ouvrent la voie à des améliorations futures. Les perspectives incluent l'intégration de nouvelles fonctionnalités et l'extension à d'autres contextes."
ARCH-0050,Un système de gestion des stocks intelligents avec machine learning et scikit-learn,Cloud,2023,Etudiant_0050,"Dans le cadre de ce mémoire, nous proposons un système de gestion des stocks intelligents. Face à le manque de traçabilité dans les processus administratifs, nous avons choisi d'utiliser machine learning et scikit-learn comme solution principale. La méthodologie adoptée est la recherche-action avec participation des utilisateurs finaux.","L'approche méthodologique retenue est la recherche-action avec participation des utilisateurs finaux. Elle se décline en 6 grandes étapes : analyse des besoins, conception, implémentation, tests et déploiement.","Les expérimentations confirment la viabilité de notre approche avec 95% d'efficacité. Comparé aux solutions actuelles, nous observons un gain de 29% sur les métriques clés. Ces résultats ont été validés par une équipe de 11 experts du domaine.",Ce travail a permis de développer un système de gestion des stocks intelligents qui répond efficacement à le manque de traçabilité dans les processus administratifs. Les résultats obtenus sont satisfaisants et ouvrent la voie à des améliorations futures. Les perspectives incluent l'intégration de nouvelles fonctionnalités et l'extension à d'autres contextes.,"Dans le cadre de ce mémoire, nous proposons un système de gestion des stocks intelligents. Face à le manque de traçabilité dans les processus administratifs, nous avons choisi d'utiliser machine learning et scikit-learn comme solution principale. La méthodologie adoptée est la recherche-action avec participation des utilisateurs finaux. L'approche méthodologique retenue est la recherche-action avec participation des utilisateurs finaux. Elle se décline en 6 grandes étapes : analyse des besoins, conception, implémentation, tests et déploiement. Les expérimentations confirment la viabilité de notre approche avec 95% d'efficacité. Comparé aux solutions actuelles, nous observons un gain de 29% sur les métriques clés. Ces résultats ont été validés par une équipe de 11 experts du domaine. Ce travail a permis de développer un système de gestion des stocks intelligents qui répond efficacement à le manque de traçabilité dans les processus administratifs. Les résultats obtenus sont satisfaisants et ouvrent la voie à des améliorations futures. Les perspectives incluent l'intégration de nouvelles fonctionnalités et l'extension à d'autres contextes."
ARCH-0051,Un système de gestion des stocks intelligents avec Arduino et Raspberry Pi,Réseau,2020,Etudiant_0051,L'objectif de cette étude est de résoudre la difficulté d'accès aux soins médicaux grâce à un système de gestion des stocks intelligents. Nous utilisons Arduino et Raspberry Pi combiné avec une étude de cas approfondie avec données réelles pour atteindre cet objectif.,"Pour réaliser ce projet, nous avons adopté une étude de cas approfondie avec données réelles. Cette approche nous permet de livrer des incréments fonctionnels régulièrement. Le travail a été divisé en 5 itérations de durée égale.","Notre système a été évalué sur un jeu de données de 4618 enregistrements. Les résultats indiquent une amélioration de 23% par rapport à l'approche classique. Le temps de réponse moyen est de 168ms, ce qui répond aux exigences.",Ce travail a permis de développer un système de gestion des stocks intelligents qui répond efficacement à la difficulté d'accès aux soins médicaux. Les résultats obtenus sont satisfaisants et ouvrent la voie à des améliorations futures. Les perspectives incluent l'intégration de nouvelles fonctionnalités et l'extension à d'autres contextes.,"L'objectif de cette étude est de résoudre la difficulté d'accès aux soins médicaux grâce à un système de gestion des stocks intelligents. Nous utilisons Arduino et Raspberry Pi combiné avec une étude de cas approfondie avec données réelles pour atteindre cet objectif. Pour réaliser ce projet, nous avons adopté une étude de cas approfondie avec données réelles. Cette approche nous permet de livrer des incréments fonctionnels régulièrement. Le travail a été divisé en 5 itérations de durée égale. Notre système a été évalué sur un jeu de données de 4618 enregistrements. Les résultats indiquent une amélioration de 23% par rapport à l'approche classique. Le temps de réponse moyen est de 168ms, ce qui répond aux exigences. Ce travail a permis de développer un système de gestion des stocks intelligents qui répond efficacement à la difficulté d'accès aux soins médicaux. Les résultats obtenus sont satisfaisants et ouvrent la voie à des améliorations futures. Les perspectives incluent l'intégration de nouvelles fonctionnalités et l'extension à d'autres contextes."
ARCH-0052,Une plateforme de télémédecine avec blockchain et smart contracts,Mobile,2019,Etudiant_0052,"Dans le cadre de ce mémoire, nous proposons une plateforme de télémédecine. Face à la sécurité insuffisante des données personnelles, nous avons choisi d'utiliser blockchain et smart contracts comme solution principale. La méthodologie adoptée est la recherche expérimentale avec validation empirique.","L'approche méthodologique retenue est la recherche expérimentale avec validation empirique. Elle se décline en 6 grandes étapes : analyse des besoins, conception, implémentation, tests et déploiement.","Notre système a été évalué sur un jeu de données de 5136 enregistrements. Les résultats indiquent une amélioration de 39% par rapport à l'approche classique. Le temps de réponse moyen est de 101ms, ce qui répond aux exigences.",Ce travail a permis de développer une plateforme de télémédecine qui répond efficacement à la sécurité insuffisante des données personnelles. Les résultats obtenus sont satisfaisants et ouvrent la voie à des améliorations futures. Les perspectives incluent l'intégration de nouvelles fonctionnalités et l'extension à d'autres contextes.,"Dans le cadre de ce mémoire, nous proposons une plateforme de télémédecine. Face à la sécurité insuffisante des données personnelles, nous avons choisi d'utiliser blockchain et smart contracts comme solution principale. La méthodologie adoptée est la recherche expérimentale avec validation empirique. L'approche méthodologique retenue est la recherche expérimentale avec validation empirique. Elle se décline en 6 grandes étapes : analyse des besoins, conception, implémentation, tests et déploiement. Notre système a été évalué sur un jeu de données de 5136 enregistrements. Les résultats indiquent une amélioration de 39% par rapport à l'approche classique. Le temps de réponse moyen est de 101ms, ce qui répond aux exigences. Ce travail a permis de développer une plateforme de télémédecine qui répond efficacement à la sécurité insuffisante des données personnelles. Les résultats obtenus sont satisfaisants et ouvrent la voie à des améliorations futures. Les perspectives incluent l'intégration de nouvelles fonctionnalités et l'extension à d'autres contextes."
ARCH-0053,Un système de surveillance de la qualité de l'air avec Django et PostgreSQL,Mobile,2021,Etudiant_0053,"Dans le cadre de ce mémoire, nous proposons un système de surveillance de la qualité de l'air. Face à l'absence d'outils adaptés au contexte africain, nous avons choisi d'utiliser Django et PostgreSQL comme solution principale. La méthodologie adoptée est SCRUM avec des sprints de 2 semaines.","Pour réaliser ce projet, nous avons adopté SCRUM avec des sprints de 2 semaines. Cette approche nous permet de livrer des incréments fonctionnels régulièrement. Le travail a été divisé en 3 itérations de durée égale.",Les tests réalisés montrent que notre solution atteint 97% de précision. Les performances obtenues dépassent les solutions existantes de 24%. L'interface utilisateur a été validée par 18 utilisateurs réels.,Ce travail a permis de développer un système de surveillance de la qualité de l'air qui répond efficacement à l'absence d'outils adaptés au contexte africain. Les résultats obtenus sont satisfaisants et ouvrent la voie à des améliorations futures. Les perspectives incluent l'intégration de nouvelles fonctionnalités et l'extension à d'autres contextes.,"Dans le cadre de ce mémoire, nous proposons un système de surveillance de la qualité de l'air. Face à l'absence d'outils adaptés au contexte africain, nous avons choisi d'utiliser Django et PostgreSQL comme solution principale. La méthodologie adoptée est SCRUM avec des sprints de 2 semaines. Pour réaliser ce projet, nous avons adopté SCRUM avec des sprints de 2 semaines. Cette approche nous permet de livrer des incréments fonctionnels régulièrement. Le travail a été divisé en 3 itérations de durée égale. Les tests réalisés montrent que notre solution atteint 97% de précision. Les performances obtenues dépassent les solutions existantes de 24%. L'interface utilisateur a été validée par 18 utilisateurs réels. Ce travail a permis de développer un système de surveillance de la qualité de l'air qui répond efficacement à l'absence d'outils adaptés au contexte africain. Les résultats obtenus sont satisfaisants et ouvrent la voie à des améliorations futures. Les perspectives incluent l'intégration de nouvelles fonctionnalités et l'extension à d'autres contextes."
ARCH-0054,Un système de vote électronique avec deep learning et PyTorch,IA,2019,Etudiant_0054,Ce travail vise à concevoir et implémenter un système de vote électronique en utilisant deep learning et PyTorch. La problématique principale est la difficulté d'accès aux soins médicaux. Notre approche repose sur la recherche expérimentale avec validation empirique.,"Pour réaliser ce projet, nous avons adopté la recherche expérimentale avec validation empirique. Cette approche nous permet de livrer des incréments fonctionnels régulièrement. Le travail a été divisé en 6 itérations de durée égale.",Les tests réalisés montrent que notre solution atteint 82% de précision. Les performances obtenues dépassent les solutions existantes de 27%. L'interface utilisateur a été validée par 41 utilisateurs réels.,Ce mémoire présente un système de vote électronique comme solution à la difficulté d'accès aux soins médicaux. Les objectifs fixés au départ ont été atteints. Cette étude constitue une base solide pour de futures recherches dans ce domaine.,"Ce travail vise à concevoir et implémenter un système de vote électronique en utilisant deep learning et PyTorch. La problématique principale est la difficulté d'accès aux soins médicaux. Notre approche repose sur la recherche expérimentale avec validation empirique. Pour réaliser ce projet, nous avons adopté la recherche expérimentale avec validation empirique. Cette approche nous permet de livrer des incréments fonctionnels régulièrement. Le travail a été divisé en 6 itérations de durée égale. Les tests réalisés montrent que notre solution atteint 82% de précision. Les performances obtenues dépassent les solutions existantes de 27%. L'interface utilisateur a été validée par 41 utilisateurs réels. Ce mémoire présente un système de vote électronique comme solution à la difficulté d'accès aux soins médicaux. Les objectifs fixés au départ ont été atteints. Cette étude constitue une base solide pour de futures recherches dans ce domaine."
ARCH-0055,Un moteur de recommandation de cours avec NLP et transformers BERT,Mobile,2024,Etudiant_0055,"Dans le cadre de ce mémoire, nous proposons un moteur de recommandation de cours. Face à l'absence d'outils adaptés au contexte africain, nous avons choisi d'utiliser NLP et transformers BERT comme solution principale. La méthodologie adoptée est SCRUM avec des sprints de 2 semaines.",La méthodologie de développement choisie est SCRUM avec des sprints de 2 semaines. Nous avons structuré le travail en 6 phases distinctes. Chaque phase comprend des livrables mesurables et des critères de validation clairs.,"Les expérimentations confirment la viabilité de notre approche avec 87% d'efficacité. Comparé aux solutions actuelles, nous observons un gain de 39% sur les métriques clés. Ces résultats ont été validés par une équipe de 43 experts du domaine.","En conclusion, nous avons conçu et implémenté un moteur de recommandation de cours. Notre solution apporte une réponse concrète à l'absence d'outils adaptés au contexte africain. Les travaux futurs porteront sur l'amélioration des performances et la scalabilité du système.","Dans le cadre de ce mémoire, nous proposons un moteur de recommandation de cours. Face à l'absence d'outils adaptés au contexte africain, nous avons choisi d'utiliser NLP et transformers BERT comme solution principale. La méthodologie adoptée est SCRUM avec des sprints de 2 semaines. La méthodologie de développement choisie est SCRUM avec des sprints de 2 semaines. Nous avons structuré le travail en 6 phases distinctes. Chaque phase comprend des livrables mesurables et des critères de validation clairs. Les expérimentations confirment la viabilité de notre approche avec 87% d'efficacité. Comparé aux solutions actuelles, nous observons un gain de 39% sur les métriques clés. Ces résultats ont été validés par une équipe de 43 experts du domaine. En conclusion, nous avons conçu et implémenté un moteur de recommandation de cours. Notre solution apporte une réponse concrète à l'absence d'outils adaptés au contexte africain. Les travaux futurs porteront sur l'amélioration des performances et la scalabilité du système."
ARCH-0056,Une application de covoiturage universitaire avec machine learning et scikit-learn,Web,2019,Etudiant_0056,Ce travail vise à concevoir et implémenter une application de covoiturage universitaire en utilisant machine learning et scikit-learn. La problématique principale est l'absence d'outils adaptés au contexte africain. Notre approche repose sur la recherche-action avec participation des utilisateurs finaux.,"L'approche méthodologique retenue est la recherche-action avec participation des utilisateurs finaux. Elle se décline en 3 grandes étapes : analyse des besoins, conception, implémentation, tests et déploiement.",Les tests réalisés montrent que notre solution atteint 86% de précision. Les performances obtenues dépassent les solutions existantes de 23%. L'interface utilisateur a été validée par 15 utilisateurs réels.,Ce travail a permis de développer une application de covoiturage universitaire qui répond efficacement à l'absence d'outils adaptés au contexte africain. Les résultats obtenus sont satisfaisants et ouvrent la voie à des améliorations futures. Les perspectives incluent l'intégration de nouvelles fonctionnalités et l'extension à d'autres contextes.,"Ce travail vise à concevoir et implémenter une application de covoiturage universitaire en utilisant machine learning et scikit-learn. La problématique principale est l'absence d'outils adaptés au contexte africain. Notre approche repose sur la recherche-action avec participation des utilisateurs finaux. L'approche méthodologique retenue est la recherche-action avec participation des utilisateurs finaux. Elle se décline en 3 grandes étapes : analyse des besoins, conception, implémentation, tests et déploiement. Les tests réalisés montrent que notre solution atteint 86% de précision. Les performances obtenues dépassent les solutions existantes de 23%. L'interface utilisateur a été validée par 15 utilisateurs réels. Ce travail a permis de développer une application de covoiturage universitaire qui répond efficacement à l'absence d'outils adaptés au contexte africain. Les résultats obtenus sont satisfaisants et ouvrent la voie à des améliorations futures. Les perspectives incluent l'intégration de nouvelles fonctionnalités et l'extension à d'autres contextes."
ARCH-0057,Un système de détection de fraude bancaire avec machine learning et scikit-learn,Réseau,2020,Etudiant_0057,Ce projet de fin d'études porte sur un système de détection de fraude bancaire. La motivation principale est le manque de traçabilité dans les processus administratifs qui constitue un défi majeur. Nous proposons une solution basée sur machine learning et scikit-learn en suivant une approche la recherche-action avec participation des utilisateurs finaux.,"Pour réaliser ce projet, nous avons adopté la recherche-action avec participation des utilisateurs finaux. Cette approche nous permet de livrer des incréments fonctionnels régulièrement. Le travail a été divisé en 3 itérations de durée égale.",Les tests réalisés montrent que notre solution atteint 89% de précision. Les performances obtenues dépassent les solutions existantes de 37%. L'interface utilisateur a été validée par 28 utilisateurs réels.,Ce mémoire présente un système de détection de fraude bancaire comme solution à le manque de traçabilité dans les processus administratifs. Les objectifs fixés au départ ont été atteints. Cette étude constitue une base solide pour de futures recherches dans ce domaine.,"Ce projet de fin d'études porte sur un système de détection de fraude bancaire. La motivation principale est le manque de traçabilité dans les processus administratifs qui constitue un défi majeur. Nous proposons une solution basée sur machine learning et scikit-learn en suivant une approche la recherche-action avec participation des utilisateurs finaux. Pour réaliser ce projet, nous avons adopté la recherche-action avec participation des utilisateurs finaux. Cette approche nous permet de livrer des incréments fonctionnels régulièrement. Le travail a été divisé en 3 itérations de durée égale. Les tests réalisés montrent que notre solution atteint 89% de précision. Les performances obtenues dépassent les solutions existantes de 37%. L'interface utilisateur a été validée par 28 utilisateurs réels. Ce mémoire présente un système de détection de fraude bancaire comme solution à le manque de traçabilité dans les processus administratifs. Les objectifs fixés au départ ont été atteints. Cette étude constitue une base solide pour de futures recherches dans ce domaine."
ARCH-0058,Un système de prédiction du décrochage scolaire avec NLP et transformers BERT,Cyber,2024,Etudiant_0058,Ce travail vise à concevoir et implémenter un système de prédiction du décrochage scolaire en utilisant NLP et transformers BERT. La problématique principale est le coût élevé des solutions existantes sur le marché. Notre approche repose sur une étude de cas approfondie avec données réelles.,"L'approche méthodologique retenue est une étude de cas approfondie avec données réelles. Elle se décline en 4 grandes étapes : analyse des besoins, conception, implémentation, tests et déploiement.","Les expérimentations confirment la viabilité de notre approche avec 84% d'efficacité. Comparé aux solutions actuelles, nous observons un gain de 44% sur les métriques clés. Ces résultats ont été validés par une équipe de 27 experts du domaine.",Ce travail a permis de développer un système de prédiction du décrochage scolaire qui répond efficacement à le coût élevé des solutions existantes sur le marché. Les résultats obtenus sont satisfaisants et ouvrent la voie à des améliorations futures. Les perspectives incluent l'intégration de nouvelles fonctionnalités et l'extension à d'autres contextes.,"Ce travail vise à concevoir et implémenter un système de prédiction du décrochage scolaire en utilisant NLP et transformers BERT. La problématique principale est le coût élevé des solutions existantes sur le marché. Notre approche repose sur une étude de cas approfondie avec données réelles. L'approche méthodologique retenue est une étude de cas approfondie avec données réelles. Elle se décline en 4 grandes étapes : analyse des besoins, conception, implémentation, tests et déploiement. Les expérimentations confirment la viabilité de notre approche avec 84% d'efficacité. Comparé aux solutions actuelles, nous observons un gain de 44% sur les métriques clés. Ces résultats ont été validés par une équipe de 27 experts du domaine. Ce travail a permis de développer un système de prédiction du décrochage scolaire qui répond efficacement à le coût élevé des solutions existantes sur le marché. Les résultats obtenus sont satisfaisants et ouvrent la voie à des améliorations futures. Les perspectives incluent l'intégration de nouvelles fonctionnalités et l'extension à d'autres contextes."
ARCH-0059,Une application de paiement mobile sécurisée avec NLP et transformers BERT,BDD,2018,Etudiant_0059,Ce travail vise à concevoir et implémenter une application de paiement mobile sécurisée en utilisant NLP et transformers BERT. La problématique principale est l'absence d'outils adaptés au contexte africain. Notre approche repose sur une étude de cas approfondie avec données réelles.,"Pour réaliser ce projet, nous avons adopté une étude de cas approfondie avec données réelles. Cette approche nous permet de livrer des incréments fonctionnels régulièrement. Le travail a été divisé en 5 itérations de durée égale.","Les expérimentations confirment la viabilité de notre approche avec 92% d'efficacité. Comparé aux solutions actuelles, nous observons un gain de 45% sur les métriques clés. Ces résultats ont été validés par une équipe de 27 experts du domaine.","En conclusion, nous avons conçu et implémenté une application de paiement mobile sécurisée. Notre solution apporte une réponse concrète à l'absence d'outils adaptés au contexte africain. Les travaux futurs porteront sur l'amélioration des performances et la scalabilité du système.","Ce travail vise à concevoir et implémenter une application de paiement mobile sécurisée en utilisant NLP et transformers BERT. La problématique principale est l'absence d'outils adaptés au contexte africain. Notre approche repose sur une étude de cas approfondie avec données réelles. Pour réaliser ce projet, nous avons adopté une étude de cas approfondie avec données réelles. Cette approche nous permet de livrer des incréments fonctionnels régulièrement. Le travail a été divisé en 5 itérations de durée égale. Les expérimentations confirment la viabilité de notre approche avec 92% d'efficacité. Comparé aux solutions actuelles, nous observons un gain de 45% sur les métriques clés. Ces résultats ont été validés par une équipe de 27 experts du domaine. En conclusion, nous avons conçu et implémenté une application de paiement mobile sécurisée. Notre solution apporte une réponse concrète à l'absence d'outils adaptés au contexte africain. Les travaux futurs porteront sur l'amélioration des performances et la scalabilité du système."
ARCH-0060,Une application de covoiturage universitaire avec Python et TensorFlow,Cyber,2021,Etudiant_0060,L'objectif de cette étude est de résoudre les pertes financières dues aux erreurs humaines grâce à une application de covoiturage universitaire. Nous utilisons Python et TensorFlow combiné avec le prototypage rapide et l'itération continue pour atteindre cet objectif.,La méthodologie de développement choisie est le prototypage rapide et l'itération continue. Nous avons structuré le travail en 3 phases distinctes. Chaque phase comprend des livrables mesurables et des critères de validation clairs.,Les tests réalisés montrent que notre solution atteint 98% de précision. Les performances obtenues dépassent les solutions existantes de 33%. L'interface utilisateur a été validée par 11 utilisateurs réels.,Ce travail a permis de développer une application de covoiturage universitaire qui répond efficacement à les pertes financières dues aux erreurs humaines. Les résultats obtenus sont satisfaisants et ouvrent la voie à des améliorations futures. Les perspectives incluent l'intégration de nouvelles fonctionnalités et l'extension à d'autres contextes.,L'objectif de cette étude est de résoudre les pertes financières dues aux erreurs humaines grâce à une application de covoiturage universitaire. Nous utilisons Python et TensorFlow combiné avec le prototypage rapide et l'itération continue pour atteindre cet objectif. La méthodologie de développement choisie est le prototypage rapide et l'itération continue. Nous avons structuré le travail en 3 phases distinctes. Chaque phase comprend des livrables mesurables et des critères de validation clairs. Les tests réalisés montrent que notre solution atteint 98% de précision. Les performances obtenues dépassent les solutions existantes de 33%. L'interface utilisateur a été validée par 11 utilisateurs réels. Ce travail a permis de développer une application de covoiturage universitaire qui répond efficacement à les pertes financières dues aux erreurs humaines. Les résultats obtenus sont satisfaisants et ouvrent la voie à des améliorations futures. Les perspectives incluent l'intégration de nouvelles fonctionnalités et l'extension à d'autres contextes.
ARCH-0061,Un chatbot d'assistance médicale avec deep learning et PyTorch,Web,2024,Etudiant_0061,Ce projet de fin d'études porte sur un chatbot d'assistance médicale. La motivation principale est l'absence d'outils adaptés au contexte africain qui constitue un défi majeur. Nous proposons une solution basée sur deep learning et PyTorch en suivant une approche la recherche expérimentale avec validation empirique.,"L'approche méthodologique retenue est la recherche expérimentale avec validation empirique. Elle se décline en 6 grandes étapes : analyse des besoins, conception, implémentation, tests et déploiement.",Les tests réalisés montrent que notre solution atteint 95% de précision. Les performances obtenues dépassent les solutions existantes de 26%. L'interface utilisateur a été validée par 36 utilisateurs réels.,Ce mémoire présente un chatbot d'assistance médicale comme solution à l'absence d'outils adaptés au contexte africain. Les objectifs fixés au départ ont été atteints. Cette étude constitue une base solide pour de futures recherches dans ce domaine.,"Ce projet de fin d'études porte sur un chatbot d'assistance médicale. La motivation principale est l'absence d'outils adaptés au contexte africain qui constitue un défi majeur. Nous proposons une solution basée sur deep learning et PyTorch en suivant une approche la recherche expérimentale avec validation empirique. L'approche méthodologique retenue est la recherche expérimentale avec validation empirique. Elle se décline en 6 grandes étapes : analyse des besoins, conception, implémentation, tests et déploiement. Les tests réalisés montrent que notre solution atteint 95% de précision. Les performances obtenues dépassent les solutions existantes de 26%. L'interface utilisateur a été validée par 36 utilisateurs réels. Ce mémoire présente un chatbot d'assistance médicale comme solution à l'absence d'outils adaptés au contexte africain. Les objectifs fixés au départ ont été atteints. Cette étude constitue une base solide pour de futures recherches dans ce domaine."
ARCH-0062,Un moteur de recommandation de cours avec Docker et Kubernetes,Web,2024,Etudiant_0062,L'objectif de cette étude est de résoudre les pertes financières dues aux erreurs humaines grâce à un moteur de recommandation de cours. Nous utilisons Docker et Kubernetes combiné avec une étude de cas approfondie avec données réelles pour atteindre cet objectif.,"L'approche méthodologique retenue est une étude de cas approfondie avec données réelles. Elle se décline en 6 grandes étapes : analyse des besoins, conception, implémentation, tests et déploiement.","Les expérimentations confirment la viabilité de notre approche avec 81% d'efficacité. Comparé aux solutions actuelles, nous observons un gain de 29% sur les métriques clés. Ces résultats ont été validés par une équipe de 15 experts du domaine.","En conclusion, nous avons conçu et implémenté un moteur de recommandation de cours. Notre solution apporte une réponse concrète à les pertes financières dues aux erreurs humaines. Les travaux futurs porteront sur l'amélioration des performances et la scalabilité du système.","L'objectif de cette étude est de résoudre les pertes financières dues aux erreurs humaines grâce à un moteur de recommandation de cours. Nous utilisons Docker et Kubernetes combiné avec une étude de cas approfondie avec données réelles pour atteindre cet objectif. L'approche méthodologique retenue est une étude de cas approfondie avec données réelles. Elle se décline en 6 grandes étapes : analyse des besoins, conception, implémentation, tests et déploiement. Les expérimentations confirment la viabilité de notre approche avec 81% d'efficacité. Comparé aux solutions actuelles, nous observons un gain de 29% sur les métriques clés. Ces résultats ont été validés par une équipe de 15 experts du domaine. En conclusion, nous avons conçu et implémenté un moteur de recommandation de cours. Notre solution apporte une réponse concrète à les pertes financières dues aux erreurs humaines. Les travaux futurs porteront sur l'amélioration des performances et la scalabilité du système."
ARCH-0063,Une plateforme e-commerce pour artisans locaux avec blockchain et smart contracts,IA,2019,Etudiant_0063,Ce projet de fin d'études porte sur une plateforme e-commerce pour artisans locaux. La motivation principale est la lenteur des processus manuels actuels qui constitue un défi majeur. Nous proposons une solution basée sur blockchain et smart contracts en suivant une approche la recherche-action avec participation des utilisateurs finaux.,"Pour réaliser ce projet, nous avons adopté la recherche-action avec participation des utilisateurs finaux. Cette approche nous permet de livrer des incréments fonctionnels régulièrement. Le travail a été divisé en 3 itérations de durée égale.",Les tests réalisés montrent que notre solution atteint 96% de précision. Les performances obtenues dépassent les solutions existantes de 26%. L'interface utilisateur a été validée par 49 utilisateurs réels.,"En conclusion, nous avons conçu et implémenté une plateforme e-commerce pour artisans locaux. Notre solution apporte une réponse concrète à la lenteur des processus manuels actuels. Les travaux futurs porteront sur l'amélioration des performances et la scalabilité du système.","Ce projet de fin d'études porte sur une plateforme e-commerce pour artisans locaux. La motivation principale est la lenteur des processus manuels actuels qui constitue un défi majeur. Nous proposons une solution basée sur blockchain et smart contracts en suivant une approche la recherche-action avec participation des utilisateurs finaux. Pour réaliser ce projet, nous avons adopté la recherche-action avec participation des utilisateurs finaux. Cette approche nous permet de livrer des incréments fonctionnels régulièrement. Le travail a été divisé en 3 itérations de durée égale. Les tests réalisés montrent que notre solution atteint 96% de précision. Les performances obtenues dépassent les solutions existantes de 26%. L'interface utilisateur a été validée par 49 utilisateurs réels. En conclusion, nous avons conçu et implémenté une plateforme e-commerce pour artisans locaux. Notre solution apporte une réponse concrète à la lenteur des processus manuels actuels. Les travaux futurs porteront sur l'amélioration des performances et la scalabilité du système."
ARCH-0064,Une application de paiement mobile sécurisée avec blockchain et smart contracts,Mobile,2022,Etudiant_0064,Ce projet de fin d'études porte sur une application de paiement mobile sécurisée. La motivation principale est la sécurité insuffisante des données personnelles qui constitue un défi majeur. Nous proposons une solution basée sur blockchain et smart contracts en suivant une approche le prototypage rapide et l'itération continue.,"L'approche méthodologique retenue est le prototypage rapide et l'itération continue. Elle se décline en 6 grandes étapes : analyse des besoins, conception, implémentation, tests et déploiement.",Les tests réalisés montrent que notre solution atteint 80% de précision. Les performances obtenues dépassent les solutions existantes de 35%. L'interface utilisateur a été validée par 48 utilisateurs réels.,Ce travail a permis de développer une application de paiement mobile sécurisée qui répond efficacement à la sécurité insuffisante des données personnelles. Les résultats obtenus sont satisfaisants et ouvrent la voie à des améliorations futures. Les perspectives incluent l'intégration de nouvelles fonctionnalités et l'extension à d'autres contextes.,"Ce projet de fin d'études porte sur une application de paiement mobile sécurisée. La motivation principale est la sécurité insuffisante des données personnelles qui constitue un défi majeur. Nous proposons une solution basée sur blockchain et smart contracts en suivant une approche le prototypage rapide et l'itération continue. L'approche méthodologique retenue est le prototypage rapide et l'itération continue. Elle se décline en 6 grandes étapes : analyse des besoins, conception, implémentation, tests et déploiement. Les tests réalisés montrent que notre solution atteint 80% de précision. Les performances obtenues dépassent les solutions existantes de 35%. L'interface utilisateur a été validée par 48 utilisateurs réels. Ce travail a permis de développer une application de paiement mobile sécurisée qui répond efficacement à la sécurité insuffisante des données personnelles. Les résultats obtenus sont satisfaisants et ouvrent la voie à des améliorations futures. Les perspectives incluent l'intégration de nouvelles fonctionnalités et l'extension à d'autres contextes."
ARCH-0065,Un système de détection de fraude bancaire avec blockchain et smart contracts,Cloud,2024,Etudiant_0065,"Dans le cadre de ce mémoire, nous proposons un système de détection de fraude bancaire. Face à les pertes financières dues aux erreurs humaines, nous avons choisi d'utiliser blockchain et smart contracts comme solution principale. La méthodologie adoptée est SCRUM avec des sprints de 2 semaines.",La méthodologie de développement choisie est SCRUM avec des sprints de 2 semaines. Nous avons structuré le travail en 6 phases distinctes. Chaque phase comprend des livrables mesurables et des critères de validation clairs.,Les tests réalisés montrent que notre solution atteint 84% de précision. Les performances obtenues dépassent les solutions existantes de 30%. L'interface utilisateur a été validée par 28 utilisateurs réels.,"En conclusion, nous avons conçu et implémenté un système de détection de fraude bancaire. Notre solution apporte une réponse concrète à les pertes financières dues aux erreurs humaines. Les travaux futurs porteront sur l'amélioration des performances et la scalabilité du système.","Dans le cadre de ce mémoire, nous proposons un système de détection de fraude bancaire. Face à les pertes financières dues aux erreurs humaines, nous avons choisi d'utiliser blockchain et smart contracts comme solution principale. La méthodologie adoptée est SCRUM avec des sprints de 2 semaines. La méthodologie de développement choisie est SCRUM avec des sprints de 2 semaines. Nous avons structuré le travail en 6 phases distinctes. Chaque phase comprend des livrables mesurables et des critères de validation clairs. Les tests réalisés montrent que notre solution atteint 84% de précision. Les performances obtenues dépassent les solutions existantes de 30%. L'interface utilisateur a été validée par 28 utilisateurs réels. En conclusion, nous avons conçu et implémenté un système de détection de fraude bancaire. Notre solution apporte une réponse concrète à les pertes financières dues aux erreurs humaines. Les travaux futurs porteront sur l'amélioration des performances et la scalabilité du système."
ARCH-0066,Un système de vote électronique avec deep learning et PyTorch,IoT,2024,Etudiant_0066,"Dans le cadre de ce mémoire, nous proposons un système de vote électronique. Face à le coût élevé des solutions existantes sur le marché, nous avons choisi d'utiliser deep learning et PyTorch comme solution principale. La méthodologie adoptée est une étude de cas approfondie avec données réelles.","Pour réaliser ce projet, nous avons adopté une étude de cas approfondie avec données réelles. Cette approche nous permet de livrer des incréments fonctionnels régulièrement. Le travail a été divisé en 4 itérations de durée égale.","Les expérimentations confirment la viabilité de notre approche avec 96% d'efficacité. Comparé aux solutions actuelles, nous observons un gain de 38% sur les métriques clés. Ces résultats ont été validés par une équipe de 18 experts du domaine.","En conclusion, nous avons conçu et implémenté un système de vote électronique. Notre solution apporte une réponse concrète à le coût élevé des solutions existantes sur le marché. Les travaux futurs porteront sur l'amélioration des performances et la scalabilité du système.","Dans le cadre de ce mémoire, nous proposons un système de vote électronique. Face à le coût élevé des solutions existantes sur le marché, nous avons choisi d'utiliser deep learning et PyTorch comme solution principale. La méthodologie adoptée est une étude de cas approfondie avec données réelles. Pour réaliser ce projet, nous avons adopté une étude de cas approfondie avec données réelles. Cette approche nous permet de livrer des incréments fonctionnels régulièrement. Le travail a été divisé en 4 itérations de durée égale. Les expérimentations confirment la viabilité de notre approche avec 96% d'efficacité. Comparé aux solutions actuelles, nous observons un gain de 38% sur les métriques clés. Ces résultats ont été validés par une équipe de 18 experts du domaine. En conclusion, nous avons conçu et implémenté un système de vote électronique. Notre solution apporte une réponse concrète à le coût élevé des solutions existantes sur le marché. Les travaux futurs porteront sur l'amélioration des performances et la scalabilité du système."
ARCH-0067,Un chatbot d'assistance médicale avec Arduino et Raspberry Pi,Cloud,2021,Etudiant_0067,L'objectif de cette étude est de résoudre la lenteur des processus manuels actuels grâce à un chatbot d'assistance médicale. Nous utilisons Arduino et Raspberry Pi combiné avec le prototypage rapide et l'itération continue pour atteindre cet objectif.,"L'approche méthodologique retenue est le prototypage rapide et l'itération continue. Elle se décline en 6 grandes étapes : analyse des besoins, conception, implémentation, tests et déploiement.",Les tests réalisés montrent que notre solution atteint 94% de précision. Les performances obtenues dépassent les solutions existantes de 32%. L'interface utilisateur a été validée par 40 utilisateurs réels.,Ce mémoire présente un chatbot d'assistance médicale comme solution à la lenteur des processus manuels actuels. Les objectifs fixés au départ ont été atteints. Cette étude constitue une base solide pour de futures recherches dans ce domaine.,"L'objectif de cette étude est de résoudre la lenteur des processus manuels actuels grâce à un chatbot d'assistance médicale. Nous utilisons Arduino et Raspberry Pi combiné avec le prototypage rapide et l'itération continue pour atteindre cet objectif. L'approche méthodologique retenue est le prototypage rapide et l'itération continue. Elle se décline en 6 grandes étapes : analyse des besoins, conception, implémentation, tests et déploiement. Les tests réalisés montrent que notre solution atteint 94% de précision. Les performances obtenues dépassent les solutions existantes de 32%. L'interface utilisateur a été validée par 40 utilisateurs réels. Ce mémoire présente un chatbot d'assistance médicale comme solution à la lenteur des processus manuels actuels. Les objectifs fixés au départ ont été atteints. Cette étude constitue une base solide pour de futures recherches dans ce domaine."
ARCH-0068,Un système d'archivage intelligent de documents avec Docker et Kubernetes,Cyber,2021,Etudiant_0068,Ce projet de fin d'études porte sur un système d'archivage intelligent de documents. La motivation principale est le coût élevé des solutions existantes sur le marché qui constitue un défi majeur. Nous proposons une solution basée sur Docker et Kubernetes en suivant une approche la recherche expérimentale avec validation empirique.,La méthodologie de développement choisie est la recherche expérimentale avec validation empirique. Nous avons structuré le travail en 6 phases distinctes. Chaque phase comprend des livrables mesurables et des critères de validation clairs.,Les tests réalisés montrent que notre solution atteint 90% de précision. Les performances obtenues dépassent les solutions existantes de 38%. L'interface utilisateur a été validée par 40 utilisateurs réels.,Ce mémoire présente un système d'archivage intelligent de documents comme solution à le coût élevé des solutions existantes sur le marché. Les objectifs fixés au départ ont été atteints. Cette étude constitue une base solide pour de futures recherches dans ce domaine.,Ce projet de fin d'études porte sur un système d'archivage intelligent de documents. La motivation principale est le coût élevé des solutions existantes sur le marché qui constitue un défi majeur. Nous proposons une solution basée sur Docker et Kubernetes en suivant une approche la recherche expérimentale avec validation empirique. La méthodologie de développement choisie est la recherche expérimentale avec validation empirique. Nous avons structuré le travail en 6 phases distinctes. Chaque phase comprend des livrables mesurables et des critères de validation clairs. Les tests réalisés montrent que notre solution atteint 90% de précision. Les performances obtenues dépassent les solutions existantes de 38%. L'interface utilisateur a été validée par 40 utilisateurs réels. Ce mémoire présente un système d'archivage intelligent de documents comme solution à le coût élevé des solutions existantes sur le marché. Les objectifs fixés au départ ont été atteints. Cette étude constitue une base solide pour de futures recherches dans ce domaine.
ARCH-0069,Un système de détection de fraude bancaire avec Django et PostgreSQL,IoT,2022,Etudiant_0069,Ce projet de fin d'études porte sur un système de détection de fraude bancaire. La motivation principale est la difficulté d'accès aux soins médicaux qui constitue un défi majeur. Nous proposons une solution basée sur Django et PostgreSQL en suivant une approche SCRUM avec des sprints de 2 semaines.,La méthodologie de développement choisie est SCRUM avec des sprints de 2 semaines. Nous avons structuré le travail en 6 phases distinctes. Chaque phase comprend des livrables mesurables et des critères de validation clairs.,Les tests réalisés montrent que notre solution atteint 84% de précision. Les performances obtenues dépassent les solutions existantes de 28%. L'interface utilisateur a été validée par 19 utilisateurs réels.,"En conclusion, nous avons conçu et implémenté un système de détection de fraude bancaire. Notre solution apporte une réponse concrète à la difficulté d'accès aux soins médicaux. Les travaux futurs porteront sur l'amélioration des performances et la scalabilité du système.","Ce projet de fin d'études porte sur un système de détection de fraude bancaire. La motivation principale est la difficulté d'accès aux soins médicaux qui constitue un défi majeur. Nous proposons une solution basée sur Django et PostgreSQL en suivant une approche SCRUM avec des sprints de 2 semaines. La méthodologie de développement choisie est SCRUM avec des sprints de 2 semaines. Nous avons structuré le travail en 6 phases distinctes. Chaque phase comprend des livrables mesurables et des critères de validation clairs. Les tests réalisés montrent que notre solution atteint 84% de précision. Les performances obtenues dépassent les solutions existantes de 28%. L'interface utilisateur a été validée par 19 utilisateurs réels. En conclusion, nous avons conçu et implémenté un système de détection de fraude bancaire. Notre solution apporte une réponse concrète à la difficulté d'accès aux soins médicaux. Les travaux futurs porteront sur l'amélioration des performances et la scalabilité du système."
ARCH-0070,Une plateforme de gestion des ressources humaines avec machine learning et scikit-learn,Mobile,2019,Etudiant_0070,Ce projet de fin d'études porte sur une plateforme de gestion des ressources humaines. La motivation principale est le manque d'accessibilité aux services dans les zones rurales qui constitue un défi majeur. Nous proposons une solution basée sur machine learning et scikit-learn en suivant une approche le prototypage rapide et l'itération continue.,"Pour réaliser ce projet, nous avons adopté le prototypage rapide et l'itération continue. Cette approche nous permet de livrer des incréments fonctionnels régulièrement. Le travail a été divisé en 6 itérations de durée égale.","Les expérimentations confirment la viabilité de notre approche avec 81% d'efficacité. Comparé aux solutions actuelles, nous observons un gain de 34% sur les métriques clés. Ces résultats ont été validés par une équipe de 14 experts du domaine.",Ce mémoire présente une plateforme de gestion des ressources humaines comme solution à le manque d'accessibilité aux services dans les zones rurales. Les objectifs fixés au départ ont été atteints. Cette étude constitue une base solide pour de futures recherches dans ce domaine.,"Ce projet de fin d'études porte sur une plateforme de gestion des ressources humaines. La motivation principale est le manque d'accessibilité aux services dans les zones rurales qui constitue un défi majeur. Nous proposons une solution basée sur machine learning et scikit-learn en suivant une approche le prototypage rapide et l'itération continue. Pour réaliser ce projet, nous avons adopté le prototypage rapide et l'itération continue. Cette approche nous permet de livrer des incréments fonctionnels régulièrement. Le travail a été divisé en 6 itérations de durée égale. Les expérimentations confirment la viabilité de notre approche avec 81% d'efficacité. Comparé aux solutions actuelles, nous observons un gain de 34% sur les métriques clés. Ces résultats ont été validés par une équipe de 14 experts du domaine. Ce mémoire présente une plateforme de gestion des ressources humaines comme solution à le manque d'accessibilité aux services dans les zones rurales. Les objectifs fixés au départ ont été atteints. Cette étude constitue une base solide pour de futures recherches dans ce domaine."
ARCH-0071,Une plateforme de gestion des ressources humaines avec React et FastAPI,Mobile,2020,Etudiant_0071,Ce travail vise à concevoir et implémenter une plateforme de gestion des ressources humaines en utilisant React et FastAPI. La problématique principale est les pertes financières dues aux erreurs humaines. Notre approche repose sur SCRUM avec des sprints de 2 semaines.,"Pour réaliser ce projet, nous avons adopté SCRUM avec des sprints de 2 semaines. Cette approche nous permet de livrer des incréments fonctionnels régulièrement. Le travail a été divisé en 4 itérations de durée égale.","Les expérimentations confirment la viabilité de notre approche avec 89% d'efficacité. Comparé aux solutions actuelles, nous observons un gain de 43% sur les métriques clés. Ces résultats ont été validés par une équipe de 11 experts du domaine.",Ce travail a permis de développer une plateforme de gestion des ressources humaines qui répond efficacement à les pertes financières dues aux erreurs humaines. Les résultats obtenus sont satisfaisants et ouvrent la voie à des améliorations futures. Les perspectives incluent l'intégration de nouvelles fonctionnalités et l'extension à d'autres contextes.,"Ce travail vise à concevoir et implémenter une plateforme de gestion des ressources humaines en utilisant React et FastAPI. La problématique principale est les pertes financières dues aux erreurs humaines. Notre approche repose sur SCRUM avec des sprints de 2 semaines. Pour réaliser ce projet, nous avons adopté SCRUM avec des sprints de 2 semaines. Cette approche nous permet de livrer des incréments fonctionnels régulièrement. Le travail a été divisé en 4 itérations de durée égale. Les expérimentations confirment la viabilité de notre approche avec 89% d'efficacité. Comparé aux solutions actuelles, nous observons un gain de 43% sur les métriques clés. Ces résultats ont été validés par une équipe de 11 experts du domaine. Ce travail a permis de développer une plateforme de gestion des ressources humaines qui répond efficacement à les pertes financières dues aux erreurs humaines. Les résultats obtenus sont satisfaisants et ouvrent la voie à des améliorations futures. Les perspectives incluent l'intégration de nouvelles fonctionnalités et l'extension à d'autres contextes."
ARCH-0072,Un système de surveillance de la qualité de l'air avec machine learning et scikit-learn,Réseau,2021,Etudiant_0072,Ce projet de fin d'études porte sur un système de surveillance de la qualité de l'air. La motivation principale est la sécurité insuffisante des données personnelles qui constitue un défi majeur. Nous proposons une solution basée sur machine learning et scikit-learn en suivant une approche la recherche expérimentale avec validation empirique.,"L'approche méthodologique retenue est la recherche expérimentale avec validation empirique. Elle se décline en 4 grandes étapes : analyse des besoins, conception, implémentation, tests et déploiement.",Les tests réalisés montrent que notre solution atteint 85% de précision. Les performances obtenues dépassent les solutions existantes de 17%. L'interface utilisateur a été validée par 49 utilisateurs réels.,Ce mémoire présente un système de surveillance de la qualité de l'air comme solution à la sécurité insuffisante des données personnelles. Les objectifs fixés au départ ont été atteints. Cette étude constitue une base solide pour de futures recherches dans ce domaine.,"Ce projet de fin d'études porte sur un système de surveillance de la qualité de l'air. La motivation principale est la sécurité insuffisante des données personnelles qui constitue un défi majeur. Nous proposons une solution basée sur machine learning et scikit-learn en suivant une approche la recherche expérimentale avec validation empirique. L'approche méthodologique retenue est la recherche expérimentale avec validation empirique. Elle se décline en 4 grandes étapes : analyse des besoins, conception, implémentation, tests et déploiement. Les tests réalisés montrent que notre solution atteint 85% de précision. Les performances obtenues dépassent les solutions existantes de 17%. L'interface utilisateur a été validée par 49 utilisateurs réels. Ce mémoire présente un système de surveillance de la qualité de l'air comme solution à la sécurité insuffisante des données personnelles. Les objectifs fixés au départ ont été atteints. Cette étude constitue une base solide pour de futures recherches dans ce domaine."
ARCH-0073,Un système d'archivage intelligent de documents avec NLP et transformers BERT,Cyber,2018,Etudiant_0073,Ce projet de fin d'études porte sur un système d'archivage intelligent de documents. La motivation principale est la sécurité insuffisante des données personnelles qui constitue un défi majeur. Nous proposons une solution basée sur NLP et transformers BERT en suivant une approche la recherche expérimentale avec validation empirique.,"L'approche méthodologique retenue est la recherche expérimentale avec validation empirique. Elle se décline en 5 grandes étapes : analyse des besoins, conception, implémentation, tests et déploiement.","Notre système a été évalué sur un jeu de données de 8122 enregistrements. Les résultats indiquent une amélioration de 36% par rapport à l'approche classique. Le temps de réponse moyen est de 197ms, ce qui répond aux exigences.",Ce mémoire présente un système d'archivage intelligent de documents comme solution à la sécurité insuffisante des données personnelles. Les objectifs fixés au départ ont été atteints. Cette étude constitue une base solide pour de futures recherches dans ce domaine.,"Ce projet de fin d'études porte sur un système d'archivage intelligent de documents. La motivation principale est la sécurité insuffisante des données personnelles qui constitue un défi majeur. Nous proposons une solution basée sur NLP et transformers BERT en suivant une approche la recherche expérimentale avec validation empirique. L'approche méthodologique retenue est la recherche expérimentale avec validation empirique. Elle se décline en 5 grandes étapes : analyse des besoins, conception, implémentation, tests et déploiement. Notre système a été évalué sur un jeu de données de 8122 enregistrements. Les résultats indiquent une amélioration de 36% par rapport à l'approche classique. Le temps de réponse moyen est de 197ms, ce qui répond aux exigences. Ce mémoire présente un système d'archivage intelligent de documents comme solution à la sécurité insuffisante des données personnelles. Les objectifs fixés au départ ont été atteints. Cette étude constitue une base solide pour de futures recherches dans ce domaine."
ARCH-0074,Un système de vote électronique avec Docker et Kubernetes,IoT,2022,Etudiant_0074,L'objectif de cette étude est de résoudre l'absence d'outils adaptés au contexte africain grâce à un système de vote électronique. Nous utilisons Docker et Kubernetes combiné avec une étude de cas approfondie avec données réelles pour atteindre cet objectif.,"Pour réaliser ce projet, nous avons adopté une étude de cas approfondie avec données réelles. Cette approche nous permet de livrer des incréments fonctionnels régulièrement. Le travail a été divisé en 5 itérations de durée égale.",Les tests réalisés montrent que notre solution atteint 92% de précision. Les performances obtenues dépassent les solutions existantes de 42%. L'interface utilisateur a été validée par 40 utilisateurs réels.,"En conclusion, nous avons conçu et implémenté un système de vote électronique. Notre solution apporte une réponse concrète à l'absence d'outils adaptés au contexte africain. Les travaux futurs porteront sur l'amélioration des performances et la scalabilité du système.","L'objectif de cette étude est de résoudre l'absence d'outils adaptés au contexte africain grâce à un système de vote électronique. Nous utilisons Docker et Kubernetes combiné avec une étude de cas approfondie avec données réelles pour atteindre cet objectif. Pour réaliser ce projet, nous avons adopté une étude de cas approfondie avec données réelles. Cette approche nous permet de livrer des incréments fonctionnels régulièrement. Le travail a été divisé en 5 itérations de durée égale. Les tests réalisés montrent que notre solution atteint 92% de précision. Les performances obtenues dépassent les solutions existantes de 42%. L'interface utilisateur a été validée par 40 utilisateurs réels. En conclusion, nous avons conçu et implémenté un système de vote électronique. Notre solution apporte une réponse concrète à l'absence d'outils adaptés au contexte africain. Les travaux futurs porteront sur l'amélioration des performances et la scalabilité du système."
ARCH-0075,Une application de paiement mobile sécurisée avec Arduino et Raspberry Pi,Réseau,2023,Etudiant_0075,L'objectif de cette étude est de résoudre la lenteur des processus manuels actuels grâce à une application de paiement mobile sécurisée. Nous utilisons Arduino et Raspberry Pi combiné avec une étude de cas approfondie avec données réelles pour atteindre cet objectif.,La méthodologie de développement choisie est une étude de cas approfondie avec données réelles. Nous avons structuré le travail en 3 phases distinctes. Chaque phase comprend des livrables mesurables et des critères de validation clairs.,"Les expérimentations confirment la viabilité de notre approche avec 95% d'efficacité. Comparé aux solutions actuelles, nous observons un gain de 41% sur les métriques clés. Ces résultats ont été validés par une équipe de 28 experts du domaine.","En conclusion, nous avons conçu et implémenté une application de paiement mobile sécurisée. Notre solution apporte une réponse concrète à la lenteur des processus manuels actuels. Les travaux futurs porteront sur l'amélioration des performances et la scalabilité du système.","L'objectif de cette étude est de résoudre la lenteur des processus manuels actuels grâce à une application de paiement mobile sécurisée. Nous utilisons Arduino et Raspberry Pi combiné avec une étude de cas approfondie avec données réelles pour atteindre cet objectif. La méthodologie de développement choisie est une étude de cas approfondie avec données réelles. Nous avons structuré le travail en 3 phases distinctes. Chaque phase comprend des livrables mesurables et des critères de validation clairs. Les expérimentations confirment la viabilité de notre approche avec 95% d'efficacité. Comparé aux solutions actuelles, nous observons un gain de 41% sur les métriques clés. Ces résultats ont été validés par une équipe de 28 experts du domaine. En conclusion, nous avons conçu et implémenté une application de paiement mobile sécurisée. Notre solution apporte une réponse concrète à la lenteur des processus manuels actuels. Les travaux futurs porteront sur l'amélioration des performances et la scalabilité du système."
ARCH-0076,Un système de gestion des stocks intelligents avec NLP et transformers BERT,Web,2020,Etudiant_0076,Ce travail vise à concevoir et implémenter un système de gestion des stocks intelligents en utilisant NLP et transformers BERT. La problématique principale est l'absence d'outils adaptés au contexte africain. Notre approche repose sur la recherche expérimentale avec validation empirique.,"L'approche méthodologique retenue est la recherche expérimentale avec validation empirique. Elle se décline en 3 grandes étapes : analyse des besoins, conception, implémentation, tests et déploiement.","Notre système a été évalué sur un jeu de données de 6477 enregistrements. Les résultats indiquent une amélioration de 16% par rapport à l'approche classique. Le temps de réponse moyen est de 424ms, ce qui répond aux exigences.",Ce travail a permis de développer un système de gestion des stocks intelligents qui répond efficacement à l'absence d'outils adaptés au contexte africain. Les résultats obtenus sont satisfaisants et ouvrent la voie à des améliorations futures. Les perspectives incluent l'intégration de nouvelles fonctionnalités et l'extension à d'autres contextes.,"Ce travail vise à concevoir et implémenter un système de gestion des stocks intelligents en utilisant NLP et transformers BERT. La problématique principale est l'absence d'outils adaptés au contexte africain. Notre approche repose sur la recherche expérimentale avec validation empirique. L'approche méthodologique retenue est la recherche expérimentale avec validation empirique. Elle se décline en 3 grandes étapes : analyse des besoins, conception, implémentation, tests et déploiement. Notre système a été évalué sur un jeu de données de 6477 enregistrements. Les résultats indiquent une amélioration de 16% par rapport à l'approche classique. Le temps de réponse moyen est de 424ms, ce qui répond aux exigences. Ce travail a permis de développer un système de gestion des stocks intelligents qui répond efficacement à l'absence d'outils adaptés au contexte africain. Les résultats obtenus sont satisfaisants et ouvrent la voie à des améliorations futures. Les perspectives incluent l'intégration de nouvelles fonctionnalités et l'extension à d'autres contextes."
ARCH-0077,Un système de surveillance de la qualité de l'air avec machine learning et scikit-learn,Mobile,2023,Etudiant_0077,"Dans le cadre de ce mémoire, nous proposons un système de surveillance de la qualité de l'air. Face à la sécurité insuffisante des données personnelles, nous avons choisi d'utiliser machine learning et scikit-learn comme solution principale. La méthodologie adoptée est la recherche expérimentale avec validation empirique.","L'approche méthodologique retenue est la recherche expérimentale avec validation empirique. Elle se décline en 5 grandes étapes : analyse des besoins, conception, implémentation, tests et déploiement.","Les expérimentations confirment la viabilité de notre approche avec 96% d'efficacité. Comparé aux solutions actuelles, nous observons un gain de 44% sur les métriques clés. Ces résultats ont été validés par une équipe de 27 experts du domaine.","En conclusion, nous avons conçu et implémenté un système de surveillance de la qualité de l'air. Notre solution apporte une réponse concrète à la sécurité insuffisante des données personnelles. Les travaux futurs porteront sur l'amélioration des performances et la scalabilité du système.","Dans le cadre de ce mémoire, nous proposons un système de surveillance de la qualité de l'air. Face à la sécurité insuffisante des données personnelles, nous avons choisi d'utiliser machine learning et scikit-learn comme solution principale. La méthodologie adoptée est la recherche expérimentale avec validation empirique. L'approche méthodologique retenue est la recherche expérimentale avec validation empirique. Elle se décline en 5 grandes étapes : analyse des besoins, conception, implémentation, tests et déploiement. Les expérimentations confirment la viabilité de notre approche avec 96% d'efficacité. Comparé aux solutions actuelles, nous observons un gain de 44% sur les métriques clés. Ces résultats ont été validés par une équipe de 27 experts du domaine. En conclusion, nous avons conçu et implémenté un système de surveillance de la qualité de l'air. Notre solution apporte une réponse concrète à la sécurité insuffisante des données personnelles. Les travaux futurs porteront sur l'amélioration des performances et la scalabilité du système."
ARCH-0078,Un outil d'analyse de sentiment sur les réseaux sociaux avec Docker et Kubernetes,IA,2020,Etudiant_0078,Ce travail vise à concevoir et implémenter un outil d'analyse de sentiment sur les réseaux sociaux en utilisant Docker et Kubernetes. La problématique principale est le manque d'accessibilité aux services dans les zones rurales. Notre approche repose sur une étude de cas approfondie avec données réelles.,La méthodologie de développement choisie est une étude de cas approfondie avec données réelles. Nous avons structuré le travail en 4 phases distinctes. Chaque phase comprend des livrables mesurables et des critères de validation clairs.,"Les expérimentations confirment la viabilité de notre approche avec 92% d'efficacité. Comparé aux solutions actuelles, nous observons un gain de 45% sur les métriques clés. Ces résultats ont été validés par une équipe de 45 experts du domaine.","En conclusion, nous avons conçu et implémenté un outil d'analyse de sentiment sur les réseaux sociaux. Notre solution apporte une réponse concrète à le manque d'accessibilité aux services dans les zones rurales. Les travaux futurs porteront sur l'amélioration des performances et la scalabilité du système.","Ce travail vise à concevoir et implémenter un outil d'analyse de sentiment sur les réseaux sociaux en utilisant Docker et Kubernetes. La problématique principale est le manque d'accessibilité aux services dans les zones rurales. Notre approche repose sur une étude de cas approfondie avec données réelles. La méthodologie de développement choisie est une étude de cas approfondie avec données réelles. Nous avons structuré le travail en 4 phases distinctes. Chaque phase comprend des livrables mesurables et des critères de validation clairs. Les expérimentations confirment la viabilité de notre approche avec 92% d'efficacité. Comparé aux solutions actuelles, nous observons un gain de 45% sur les métriques clés. Ces résultats ont été validés par une équipe de 45 experts du domaine. En conclusion, nous avons conçu et implémenté un outil d'analyse de sentiment sur les réseaux sociaux. Notre solution apporte une réponse concrète à le manque d'accessibilité aux services dans les zones rurales. Les travaux futurs porteront sur l'amélioration des performances et la scalabilité du système."
ARCH-0079,Un chatbot d'assistance médicale avec React et FastAPI,IoT,2022,Etudiant_0079,L'objectif de cette étude est de résoudre le manque de traçabilité dans les processus administratifs grâce à un chatbot d'assistance médicale. Nous utilisons React et FastAPI combiné avec le prototypage rapide et l'itération continue pour atteindre cet objectif.,"L'approche méthodologique retenue est le prototypage rapide et l'itération continue. Elle se décline en 6 grandes étapes : analyse des besoins, conception, implémentation, tests et déploiement.","Les expérimentations confirment la viabilité de notre approche avec 91% d'efficacité. Comparé aux solutions actuelles, nous observons un gain de 18% sur les métriques clés. Ces résultats ont été validés par une équipe de 24 experts du domaine.",Ce mémoire présente un chatbot d'assistance médicale comme solution à le manque de traçabilité dans les processus administratifs. Les objectifs fixés au départ ont été atteints. Cette étude constitue une base solide pour de futures recherches dans ce domaine.,"L'objectif de cette étude est de résoudre le manque de traçabilité dans les processus administratifs grâce à un chatbot d'assistance médicale. Nous utilisons React et FastAPI combiné avec le prototypage rapide et l'itération continue pour atteindre cet objectif. L'approche méthodologique retenue est le prototypage rapide et l'itération continue. Elle se décline en 6 grandes étapes : analyse des besoins, conception, implémentation, tests et déploiement. Les expérimentations confirment la viabilité de notre approche avec 91% d'efficacité. Comparé aux solutions actuelles, nous observons un gain de 18% sur les métriques clés. Ces résultats ont été validés par une équipe de 24 experts du domaine. Ce mémoire présente un chatbot d'assistance médicale comme solution à le manque de traçabilité dans les processus administratifs. Les objectifs fixés au départ ont été atteints. Cette étude constitue une base solide pour de futures recherches dans ce domaine."
ARCH-0080,Un système de gestion des stocks intelligents avec React et FastAPI,Cyber,2021,Etudiant_0080,Ce projet de fin d'études porte sur un système de gestion des stocks intelligents. La motivation principale est le manque de traçabilité dans les processus administratifs qui constitue un défi majeur. Nous proposons une solution basée sur React et FastAPI en suivant une approche le prototypage rapide et l'itération continue.,La méthodologie de développement choisie est le prototypage rapide et l'itération continue. Nous avons structuré le travail en 4 phases distinctes. Chaque phase comprend des livrables mesurables et des critères de validation clairs.,Les tests réalisés montrent que notre solution atteint 81% de précision. Les performances obtenues dépassent les solutions existantes de 24%. L'interface utilisateur a été validée par 41 utilisateurs réels.,Ce travail a permis de développer un système de gestion des stocks intelligents qui répond efficacement à le manque de traçabilité dans les processus administratifs. Les résultats obtenus sont satisfaisants et ouvrent la voie à des améliorations futures. Les perspectives incluent l'intégration de nouvelles fonctionnalités et l'extension à d'autres contextes.,Ce projet de fin d'études porte sur un système de gestion des stocks intelligents. La motivation principale est le manque de traçabilité dans les processus administratifs qui constitue un défi majeur. Nous proposons une solution basée sur React et FastAPI en suivant une approche le prototypage rapide et l'itération continue. La méthodologie de développement choisie est le prototypage rapide et l'itération continue. Nous avons structuré le travail en 4 phases distinctes. Chaque phase comprend des livrables mesurables et des critères de validation clairs. Les tests réalisés montrent que notre solution atteint 81% de précision. Les performances obtenues dépassent les solutions existantes de 24%. L'interface utilisateur a été validée par 41 utilisateurs réels. Ce travail a permis de développer un système de gestion des stocks intelligents qui répond efficacement à le manque de traçabilité dans les processus administratifs. Les résultats obtenus sont satisfaisants et ouvrent la voie à des améliorations futures. Les perspectives incluent l'intégration de nouvelles fonctionnalités et l'extension à d'autres contextes.
ARCH-0081,Un système de vote électronique avec Docker et Kubernetes,Réseau,2021,Etudiant_0081,"Dans le cadre de ce mémoire, nous proposons un système de vote électronique. Face à les pertes financières dues aux erreurs humaines, nous avons choisi d'utiliser Docker et Kubernetes comme solution principale. La méthodologie adoptée est la recherche-action avec participation des utilisateurs finaux.","Pour réaliser ce projet, nous avons adopté la recherche-action avec participation des utilisateurs finaux. Cette approche nous permet de livrer des incréments fonctionnels régulièrement. Le travail a été divisé en 3 itérations de durée égale.","Notre système a été évalué sur un jeu de données de 1036 enregistrements. Les résultats indiquent une amélioration de 45% par rapport à l'approche classique. Le temps de réponse moyen est de 403ms, ce qui répond aux exigences.","En conclusion, nous avons conçu et implémenté un système de vote électronique. Notre solution apporte une réponse concrète à les pertes financières dues aux erreurs humaines. Les travaux futurs porteront sur l'amélioration des performances et la scalabilité du système.","Dans le cadre de ce mémoire, nous proposons un système de vote électronique. Face à les pertes financières dues aux erreurs humaines, nous avons choisi d'utiliser Docker et Kubernetes comme solution principale. La méthodologie adoptée est la recherche-action avec participation des utilisateurs finaux. Pour réaliser ce projet, nous avons adopté la recherche-action avec participation des utilisateurs finaux. Cette approche nous permet de livrer des incréments fonctionnels régulièrement. Le travail a été divisé en 3 itérations de durée égale. Notre système a été évalué sur un jeu de données de 1036 enregistrements. Les résultats indiquent une amélioration de 45% par rapport à l'approche classique. Le temps de réponse moyen est de 403ms, ce qui répond aux exigences. En conclusion, nous avons conçu et implémenté un système de vote électronique. Notre solution apporte une réponse concrète à les pertes financières dues aux erreurs humaines. Les travaux futurs porteront sur l'amélioration des performances et la scalabilité du système."
ARCH-0082,Un système de vote électronique avec Flutter et Firebase,Web,2023,Etudiant_0082,L'objectif de cette étude est de résoudre la difficulté d'accès aux soins médicaux grâce à un système de vote électronique. Nous utilisons Flutter et Firebase combiné avec SCRUM avec des sprints de 2 semaines pour atteindre cet objectif.,"L'approche méthodologique retenue est SCRUM avec des sprints de 2 semaines. Elle se décline en 5 grandes étapes : analyse des besoins, conception, implémentation, tests et déploiement.",Les tests réalisés montrent que notre solution atteint 92% de précision. Les performances obtenues dépassent les solutions existantes de 23%. L'interface utilisateur a été validée par 22 utilisateurs réels.,"En conclusion, nous avons conçu et implémenté un système de vote électronique. Notre solution apporte une réponse concrète à la difficulté d'accès aux soins médicaux. Les travaux futurs porteront sur l'amélioration des performances et la scalabilité du système.","L'objectif de cette étude est de résoudre la difficulté d'accès aux soins médicaux grâce à un système de vote électronique. Nous utilisons Flutter et Firebase combiné avec SCRUM avec des sprints de 2 semaines pour atteindre cet objectif. L'approche méthodologique retenue est SCRUM avec des sprints de 2 semaines. Elle se décline en 5 grandes étapes : analyse des besoins, conception, implémentation, tests et déploiement. Les tests réalisés montrent que notre solution atteint 92% de précision. Les performances obtenues dépassent les solutions existantes de 23%. L'interface utilisateur a été validée par 22 utilisateurs réels. En conclusion, nous avons conçu et implémenté un système de vote électronique. Notre solution apporte une réponse concrète à la difficulté d'accès aux soins médicaux. Les travaux futurs porteront sur l'amélioration des performances et la scalabilité du système."
ARCH-0083,Un système de gestion des stocks intelligents avec NLP et transformers BERT,Réseau,2020,Etudiant_0083,L'objectif de cette étude est de résoudre la lenteur des processus manuels actuels grâce à un système de gestion des stocks intelligents. Nous utilisons NLP et transformers BERT combiné avec SCRUM avec des sprints de 2 semaines pour atteindre cet objectif.,La méthodologie de développement choisie est SCRUM avec des sprints de 2 semaines. Nous avons structuré le travail en 4 phases distinctes. Chaque phase comprend des livrables mesurables et des critères de validation clairs.,"Les expérimentations confirment la viabilité de notre approche avec 86% d'efficacité. Comparé aux solutions actuelles, nous observons un gain de 17% sur les métriques clés. Ces résultats ont été validés par une équipe de 45 experts du domaine.",Ce travail a permis de développer un système de gestion des stocks intelligents qui répond efficacement à la lenteur des processus manuels actuels. Les résultats obtenus sont satisfaisants et ouvrent la voie à des améliorations futures. Les perspectives incluent l'intégration de nouvelles fonctionnalités et l'extension à d'autres contextes.,"L'objectif de cette étude est de résoudre la lenteur des processus manuels actuels grâce à un système de gestion des stocks intelligents. Nous utilisons NLP et transformers BERT combiné avec SCRUM avec des sprints de 2 semaines pour atteindre cet objectif. La méthodologie de développement choisie est SCRUM avec des sprints de 2 semaines. Nous avons structuré le travail en 4 phases distinctes. Chaque phase comprend des livrables mesurables et des critères de validation clairs. Les expérimentations confirment la viabilité de notre approche avec 86% d'efficacité. Comparé aux solutions actuelles, nous observons un gain de 17% sur les métriques clés. Ces résultats ont été validés par une équipe de 45 experts du domaine. Ce travail a permis de développer un système de gestion des stocks intelligents qui répond efficacement à la lenteur des processus manuels actuels. Les résultats obtenus sont satisfaisants et ouvrent la voie à des améliorations futures. Les perspectives incluent l'intégration de nouvelles fonctionnalités et l'extension à d'autres contextes."
ARCH-0084,Un système de prédiction du décrochage scolaire avec Django et PostgreSQL,Réseau,2022,Etudiant_0084,"Dans le cadre de ce mémoire, nous proposons un système de prédiction du décrochage scolaire. Face à la lenteur des processus manuels actuels, nous avons choisi d'utiliser Django et PostgreSQL comme solution principale. La méthodologie adoptée est le prototypage rapide et l'itération continue.",La méthodologie de développement choisie est le prototypage rapide et l'itération continue. Nous avons structuré le travail en 5 phases distinctes. Chaque phase comprend des livrables mesurables et des critères de validation clairs.,Les tests réalisés montrent que notre solution atteint 83% de précision. Les performances obtenues dépassent les solutions existantes de 36%. L'interface utilisateur a été validée par 11 utilisateurs réels.,"En conclusion, nous avons conçu et implémenté un système de prédiction du décrochage scolaire. Notre solution apporte une réponse concrète à la lenteur des processus manuels actuels. Les travaux futurs porteront sur l'amélioration des performances et la scalabilité du système.","Dans le cadre de ce mémoire, nous proposons un système de prédiction du décrochage scolaire. Face à la lenteur des processus manuels actuels, nous avons choisi d'utiliser Django et PostgreSQL comme solution principale. La méthodologie adoptée est le prototypage rapide et l'itération continue. La méthodologie de développement choisie est le prototypage rapide et l'itération continue. Nous avons structuré le travail en 5 phases distinctes. Chaque phase comprend des livrables mesurables et des critères de validation clairs. Les tests réalisés montrent que notre solution atteint 83% de précision. Les performances obtenues dépassent les solutions existantes de 36%. L'interface utilisateur a été validée par 11 utilisateurs réels. En conclusion, nous avons conçu et implémenté un système de prédiction du décrochage scolaire. Notre solution apporte une réponse concrète à la lenteur des processus manuels actuels. Les travaux futurs porteront sur l'amélioration des performances et la scalabilité du système."
ARCH-0085,Un système de surveillance de la qualité de l'air avec Python et TensorFlow,Web,2021,Etudiant_0085,Ce travail vise à concevoir et implémenter un système de surveillance de la qualité de l'air en utilisant Python et TensorFlow. La problématique principale est la sécurité insuffisante des données personnelles. Notre approche repose sur le prototypage rapide et l'itération continue.,La méthodologie de développement choisie est le prototypage rapide et l'itération continue. Nous avons structuré le travail en 6 phases distinctes. Chaque phase comprend des livrables mesurables et des critères de validation clairs.,"Les expérimentations confirment la viabilité de notre approche avec 83% d'efficacité. Comparé aux solutions actuelles, nous observons un gain de 38% sur les métriques clés. Ces résultats ont été validés par une équipe de 14 experts du domaine.","En conclusion, nous avons conçu et implémenté un système de surveillance de la qualité de l'air. Notre solution apporte une réponse concrète à la sécurité insuffisante des données personnelles. Les travaux futurs porteront sur l'amélioration des performances et la scalabilité du système.","Ce travail vise à concevoir et implémenter un système de surveillance de la qualité de l'air en utilisant Python et TensorFlow. La problématique principale est la sécurité insuffisante des données personnelles. Notre approche repose sur le prototypage rapide et l'itération continue. La méthodologie de développement choisie est le prototypage rapide et l'itération continue. Nous avons structuré le travail en 6 phases distinctes. Chaque phase comprend des livrables mesurables et des critères de validation clairs. Les expérimentations confirment la viabilité de notre approche avec 83% d'efficacité. Comparé aux solutions actuelles, nous observons un gain de 38% sur les métriques clés. Ces résultats ont été validés par une équipe de 14 experts du domaine. En conclusion, nous avons conçu et implémenté un système de surveillance de la qualité de l'air. Notre solution apporte une réponse concrète à la sécurité insuffisante des données personnelles. Les travaux futurs porteront sur l'amélioration des performances et la scalabilité du système."
ARCH-0086,Un chatbot d'assistance médicale avec Flutter et Firebase,BDD,2023,Etudiant_0086,L'objectif de cette étude est de résoudre la lenteur des processus manuels actuels grâce à un chatbot d'assistance médicale. Nous utilisons Flutter et Firebase combiné avec la recherche-action avec participation des utilisateurs finaux pour atteindre cet objectif.,"Pour réaliser ce projet, nous avons adopté la recherche-action avec participation des utilisateurs finaux. Cette approche nous permet de livrer des incréments fonctionnels régulièrement. Le travail a été divisé en 3 itérations de durée égale.",Les tests réalisés montrent que notre solution atteint 95% de précision. Les performances obtenues dépassent les solutions existantes de 42%. L'interface utilisateur a été validée par 35 utilisateurs réels.,Ce travail a permis de développer un chatbot d'assistance médicale qui répond efficacement à la lenteur des processus manuels actuels. Les résultats obtenus sont satisfaisants et ouvrent la voie à des améliorations futures. Les perspectives incluent l'intégration de nouvelles fonctionnalités et l'extension à d'autres contextes.,"L'objectif de cette étude est de résoudre la lenteur des processus manuels actuels grâce à un chatbot d'assistance médicale. Nous utilisons Flutter et Firebase combiné avec la recherche-action avec participation des utilisateurs finaux pour atteindre cet objectif. Pour réaliser ce projet, nous avons adopté la recherche-action avec participation des utilisateurs finaux. Cette approche nous permet de livrer des incréments fonctionnels régulièrement. Le travail a été divisé en 3 itérations de durée égale. Les tests réalisés montrent que notre solution atteint 95% de précision. Les performances obtenues dépassent les solutions existantes de 42%. L'interface utilisateur a été validée par 35 utilisateurs réels. Ce travail a permis de développer un chatbot d'assistance médicale qui répond efficacement à la lenteur des processus manuels actuels. Les résultats obtenus sont satisfaisants et ouvrent la voie à des améliorations futures. Les perspectives incluent l'intégration de nouvelles fonctionnalités et l'extension à d'autres contextes."
ARCH-0087,Un système d'archivage intelligent de documents avec deep learning et PyTorch,Cloud,2022,Etudiant_0087,L'objectif de cette étude est de résoudre le manque d'accessibilité aux services dans les zones rurales grâce à un système d'archivage intelligent de documents. Nous utilisons deep learning et PyTorch combiné avec SCRUM avec des sprints de 2 semaines pour atteindre cet objectif.,"L'approche méthodologique retenue est SCRUM avec des sprints de 2 semaines. Elle se décline en 4 grandes étapes : analyse des besoins, conception, implémentation, tests et déploiement.",Les tests réalisés montrent que notre solution atteint 84% de précision. Les performances obtenues dépassent les solutions existantes de 23%. L'interface utilisateur a été validée par 49 utilisateurs réels.,"En conclusion, nous avons conçu et implémenté un système d'archivage intelligent de documents. Notre solution apporte une réponse concrète à le manque d'accessibilité aux services dans les zones rurales. Les travaux futurs porteront sur l'amélioration des performances et la scalabilité du système.","L'objectif de cette étude est de résoudre le manque d'accessibilité aux services dans les zones rurales grâce à un système d'archivage intelligent de documents. Nous utilisons deep learning et PyTorch combiné avec SCRUM avec des sprints de 2 semaines pour atteindre cet objectif. L'approche méthodologique retenue est SCRUM avec des sprints de 2 semaines. Elle se décline en 4 grandes étapes : analyse des besoins, conception, implémentation, tests et déploiement. Les tests réalisés montrent que notre solution atteint 84% de précision. Les performances obtenues dépassent les solutions existantes de 23%. L'interface utilisateur a été validée par 49 utilisateurs réels. En conclusion, nous avons conçu et implémenté un système d'archivage intelligent de documents. Notre solution apporte une réponse concrète à le manque d'accessibilité aux services dans les zones rurales. Les travaux futurs porteront sur l'amélioration des performances et la scalabilité du système."
ARCH-0088,Un chatbot d'assistance médicale avec Arduino et Raspberry Pi,Cloud,2020,Etudiant_0088,Ce projet de fin d'études porte sur un chatbot d'assistance médicale. La motivation principale est le manque de traçabilité dans les processus administratifs qui constitue un défi majeur. Nous proposons une solution basée sur Arduino et Raspberry Pi en suivant une approche la recherche-action avec participation des utilisateurs finaux.,La méthodologie de développement choisie est la recherche-action avec participation des utilisateurs finaux. Nous avons structuré le travail en 3 phases distinctes. Chaque phase comprend des livrables mesurables et des critères de validation clairs.,"Les expérimentations confirment la viabilité de notre approche avec 97% d'efficacité. Comparé aux solutions actuelles, nous observons un gain de 38% sur les métriques clés. Ces résultats ont été validés par une équipe de 23 experts du domaine.",Ce travail a permis de développer un chatbot d'assistance médicale qui répond efficacement à le manque de traçabilité dans les processus administratifs. Les résultats obtenus sont satisfaisants et ouvrent la voie à des améliorations futures. Les perspectives incluent l'intégration de nouvelles fonctionnalités et l'extension à d'autres contextes.,"Ce projet de fin d'études porte sur un chatbot d'assistance médicale. La motivation principale est le manque de traçabilité dans les processus administratifs qui constitue un défi majeur. Nous proposons une solution basée sur Arduino et Raspberry Pi en suivant une approche la recherche-action avec participation des utilisateurs finaux. La méthodologie de développement choisie est la recherche-action avec participation des utilisateurs finaux. Nous avons structuré le travail en 3 phases distinctes. Chaque phase comprend des livrables mesurables et des critères de validation clairs. Les expérimentations confirment la viabilité de notre approche avec 97% d'efficacité. Comparé aux solutions actuelles, nous observons un gain de 38% sur les métriques clés. Ces résultats ont été validés par une équipe de 23 experts du domaine. Ce travail a permis de développer un chatbot d'assistance médicale qui répond efficacement à le manque de traçabilité dans les processus administratifs. Les résultats obtenus sont satisfaisants et ouvrent la voie à des améliorations futures. Les perspectives incluent l'intégration de nouvelles fonctionnalités et l'extension à d'autres contextes."
ARCH-0089,Un outil d'analyse de sentiment sur les réseaux sociaux avec deep learning et PyTorch,Web,2018,Etudiant_0089,Ce travail vise à concevoir et implémenter un outil d'analyse de sentiment sur les réseaux sociaux en utilisant deep learning et PyTorch. La problématique principale est les pertes financières dues aux erreurs humaines. Notre approche repose sur une étude de cas approfondie avec données réelles.,"Pour réaliser ce projet, nous avons adopté une étude de cas approfondie avec données réelles. Cette approche nous permet de livrer des incréments fonctionnels régulièrement. Le travail a été divisé en 6 itérations de durée égale.","Notre système a été évalué sur un jeu de données de 8270 enregistrements. Les résultats indiquent une amélioration de 26% par rapport à l'approche classique. Le temps de réponse moyen est de 84ms, ce qui répond aux exigences.",Ce travail a permis de développer un outil d'analyse de sentiment sur les réseaux sociaux qui répond efficacement à les pertes financières dues aux erreurs humaines. Les résultats obtenus sont satisfaisants et ouvrent la voie à des améliorations futures. Les perspectives incluent l'intégration de nouvelles fonctionnalités et l'extension à d'autres contextes.,"Ce travail vise à concevoir et implémenter un outil d'analyse de sentiment sur les réseaux sociaux en utilisant deep learning et PyTorch. La problématique principale est les pertes financières dues aux erreurs humaines. Notre approche repose sur une étude de cas approfondie avec données réelles. Pour réaliser ce projet, nous avons adopté une étude de cas approfondie avec données réelles. Cette approche nous permet de livrer des incréments fonctionnels régulièrement. Le travail a été divisé en 6 itérations de durée égale. Notre système a été évalué sur un jeu de données de 8270 enregistrements. Les résultats indiquent une amélioration de 26% par rapport à l'approche classique. Le temps de réponse moyen est de 84ms, ce qui répond aux exigences. Ce travail a permis de développer un outil d'analyse de sentiment sur les réseaux sociaux qui répond efficacement à les pertes financières dues aux erreurs humaines. Les résultats obtenus sont satisfaisants et ouvrent la voie à des améliorations futures. Les perspectives incluent l'intégration de nouvelles fonctionnalités et l'extension à d'autres contextes."
ARCH-0090,Une plateforme e-commerce pour artisans locaux avec React et FastAPI,IA,2020,Etudiant_0090,Ce travail vise à concevoir et implémenter une plateforme e-commerce pour artisans locaux en utilisant React et FastAPI. La problématique principale est la difficulté d'accès aux soins médicaux. Notre approche repose sur la recherche expérimentale avec validation empirique.,"L'approche méthodologique retenue est la recherche expérimentale avec validation empirique. Elle se décline en 5 grandes étapes : analyse des besoins, conception, implémentation, tests et déploiement.","Les expérimentations confirment la viabilité de notre approche avec 83% d'efficacité. Comparé aux solutions actuelles, nous observons un gain de 28% sur les métriques clés. Ces résultats ont été validés par une équipe de 32 experts du domaine.",Ce mémoire présente une plateforme e-commerce pour artisans locaux comme solution à la difficulté d'accès aux soins médicaux. Les objectifs fixés au départ ont été atteints. Cette étude constitue une base solide pour de futures recherches dans ce domaine.,"Ce travail vise à concevoir et implémenter une plateforme e-commerce pour artisans locaux en utilisant React et FastAPI. La problématique principale est la difficulté d'accès aux soins médicaux. Notre approche repose sur la recherche expérimentale avec validation empirique. L'approche méthodologique retenue est la recherche expérimentale avec validation empirique. Elle se décline en 5 grandes étapes : analyse des besoins, conception, implémentation, tests et déploiement. Les expérimentations confirment la viabilité de notre approche avec 83% d'efficacité. Comparé aux solutions actuelles, nous observons un gain de 28% sur les métriques clés. Ces résultats ont été validés par une équipe de 32 experts du domaine. Ce mémoire présente une plateforme e-commerce pour artisans locaux comme solution à la difficulté d'accès aux soins médicaux. Les objectifs fixés au départ ont été atteints. Cette étude constitue une base solide pour de futures recherches dans ce domaine."
ARCH-0091,Une application de covoiturage universitaire avec Arduino et Raspberry Pi,Réseau,2024,Etudiant_0091,"Dans le cadre de ce mémoire, nous proposons une application de covoiturage universitaire. Face à la difficulté d'accès aux soins médicaux, nous avons choisi d'utiliser Arduino et Raspberry Pi comme solution principale. La méthodologie adoptée est SCRUM avec des sprints de 2 semaines.",La méthodologie de développement choisie est SCRUM avec des sprints de 2 semaines. Nous avons structuré le travail en 6 phases distinctes. Chaque phase comprend des livrables mesurables et des critères de validation clairs.,Les tests réalisés montrent que notre solution atteint 83% de précision. Les performances obtenues dépassent les solutions existantes de 26%. L'interface utilisateur a été validée par 45 utilisateurs réels.,"En conclusion, nous avons conçu et implémenté une application de covoiturage universitaire. Notre solution apporte une réponse concrète à la difficulté d'accès aux soins médicaux. Les travaux futurs porteront sur l'amélioration des performances et la scalabilité du système.","Dans le cadre de ce mémoire, nous proposons une application de covoiturage universitaire. Face à la difficulté d'accès aux soins médicaux, nous avons choisi d'utiliser Arduino et Raspberry Pi comme solution principale. La méthodologie adoptée est SCRUM avec des sprints de 2 semaines. La méthodologie de développement choisie est SCRUM avec des sprints de 2 semaines. Nous avons structuré le travail en 6 phases distinctes. Chaque phase comprend des livrables mesurables et des critères de validation clairs. Les tests réalisés montrent que notre solution atteint 83% de précision. Les performances obtenues dépassent les solutions existantes de 26%. L'interface utilisateur a été validée par 45 utilisateurs réels. En conclusion, nous avons conçu et implémenté une application de covoiturage universitaire. Notre solution apporte une réponse concrète à la difficulté d'accès aux soins médicaux. Les travaux futurs porteront sur l'amélioration des performances et la scalabilité du système."
ARCH-0092,Une plateforme e-commerce pour artisans locaux avec blockchain et smart contracts,Cyber,2022,Etudiant_0092,L'objectif de cette étude est de résoudre la lenteur des processus manuels actuels grâce à une plateforme e-commerce pour artisans locaux. Nous utilisons blockchain et smart contracts combiné avec la recherche-action avec participation des utilisateurs finaux pour atteindre cet objectif.,La méthodologie de développement choisie est la recherche-action avec participation des utilisateurs finaux. Nous avons structuré le travail en 4 phases distinctes. Chaque phase comprend des livrables mesurables et des critères de validation clairs.,"Notre système a été évalué sur un jeu de données de 6251 enregistrements. Les résultats indiquent une amélioration de 44% par rapport à l'approche classique. Le temps de réponse moyen est de 53ms, ce qui répond aux exigences.",Ce travail a permis de développer une plateforme e-commerce pour artisans locaux qui répond efficacement à la lenteur des processus manuels actuels. Les résultats obtenus sont satisfaisants et ouvrent la voie à des améliorations futures. Les perspectives incluent l'intégration de nouvelles fonctionnalités et l'extension à d'autres contextes.,"L'objectif de cette étude est de résoudre la lenteur des processus manuels actuels grâce à une plateforme e-commerce pour artisans locaux. Nous utilisons blockchain et smart contracts combiné avec la recherche-action avec participation des utilisateurs finaux pour atteindre cet objectif. La méthodologie de développement choisie est la recherche-action avec participation des utilisateurs finaux. Nous avons structuré le travail en 4 phases distinctes. Chaque phase comprend des livrables mesurables et des critères de validation clairs. Notre système a été évalué sur un jeu de données de 6251 enregistrements. Les résultats indiquent une amélioration de 44% par rapport à l'approche classique. Le temps de réponse moyen est de 53ms, ce qui répond aux exigences. Ce travail a permis de développer une plateforme e-commerce pour artisans locaux qui répond efficacement à la lenteur des processus manuels actuels. Les résultats obtenus sont satisfaisants et ouvrent la voie à des améliorations futures. Les perspectives incluent l'intégration de nouvelles fonctionnalités et l'extension à d'autres contextes."
ARCH-0093,Un système de contrôle d'accès biométrique avec machine learning et scikit-learn,IoT,2024,Etudiant_0093,Ce travail vise à concevoir et implémenter un système de contrôle d'accès biométrique en utilisant machine learning et scikit-learn. La problématique principale est le manque d'accessibilité aux services dans les zones rurales. Notre approche repose sur la recherche expérimentale avec validation empirique.,La méthodologie de développement choisie est la recherche expérimentale avec validation empirique. Nous avons structuré le travail en 4 phases distinctes. Chaque phase comprend des livrables mesurables et des critères de validation clairs.,"Notre système a été évalué sur un jeu de données de 3078 enregistrements. Les résultats indiquent une amélioration de 29% par rapport à l'approche classique. Le temps de réponse moyen est de 239ms, ce qui répond aux exigences.","En conclusion, nous avons conçu et implémenté un système de contrôle d'accès biométrique. Notre solution apporte une réponse concrète à le manque d'accessibilité aux services dans les zones rurales. Les travaux futurs porteront sur l'amélioration des performances et la scalabilité du système.","Ce travail vise à concevoir et implémenter un système de contrôle d'accès biométrique en utilisant machine learning et scikit-learn. La problématique principale est le manque d'accessibilité aux services dans les zones rurales. Notre approche repose sur la recherche expérimentale avec validation empirique. La méthodologie de développement choisie est la recherche expérimentale avec validation empirique. Nous avons structuré le travail en 4 phases distinctes. Chaque phase comprend des livrables mesurables et des critères de validation clairs. Notre système a été évalué sur un jeu de données de 3078 enregistrements. Les résultats indiquent une amélioration de 29% par rapport à l'approche classique. Le temps de réponse moyen est de 239ms, ce qui répond aux exigences. En conclusion, nous avons conçu et implémenté un système de contrôle d'accès biométrique. Notre solution apporte une réponse concrète à le manque d'accessibilité aux services dans les zones rurales. Les travaux futurs porteront sur l'amélioration des performances et la scalabilité du système."
ARCH-0094,Une application de covoiturage universitaire avec NLP et transformers BERT,BDD,2021,Etudiant_0094,"Dans le cadre de ce mémoire, nous proposons une application de covoiturage universitaire. Face à le manque d'accessibilité aux services dans les zones rurales, nous avons choisi d'utiliser NLP et transformers BERT comme solution principale. La méthodologie adoptée est SCRUM avec des sprints de 2 semaines.",La méthodologie de développement choisie est SCRUM avec des sprints de 2 semaines. Nous avons structuré le travail en 3 phases distinctes. Chaque phase comprend des livrables mesurables et des critères de validation clairs.,"Les expérimentations confirment la viabilité de notre approche avec 82% d'efficacité. Comparé aux solutions actuelles, nous observons un gain de 23% sur les métriques clés. Ces résultats ont été validés par une équipe de 38 experts du domaine.",Ce mémoire présente une application de covoiturage universitaire comme solution à le manque d'accessibilité aux services dans les zones rurales. Les objectifs fixés au départ ont été atteints. Cette étude constitue une base solide pour de futures recherches dans ce domaine.,"Dans le cadre de ce mémoire, nous proposons une application de covoiturage universitaire. Face à le manque d'accessibilité aux services dans les zones rurales, nous avons choisi d'utiliser NLP et transformers BERT comme solution principale. La méthodologie adoptée est SCRUM avec des sprints de 2 semaines. La méthodologie de développement choisie est SCRUM avec des sprints de 2 semaines. Nous avons structuré le travail en 3 phases distinctes. Chaque phase comprend des livrables mesurables et des critères de validation clairs. Les expérimentations confirment la viabilité de notre approche avec 82% d'efficacité. Comparé aux solutions actuelles, nous observons un gain de 23% sur les métriques clés. Ces résultats ont été validés par une équipe de 38 experts du domaine. Ce mémoire présente une application de covoiturage universitaire comme solution à le manque d'accessibilité aux services dans les zones rurales. Les objectifs fixés au départ ont été atteints. Cette étude constitue une base solide pour de futures recherches dans ce domaine."
ARCH-0095,Une application de paiement mobile sécurisée avec Flutter et Firebase,Cloud,2022,Etudiant_0095,Ce projet de fin d'études porte sur une application de paiement mobile sécurisée. La motivation principale est le manque d'accessibilité aux services dans les zones rurales qui constitue un défi majeur. Nous proposons une solution basée sur Flutter et Firebase en suivant une approche le prototypage rapide et l'itération continue.,La méthodologie de développement choisie est le prototypage rapide et l'itération continue. Nous avons structuré le travail en 5 phases distinctes. Chaque phase comprend des livrables mesurables et des critères de validation clairs.,"Les expérimentations confirment la viabilité de notre approche avec 98% d'efficacité. Comparé aux solutions actuelles, nous observons un gain de 30% sur les métriques clés. Ces résultats ont été validés par une équipe de 43 experts du domaine.",Ce travail a permis de développer une application de paiement mobile sécurisée qui répond efficacement à le manque d'accessibilité aux services dans les zones rurales. Les résultats obtenus sont satisfaisants et ouvrent la voie à des améliorations futures. Les perspectives incluent l'intégration de nouvelles fonctionnalités et l'extension à d'autres contextes.,"Ce projet de fin d'études porte sur une application de paiement mobile sécurisée. La motivation principale est le manque d'accessibilité aux services dans les zones rurales qui constitue un défi majeur. Nous proposons une solution basée sur Flutter et Firebase en suivant une approche le prototypage rapide et l'itération continue. La méthodologie de développement choisie est le prototypage rapide et l'itération continue. Nous avons structuré le travail en 5 phases distinctes. Chaque phase comprend des livrables mesurables et des critères de validation clairs. Les expérimentations confirment la viabilité de notre approche avec 98% d'efficacité. Comparé aux solutions actuelles, nous observons un gain de 30% sur les métriques clés. Ces résultats ont été validés par une équipe de 43 experts du domaine. Ce travail a permis de développer une application de paiement mobile sécurisée qui répond efficacement à le manque d'accessibilité aux services dans les zones rurales. Les résultats obtenus sont satisfaisants et ouvrent la voie à des améliorations futures. Les perspectives incluent l'intégration de nouvelles fonctionnalités et l'extension à d'autres contextes."
ARCH-0096,Un système de détection de fraude bancaire avec Python et TensorFlow,Cyber,2019,Etudiant_0096,"Dans le cadre de ce mémoire, nous proposons un système de détection de fraude bancaire. Face à le coût élevé des solutions existantes sur le marché, nous avons choisi d'utiliser Python et TensorFlow comme solution principale. La méthodologie adoptée est le prototypage rapide et l'itération continue.",La méthodologie de développement choisie est le prototypage rapide et l'itération continue. Nous avons structuré le travail en 5 phases distinctes. Chaque phase comprend des livrables mesurables et des critères de validation clairs.,"Notre système a été évalué sur un jeu de données de 8649 enregistrements. Les résultats indiquent une amélioration de 18% par rapport à l'approche classique. Le temps de réponse moyen est de 432ms, ce qui répond aux exigences.","En conclusion, nous avons conçu et implémenté un système de détection de fraude bancaire. Notre solution apporte une réponse concrète à le coût élevé des solutions existantes sur le marché. Les travaux futurs porteront sur l'amélioration des performances et la scalabilité du système.","Dans le cadre de ce mémoire, nous proposons un système de détection de fraude bancaire. Face à le coût élevé des solutions existantes sur le marché, nous avons choisi d'utiliser Python et TensorFlow comme solution principale. La méthodologie adoptée est le prototypage rapide et l'itération continue. La méthodologie de développement choisie est le prototypage rapide et l'itération continue. Nous avons structuré le travail en 5 phases distinctes. Chaque phase comprend des livrables mesurables et des critères de validation clairs. Notre système a été évalué sur un jeu de données de 8649 enregistrements. Les résultats indiquent une amélioration de 18% par rapport à l'approche classique. Le temps de réponse moyen est de 432ms, ce qui répond aux exigences. En conclusion, nous avons conçu et implémenté un système de détection de fraude bancaire. Notre solution apporte une réponse concrète à le coût élevé des solutions existantes sur le marché. Les travaux futurs porteront sur l'amélioration des performances et la scalabilité du système."
ARCH-0097,Une plateforme e-commerce pour artisans locaux avec blockchain et smart contracts,Cloud,2022,Etudiant_0097,L'objectif de cette étude est de résoudre le coût élevé des solutions existantes sur le marché grâce à une plateforme e-commerce pour artisans locaux. Nous utilisons blockchain et smart contracts combiné avec la recherche-action avec participation des utilisateurs finaux pour atteindre cet objectif.,La méthodologie de développement choisie est la recherche-action avec participation des utilisateurs finaux. Nous avons structuré le travail en 6 phases distinctes. Chaque phase comprend des livrables mesurables et des critères de validation clairs.,"Les expérimentations confirment la viabilité de notre approche avec 81% d'efficacité. Comparé aux solutions actuelles, nous observons un gain de 28% sur les métriques clés. Ces résultats ont été validés par une équipe de 11 experts du domaine.","En conclusion, nous avons conçu et implémenté une plateforme e-commerce pour artisans locaux. Notre solution apporte une réponse concrète à le coût élevé des solutions existantes sur le marché. Les travaux futurs porteront sur l'amélioration des performances et la scalabilité du système.","L'objectif de cette étude est de résoudre le coût élevé des solutions existantes sur le marché grâce à une plateforme e-commerce pour artisans locaux. Nous utilisons blockchain et smart contracts combiné avec la recherche-action avec participation des utilisateurs finaux pour atteindre cet objectif. La méthodologie de développement choisie est la recherche-action avec participation des utilisateurs finaux. Nous avons structuré le travail en 6 phases distinctes. Chaque phase comprend des livrables mesurables et des critères de validation clairs. Les expérimentations confirment la viabilité de notre approche avec 81% d'efficacité. Comparé aux solutions actuelles, nous observons un gain de 28% sur les métriques clés. Ces résultats ont été validés par une équipe de 11 experts du domaine. En conclusion, nous avons conçu et implémenté une plateforme e-commerce pour artisans locaux. Notre solution apporte une réponse concrète à le coût élevé des solutions existantes sur le marché. Les travaux futurs porteront sur l'amélioration des performances et la scalabilité du système."
ARCH-0098,Une plateforme e-commerce pour artisans locaux avec machine learning et scikit-learn,Réseau,2021,Etudiant_0098,Ce projet de fin d'études porte sur une plateforme e-commerce pour artisans locaux. La motivation principale est l'absence d'outils adaptés au contexte africain qui constitue un défi majeur. Nous proposons une solution basée sur machine learning et scikit-learn en suivant une approche SCRUM avec des sprints de 2 semaines.,La méthodologie de développement choisie est SCRUM avec des sprints de 2 semaines. Nous avons structuré le travail en 5 phases distinctes. Chaque phase comprend des livrables mesurables et des critères de validation clairs.,Les tests réalisés montrent que notre solution atteint 94% de précision. Les performances obtenues dépassent les solutions existantes de 41%. L'interface utilisateur a été validée par 33 utilisateurs réels.,Ce travail a permis de développer une plateforme e-commerce pour artisans locaux qui répond efficacement à l'absence d'outils adaptés au contexte africain. Les résultats obtenus sont satisfaisants et ouvrent la voie à des améliorations futures. Les perspectives incluent l'intégration de nouvelles fonctionnalités et l'extension à d'autres contextes.,Ce projet de fin d'études porte sur une plateforme e-commerce pour artisans locaux. La motivation principale est l'absence d'outils adaptés au contexte africain qui constitue un défi majeur. Nous proposons une solution basée sur machine learning et scikit-learn en suivant une approche SCRUM avec des sprints de 2 semaines. La méthodologie de développement choisie est SCRUM avec des sprints de 2 semaines. Nous avons structuré le travail en 5 phases distinctes. Chaque phase comprend des livrables mesurables et des critères de validation clairs. Les tests réalisés montrent que notre solution atteint 94% de précision. Les performances obtenues dépassent les solutions existantes de 41%. L'interface utilisateur a été validée par 33 utilisateurs réels. Ce travail a permis de développer une plateforme e-commerce pour artisans locaux qui répond efficacement à l'absence d'outils adaptés au contexte africain. Les résultats obtenus sont satisfaisants et ouvrent la voie à des améliorations futures. Les perspectives incluent l'intégration de nouvelles fonctionnalités et l'extension à d'autres contextes.
ARCH-0099,Une application de covoiturage universitaire avec machine learning et scikit-learn,Web,2022,Etudiant_0099,L'objectif de cette étude est de résoudre le manque d'accessibilité aux services dans les zones rurales grâce à une application de covoiturage universitaire. Nous utilisons machine learning et scikit-learn combiné avec une étude de cas approfondie avec données réelles pour atteindre cet objectif.,"L'approche méthodologique retenue est une étude de cas approfondie avec données réelles. Elle se décline en 5 grandes étapes : analyse des besoins, conception, implémentation, tests et déploiement.",Les tests réalisés montrent que notre solution atteint 90% de précision. Les performances obtenues dépassent les solutions existantes de 39%. L'interface utilisateur a été validée par 20 utilisateurs réels.,Ce mémoire présente une application de covoiturage universitaire comme solution à le manque d'accessibilité aux services dans les zones rurales. Les objectifs fixés au départ ont été atteints. Cette étude constitue une base solide pour de futures recherches dans ce domaine.,"L'objectif de cette étude est de résoudre le manque d'accessibilité aux services dans les zones rurales grâce à une application de covoiturage universitaire. Nous utilisons machine learning et scikit-learn combiné avec une étude de cas approfondie avec données réelles pour atteindre cet objectif. L'approche méthodologique retenue est une étude de cas approfondie avec données réelles. Elle se décline en 5 grandes étapes : analyse des besoins, conception, implémentation, tests et déploiement. Les tests réalisés montrent que notre solution atteint 90% de précision. Les performances obtenues dépassent les solutions existantes de 39%. L'interface utilisateur a été validée par 20 utilisateurs réels. Ce mémoire présente une application de covoiturage universitaire comme solution à le manque d'accessibilité aux services dans les zones rurales. Les objectifs fixés au départ ont été atteints. Cette étude constitue une base solide pour de futures recherches dans ce domaine."
ARCH-0100,Un chatbot d'assistance médicale avec Flutter et Firebase,Web,2019,Etudiant_0100,"Dans le cadre de ce mémoire, nous proposons un chatbot d'assistance médicale. Face à la difficulté d'accès aux soins médicaux, nous avons choisi d'utiliser Flutter et Firebase comme solution principale. La méthodologie adoptée est le prototypage rapide et l'itération continue.",La méthodologie de développement choisie est le prototypage rapide et l'itération continue. Nous avons structuré le travail en 3 phases distinctes. Chaque phase comprend des livrables mesurables et des critères de validation clairs.,Les tests réalisés montrent que notre solution atteint 88% de précision. Les performances obtenues dépassent les solutions existantes de 21%. L'interface utilisateur a été validée par 21 utilisateurs réels.,Ce mémoire présente un chatbot d'assistance médicale comme solution à la difficulté d'accès aux soins médicaux. Les objectifs fixés au départ ont été atteints. Cette étude constitue une base solide pour de futures recherches dans ce domaine.,"Dans le cadre de ce mémoire, nous proposons un chatbot d'assistance médicale. Face à la difficulté d'accès aux soins médicaux, nous avons choisi d'utiliser Flutter et Firebase comme solution principale. La méthodologie adoptée est le prototypage rapide et l'itération continue. La méthodologie de développement choisie est le prototypage rapide et l'itération continue. Nous avons structuré le travail en 3 phases distinctes. Chaque phase comprend des livrables mesurables et des critères de validation clairs. Les tests réalisés montrent que notre solution atteint 88% de précision. Les performances obtenues dépassent les solutions existantes de 21%. L'interface utilisateur a été validée par 21 utilisateurs réels. Ce mémoire présente un chatbot d'assistance médicale comme solution à la difficulté d'accès aux soins médicaux. Les objectifs fixés au départ ont été atteints. Cette étude constitue une base solide pour de futures recherches dans ce domaine."
ARCH-0101,Un système de prédiction du décrochage scolaire avec deep learning et PyTorch,Mobile,2024,Etudiant_0101,Ce projet de fin d'études porte sur un système de prédiction du décrochage scolaire. La motivation principale est le manque de traçabilité dans les processus administratifs qui constitue un défi majeur. Nous proposons une solution basée sur deep learning et PyTorch en suivant une approche la recherche-action avec participation des utilisateurs finaux.,"L'approche méthodologique retenue est la recherche-action avec participation des utilisateurs finaux. Elle se décline en 5 grandes étapes : analyse des besoins, conception, implémentation, tests et déploiement.","Les expérimentations confirment la viabilité de notre approche avec 90% d'efficacité. Comparé aux solutions actuelles, nous observons un gain de 19% sur les métriques clés. Ces résultats ont été validés par une équipe de 38 experts du domaine.","En conclusion, nous avons conçu et implémenté un système de prédiction du décrochage scolaire. Notre solution apporte une réponse concrète à le manque de traçabilité dans les processus administratifs. Les travaux futurs porteront sur l'amélioration des performances et la scalabilité du système.","Ce projet de fin d'études porte sur un système de prédiction du décrochage scolaire. La motivation principale est le manque de traçabilité dans les processus administratifs qui constitue un défi majeur. Nous proposons une solution basée sur deep learning et PyTorch en suivant une approche la recherche-action avec participation des utilisateurs finaux. L'approche méthodologique retenue est la recherche-action avec participation des utilisateurs finaux. Elle se décline en 5 grandes étapes : analyse des besoins, conception, implémentation, tests et déploiement. Les expérimentations confirment la viabilité de notre approche avec 90% d'efficacité. Comparé aux solutions actuelles, nous observons un gain de 19% sur les métriques clés. Ces résultats ont été validés par une équipe de 38 experts du domaine. En conclusion, nous avons conçu et implémenté un système de prédiction du décrochage scolaire. Notre solution apporte une réponse concrète à le manque de traçabilité dans les processus administratifs. Les travaux futurs porteront sur l'amélioration des performances et la scalabilité du système."
ARCH-0102,Une application de paiement mobile sécurisée avec NLP et transformers BERT,Web,2022,Etudiant_0102,Ce travail vise à concevoir et implémenter une application de paiement mobile sécurisée en utilisant NLP et transformers BERT. La problématique principale est la lenteur des processus manuels actuels. Notre approche repose sur le prototypage rapide et l'itération continue.,"Pour réaliser ce projet, nous avons adopté le prototypage rapide et l'itération continue. Cette approche nous permet de livrer des incréments fonctionnels régulièrement. Le travail a été divisé en 6 itérations de durée égale.","Notre système a été évalué sur un jeu de données de 5203 enregistrements. Les résultats indiquent une amélioration de 16% par rapport à l'approche classique. Le temps de réponse moyen est de 89ms, ce qui répond aux exigences.",Ce mémoire présente une application de paiement mobile sécurisée comme solution à la lenteur des processus manuels actuels. Les objectifs fixés au départ ont été atteints. Cette étude constitue une base solide pour de futures recherches dans ce domaine.,"Ce travail vise à concevoir et implémenter une application de paiement mobile sécurisée en utilisant NLP et transformers BERT. La problématique principale est la lenteur des processus manuels actuels. Notre approche repose sur le prototypage rapide et l'itération continue. Pour réaliser ce projet, nous avons adopté le prototypage rapide et l'itération continue. Cette approche nous permet de livrer des incréments fonctionnels régulièrement. Le travail a été divisé en 6 itérations de durée égale. Notre système a été évalué sur un jeu de données de 5203 enregistrements. Les résultats indiquent une amélioration de 16% par rapport à l'approche classique. Le temps de réponse moyen est de 89ms, ce qui répond aux exigences. Ce mémoire présente une application de paiement mobile sécurisée comme solution à la lenteur des processus manuels actuels. Les objectifs fixés au départ ont été atteints. Cette étude constitue une base solide pour de futures recherches dans ce domaine."
ARCH-0103,Une application de covoiturage universitaire avec blockchain et smart contracts,IoT,2023,Etudiant_0103,Ce travail vise à concevoir et implémenter une application de covoiturage universitaire en utilisant blockchain et smart contracts. La problématique principale est les pertes financières dues aux erreurs humaines. Notre approche repose sur une étude de cas approfondie avec données réelles.,"Pour réaliser ce projet, nous avons adopté une étude de cas approfondie avec données réelles. Cette approche nous permet de livrer des incréments fonctionnels régulièrement. Le travail a été divisé en 4 itérations de durée égale.","Notre système a été évalué sur un jeu de données de 1513 enregistrements. Les résultats indiquent une amélioration de 31% par rapport à l'approche classique. Le temps de réponse moyen est de 280ms, ce qui répond aux exigences.",Ce travail a permis de développer une application de covoiturage universitaire qui répond efficacement à les pertes financières dues aux erreurs humaines. Les résultats obtenus sont satisfaisants et ouvrent la voie à des améliorations futures. Les perspectives incluent l'intégration de nouvelles fonctionnalités et l'extension à d'autres contextes.,"Ce travail vise à concevoir et implémenter une application de covoiturage universitaire en utilisant blockchain et smart contracts. La problématique principale est les pertes financières dues aux erreurs humaines. Notre approche repose sur une étude de cas approfondie avec données réelles. Pour réaliser ce projet, nous avons adopté une étude de cas approfondie avec données réelles. Cette approche nous permet de livrer des incréments fonctionnels régulièrement. Le travail a été divisé en 4 itérations de durée égale. Notre système a été évalué sur un jeu de données de 1513 enregistrements. Les résultats indiquent une amélioration de 31% par rapport à l'approche classique. Le temps de réponse moyen est de 280ms, ce qui répond aux exigences. Ce travail a permis de développer une application de covoiturage universitaire qui répond efficacement à les pertes financières dues aux erreurs humaines. Les résultats obtenus sont satisfaisants et ouvrent la voie à des améliorations futures. Les perspectives incluent l'intégration de nouvelles fonctionnalités et l'extension à d'autres contextes."
ARCH-0104,Une plateforme de télémédecine avec blockchain et smart contracts,Mobile,2021,Etudiant_0104,"Dans le cadre de ce mémoire, nous proposons une plateforme de télémédecine. Face à la sécurité insuffisante des données personnelles, nous avons choisi d'utiliser blockchain et smart contracts comme solution principale. La méthodologie adoptée est SCRUM avec des sprints de 2 semaines.","L'approche méthodologique retenue est SCRUM avec des sprints de 2 semaines. Elle se décline en 6 grandes étapes : analyse des besoins, conception, implémentation, tests et déploiement.","Notre système a été évalué sur un jeu de données de 3100 enregistrements. Les résultats indiquent une amélioration de 31% par rapport à l'approche classique. Le temps de réponse moyen est de 236ms, ce qui répond aux exigences.","En conclusion, nous avons conçu et implémenté une plateforme de télémédecine. Notre solution apporte une réponse concrète à la sécurité insuffisante des données personnelles. Les travaux futurs porteront sur l'amélioration des performances et la scalabilité du système.","Dans le cadre de ce mémoire, nous proposons une plateforme de télémédecine. Face à la sécurité insuffisante des données personnelles, nous avons choisi d'utiliser blockchain et smart contracts comme solution principale. La méthodologie adoptée est SCRUM avec des sprints de 2 semaines. L'approche méthodologique retenue est SCRUM avec des sprints de 2 semaines. Elle se décline en 6 grandes étapes : analyse des besoins, conception, implémentation, tests et déploiement. Notre système a été évalué sur un jeu de données de 3100 enregistrements. Les résultats indiquent une amélioration de 31% par rapport à l'approche classique. Le temps de réponse moyen est de 236ms, ce qui répond aux exigences. En conclusion, nous avons conçu et implémenté une plateforme de télémédecine. Notre solution apporte une réponse concrète à la sécurité insuffisante des données personnelles. Les travaux futurs porteront sur l'amélioration des performances et la scalabilité du système."
ARCH-0105,Une plateforme e-commerce pour artisans locaux avec Docker et Kubernetes,Cyber,2020,Etudiant_0105,Ce travail vise à concevoir et implémenter une plateforme e-commerce pour artisans locaux en utilisant Docker et Kubernetes. La problématique principale est la lenteur des processus manuels actuels. Notre approche repose sur le prototypage rapide et l'itération continue.,"Pour réaliser ce projet, nous avons adopté le prototypage rapide et l'itération continue. Cette approche nous permet de livrer des incréments fonctionnels régulièrement. Le travail a été divisé en 3 itérations de durée égale.","Les expérimentations confirment la viabilité de notre approche avec 92% d'efficacité. Comparé aux solutions actuelles, nous observons un gain de 24% sur les métriques clés. Ces résultats ont été validés par une équipe de 26 experts du domaine.",Ce travail a permis de développer une plateforme e-commerce pour artisans locaux qui répond efficacement à la lenteur des processus manuels actuels. Les résultats obtenus sont satisfaisants et ouvrent la voie à des améliorations futures. Les perspectives incluent l'intégration de nouvelles fonctionnalités et l'extension à d'autres contextes.,"Ce travail vise à concevoir et implémenter une plateforme e-commerce pour artisans locaux en utilisant Docker et Kubernetes. La problématique principale est la lenteur des processus manuels actuels. Notre approche repose sur le prototypage rapide et l'itération continue. Pour réaliser ce projet, nous avons adopté le prototypage rapide et l'itération continue. Cette approche nous permet de livrer des incréments fonctionnels régulièrement. Le travail a été divisé en 3 itérations de durée égale. Les expérimentations confirment la viabilité de notre approche avec 92% d'efficacité. Comparé aux solutions actuelles, nous observons un gain de 24% sur les métriques clés. Ces résultats ont été validés par une équipe de 26 experts du domaine. Ce travail a permis de développer une plateforme e-commerce pour artisans locaux qui répond efficacement à la lenteur des processus manuels actuels. Les résultats obtenus sont satisfaisants et ouvrent la voie à des améliorations futures. Les perspectives incluent l'intégration de nouvelles fonctionnalités et l'extension à d'autres contextes."
ARCH-0106,Une application de paiement mobile sécurisée avec machine learning et scikit-learn,Cloud,2022,Etudiant_0106,Ce travail vise à concevoir et implémenter une application de paiement mobile sécurisée en utilisant machine learning et scikit-learn. La problématique principale est la sécurité insuffisante des données personnelles. Notre approche repose sur la recherche-action avec participation des utilisateurs finaux.,"Pour réaliser ce projet, nous avons adopté la recherche-action avec participation des utilisateurs finaux. Cette approche nous permet de livrer des incréments fonctionnels régulièrement. Le travail a été divisé en 6 itérations de durée égale.","Les expérimentations confirment la viabilité de notre approche avec 90% d'efficacité. Comparé aux solutions actuelles, nous observons un gain de 41% sur les métriques clés. Ces résultats ont été validés par une équipe de 18 experts du domaine.",Ce mémoire présente une application de paiement mobile sécurisée comme solution à la sécurité insuffisante des données personnelles. Les objectifs fixés au départ ont été atteints. Cette étude constitue une base solide pour de futures recherches dans ce domaine.,"Ce travail vise à concevoir et implémenter une application de paiement mobile sécurisée en utilisant machine learning et scikit-learn. La problématique principale est la sécurité insuffisante des données personnelles. Notre approche repose sur la recherche-action avec participation des utilisateurs finaux. Pour réaliser ce projet, nous avons adopté la recherche-action avec participation des utilisateurs finaux. Cette approche nous permet de livrer des incréments fonctionnels régulièrement. Le travail a été divisé en 6 itérations de durée égale. Les expérimentations confirment la viabilité de notre approche avec 90% d'efficacité. Comparé aux solutions actuelles, nous observons un gain de 41% sur les métriques clés. Ces résultats ont été validés par une équipe de 18 experts du domaine. Ce mémoire présente une application de paiement mobile sécurisée comme solution à la sécurité insuffisante des données personnelles. Les objectifs fixés au départ ont été atteints. Cette étude constitue une base solide pour de futures recherches dans ce domaine."
ARCH-0107,Un système de surveillance de la qualité de l'air avec Python et TensorFlow,Web,2022,Etudiant_0107,"Dans le cadre de ce mémoire, nous proposons un système de surveillance de la qualité de l'air. Face à la difficulté d'accès aux soins médicaux, nous avons choisi d'utiliser Python et TensorFlow comme solution principale. La méthodologie adoptée est le prototypage rapide et l'itération continue.",La méthodologie de développement choisie est le prototypage rapide et l'itération continue. Nous avons structuré le travail en 5 phases distinctes. Chaque phase comprend des livrables mesurables et des critères de validation clairs.,"Notre système a été évalué sur un jeu de données de 3038 enregistrements. Les résultats indiquent une amélioration de 22% par rapport à l'approche classique. Le temps de réponse moyen est de 89ms, ce qui répond aux exigences.","En conclusion, nous avons conçu et implémenté un système de surveillance de la qualité de l'air. Notre solution apporte une réponse concrète à la difficulté d'accès aux soins médicaux. Les travaux futurs porteront sur l'amélioration des performances et la scalabilité du système.","Dans le cadre de ce mémoire, nous proposons un système de surveillance de la qualité de l'air. Face à la difficulté d'accès aux soins médicaux, nous avons choisi d'utiliser Python et TensorFlow comme solution principale. La méthodologie adoptée est le prototypage rapide et l'itération continue. La méthodologie de développement choisie est le prototypage rapide et l'itération continue. Nous avons structuré le travail en 5 phases distinctes. Chaque phase comprend des livrables mesurables et des critères de validation clairs. Notre système a été évalué sur un jeu de données de 3038 enregistrements. Les résultats indiquent une amélioration de 22% par rapport à l'approche classique. Le temps de réponse moyen est de 89ms, ce qui répond aux exigences. En conclusion, nous avons conçu et implémenté un système de surveillance de la qualité de l'air. Notre solution apporte une réponse concrète à la difficulté d'accès aux soins médicaux. Les travaux futurs porteront sur l'amélioration des performances et la scalabilité du système."
ARCH-0108,Un système de prédiction du décrochage scolaire avec blockchain et smart contracts,IA,2021,Etudiant_0108,"Dans le cadre de ce mémoire, nous proposons un système de prédiction du décrochage scolaire. Face à la lenteur des processus manuels actuels, nous avons choisi d'utiliser blockchain et smart contracts comme solution principale. La méthodologie adoptée est le prototypage rapide et l'itération continue.","L'approche méthodologique retenue est le prototypage rapide et l'itération continue. Elle se décline en 6 grandes étapes : analyse des besoins, conception, implémentation, tests et déploiement.",Les tests réalisés montrent que notre solution atteint 85% de précision. Les performances obtenues dépassent les solutions existantes de 20%. L'interface utilisateur a été validée par 49 utilisateurs réels.,"En conclusion, nous avons conçu et implémenté un système de prédiction du décrochage scolaire. Notre solution apporte une réponse concrète à la lenteur des processus manuels actuels. Les travaux futurs porteront sur l'amélioration des performances et la scalabilité du système.","Dans le cadre de ce mémoire, nous proposons un système de prédiction du décrochage scolaire. Face à la lenteur des processus manuels actuels, nous avons choisi d'utiliser blockchain et smart contracts comme solution principale. La méthodologie adoptée est le prototypage rapide et l'itération continue. L'approche méthodologique retenue est le prototypage rapide et l'itération continue. Elle se décline en 6 grandes étapes : analyse des besoins, conception, implémentation, tests et déploiement. Les tests réalisés montrent que notre solution atteint 85% de précision. Les performances obtenues dépassent les solutions existantes de 20%. L'interface utilisateur a été validée par 49 utilisateurs réels. En conclusion, nous avons conçu et implémenté un système de prédiction du décrochage scolaire. Notre solution apporte une réponse concrète à la lenteur des processus manuels actuels. Les travaux futurs porteront sur l'amélioration des performances et la scalabilité du système."
ARCH-0109,Un système de surveillance de la qualité de l'air avec Flutter et Firebase,IoT,2023,Etudiant_0109,L'objectif de cette étude est de résoudre le manque de traçabilité dans les processus administratifs grâce à un système de surveillance de la qualité de l'air. Nous utilisons Flutter et Firebase combiné avec la recherche-action avec participation des utilisateurs finaux pour atteindre cet objectif.,"L'approche méthodologique retenue est la recherche-action avec participation des utilisateurs finaux. Elle se décline en 6 grandes étapes : analyse des besoins, conception, implémentation, tests et déploiement.",Les tests réalisés montrent que notre solution atteint 97% de précision. Les performances obtenues dépassent les solutions existantes de 22%. L'interface utilisateur a été validée par 29 utilisateurs réels.,Ce travail a permis de développer un système de surveillance de la qualité de l'air qui répond efficacement à le manque de traçabilité dans les processus administratifs. Les résultats obtenus sont satisfaisants et ouvrent la voie à des améliorations futures. Les perspectives incluent l'intégration de nouvelles fonctionnalités et l'extension à d'autres contextes.,"L'objectif de cette étude est de résoudre le manque de traçabilité dans les processus administratifs grâce à un système de surveillance de la qualité de l'air. Nous utilisons Flutter et Firebase combiné avec la recherche-action avec participation des utilisateurs finaux pour atteindre cet objectif. L'approche méthodologique retenue est la recherche-action avec participation des utilisateurs finaux. Elle se décline en 6 grandes étapes : analyse des besoins, conception, implémentation, tests et déploiement. Les tests réalisés montrent que notre solution atteint 97% de précision. Les performances obtenues dépassent les solutions existantes de 22%. L'interface utilisateur a été validée par 29 utilisateurs réels. Ce travail a permis de développer un système de surveillance de la qualité de l'air qui répond efficacement à le manque de traçabilité dans les processus administratifs. Les résultats obtenus sont satisfaisants et ouvrent la voie à des améliorations futures. Les perspectives incluent l'intégration de nouvelles fonctionnalités et l'extension à d'autres contextes."
ARCH-0110,Une application de covoiturage universitaire avec deep learning et PyTorch,IA,2023,Etudiant_0110,Ce projet de fin d'études porte sur une application de covoiturage universitaire. La motivation principale est le manque de traçabilité dans les processus administratifs qui constitue un défi majeur. Nous proposons une solution basée sur deep learning et PyTorch en suivant une approche le prototypage rapide et l'itération continue.,"L'approche méthodologique retenue est le prototypage rapide et l'itération continue. Elle se décline en 6 grandes étapes : analyse des besoins, conception, implémentation, tests et déploiement.",Les tests réalisés montrent que notre solution atteint 86% de précision. Les performances obtenues dépassent les solutions existantes de 40%. L'interface utilisateur a été validée par 48 utilisateurs réels.,"En conclusion, nous avons conçu et implémenté une application de covoiturage universitaire. Notre solution apporte une réponse concrète à le manque de traçabilité dans les processus administratifs. Les travaux futurs porteront sur l'amélioration des performances et la scalabilité du système.","Ce projet de fin d'études porte sur une application de covoiturage universitaire. La motivation principale est le manque de traçabilité dans les processus administratifs qui constitue un défi majeur. Nous proposons une solution basée sur deep learning et PyTorch en suivant une approche le prototypage rapide et l'itération continue. L'approche méthodologique retenue est le prototypage rapide et l'itération continue. Elle se décline en 6 grandes étapes : analyse des besoins, conception, implémentation, tests et déploiement. Les tests réalisés montrent que notre solution atteint 86% de précision. Les performances obtenues dépassent les solutions existantes de 40%. L'interface utilisateur a été validée par 48 utilisateurs réels. En conclusion, nous avons conçu et implémenté une application de covoiturage universitaire. Notre solution apporte une réponse concrète à le manque de traçabilité dans les processus administratifs. Les travaux futurs porteront sur l'amélioration des performances et la scalabilité du système."
ARCH-0111,Un système de vote électronique avec Docker et Kubernetes,Web,2019,Etudiant_0111,Ce travail vise à concevoir et implémenter un système de vote électronique en utilisant Docker et Kubernetes. La problématique principale est le manque d'accessibilité aux services dans les zones rurales. Notre approche repose sur la recherche-action avec participation des utilisateurs finaux.,"Pour réaliser ce projet, nous avons adopté la recherche-action avec participation des utilisateurs finaux. Cette approche nous permet de livrer des incréments fonctionnels régulièrement. Le travail a été divisé en 3 itérations de durée égale.",Les tests réalisés montrent que notre solution atteint 88% de précision. Les performances obtenues dépassent les solutions existantes de 29%. L'interface utilisateur a été validée par 42 utilisateurs réels.,"En conclusion, nous avons conçu et implémenté un système de vote électronique. Notre solution apporte une réponse concrète à le manque d'accessibilité aux services dans les zones rurales. Les travaux futurs porteront sur l'amélioration des performances et la scalabilité du système.","Ce travail vise à concevoir et implémenter un système de vote électronique en utilisant Docker et Kubernetes. La problématique principale est le manque d'accessibilité aux services dans les zones rurales. Notre approche repose sur la recherche-action avec participation des utilisateurs finaux. Pour réaliser ce projet, nous avons adopté la recherche-action avec participation des utilisateurs finaux. Cette approche nous permet de livrer des incréments fonctionnels régulièrement. Le travail a été divisé en 3 itérations de durée égale. Les tests réalisés montrent que notre solution atteint 88% de précision. Les performances obtenues dépassent les solutions existantes de 29%. L'interface utilisateur a été validée par 42 utilisateurs réels. En conclusion, nous avons conçu et implémenté un système de vote électronique. Notre solution apporte une réponse concrète à le manque d'accessibilité aux services dans les zones rurales. Les travaux futurs porteront sur l'amélioration des performances et la scalabilité du système."
ARCH-0112,Un outil d'analyse de sentiment sur les réseaux sociaux avec deep learning et PyTorch,IA,2020,Etudiant_0112,Ce projet de fin d'études porte sur un outil d'analyse de sentiment sur les réseaux sociaux. La motivation principale est la difficulté d'accès aux soins médicaux qui constitue un défi majeur. Nous proposons une solution basée sur deep learning et PyTorch en suivant une approche SCRUM avec des sprints de 2 semaines.,La méthodologie de développement choisie est SCRUM avec des sprints de 2 semaines. Nous avons structuré le travail en 6 phases distinctes. Chaque phase comprend des livrables mesurables et des critères de validation clairs.,"Les expérimentations confirment la viabilité de notre approche avec 91% d'efficacité. Comparé aux solutions actuelles, nous observons un gain de 22% sur les métriques clés. Ces résultats ont été validés par une équipe de 34 experts du domaine.",Ce travail a permis de développer un outil d'analyse de sentiment sur les réseaux sociaux qui répond efficacement à la difficulté d'accès aux soins médicaux. Les résultats obtenus sont satisfaisants et ouvrent la voie à des améliorations futures. Les perspectives incluent l'intégration de nouvelles fonctionnalités et l'extension à d'autres contextes.,"Ce projet de fin d'études porte sur un outil d'analyse de sentiment sur les réseaux sociaux. La motivation principale est la difficulté d'accès aux soins médicaux qui constitue un défi majeur. Nous proposons une solution basée sur deep learning et PyTorch en suivant une approche SCRUM avec des sprints de 2 semaines. La méthodologie de développement choisie est SCRUM avec des sprints de 2 semaines. Nous avons structuré le travail en 6 phases distinctes. Chaque phase comprend des livrables mesurables et des critères de validation clairs. Les expérimentations confirment la viabilité de notre approche avec 91% d'efficacité. Comparé aux solutions actuelles, nous observons un gain de 22% sur les métriques clés. Ces résultats ont été validés par une équipe de 34 experts du domaine. Ce travail a permis de développer un outil d'analyse de sentiment sur les réseaux sociaux qui répond efficacement à la difficulté d'accès aux soins médicaux. Les résultats obtenus sont satisfaisants et ouvrent la voie à des améliorations futures. Les perspectives incluent l'intégration de nouvelles fonctionnalités et l'extension à d'autres contextes."
ARCH-0113,Un système d'archivage intelligent de documents avec React et FastAPI,Web,2018,Etudiant_0113,"Dans le cadre de ce mémoire, nous proposons un système d'archivage intelligent de documents. Face à la difficulté d'accès aux soins médicaux, nous avons choisi d'utiliser React et FastAPI comme solution principale. La méthodologie adoptée est la recherche expérimentale avec validation empirique.",La méthodologie de développement choisie est la recherche expérimentale avec validation empirique. Nous avons structuré le travail en 5 phases distinctes. Chaque phase comprend des livrables mesurables et des critères de validation clairs.,"Notre système a été évalué sur un jeu de données de 7849 enregistrements. Les résultats indiquent une amélioration de 39% par rapport à l'approche classique. Le temps de réponse moyen est de 365ms, ce qui répond aux exigences.",Ce travail a permis de développer un système d'archivage intelligent de documents qui répond efficacement à la difficulté d'accès aux soins médicaux. Les résultats obtenus sont satisfaisants et ouvrent la voie à des améliorations futures. Les perspectives incluent l'intégration de nouvelles fonctionnalités et l'extension à d'autres contextes.,"Dans le cadre de ce mémoire, nous proposons un système d'archivage intelligent de documents. Face à la difficulté d'accès aux soins médicaux, nous avons choisi d'utiliser React et FastAPI comme solution principale. La méthodologie adoptée est la recherche expérimentale avec validation empirique. La méthodologie de développement choisie est la recherche expérimentale avec validation empirique. Nous avons structuré le travail en 5 phases distinctes. Chaque phase comprend des livrables mesurables et des critères de validation clairs. Notre système a été évalué sur un jeu de données de 7849 enregistrements. Les résultats indiquent une amélioration de 39% par rapport à l'approche classique. Le temps de réponse moyen est de 365ms, ce qui répond aux exigences. Ce travail a permis de développer un système d'archivage intelligent de documents qui répond efficacement à la difficulté d'accès aux soins médicaux. Les résultats obtenus sont satisfaisants et ouvrent la voie à des améliorations futures. Les perspectives incluent l'intégration de nouvelles fonctionnalités et l'extension à d'autres contextes."
ARCH-0114,Une application de paiement mobile sécurisée avec Flutter et Firebase,BDD,2018,Etudiant_0114,Ce projet de fin d'études porte sur une application de paiement mobile sécurisée. La motivation principale est la sécurité insuffisante des données personnelles qui constitue un défi majeur. Nous proposons une solution basée sur Flutter et Firebase en suivant une approche la recherche-action avec participation des utilisateurs finaux.,La méthodologie de développement choisie est la recherche-action avec participation des utilisateurs finaux. Nous avons structuré le travail en 5 phases distinctes. Chaque phase comprend des livrables mesurables et des critères de validation clairs.,Les tests réalisés montrent que notre solution atteint 89% de précision. Les performances obtenues dépassent les solutions existantes de 18%. L'interface utilisateur a été validée par 13 utilisateurs réels.,Ce mémoire présente une application de paiement mobile sécurisée comme solution à la sécurité insuffisante des données personnelles. Les objectifs fixés au départ ont été atteints. Cette étude constitue une base solide pour de futures recherches dans ce domaine.,Ce projet de fin d'études porte sur une application de paiement mobile sécurisée. La motivation principale est la sécurité insuffisante des données personnelles qui constitue un défi majeur. Nous proposons une solution basée sur Flutter et Firebase en suivant une approche la recherche-action avec participation des utilisateurs finaux. La méthodologie de développement choisie est la recherche-action avec participation des utilisateurs finaux. Nous avons structuré le travail en 5 phases distinctes. Chaque phase comprend des livrables mesurables et des critères de validation clairs. Les tests réalisés montrent que notre solution atteint 89% de précision. Les performances obtenues dépassent les solutions existantes de 18%. L'interface utilisateur a été validée par 13 utilisateurs réels. Ce mémoire présente une application de paiement mobile sécurisée comme solution à la sécurité insuffisante des données personnelles. Les objectifs fixés au départ ont été atteints. Cette étude constitue une base solide pour de futures recherches dans ce domaine.
ARCH-0115,Une plateforme de télémédecine avec deep learning et PyTorch,Cloud,2019,Etudiant_0115,"Dans le cadre de ce mémoire, nous proposons une plateforme de télémédecine. Face à la lenteur des processus manuels actuels, nous avons choisi d'utiliser deep learning et PyTorch comme solution principale. La méthodologie adoptée est la recherche-action avec participation des utilisateurs finaux.","L'approche méthodologique retenue est la recherche-action avec participation des utilisateurs finaux. Elle se décline en 4 grandes étapes : analyse des besoins, conception, implémentation, tests et déploiement.","Notre système a été évalué sur un jeu de données de 6280 enregistrements. Les résultats indiquent une amélioration de 15% par rapport à l'approche classique. Le temps de réponse moyen est de 173ms, ce qui répond aux exigences.",Ce mémoire présente une plateforme de télémédecine comme solution à la lenteur des processus manuels actuels. Les objectifs fixés au départ ont été atteints. Cette étude constitue une base solide pour de futures recherches dans ce domaine.,"Dans le cadre de ce mémoire, nous proposons une plateforme de télémédecine. Face à la lenteur des processus manuels actuels, nous avons choisi d'utiliser deep learning et PyTorch comme solution principale. La méthodologie adoptée est la recherche-action avec participation des utilisateurs finaux. L'approche méthodologique retenue est la recherche-action avec participation des utilisateurs finaux. Elle se décline en 4 grandes étapes : analyse des besoins, conception, implémentation, tests et déploiement. Notre système a été évalué sur un jeu de données de 6280 enregistrements. Les résultats indiquent une amélioration de 15% par rapport à l'approche classique. Le temps de réponse moyen est de 173ms, ce qui répond aux exigences. Ce mémoire présente une plateforme de télémédecine comme solution à la lenteur des processus manuels actuels. Les objectifs fixés au départ ont été atteints. Cette étude constitue une base solide pour de futures recherches dans ce domaine."
ARCH-0116,Un système de contrôle d'accès biométrique avec React et FastAPI,IoT,2019,Etudiant_0116,Ce travail vise à concevoir et implémenter un système de contrôle d'accès biométrique en utilisant React et FastAPI. La problématique principale est la difficulté d'accès aux soins médicaux. Notre approche repose sur SCRUM avec des sprints de 2 semaines.,"Pour réaliser ce projet, nous avons adopté SCRUM avec des sprints de 2 semaines. Cette approche nous permet de livrer des incréments fonctionnels régulièrement. Le travail a été divisé en 6 itérations de durée égale.",Les tests réalisés montrent que notre solution atteint 92% de précision. Les performances obtenues dépassent les solutions existantes de 26%. L'interface utilisateur a été validée par 26 utilisateurs réels.,Ce travail a permis de développer un système de contrôle d'accès biométrique qui répond efficacement à la difficulté d'accès aux soins médicaux. Les résultats obtenus sont satisfaisants et ouvrent la voie à des améliorations futures. Les perspectives incluent l'intégration de nouvelles fonctionnalités et l'extension à d'autres contextes.,"Ce travail vise à concevoir et implémenter un système de contrôle d'accès biométrique en utilisant React et FastAPI. La problématique principale est la difficulté d'accès aux soins médicaux. Notre approche repose sur SCRUM avec des sprints de 2 semaines. Pour réaliser ce projet, nous avons adopté SCRUM avec des sprints de 2 semaines. Cette approche nous permet de livrer des incréments fonctionnels régulièrement. Le travail a été divisé en 6 itérations de durée égale. Les tests réalisés montrent que notre solution atteint 92% de précision. Les performances obtenues dépassent les solutions existantes de 26%. L'interface utilisateur a été validée par 26 utilisateurs réels. Ce travail a permis de développer un système de contrôle d'accès biométrique qui répond efficacement à la difficulté d'accès aux soins médicaux. Les résultats obtenus sont satisfaisants et ouvrent la voie à des améliorations futures. Les perspectives incluent l'intégration de nouvelles fonctionnalités et l'extension à d'autres contextes."
ARCH-0117,Une plateforme de gestion des ressources humaines avec React et FastAPI,Cyber,2018,Etudiant_0117,Ce travail vise à concevoir et implémenter une plateforme de gestion des ressources humaines en utilisant React et FastAPI. La problématique principale est la difficulté d'accès aux soins médicaux. Notre approche repose sur la recherche expérimentale avec validation empirique.,"Pour réaliser ce projet, nous avons adopté la recherche expérimentale avec validation empirique. Cette approche nous permet de livrer des incréments fonctionnels régulièrement. Le travail a été divisé en 5 itérations de durée égale.","Les expérimentations confirment la viabilité de notre approche avec 85% d'efficacité. Comparé aux solutions actuelles, nous observons un gain de 41% sur les métriques clés. Ces résultats ont été validés par une équipe de 39 experts du domaine.",Ce travail a permis de développer une plateforme de gestion des ressources humaines qui répond efficacement à la difficulté d'accès aux soins médicaux. Les résultats obtenus sont satisfaisants et ouvrent la voie à des améliorations futures. Les perspectives incluent l'intégration de nouvelles fonctionnalités et l'extension à d'autres contextes.,"Ce travail vise à concevoir et implémenter une plateforme de gestion des ressources humaines en utilisant React et FastAPI. La problématique principale est la difficulté d'accès aux soins médicaux. Notre approche repose sur la recherche expérimentale avec validation empirique. Pour réaliser ce projet, nous avons adopté la recherche expérimentale avec validation empirique. Cette approche nous permet de livrer des incréments fonctionnels régulièrement. Le travail a été divisé en 5 itérations de durée égale. Les expérimentations confirment la viabilité de notre approche avec 85% d'efficacité. Comparé aux solutions actuelles, nous observons un gain de 41% sur les métriques clés. Ces résultats ont été validés par une équipe de 39 experts du domaine. Ce travail a permis de développer une plateforme de gestion des ressources humaines qui répond efficacement à la difficulté d'accès aux soins médicaux. Les résultats obtenus sont satisfaisants et ouvrent la voie à des améliorations futures. Les perspectives incluent l'intégration de nouvelles fonctionnalités et l'extension à d'autres contextes."
ARCH-0118,Une plateforme de gestion des ressources humaines avec deep learning et PyTorch,BDD,2020,Etudiant_0118,"Dans le cadre de ce mémoire, nous proposons une plateforme de gestion des ressources humaines. Face à la lenteur des processus manuels actuels, nous avons choisi d'utiliser deep learning et PyTorch comme solution principale. La méthodologie adoptée est le prototypage rapide et l'itération continue.",La méthodologie de développement choisie est le prototypage rapide et l'itération continue. Nous avons structuré le travail en 4 phases distinctes. Chaque phase comprend des livrables mesurables et des critères de validation clairs.,Les tests réalisés montrent que notre solution atteint 90% de précision. Les performances obtenues dépassent les solutions existantes de 44%. L'interface utilisateur a été validée par 29 utilisateurs réels.,Ce mémoire présente une plateforme de gestion des ressources humaines comme solution à la lenteur des processus manuels actuels. Les objectifs fixés au départ ont été atteints. Cette étude constitue une base solide pour de futures recherches dans ce domaine.,"Dans le cadre de ce mémoire, nous proposons une plateforme de gestion des ressources humaines. Face à la lenteur des processus manuels actuels, nous avons choisi d'utiliser deep learning et PyTorch comme solution principale. La méthodologie adoptée est le prototypage rapide et l'itération continue. La méthodologie de développement choisie est le prototypage rapide et l'itération continue. Nous avons structuré le travail en 4 phases distinctes. Chaque phase comprend des livrables mesurables et des critères de validation clairs. Les tests réalisés montrent que notre solution atteint 90% de précision. Les performances obtenues dépassent les solutions existantes de 44%. L'interface utilisateur a été validée par 29 utilisateurs réels. Ce mémoire présente une plateforme de gestion des ressources humaines comme solution à la lenteur des processus manuels actuels. Les objectifs fixés au départ ont été atteints. Cette étude constitue une base solide pour de futures recherches dans ce domaine."
ARCH-0119,Un système de détection de fraude bancaire avec Flutter et Firebase,BDD,2021,Etudiant_0119,Ce travail vise à concevoir et implémenter un système de détection de fraude bancaire en utilisant Flutter et Firebase. La problématique principale est l'absence d'outils adaptés au contexte africain. Notre approche repose sur le prototypage rapide et l'itération continue.,"L'approche méthodologique retenue est le prototypage rapide et l'itération continue. Elle se décline en 5 grandes étapes : analyse des besoins, conception, implémentation, tests et déploiement.","Notre système a été évalué sur un jeu de données de 7659 enregistrements. Les résultats indiquent une amélioration de 40% par rapport à l'approche classique. Le temps de réponse moyen est de 254ms, ce qui répond aux exigences.",Ce mémoire présente un système de détection de fraude bancaire comme solution à l'absence d'outils adaptés au contexte africain. Les objectifs fixés au départ ont été atteints. Cette étude constitue une base solide pour de futures recherches dans ce domaine.,"Ce travail vise à concevoir et implémenter un système de détection de fraude bancaire en utilisant Flutter et Firebase. La problématique principale est l'absence d'outils adaptés au contexte africain. Notre approche repose sur le prototypage rapide et l'itération continue. L'approche méthodologique retenue est le prototypage rapide et l'itération continue. Elle se décline en 5 grandes étapes : analyse des besoins, conception, implémentation, tests et déploiement. Notre système a été évalué sur un jeu de données de 7659 enregistrements. Les résultats indiquent une amélioration de 40% par rapport à l'approche classique. Le temps de réponse moyen est de 254ms, ce qui répond aux exigences. Ce mémoire présente un système de détection de fraude bancaire comme solution à l'absence d'outils adaptés au contexte africain. Les objectifs fixés au départ ont été atteints. Cette étude constitue une base solide pour de futures recherches dans ce domaine."
ARCH-0120,Un système de surveillance de la qualité de l'air avec Django et PostgreSQL,IoT,2018,Etudiant_0120,L'objectif de cette étude est de résoudre le manque de traçabilité dans les processus administratifs grâce à un système de surveillance de la qualité de l'air. Nous utilisons Django et PostgreSQL combiné avec une étude de cas approfondie avec données réelles pour atteindre cet objectif.,"L'approche méthodologique retenue est une étude de cas approfondie avec données réelles. Elle se décline en 5 grandes étapes : analyse des besoins, conception, implémentation, tests et déploiement.",Les tests réalisés montrent que notre solution atteint 93% de précision. Les performances obtenues dépassent les solutions existantes de 17%. L'interface utilisateur a été validée par 37 utilisateurs réels.,"En conclusion, nous avons conçu et implémenté un système de surveillance de la qualité de l'air. Notre solution apporte une réponse concrète à le manque de traçabilité dans les processus administratifs. Les travaux futurs porteront sur l'amélioration des performances et la scalabilité du système.","L'objectif de cette étude est de résoudre le manque de traçabilité dans les processus administratifs grâce à un système de surveillance de la qualité de l'air. Nous utilisons Django et PostgreSQL combiné avec une étude de cas approfondie avec données réelles pour atteindre cet objectif. L'approche méthodologique retenue est une étude de cas approfondie avec données réelles. Elle se décline en 5 grandes étapes : analyse des besoins, conception, implémentation, tests et déploiement. Les tests réalisés montrent que notre solution atteint 93% de précision. Les performances obtenues dépassent les solutions existantes de 17%. L'interface utilisateur a été validée par 37 utilisateurs réels. En conclusion, nous avons conçu et implémenté un système de surveillance de la qualité de l'air. Notre solution apporte une réponse concrète à le manque de traçabilité dans les processus administratifs. Les travaux futurs porteront sur l'amélioration des performances et la scalabilité du système."
ARCH-0121,Une plateforme de télémédecine avec Docker et Kubernetes,Cloud,2020,Etudiant_0121,Ce projet de fin d'études porte sur une plateforme de télémédecine. La motivation principale est l'absence d'outils adaptés au contexte africain qui constitue un défi majeur. Nous proposons une solution basée sur Docker et Kubernetes en suivant une approche le prototypage rapide et l'itération continue.,"L'approche méthodologique retenue est le prototypage rapide et l'itération continue. Elle se décline en 6 grandes étapes : analyse des besoins, conception, implémentation, tests et déploiement.",Les tests réalisés montrent que notre solution atteint 94% de précision. Les performances obtenues dépassent les solutions existantes de 26%. L'interface utilisateur a été validée par 38 utilisateurs réels.,"En conclusion, nous avons conçu et implémenté une plateforme de télémédecine. Notre solution apporte une réponse concrète à l'absence d'outils adaptés au contexte africain. Les travaux futurs porteront sur l'amélioration des performances et la scalabilité du système.","Ce projet de fin d'études porte sur une plateforme de télémédecine. La motivation principale est l'absence d'outils adaptés au contexte africain qui constitue un défi majeur. Nous proposons une solution basée sur Docker et Kubernetes en suivant une approche le prototypage rapide et l'itération continue. L'approche méthodologique retenue est le prototypage rapide et l'itération continue. Elle se décline en 6 grandes étapes : analyse des besoins, conception, implémentation, tests et déploiement. Les tests réalisés montrent que notre solution atteint 94% de précision. Les performances obtenues dépassent les solutions existantes de 26%. L'interface utilisateur a été validée par 38 utilisateurs réels. En conclusion, nous avons conçu et implémenté une plateforme de télémédecine. Notre solution apporte une réponse concrète à l'absence d'outils adaptés au contexte africain. Les travaux futurs porteront sur l'amélioration des performances et la scalabilité du système."
ARCH-0122,Un système de contrôle d'accès biométrique avec Python et TensorFlow,Web,2019,Etudiant_0122,L'objectif de cette étude est de résoudre le manque d'accessibilité aux services dans les zones rurales grâce à un système de contrôle d'accès biométrique. Nous utilisons Python et TensorFlow combiné avec une étude de cas approfondie avec données réelles pour atteindre cet objectif.,"L'approche méthodologique retenue est une étude de cas approfondie avec données réelles. Elle se décline en 4 grandes étapes : analyse des besoins, conception, implémentation, tests et déploiement.",Les tests réalisés montrent que notre solution atteint 84% de précision. Les performances obtenues dépassent les solutions existantes de 42%. L'interface utilisateur a été validée par 48 utilisateurs réels.,Ce travail a permis de développer un système de contrôle d'accès biométrique qui répond efficacement à le manque d'accessibilité aux services dans les zones rurales. Les résultats obtenus sont satisfaisants et ouvrent la voie à des améliorations futures. Les perspectives incluent l'intégration de nouvelles fonctionnalités et l'extension à d'autres contextes.,"L'objectif de cette étude est de résoudre le manque d'accessibilité aux services dans les zones rurales grâce à un système de contrôle d'accès biométrique. Nous utilisons Python et TensorFlow combiné avec une étude de cas approfondie avec données réelles pour atteindre cet objectif. L'approche méthodologique retenue est une étude de cas approfondie avec données réelles. Elle se décline en 4 grandes étapes : analyse des besoins, conception, implémentation, tests et déploiement. Les tests réalisés montrent que notre solution atteint 84% de précision. Les performances obtenues dépassent les solutions existantes de 42%. L'interface utilisateur a été validée par 48 utilisateurs réels. Ce travail a permis de développer un système de contrôle d'accès biométrique qui répond efficacement à le manque d'accessibilité aux services dans les zones rurales. Les résultats obtenus sont satisfaisants et ouvrent la voie à des améliorations futures. Les perspectives incluent l'intégration de nouvelles fonctionnalités et l'extension à d'autres contextes."
ARCH-0123,Un système de prédiction du décrochage scolaire avec Docker et Kubernetes,Cyber,2022,Etudiant_0123,Ce travail vise à concevoir et implémenter un système de prédiction du décrochage scolaire en utilisant Docker et Kubernetes. La problématique principale est la difficulté d'accès aux soins médicaux. Notre approche repose sur une étude de cas approfondie avec données réelles.,"L'approche méthodologique retenue est une étude de cas approfondie avec données réelles. Elle se décline en 4 grandes étapes : analyse des besoins, conception, implémentation, tests et déploiement.","Les expérimentations confirment la viabilité de notre approche avec 94% d'efficacité. Comparé aux solutions actuelles, nous observons un gain de 45% sur les métriques clés. Ces résultats ont été validés par une équipe de 33 experts du domaine.",Ce travail a permis de développer un système de prédiction du décrochage scolaire qui répond efficacement à la difficulté d'accès aux soins médicaux. Les résultats obtenus sont satisfaisants et ouvrent la voie à des améliorations futures. Les perspectives incluent l'intégration de nouvelles fonctionnalités et l'extension à d'autres contextes.,"Ce travail vise à concevoir et implémenter un système de prédiction du décrochage scolaire en utilisant Docker et Kubernetes. La problématique principale est la difficulté d'accès aux soins médicaux. Notre approche repose sur une étude de cas approfondie avec données réelles. L'approche méthodologique retenue est une étude de cas approfondie avec données réelles. Elle se décline en 4 grandes étapes : analyse des besoins, conception, implémentation, tests et déploiement. Les expérimentations confirment la viabilité de notre approche avec 94% d'efficacité. Comparé aux solutions actuelles, nous observons un gain de 45% sur les métriques clés. Ces résultats ont été validés par une équipe de 33 experts du domaine. Ce travail a permis de développer un système de prédiction du décrochage scolaire qui répond efficacement à la difficulté d'accès aux soins médicaux. Les résultats obtenus sont satisfaisants et ouvrent la voie à des améliorations futures. Les perspectives incluent l'intégration de nouvelles fonctionnalités et l'extension à d'autres contextes."
ARCH-0124,Un système de surveillance de la qualité de l'air avec machine learning et scikit-learn,Mobile,2024,Etudiant_0124,"Dans le cadre de ce mémoire, nous proposons un système de surveillance de la qualité de l'air. Face à la difficulté d'accès aux soins médicaux, nous avons choisi d'utiliser machine learning et scikit-learn comme solution principale. La méthodologie adoptée est le prototypage rapide et l'itération continue.",La méthodologie de développement choisie est le prototypage rapide et l'itération continue. Nous avons structuré le travail en 3 phases distinctes. Chaque phase comprend des livrables mesurables et des critères de validation clairs.,"Les expérimentations confirment la viabilité de notre approche avec 85% d'efficacité. Comparé aux solutions actuelles, nous observons un gain de 30% sur les métriques clés. Ces résultats ont été validés par une équipe de 43 experts du domaine.",Ce travail a permis de développer un système de surveillance de la qualité de l'air qui répond efficacement à la difficulté d'accès aux soins médicaux. Les résultats obtenus sont satisfaisants et ouvrent la voie à des améliorations futures. Les perspectives incluent l'intégration de nouvelles fonctionnalités et l'extension à d'autres contextes.,"Dans le cadre de ce mémoire, nous proposons un système de surveillance de la qualité de l'air. Face à la difficulté d'accès aux soins médicaux, nous avons choisi d'utiliser machine learning et scikit-learn comme solution principale. La méthodologie adoptée est le prototypage rapide et l'itération continue. La méthodologie de développement choisie est le prototypage rapide et l'itération continue. Nous avons structuré le travail en 3 phases distinctes. Chaque phase comprend des livrables mesurables et des critères de validation clairs. Les expérimentations confirment la viabilité de notre approche avec 85% d'efficacité. Comparé aux solutions actuelles, nous observons un gain de 30% sur les métriques clés. Ces résultats ont été validés par une équipe de 43 experts du domaine. Ce travail a permis de développer un système de surveillance de la qualité de l'air qui répond efficacement à la difficulté d'accès aux soins médicaux. Les résultats obtenus sont satisfaisants et ouvrent la voie à des améliorations futures. Les perspectives incluent l'intégration de nouvelles fonctionnalités et l'extension à d'autres contextes."
ARCH-0125,Une application de paiement mobile sécurisée avec deep learning et PyTorch,BDD,2018,Etudiant_0125,L'objectif de cette étude est de résoudre le coût élevé des solutions existantes sur le marché grâce à une application de paiement mobile sécurisée. Nous utilisons deep learning et PyTorch combiné avec la recherche-action avec participation des utilisateurs finaux pour atteindre cet objectif.,"L'approche méthodologique retenue est la recherche-action avec participation des utilisateurs finaux. Elle se décline en 6 grandes étapes : analyse des besoins, conception, implémentation, tests et déploiement.",Les tests réalisés montrent que notre solution atteint 83% de précision. Les performances obtenues dépassent les solutions existantes de 19%. L'interface utilisateur a été validée par 14 utilisateurs réels.,Ce mémoire présente une application de paiement mobile sécurisée comme solution à le coût élevé des solutions existantes sur le marché. Les objectifs fixés au départ ont été atteints. Cette étude constitue une base solide pour de futures recherches dans ce domaine.,"L'objectif de cette étude est de résoudre le coût élevé des solutions existantes sur le marché grâce à une application de paiement mobile sécurisée. Nous utilisons deep learning et PyTorch combiné avec la recherche-action avec participation des utilisateurs finaux pour atteindre cet objectif. L'approche méthodologique retenue est la recherche-action avec participation des utilisateurs finaux. Elle se décline en 6 grandes étapes : analyse des besoins, conception, implémentation, tests et déploiement. Les tests réalisés montrent que notre solution atteint 83% de précision. Les performances obtenues dépassent les solutions existantes de 19%. L'interface utilisateur a été validée par 14 utilisateurs réels. Ce mémoire présente une application de paiement mobile sécurisée comme solution à le coût élevé des solutions existantes sur le marché. Les objectifs fixés au départ ont été atteints. Cette étude constitue une base solide pour de futures recherches dans ce domaine."
ARCH-0126,Un système de prédiction du décrochage scolaire avec Docker et Kubernetes,Réseau,2024,Etudiant_0126,L'objectif de cette étude est de résoudre la difficulté d'accès aux soins médicaux grâce à un système de prédiction du décrochage scolaire. Nous utilisons Docker et Kubernetes combiné avec SCRUM avec des sprints de 2 semaines pour atteindre cet objectif.,"Pour réaliser ce projet, nous avons adopté SCRUM avec des sprints de 2 semaines. Cette approche nous permet de livrer des incréments fonctionnels régulièrement. Le travail a été divisé en 4 itérations de durée égale.","Les expérimentations confirment la viabilité de notre approche avec 85% d'efficacité. Comparé aux solutions actuelles, nous observons un gain de 40% sur les métriques clés. Ces résultats ont été validés par une équipe de 33 experts du domaine.",Ce travail a permis de développer un système de prédiction du décrochage scolaire qui répond efficacement à la difficulté d'accès aux soins médicaux. Les résultats obtenus sont satisfaisants et ouvrent la voie à des améliorations futures. Les perspectives incluent l'intégration de nouvelles fonctionnalités et l'extension à d'autres contextes.,"L'objectif de cette étude est de résoudre la difficulté d'accès aux soins médicaux grâce à un système de prédiction du décrochage scolaire. Nous utilisons Docker et Kubernetes combiné avec SCRUM avec des sprints de 2 semaines pour atteindre cet objectif. Pour réaliser ce projet, nous avons adopté SCRUM avec des sprints de 2 semaines. Cette approche nous permet de livrer des incréments fonctionnels régulièrement. Le travail a été divisé en 4 itérations de durée égale. Les expérimentations confirment la viabilité de notre approche avec 85% d'efficacité. Comparé aux solutions actuelles, nous observons un gain de 40% sur les métriques clés. Ces résultats ont été validés par une équipe de 33 experts du domaine. Ce travail a permis de développer un système de prédiction du décrochage scolaire qui répond efficacement à la difficulté d'accès aux soins médicaux. Les résultats obtenus sont satisfaisants et ouvrent la voie à des améliorations futures. Les perspectives incluent l'intégration de nouvelles fonctionnalités et l'extension à d'autres contextes."
ARCH-0127,Un moteur de recommandation de cours avec Flutter et Firebase,Cloud,2023,Etudiant_0127,L'objectif de cette étude est de résoudre le manque de traçabilité dans les processus administratifs grâce à un moteur de recommandation de cours. Nous utilisons Flutter et Firebase combiné avec SCRUM avec des sprints de 2 semaines pour atteindre cet objectif.,"L'approche méthodologique retenue est SCRUM avec des sprints de 2 semaines. Elle se décline en 5 grandes étapes : analyse des besoins, conception, implémentation, tests et déploiement.","Notre système a été évalué sur un jeu de données de 1912 enregistrements. Les résultats indiquent une amélioration de 19% par rapport à l'approche classique. Le temps de réponse moyen est de 83ms, ce qui répond aux exigences.","En conclusion, nous avons conçu et implémenté un moteur de recommandation de cours. Notre solution apporte une réponse concrète à le manque de traçabilité dans les processus administratifs. Les travaux futurs porteront sur l'amélioration des performances et la scalabilité du système.","L'objectif de cette étude est de résoudre le manque de traçabilité dans les processus administratifs grâce à un moteur de recommandation de cours. Nous utilisons Flutter et Firebase combiné avec SCRUM avec des sprints de 2 semaines pour atteindre cet objectif. L'approche méthodologique retenue est SCRUM avec des sprints de 2 semaines. Elle se décline en 5 grandes étapes : analyse des besoins, conception, implémentation, tests et déploiement. Notre système a été évalué sur un jeu de données de 1912 enregistrements. Les résultats indiquent une amélioration de 19% par rapport à l'approche classique. Le temps de réponse moyen est de 83ms, ce qui répond aux exigences. En conclusion, nous avons conçu et implémenté un moteur de recommandation de cours. Notre solution apporte une réponse concrète à le manque de traçabilité dans les processus administratifs. Les travaux futurs porteront sur l'amélioration des performances et la scalabilité du système."
ARCH-0128,Une plateforme de gestion des ressources humaines avec deep learning et PyTorch,Cyber,2024,Etudiant_0128,Ce travail vise à concevoir et implémenter une plateforme de gestion des ressources humaines en utilisant deep learning et PyTorch. La problématique principale est les pertes financières dues aux erreurs humaines. Notre approche repose sur une étude de cas approfondie avec données réelles.,La méthodologie de développement choisie est une étude de cas approfondie avec données réelles. Nous avons structuré le travail en 5 phases distinctes. Chaque phase comprend des livrables mesurables et des critères de validation clairs.,"Les expérimentations confirment la viabilité de notre approche avec 82% d'efficacité. Comparé aux solutions actuelles, nous observons un gain de 29% sur les métriques clés. Ces résultats ont été validés par une équipe de 39 experts du domaine.",Ce travail a permis de développer une plateforme de gestion des ressources humaines qui répond efficacement à les pertes financières dues aux erreurs humaines. Les résultats obtenus sont satisfaisants et ouvrent la voie à des améliorations futures. Les perspectives incluent l'intégration de nouvelles fonctionnalités et l'extension à d'autres contextes.,"Ce travail vise à concevoir et implémenter une plateforme de gestion des ressources humaines en utilisant deep learning et PyTorch. La problématique principale est les pertes financières dues aux erreurs humaines. Notre approche repose sur une étude de cas approfondie avec données réelles. La méthodologie de développement choisie est une étude de cas approfondie avec données réelles. Nous avons structuré le travail en 5 phases distinctes. Chaque phase comprend des livrables mesurables et des critères de validation clairs. Les expérimentations confirment la viabilité de notre approche avec 82% d'efficacité. Comparé aux solutions actuelles, nous observons un gain de 29% sur les métriques clés. Ces résultats ont été validés par une équipe de 39 experts du domaine. Ce travail a permis de développer une plateforme de gestion des ressources humaines qui répond efficacement à les pertes financières dues aux erreurs humaines. Les résultats obtenus sont satisfaisants et ouvrent la voie à des améliorations futures. Les perspectives incluent l'intégration de nouvelles fonctionnalités et l'extension à d'autres contextes."
ARCH-0129,Un moteur de recommandation de cours avec machine learning et scikit-learn,Web,2020,Etudiant_0129,"Dans le cadre de ce mémoire, nous proposons un moteur de recommandation de cours. Face à la lenteur des processus manuels actuels, nous avons choisi d'utiliser machine learning et scikit-learn comme solution principale. La méthodologie adoptée est SCRUM avec des sprints de 2 semaines.","Pour réaliser ce projet, nous avons adopté SCRUM avec des sprints de 2 semaines. Cette approche nous permet de livrer des incréments fonctionnels régulièrement. Le travail a été divisé en 4 itérations de durée égale.",Les tests réalisés montrent que notre solution atteint 90% de précision. Les performances obtenues dépassent les solutions existantes de 44%. L'interface utilisateur a été validée par 24 utilisateurs réels.,"En conclusion, nous avons conçu et implémenté un moteur de recommandation de cours. Notre solution apporte une réponse concrète à la lenteur des processus manuels actuels. Les travaux futurs porteront sur l'amélioration des performances et la scalabilité du système.","Dans le cadre de ce mémoire, nous proposons un moteur de recommandation de cours. Face à la lenteur des processus manuels actuels, nous avons choisi d'utiliser machine learning et scikit-learn comme solution principale. La méthodologie adoptée est SCRUM avec des sprints de 2 semaines. Pour réaliser ce projet, nous avons adopté SCRUM avec des sprints de 2 semaines. Cette approche nous permet de livrer des incréments fonctionnels régulièrement. Le travail a été divisé en 4 itérations de durée égale. Les tests réalisés montrent que notre solution atteint 90% de précision. Les performances obtenues dépassent les solutions existantes de 44%. L'interface utilisateur a été validée par 24 utilisateurs réels. En conclusion, nous avons conçu et implémenté un moteur de recommandation de cours. Notre solution apporte une réponse concrète à la lenteur des processus manuels actuels. Les travaux futurs porteront sur l'amélioration des performances et la scalabilité du système."
ARCH-0130,Un système de gestion des stocks intelligents avec blockchain et smart contracts,IoT,2024,Etudiant_0130,L'objectif de cette étude est de résoudre l'absence d'outils adaptés au contexte africain grâce à un système de gestion des stocks intelligents. Nous utilisons blockchain et smart contracts combiné avec la recherche expérimentale avec validation empirique pour atteindre cet objectif.,"L'approche méthodologique retenue est la recherche expérimentale avec validation empirique. Elle se décline en 3 grandes étapes : analyse des besoins, conception, implémentation, tests et déploiement.","Les expérimentations confirment la viabilité de notre approche avec 85% d'efficacité. Comparé aux solutions actuelles, nous observons un gain de 33% sur les métriques clés. Ces résultats ont été validés par une équipe de 47 experts du domaine.",Ce mémoire présente un système de gestion des stocks intelligents comme solution à l'absence d'outils adaptés au contexte africain. Les objectifs fixés au départ ont été atteints. Cette étude constitue une base solide pour de futures recherches dans ce domaine.,"L'objectif de cette étude est de résoudre l'absence d'outils adaptés au contexte africain grâce à un système de gestion des stocks intelligents. Nous utilisons blockchain et smart contracts combiné avec la recherche expérimentale avec validation empirique pour atteindre cet objectif. L'approche méthodologique retenue est la recherche expérimentale avec validation empirique. Elle se décline en 3 grandes étapes : analyse des besoins, conception, implémentation, tests et déploiement. Les expérimentations confirment la viabilité de notre approche avec 85% d'efficacité. Comparé aux solutions actuelles, nous observons un gain de 33% sur les métriques clés. Ces résultats ont été validés par une équipe de 47 experts du domaine. Ce mémoire présente un système de gestion des stocks intelligents comme solution à l'absence d'outils adaptés au contexte africain. Les objectifs fixés au départ ont été atteints. Cette étude constitue une base solide pour de futures recherches dans ce domaine."
ARCH-0131,Un système d'archivage intelligent de documents avec NLP et transformers BERT,IA,2021,Etudiant_0131,Ce travail vise à concevoir et implémenter un système d'archivage intelligent de documents en utilisant NLP et transformers BERT. La problématique principale est la lenteur des processus manuels actuels. Notre approche repose sur SCRUM avec des sprints de 2 semaines.,La méthodologie de développement choisie est SCRUM avec des sprints de 2 semaines. Nous avons structuré le travail en 5 phases distinctes. Chaque phase comprend des livrables mesurables et des critères de validation clairs.,"Les expérimentations confirment la viabilité de notre approche avec 86% d'efficacité. Comparé aux solutions actuelles, nous observons un gain de 39% sur les métriques clés. Ces résultats ont été validés par une équipe de 46 experts du domaine.",Ce mémoire présente un système d'archivage intelligent de documents comme solution à la lenteur des processus manuels actuels. Les objectifs fixés au départ ont été atteints. Cette étude constitue une base solide pour de futures recherches dans ce domaine.,"Ce travail vise à concevoir et implémenter un système d'archivage intelligent de documents en utilisant NLP et transformers BERT. La problématique principale est la lenteur des processus manuels actuels. Notre approche repose sur SCRUM avec des sprints de 2 semaines. La méthodologie de développement choisie est SCRUM avec des sprints de 2 semaines. Nous avons structuré le travail en 5 phases distinctes. Chaque phase comprend des livrables mesurables et des critères de validation clairs. Les expérimentations confirment la viabilité de notre approche avec 86% d'efficacité. Comparé aux solutions actuelles, nous observons un gain de 39% sur les métriques clés. Ces résultats ont été validés par une équipe de 46 experts du domaine. Ce mémoire présente un système d'archivage intelligent de documents comme solution à la lenteur des processus manuels actuels. Les objectifs fixés au départ ont été atteints. Cette étude constitue une base solide pour de futures recherches dans ce domaine."
ARCH-0132,Un système d'archivage intelligent de documents avec blockchain et smart contracts,BDD,2021,Etudiant_0132,Ce projet de fin d'études porte sur un système d'archivage intelligent de documents. La motivation principale est l'absence d'outils adaptés au contexte africain qui constitue un défi majeur. Nous proposons une solution basée sur blockchain et smart contracts en suivant une approche le prototypage rapide et l'itération continue.,La méthodologie de développement choisie est le prototypage rapide et l'itération continue. Nous avons structuré le travail en 6 phases distinctes. Chaque phase comprend des livrables mesurables et des critères de validation clairs.,"Notre système a été évalué sur un jeu de données de 3089 enregistrements. Les résultats indiquent une amélioration de 17% par rapport à l'approche classique. Le temps de réponse moyen est de 275ms, ce qui répond aux exigences.","En conclusion, nous avons conçu et implémenté un système d'archivage intelligent de documents. Notre solution apporte une réponse concrète à l'absence d'outils adaptés au contexte africain. Les travaux futurs porteront sur l'amélioration des performances et la scalabilité du système.","Ce projet de fin d'études porte sur un système d'archivage intelligent de documents. La motivation principale est l'absence d'outils adaptés au contexte africain qui constitue un défi majeur. Nous proposons une solution basée sur blockchain et smart contracts en suivant une approche le prototypage rapide et l'itération continue. La méthodologie de développement choisie est le prototypage rapide et l'itération continue. Nous avons structuré le travail en 6 phases distinctes. Chaque phase comprend des livrables mesurables et des critères de validation clairs. Notre système a été évalué sur un jeu de données de 3089 enregistrements. Les résultats indiquent une amélioration de 17% par rapport à l'approche classique. Le temps de réponse moyen est de 275ms, ce qui répond aux exigences. En conclusion, nous avons conçu et implémenté un système d'archivage intelligent de documents. Notre solution apporte une réponse concrète à l'absence d'outils adaptés au contexte africain. Les travaux futurs porteront sur l'amélioration des performances et la scalabilité du système."
ARCH-0133,Un système de gestion des stocks intelligents avec Docker et Kubernetes,IoT,2019,Etudiant_0133,L'objectif de cette étude est de résoudre la sécurité insuffisante des données personnelles grâce à un système de gestion des stocks intelligents. Nous utilisons Docker et Kubernetes combiné avec le prototypage rapide et l'itération continue pour atteindre cet objectif.,"L'approche méthodologique retenue est le prototypage rapide et l'itération continue. Elle se décline en 5 grandes étapes : analyse des besoins, conception, implémentation, tests et déploiement.","Notre système a été évalué sur un jeu de données de 8937 enregistrements. Les résultats indiquent une amélioration de 39% par rapport à l'approche classique. Le temps de réponse moyen est de 337ms, ce qui répond aux exigences.",Ce travail a permis de développer un système de gestion des stocks intelligents qui répond efficacement à la sécurité insuffisante des données personnelles. Les résultats obtenus sont satisfaisants et ouvrent la voie à des améliorations futures. Les perspectives incluent l'intégration de nouvelles fonctionnalités et l'extension à d'autres contextes.,"L'objectif de cette étude est de résoudre la sécurité insuffisante des données personnelles grâce à un système de gestion des stocks intelligents. Nous utilisons Docker et Kubernetes combiné avec le prototypage rapide et l'itération continue pour atteindre cet objectif. L'approche méthodologique retenue est le prototypage rapide et l'itération continue. Elle se décline en 5 grandes étapes : analyse des besoins, conception, implémentation, tests et déploiement. Notre système a été évalué sur un jeu de données de 8937 enregistrements. Les résultats indiquent une amélioration de 39% par rapport à l'approche classique. Le temps de réponse moyen est de 337ms, ce qui répond aux exigences. Ce travail a permis de développer un système de gestion des stocks intelligents qui répond efficacement à la sécurité insuffisante des données personnelles. Les résultats obtenus sont satisfaisants et ouvrent la voie à des améliorations futures. Les perspectives incluent l'intégration de nouvelles fonctionnalités et l'extension à d'autres contextes."
ARCH-0134,Un système de vote électronique avec React et FastAPI,IoT,2022,Etudiant_0134,"Dans le cadre de ce mémoire, nous proposons un système de vote électronique. Face à l'absence d'outils adaptés au contexte africain, nous avons choisi d'utiliser React et FastAPI comme solution principale. La méthodologie adoptée est une étude de cas approfondie avec données réelles.",La méthodologie de développement choisie est une étude de cas approfondie avec données réelles. Nous avons structuré le travail en 3 phases distinctes. Chaque phase comprend des livrables mesurables et des critères de validation clairs.,Les tests réalisés montrent que notre solution atteint 89% de précision. Les performances obtenues dépassent les solutions existantes de 45%. L'interface utilisateur a été validée par 34 utilisateurs réels.,Ce travail a permis de développer un système de vote électronique qui répond efficacement à l'absence d'outils adaptés au contexte africain. Les résultats obtenus sont satisfaisants et ouvrent la voie à des améliorations futures. Les perspectives incluent l'intégration de nouvelles fonctionnalités et l'extension à d'autres contextes.,"Dans le cadre de ce mémoire, nous proposons un système de vote électronique. Face à l'absence d'outils adaptés au contexte africain, nous avons choisi d'utiliser React et FastAPI comme solution principale. La méthodologie adoptée est une étude de cas approfondie avec données réelles. La méthodologie de développement choisie est une étude de cas approfondie avec données réelles. Nous avons structuré le travail en 3 phases distinctes. Chaque phase comprend des livrables mesurables et des critères de validation clairs. Les tests réalisés montrent que notre solution atteint 89% de précision. Les performances obtenues dépassent les solutions existantes de 45%. L'interface utilisateur a été validée par 34 utilisateurs réels. Ce travail a permis de développer un système de vote électronique qui répond efficacement à l'absence d'outils adaptés au contexte africain. Les résultats obtenus sont satisfaisants et ouvrent la voie à des améliorations futures. Les perspectives incluent l'intégration de nouvelles fonctionnalités et l'extension à d'autres contextes."
ARCH-0135,Une plateforme de gestion des ressources humaines avec Docker et Kubernetes,BDD,2019,Etudiant_0135,Ce projet de fin d'études porte sur une plateforme de gestion des ressources humaines. La motivation principale est le coût élevé des solutions existantes sur le marché qui constitue un défi majeur. Nous proposons une solution basée sur Docker et Kubernetes en suivant une approche la recherche expérimentale avec validation empirique.,"L'approche méthodologique retenue est la recherche expérimentale avec validation empirique. Elle se décline en 6 grandes étapes : analyse des besoins, conception, implémentation, tests et déploiement.","Notre système a été évalué sur un jeu de données de 1975 enregistrements. Les résultats indiquent une amélioration de 30% par rapport à l'approche classique. Le temps de réponse moyen est de 251ms, ce qui répond aux exigences.",Ce mémoire présente une plateforme de gestion des ressources humaines comme solution à le coût élevé des solutions existantes sur le marché. Les objectifs fixés au départ ont été atteints. Cette étude constitue une base solide pour de futures recherches dans ce domaine.,"Ce projet de fin d'études porte sur une plateforme de gestion des ressources humaines. La motivation principale est le coût élevé des solutions existantes sur le marché qui constitue un défi majeur. Nous proposons une solution basée sur Docker et Kubernetes en suivant une approche la recherche expérimentale avec validation empirique. L'approche méthodologique retenue est la recherche expérimentale avec validation empirique. Elle se décline en 6 grandes étapes : analyse des besoins, conception, implémentation, tests et déploiement. Notre système a été évalué sur un jeu de données de 1975 enregistrements. Les résultats indiquent une amélioration de 30% par rapport à l'approche classique. Le temps de réponse moyen est de 251ms, ce qui répond aux exigences. Ce mémoire présente une plateforme de gestion des ressources humaines comme solution à le coût élevé des solutions existantes sur le marché. Les objectifs fixés au départ ont été atteints. Cette étude constitue une base solide pour de futures recherches dans ce domaine."
ARCH-0136,Un système de gestion des stocks intelligents avec NLP et transformers BERT,Cloud,2019,Etudiant_0136,Ce travail vise à concevoir et implémenter un système de gestion des stocks intelligents en utilisant NLP et transformers BERT. La problématique principale est la difficulté d'accès aux soins médicaux. Notre approche repose sur SCRUM avec des sprints de 2 semaines.,"Pour réaliser ce projet, nous avons adopté SCRUM avec des sprints de 2 semaines. Cette approche nous permet de livrer des incréments fonctionnels régulièrement. Le travail a été divisé en 6 itérations de durée égale.","Les expérimentations confirment la viabilité de notre approche avec 95% d'efficacité. Comparé aux solutions actuelles, nous observons un gain de 24% sur les métriques clés. Ces résultats ont été validés par une équipe de 44 experts du domaine.",Ce travail a permis de développer un système de gestion des stocks intelligents qui répond efficacement à la difficulté d'accès aux soins médicaux. Les résultats obtenus sont satisfaisants et ouvrent la voie à des améliorations futures. Les perspectives incluent l'intégration de nouvelles fonctionnalités et l'extension à d'autres contextes.,"Ce travail vise à concevoir et implémenter un système de gestion des stocks intelligents en utilisant NLP et transformers BERT. La problématique principale est la difficulté d'accès aux soins médicaux. Notre approche repose sur SCRUM avec des sprints de 2 semaines. Pour réaliser ce projet, nous avons adopté SCRUM avec des sprints de 2 semaines. Cette approche nous permet de livrer des incréments fonctionnels régulièrement. Le travail a été divisé en 6 itérations de durée égale. Les expérimentations confirment la viabilité de notre approche avec 95% d'efficacité. Comparé aux solutions actuelles, nous observons un gain de 24% sur les métriques clés. Ces résultats ont été validés par une équipe de 44 experts du domaine. Ce travail a permis de développer un système de gestion des stocks intelligents qui répond efficacement à la difficulté d'accès aux soins médicaux. Les résultats obtenus sont satisfaisants et ouvrent la voie à des améliorations futures. Les perspectives incluent l'intégration de nouvelles fonctionnalités et l'extension à d'autres contextes."
ARCH-0137,Un système d'archivage intelligent de documents avec Arduino et Raspberry Pi,Web,2021,Etudiant_0137,L'objectif de cette étude est de résoudre la difficulté d'accès aux soins médicaux grâce à un système d'archivage intelligent de documents. Nous utilisons Arduino et Raspberry Pi combiné avec une étude de cas approfondie avec données réelles pour atteindre cet objectif.,La méthodologie de développement choisie est une étude de cas approfondie avec données réelles. Nous avons structuré le travail en 6 phases distinctes. Chaque phase comprend des livrables mesurables et des critères de validation clairs.,Les tests réalisés montrent que notre solution atteint 98% de précision. Les performances obtenues dépassent les solutions existantes de 32%. L'interface utilisateur a été validée par 22 utilisateurs réels.,"En conclusion, nous avons conçu et implémenté un système d'archivage intelligent de documents. Notre solution apporte une réponse concrète à la difficulté d'accès aux soins médicaux. Les travaux futurs porteront sur l'amélioration des performances et la scalabilité du système.","L'objectif de cette étude est de résoudre la difficulté d'accès aux soins médicaux grâce à un système d'archivage intelligent de documents. Nous utilisons Arduino et Raspberry Pi combiné avec une étude de cas approfondie avec données réelles pour atteindre cet objectif. La méthodologie de développement choisie est une étude de cas approfondie avec données réelles. Nous avons structuré le travail en 6 phases distinctes. Chaque phase comprend des livrables mesurables et des critères de validation clairs. Les tests réalisés montrent que notre solution atteint 98% de précision. Les performances obtenues dépassent les solutions existantes de 32%. L'interface utilisateur a été validée par 22 utilisateurs réels. En conclusion, nous avons conçu et implémenté un système d'archivage intelligent de documents. Notre solution apporte une réponse concrète à la difficulté d'accès aux soins médicaux. Les travaux futurs porteront sur l'amélioration des performances et la scalabilité du système."
ARCH-0138,Un chatbot d'assistance médicale avec deep learning et PyTorch,Réseau,2022,Etudiant_0138,Ce travail vise à concevoir et implémenter un chatbot d'assistance médicale en utilisant deep learning et PyTorch. La problématique principale est l'absence d'outils adaptés au contexte africain. Notre approche repose sur la recherche-action avec participation des utilisateurs finaux.,La méthodologie de développement choisie est la recherche-action avec participation des utilisateurs finaux. Nous avons structuré le travail en 3 phases distinctes. Chaque phase comprend des livrables mesurables et des critères de validation clairs.,"Notre système a été évalué sur un jeu de données de 9639 enregistrements. Les résultats indiquent une amélioration de 40% par rapport à l'approche classique. Le temps de réponse moyen est de 237ms, ce qui répond aux exigences.",Ce travail a permis de développer un chatbot d'assistance médicale qui répond efficacement à l'absence d'outils adaptés au contexte africain. Les résultats obtenus sont satisfaisants et ouvrent la voie à des améliorations futures. Les perspectives incluent l'intégration de nouvelles fonctionnalités et l'extension à d'autres contextes.,"Ce travail vise à concevoir et implémenter un chatbot d'assistance médicale en utilisant deep learning et PyTorch. La problématique principale est l'absence d'outils adaptés au contexte africain. Notre approche repose sur la recherche-action avec participation des utilisateurs finaux. La méthodologie de développement choisie est la recherche-action avec participation des utilisateurs finaux. Nous avons structuré le travail en 3 phases distinctes. Chaque phase comprend des livrables mesurables et des critères de validation clairs. Notre système a été évalué sur un jeu de données de 9639 enregistrements. Les résultats indiquent une amélioration de 40% par rapport à l'approche classique. Le temps de réponse moyen est de 237ms, ce qui répond aux exigences. Ce travail a permis de développer un chatbot d'assistance médicale qui répond efficacement à l'absence d'outils adaptés au contexte africain. Les résultats obtenus sont satisfaisants et ouvrent la voie à des améliorations futures. Les perspectives incluent l'intégration de nouvelles fonctionnalités et l'extension à d'autres contextes."
ARCH-0139,Un chatbot d'assistance médicale avec machine learning et scikit-learn,IoT,2019,Etudiant_0139,Ce travail vise à concevoir et implémenter un chatbot d'assistance médicale en utilisant machine learning et scikit-learn. La problématique principale est la lenteur des processus manuels actuels. Notre approche repose sur SCRUM avec des sprints de 2 semaines.,La méthodologie de développement choisie est SCRUM avec des sprints de 2 semaines. Nous avons structuré le travail en 5 phases distinctes. Chaque phase comprend des livrables mesurables et des critères de validation clairs.,"Notre système a été évalué sur un jeu de données de 8946 enregistrements. Les résultats indiquent une amélioration de 29% par rapport à l'approche classique. Le temps de réponse moyen est de 121ms, ce qui répond aux exigences.","En conclusion, nous avons conçu et implémenté un chatbot d'assistance médicale. Notre solution apporte une réponse concrète à la lenteur des processus manuels actuels. Les travaux futurs porteront sur l'amélioration des performances et la scalabilité du système.","Ce travail vise à concevoir et implémenter un chatbot d'assistance médicale en utilisant machine learning et scikit-learn. La problématique principale est la lenteur des processus manuels actuels. Notre approche repose sur SCRUM avec des sprints de 2 semaines. La méthodologie de développement choisie est SCRUM avec des sprints de 2 semaines. Nous avons structuré le travail en 5 phases distinctes. Chaque phase comprend des livrables mesurables et des critères de validation clairs. Notre système a été évalué sur un jeu de données de 8946 enregistrements. Les résultats indiquent une amélioration de 29% par rapport à l'approche classique. Le temps de réponse moyen est de 121ms, ce qui répond aux exigences. En conclusion, nous avons conçu et implémenté un chatbot d'assistance médicale. Notre solution apporte une réponse concrète à la lenteur des processus manuels actuels. Les travaux futurs porteront sur l'amélioration des performances et la scalabilité du système."
ARCH-0140,Une plateforme e-commerce pour artisans locaux avec NLP et transformers BERT,Web,2021,Etudiant_0140,L'objectif de cette étude est de résoudre l'absence d'outils adaptés au contexte africain grâce à une plateforme e-commerce pour artisans locaux. Nous utilisons NLP et transformers BERT combiné avec la recherche-action avec participation des utilisateurs finaux pour atteindre cet objectif.,"L'approche méthodologique retenue est la recherche-action avec participation des utilisateurs finaux. Elle se décline en 6 grandes étapes : analyse des besoins, conception, implémentation, tests et déploiement.","Les expérimentations confirment la viabilité de notre approche avec 98% d'efficacité. Comparé aux solutions actuelles, nous observons un gain de 24% sur les métriques clés. Ces résultats ont été validés par une équipe de 40 experts du domaine.","En conclusion, nous avons conçu et implémenté une plateforme e-commerce pour artisans locaux. Notre solution apporte une réponse concrète à l'absence d'outils adaptés au contexte africain. Les travaux futurs porteront sur l'amélioration des performances et la scalabilité du système.","L'objectif de cette étude est de résoudre l'absence d'outils adaptés au contexte africain grâce à une plateforme e-commerce pour artisans locaux. Nous utilisons NLP et transformers BERT combiné avec la recherche-action avec participation des utilisateurs finaux pour atteindre cet objectif. L'approche méthodologique retenue est la recherche-action avec participation des utilisateurs finaux. Elle se décline en 6 grandes étapes : analyse des besoins, conception, implémentation, tests et déploiement. Les expérimentations confirment la viabilité de notre approche avec 98% d'efficacité. Comparé aux solutions actuelles, nous observons un gain de 24% sur les métriques clés. Ces résultats ont été validés par une équipe de 40 experts du domaine. En conclusion, nous avons conçu et implémenté une plateforme e-commerce pour artisans locaux. Notre solution apporte une réponse concrète à l'absence d'outils adaptés au contexte africain. Les travaux futurs porteront sur l'amélioration des performances et la scalabilité du système."
ARCH-0141,Une application de covoiturage universitaire avec Arduino et Raspberry Pi,Cloud,2019,Etudiant_0141,Ce projet de fin d'études porte sur une application de covoiturage universitaire. La motivation principale est la lenteur des processus manuels actuels qui constitue un défi majeur. Nous proposons une solution basée sur Arduino et Raspberry Pi en suivant une approche la recherche-action avec participation des utilisateurs finaux.,"Pour réaliser ce projet, nous avons adopté la recherche-action avec participation des utilisateurs finaux. Cette approche nous permet de livrer des incréments fonctionnels régulièrement. Le travail a été divisé en 4 itérations de durée égale.","Les expérimentations confirment la viabilité de notre approche avec 81% d'efficacité. Comparé aux solutions actuelles, nous observons un gain de 33% sur les métriques clés. Ces résultats ont été validés par une équipe de 40 experts du domaine.",Ce mémoire présente une application de covoiturage universitaire comme solution à la lenteur des processus manuels actuels. Les objectifs fixés au départ ont été atteints. Cette étude constitue une base solide pour de futures recherches dans ce domaine.,"Ce projet de fin d'études porte sur une application de covoiturage universitaire. La motivation principale est la lenteur des processus manuels actuels qui constitue un défi majeur. Nous proposons une solution basée sur Arduino et Raspberry Pi en suivant une approche la recherche-action avec participation des utilisateurs finaux. Pour réaliser ce projet, nous avons adopté la recherche-action avec participation des utilisateurs finaux. Cette approche nous permet de livrer des incréments fonctionnels régulièrement. Le travail a été divisé en 4 itérations de durée égale. Les expérimentations confirment la viabilité de notre approche avec 81% d'efficacité. Comparé aux solutions actuelles, nous observons un gain de 33% sur les métriques clés. Ces résultats ont été validés par une équipe de 40 experts du domaine. Ce mémoire présente une application de covoiturage universitaire comme solution à la lenteur des processus manuels actuels. Les objectifs fixés au départ ont été atteints. Cette étude constitue une base solide pour de futures recherches dans ce domaine."
ARCH-0142,Un outil d'analyse de sentiment sur les réseaux sociaux avec Flutter et Firebase,Cloud,2022,Etudiant_0142,Ce travail vise à concevoir et implémenter un outil d'analyse de sentiment sur les réseaux sociaux en utilisant Flutter et Firebase. La problématique principale est la lenteur des processus manuels actuels. Notre approche repose sur la recherche-action avec participation des utilisateurs finaux.,La méthodologie de développement choisie est la recherche-action avec participation des utilisateurs finaux. Nous avons structuré le travail en 3 phases distinctes. Chaque phase comprend des livrables mesurables et des critères de validation clairs.,"Notre système a été évalué sur un jeu de données de 7265 enregistrements. Les résultats indiquent une amélioration de 28% par rapport à l'approche classique. Le temps de réponse moyen est de 403ms, ce qui répond aux exigences.",Ce travail a permis de développer un outil d'analyse de sentiment sur les réseaux sociaux qui répond efficacement à la lenteur des processus manuels actuels. Les résultats obtenus sont satisfaisants et ouvrent la voie à des améliorations futures. Les perspectives incluent l'intégration de nouvelles fonctionnalités et l'extension à d'autres contextes.,"Ce travail vise à concevoir et implémenter un outil d'analyse de sentiment sur les réseaux sociaux en utilisant Flutter et Firebase. La problématique principale est la lenteur des processus manuels actuels. Notre approche repose sur la recherche-action avec participation des utilisateurs finaux. La méthodologie de développement choisie est la recherche-action avec participation des utilisateurs finaux. Nous avons structuré le travail en 3 phases distinctes. Chaque phase comprend des livrables mesurables et des critères de validation clairs. Notre système a été évalué sur un jeu de données de 7265 enregistrements. Les résultats indiquent une amélioration de 28% par rapport à l'approche classique. Le temps de réponse moyen est de 403ms, ce qui répond aux exigences. Ce travail a permis de développer un outil d'analyse de sentiment sur les réseaux sociaux qui répond efficacement à la lenteur des processus manuels actuels. Les résultats obtenus sont satisfaisants et ouvrent la voie à des améliorations futures. Les perspectives incluent l'intégration de nouvelles fonctionnalités et l'extension à d'autres contextes."
ARCH-0143,Un système de prédiction du décrochage scolaire avec NLP et transformers BERT,Cyber,2021,Etudiant_0143,"Dans le cadre de ce mémoire, nous proposons un système de prédiction du décrochage scolaire. Face à le manque de traçabilité dans les processus administratifs, nous avons choisi d'utiliser NLP et transformers BERT comme solution principale. La méthodologie adoptée est SCRUM avec des sprints de 2 semaines.","L'approche méthodologique retenue est SCRUM avec des sprints de 2 semaines. Elle se décline en 4 grandes étapes : analyse des besoins, conception, implémentation, tests et déploiement.","Les expérimentations confirment la viabilité de notre approche avec 90% d'efficacité. Comparé aux solutions actuelles, nous observons un gain de 36% sur les métriques clés. Ces résultats ont été validés par une équipe de 40 experts du domaine.","En conclusion, nous avons conçu et implémenté un système de prédiction du décrochage scolaire. Notre solution apporte une réponse concrète à le manque de traçabilité dans les processus administratifs. Les travaux futurs porteront sur l'amélioration des performances et la scalabilité du système.","Dans le cadre de ce mémoire, nous proposons un système de prédiction du décrochage scolaire. Face à le manque de traçabilité dans les processus administratifs, nous avons choisi d'utiliser NLP et transformers BERT comme solution principale. La méthodologie adoptée est SCRUM avec des sprints de 2 semaines. L'approche méthodologique retenue est SCRUM avec des sprints de 2 semaines. Elle se décline en 4 grandes étapes : analyse des besoins, conception, implémentation, tests et déploiement. Les expérimentations confirment la viabilité de notre approche avec 90% d'efficacité. Comparé aux solutions actuelles, nous observons un gain de 36% sur les métriques clés. Ces résultats ont été validés par une équipe de 40 experts du domaine. En conclusion, nous avons conçu et implémenté un système de prédiction du décrochage scolaire. Notre solution apporte une réponse concrète à le manque de traçabilité dans les processus administratifs. Les travaux futurs porteront sur l'amélioration des performances et la scalabilité du système."
ARCH-0144,Un système d'archivage intelligent de documents avec blockchain et smart contracts,Réseau,2020,Etudiant_0144,L'objectif de cette étude est de résoudre la difficulté d'accès aux soins médicaux grâce à un système d'archivage intelligent de documents. Nous utilisons blockchain et smart contracts combiné avec la recherche-action avec participation des utilisateurs finaux pour atteindre cet objectif.,"L'approche méthodologique retenue est la recherche-action avec participation des utilisateurs finaux. Elle se décline en 5 grandes étapes : analyse des besoins, conception, implémentation, tests et déploiement.","Les expérimentations confirment la viabilité de notre approche avec 95% d'efficacité. Comparé aux solutions actuelles, nous observons un gain de 21% sur les métriques clés. Ces résultats ont été validés par une équipe de 25 experts du domaine.","En conclusion, nous avons conçu et implémenté un système d'archivage intelligent de documents. Notre solution apporte une réponse concrète à la difficulté d'accès aux soins médicaux. Les travaux futurs porteront sur l'amélioration des performances et la scalabilité du système.","L'objectif de cette étude est de résoudre la difficulté d'accès aux soins médicaux grâce à un système d'archivage intelligent de documents. Nous utilisons blockchain et smart contracts combiné avec la recherche-action avec participation des utilisateurs finaux pour atteindre cet objectif. L'approche méthodologique retenue est la recherche-action avec participation des utilisateurs finaux. Elle se décline en 5 grandes étapes : analyse des besoins, conception, implémentation, tests et déploiement. Les expérimentations confirment la viabilité de notre approche avec 95% d'efficacité. Comparé aux solutions actuelles, nous observons un gain de 21% sur les métriques clés. Ces résultats ont été validés par une équipe de 25 experts du domaine. En conclusion, nous avons conçu et implémenté un système d'archivage intelligent de documents. Notre solution apporte une réponse concrète à la difficulté d'accès aux soins médicaux. Les travaux futurs porteront sur l'amélioration des performances et la scalabilité du système."
ARCH-0145,Un système de prédiction du décrochage scolaire avec Arduino et Raspberry Pi,Cloud,2021,Etudiant_0145,L'objectif de cette étude est de résoudre le coût élevé des solutions existantes sur le marché grâce à un système de prédiction du décrochage scolaire. Nous utilisons Arduino et Raspberry Pi combiné avec une étude de cas approfondie avec données réelles pour atteindre cet objectif.,"Pour réaliser ce projet, nous avons adopté une étude de cas approfondie avec données réelles. Cette approche nous permet de livrer des incréments fonctionnels régulièrement. Le travail a été divisé en 5 itérations de durée égale.","Les expérimentations confirment la viabilité de notre approche avec 88% d'efficacité. Comparé aux solutions actuelles, nous observons un gain de 24% sur les métriques clés. Ces résultats ont été validés par une équipe de 17 experts du domaine.",Ce mémoire présente un système de prédiction du décrochage scolaire comme solution à le coût élevé des solutions existantes sur le marché. Les objectifs fixés au départ ont été atteints. Cette étude constitue une base solide pour de futures recherches dans ce domaine.,"L'objectif de cette étude est de résoudre le coût élevé des solutions existantes sur le marché grâce à un système de prédiction du décrochage scolaire. Nous utilisons Arduino et Raspberry Pi combiné avec une étude de cas approfondie avec données réelles pour atteindre cet objectif. Pour réaliser ce projet, nous avons adopté une étude de cas approfondie avec données réelles. Cette approche nous permet de livrer des incréments fonctionnels régulièrement. Le travail a été divisé en 5 itérations de durée égale. Les expérimentations confirment la viabilité de notre approche avec 88% d'efficacité. Comparé aux solutions actuelles, nous observons un gain de 24% sur les métriques clés. Ces résultats ont été validés par une équipe de 17 experts du domaine. Ce mémoire présente un système de prédiction du décrochage scolaire comme solution à le coût élevé des solutions existantes sur le marché. Les objectifs fixés au départ ont été atteints. Cette étude constitue une base solide pour de futures recherches dans ce domaine."
ARCH-0146,Un outil d'analyse de sentiment sur les réseaux sociaux avec Docker et Kubernetes,Mobile,2022,Etudiant_0146,Ce travail vise à concevoir et implémenter un outil d'analyse de sentiment sur les réseaux sociaux en utilisant Docker et Kubernetes. La problématique principale est la sécurité insuffisante des données personnelles. Notre approche repose sur le prototypage rapide et l'itération continue.,"Pour réaliser ce projet, nous avons adopté le prototypage rapide et l'itération continue. Cette approche nous permet de livrer des incréments fonctionnels régulièrement. Le travail a été divisé en 3 itérations de durée égale.","Notre système a été évalué sur un jeu de données de 8349 enregistrements. Les résultats indiquent une amélioration de 35% par rapport à l'approche classique. Le temps de réponse moyen est de 159ms, ce qui répond aux exigences.",Ce travail a permis de développer un outil d'analyse de sentiment sur les réseaux sociaux qui répond efficacement à la sécurité insuffisante des données personnelles. Les résultats obtenus sont satisfaisants et ouvrent la voie à des améliorations futures. Les perspectives incluent l'intégration de nouvelles fonctionnalités et l'extension à d'autres contextes.,"Ce travail vise à concevoir et implémenter un outil d'analyse de sentiment sur les réseaux sociaux en utilisant Docker et Kubernetes. La problématique principale est la sécurité insuffisante des données personnelles. Notre approche repose sur le prototypage rapide et l'itération continue. Pour réaliser ce projet, nous avons adopté le prototypage rapide et l'itération continue. Cette approche nous permet de livrer des incréments fonctionnels régulièrement. Le travail a été divisé en 3 itérations de durée égale. Notre système a été évalué sur un jeu de données de 8349 enregistrements. Les résultats indiquent une amélioration de 35% par rapport à l'approche classique. Le temps de réponse moyen est de 159ms, ce qui répond aux exigences. Ce travail a permis de développer un outil d'analyse de sentiment sur les réseaux sociaux qui répond efficacement à la sécurité insuffisante des données personnelles. Les résultats obtenus sont satisfaisants et ouvrent la voie à des améliorations futures. Les perspectives incluent l'intégration de nouvelles fonctionnalités et l'extension à d'autres contextes."
ARCH-0147,Une plateforme de gestion des ressources humaines avec Arduino et Raspberry Pi,Cloud,2020,Etudiant_0147,"Dans le cadre de ce mémoire, nous proposons une plateforme de gestion des ressources humaines. Face à la sécurité insuffisante des données personnelles, nous avons choisi d'utiliser Arduino et Raspberry Pi comme solution principale. La méthodologie adoptée est SCRUM avec des sprints de 2 semaines.",La méthodologie de développement choisie est SCRUM avec des sprints de 2 semaines. Nous avons structuré le travail en 3 phases distinctes. Chaque phase comprend des livrables mesurables et des critères de validation clairs.,"Les expérimentations confirment la viabilité de notre approche avec 96% d'efficacité. Comparé aux solutions actuelles, nous observons un gain de 22% sur les métriques clés. Ces résultats ont été validés par une équipe de 50 experts du domaine.",Ce travail a permis de développer une plateforme de gestion des ressources humaines qui répond efficacement à la sécurité insuffisante des données personnelles. Les résultats obtenus sont satisfaisants et ouvrent la voie à des améliorations futures. Les perspectives incluent l'intégration de nouvelles fonctionnalités et l'extension à d'autres contextes.,"Dans le cadre de ce mémoire, nous proposons une plateforme de gestion des ressources humaines. Face à la sécurité insuffisante des données personnelles, nous avons choisi d'utiliser Arduino et Raspberry Pi comme solution principale. La méthodologie adoptée est SCRUM avec des sprints de 2 semaines. La méthodologie de développement choisie est SCRUM avec des sprints de 2 semaines. Nous avons structuré le travail en 3 phases distinctes. Chaque phase comprend des livrables mesurables et des critères de validation clairs. Les expérimentations confirment la viabilité de notre approche avec 96% d'efficacité. Comparé aux solutions actuelles, nous observons un gain de 22% sur les métriques clés. Ces résultats ont été validés par une équipe de 50 experts du domaine. Ce travail a permis de développer une plateforme de gestion des ressources humaines qui répond efficacement à la sécurité insuffisante des données personnelles. Les résultats obtenus sont satisfaisants et ouvrent la voie à des améliorations futures. Les perspectives incluent l'intégration de nouvelles fonctionnalités et l'extension à d'autres contextes."
ARCH-0148,Une plateforme de gestion des ressources humaines avec deep learning et PyTorch,IA,2024,Etudiant_0148,Ce travail vise à concevoir et implémenter une plateforme de gestion des ressources humaines en utilisant deep learning et PyTorch. La problématique principale est le manque d'accessibilité aux services dans les zones rurales. Notre approche repose sur la recherche expérimentale avec validation empirique.,"L'approche méthodologique retenue est la recherche expérimentale avec validation empirique. Elle se décline en 4 grandes étapes : analyse des besoins, conception, implémentation, tests et déploiement.","Notre système a été évalué sur un jeu de données de 5206 enregistrements. Les résultats indiquent une amélioration de 30% par rapport à l'approche classique. Le temps de réponse moyen est de 214ms, ce qui répond aux exigences.","En conclusion, nous avons conçu et implémenté une plateforme de gestion des ressources humaines. Notre solution apporte une réponse concrète à le manque d'accessibilité aux services dans les zones rurales. Les travaux futurs porteront sur l'amélioration des performances et la scalabilité du système.","Ce travail vise à concevoir et implémenter une plateforme de gestion des ressources humaines en utilisant deep learning et PyTorch. La problématique principale est le manque d'accessibilité aux services dans les zones rurales. Notre approche repose sur la recherche expérimentale avec validation empirique. L'approche méthodologique retenue est la recherche expérimentale avec validation empirique. Elle se décline en 4 grandes étapes : analyse des besoins, conception, implémentation, tests et déploiement. Notre système a été évalué sur un jeu de données de 5206 enregistrements. Les résultats indiquent une amélioration de 30% par rapport à l'approche classique. Le temps de réponse moyen est de 214ms, ce qui répond aux exigences. En conclusion, nous avons conçu et implémenté une plateforme de gestion des ressources humaines. Notre solution apporte une réponse concrète à le manque d'accessibilité aux services dans les zones rurales. Les travaux futurs porteront sur l'amélioration des performances et la scalabilité du système."
ARCH-0149,Une plateforme de télémédecine avec NLP et transformers BERT,Mobile,2018,Etudiant_0149,Ce travail vise à concevoir et implémenter une plateforme de télémédecine en utilisant NLP et transformers BERT. La problématique principale est le coût élevé des solutions existantes sur le marché. Notre approche repose sur la recherche-action avec participation des utilisateurs finaux.,La méthodologie de développement choisie est la recherche-action avec participation des utilisateurs finaux. Nous avons structuré le travail en 6 phases distinctes. Chaque phase comprend des livrables mesurables et des critères de validation clairs.,Les tests réalisés montrent que notre solution atteint 81% de précision. Les performances obtenues dépassent les solutions existantes de 41%. L'interface utilisateur a été validée par 35 utilisateurs réels.,Ce mémoire présente une plateforme de télémédecine comme solution à le coût élevé des solutions existantes sur le marché. Les objectifs fixés au départ ont été atteints. Cette étude constitue une base solide pour de futures recherches dans ce domaine.,Ce travail vise à concevoir et implémenter une plateforme de télémédecine en utilisant NLP et transformers BERT. La problématique principale est le coût élevé des solutions existantes sur le marché. Notre approche repose sur la recherche-action avec participation des utilisateurs finaux. La méthodologie de développement choisie est la recherche-action avec participation des utilisateurs finaux. Nous avons structuré le travail en 6 phases distinctes. Chaque phase comprend des livrables mesurables et des critères de validation clairs. Les tests réalisés montrent que notre solution atteint 81% de précision. Les performances obtenues dépassent les solutions existantes de 41%. L'interface utilisateur a été validée par 35 utilisateurs réels. Ce mémoire présente une plateforme de télémédecine comme solution à le coût élevé des solutions existantes sur le marché. Les objectifs fixés au départ ont été atteints. Cette étude constitue une base solide pour de futures recherches dans ce domaine.
ARCH-0150,Un système de détection de fraude bancaire avec Arduino et Raspberry Pi,IoT,2019,Etudiant_0150,L'objectif de cette étude est de résoudre le manque d'accessibilité aux services dans les zones rurales grâce à un système de détection de fraude bancaire. Nous utilisons Arduino et Raspberry Pi combiné avec le prototypage rapide et l'itération continue pour atteindre cet objectif.,"Pour réaliser ce projet, nous avons adopté le prototypage rapide et l'itération continue. Cette approche nous permet de livrer des incréments fonctionnels régulièrement. Le travail a été divisé en 6 itérations de durée égale.",Les tests réalisés montrent que notre solution atteint 96% de précision. Les performances obtenues dépassent les solutions existantes de 29%. L'interface utilisateur a été validée par 27 utilisateurs réels.,Ce travail a permis de développer un système de détection de fraude bancaire qui répond efficacement à le manque d'accessibilité aux services dans les zones rurales. Les résultats obtenus sont satisfaisants et ouvrent la voie à des améliorations futures. Les perspectives incluent l'intégration de nouvelles fonctionnalités et l'extension à d'autres contextes.,"L'objectif de cette étude est de résoudre le manque d'accessibilité aux services dans les zones rurales grâce à un système de détection de fraude bancaire. Nous utilisons Arduino et Raspberry Pi combiné avec le prototypage rapide et l'itération continue pour atteindre cet objectif. Pour réaliser ce projet, nous avons adopté le prototypage rapide et l'itération continue. Cette approche nous permet de livrer des incréments fonctionnels régulièrement. Le travail a été divisé en 6 itérations de durée égale. Les tests réalisés montrent que notre solution atteint 96% de précision. Les performances obtenues dépassent les solutions existantes de 29%. L'interface utilisateur a été validée par 27 utilisateurs réels. Ce travail a permis de développer un système de détection de fraude bancaire qui répond efficacement à le manque d'accessibilité aux services dans les zones rurales. Les résultats obtenus sont satisfaisants et ouvrent la voie à des améliorations futures. Les perspectives incluent l'intégration de nouvelles fonctionnalités et l'extension à d'autres contextes."
ARCH-0151,Une plateforme de gestion des ressources humaines avec deep learning et PyTorch,Cloud,2024,Etudiant_0151,Ce travail vise à concevoir et implémenter une plateforme de gestion des ressources humaines en utilisant deep learning et PyTorch. La problématique principale est l'absence d'outils adaptés au contexte africain. Notre approche repose sur la recherche expérimentale avec validation empirique.,"L'approche méthodologique retenue est la recherche expérimentale avec validation empirique. Elle se décline en 5 grandes étapes : analyse des besoins, conception, implémentation, tests et déploiement.","Notre système a été évalué sur un jeu de données de 3375 enregistrements. Les résultats indiquent une amélioration de 36% par rapport à l'approche classique. Le temps de réponse moyen est de 362ms, ce qui répond aux exigences.",Ce mémoire présente une plateforme de gestion des ressources humaines comme solution à l'absence d'outils adaptés au contexte africain. Les objectifs fixés au départ ont été atteints. Cette étude constitue une base solide pour de futures recherches dans ce domaine.,"Ce travail vise à concevoir et implémenter une plateforme de gestion des ressources humaines en utilisant deep learning et PyTorch. La problématique principale est l'absence d'outils adaptés au contexte africain. Notre approche repose sur la recherche expérimentale avec validation empirique. L'approche méthodologique retenue est la recherche expérimentale avec validation empirique. Elle se décline en 5 grandes étapes : analyse des besoins, conception, implémentation, tests et déploiement. Notre système a été évalué sur un jeu de données de 3375 enregistrements. Les résultats indiquent une amélioration de 36% par rapport à l'approche classique. Le temps de réponse moyen est de 362ms, ce qui répond aux exigences. Ce mémoire présente une plateforme de gestion des ressources humaines comme solution à l'absence d'outils adaptés au contexte africain. Les objectifs fixés au départ ont été atteints. Cette étude constitue une base solide pour de futures recherches dans ce domaine."
ARCH-0152,Une plateforme e-commerce pour artisans locaux avec blockchain et smart contracts,Cloud,2019,Etudiant_0152,Ce projet de fin d'études porte sur une plateforme e-commerce pour artisans locaux. La motivation principale est la difficulté d'accès aux soins médicaux qui constitue un défi majeur. Nous proposons une solution basée sur blockchain et smart contracts en suivant une approche SCRUM avec des sprints de 2 semaines.,"L'approche méthodologique retenue est SCRUM avec des sprints de 2 semaines. Elle se décline en 3 grandes étapes : analyse des besoins, conception, implémentation, tests et déploiement.",Les tests réalisés montrent que notre solution atteint 84% de précision. Les performances obtenues dépassent les solutions existantes de 30%. L'interface utilisateur a été validée par 30 utilisateurs réels.,"En conclusion, nous avons conçu et implémenté une plateforme e-commerce pour artisans locaux. Notre solution apporte une réponse concrète à la difficulté d'accès aux soins médicaux. Les travaux futurs porteront sur l'amélioration des performances et la scalabilité du système.","Ce projet de fin d'études porte sur une plateforme e-commerce pour artisans locaux. La motivation principale est la difficulté d'accès aux soins médicaux qui constitue un défi majeur. Nous proposons une solution basée sur blockchain et smart contracts en suivant une approche SCRUM avec des sprints de 2 semaines. L'approche méthodologique retenue est SCRUM avec des sprints de 2 semaines. Elle se décline en 3 grandes étapes : analyse des besoins, conception, implémentation, tests et déploiement. Les tests réalisés montrent que notre solution atteint 84% de précision. Les performances obtenues dépassent les solutions existantes de 30%. L'interface utilisateur a été validée par 30 utilisateurs réels. En conclusion, nous avons conçu et implémenté une plateforme e-commerce pour artisans locaux. Notre solution apporte une réponse concrète à la difficulté d'accès aux soins médicaux. Les travaux futurs porteront sur l'amélioration des performances et la scalabilité du système."
ARCH-0153,Un système de vote électronique avec Arduino et Raspberry Pi,Cloud,2023,Etudiant_0153,Ce travail vise à concevoir et implémenter un système de vote électronique en utilisant Arduino et Raspberry Pi. La problématique principale est la difficulté d'accès aux soins médicaux. Notre approche repose sur le prototypage rapide et l'itération continue.,"Pour réaliser ce projet, nous avons adopté le prototypage rapide et l'itération continue. Cette approche nous permet de livrer des incréments fonctionnels régulièrement. Le travail a été divisé en 5 itérations de durée égale.","Les expérimentations confirment la viabilité de notre approche avec 87% d'efficacité. Comparé aux solutions actuelles, nous observons un gain de 16% sur les métriques clés. Ces résultats ont été validés par une équipe de 17 experts du domaine.",Ce travail a permis de développer un système de vote électronique qui répond efficacement à la difficulté d'accès aux soins médicaux. Les résultats obtenus sont satisfaisants et ouvrent la voie à des améliorations futures. Les perspectives incluent l'intégration de nouvelles fonctionnalités et l'extension à d'autres contextes.,"Ce travail vise à concevoir et implémenter un système de vote électronique en utilisant Arduino et Raspberry Pi. La problématique principale est la difficulté d'accès aux soins médicaux. Notre approche repose sur le prototypage rapide et l'itération continue. Pour réaliser ce projet, nous avons adopté le prototypage rapide et l'itération continue. Cette approche nous permet de livrer des incréments fonctionnels régulièrement. Le travail a été divisé en 5 itérations de durée égale. Les expérimentations confirment la viabilité de notre approche avec 87% d'efficacité. Comparé aux solutions actuelles, nous observons un gain de 16% sur les métriques clés. Ces résultats ont été validés par une équipe de 17 experts du domaine. Ce travail a permis de développer un système de vote électronique qui répond efficacement à la difficulté d'accès aux soins médicaux. Les résultats obtenus sont satisfaisants et ouvrent la voie à des améliorations futures. Les perspectives incluent l'intégration de nouvelles fonctionnalités et l'extension à d'autres contextes."
ARCH-0154,Un chatbot d'assistance médicale avec Arduino et Raspberry Pi,IoT,2021,Etudiant_0154,L'objectif de cette étude est de résoudre le manque d'accessibilité aux services dans les zones rurales grâce à un chatbot d'assistance médicale. Nous utilisons Arduino et Raspberry Pi combiné avec le prototypage rapide et l'itération continue pour atteindre cet objectif.,"L'approche méthodologique retenue est le prototypage rapide et l'itération continue. Elle se décline en 4 grandes étapes : analyse des besoins, conception, implémentation, tests et déploiement.",Les tests réalisés montrent que notre solution atteint 84% de précision. Les performances obtenues dépassent les solutions existantes de 30%. L'interface utilisateur a été validée par 19 utilisateurs réels.,Ce mémoire présente un chatbot d'assistance médicale comme solution à le manque d'accessibilité aux services dans les zones rurales. Les objectifs fixés au départ ont été atteints. Cette étude constitue une base solide pour de futures recherches dans ce domaine.,"L'objectif de cette étude est de résoudre le manque d'accessibilité aux services dans les zones rurales grâce à un chatbot d'assistance médicale. Nous utilisons Arduino et Raspberry Pi combiné avec le prototypage rapide et l'itération continue pour atteindre cet objectif. L'approche méthodologique retenue est le prototypage rapide et l'itération continue. Elle se décline en 4 grandes étapes : analyse des besoins, conception, implémentation, tests et déploiement. Les tests réalisés montrent que notre solution atteint 84% de précision. Les performances obtenues dépassent les solutions existantes de 30%. L'interface utilisateur a été validée par 19 utilisateurs réels. Ce mémoire présente un chatbot d'assistance médicale comme solution à le manque d'accessibilité aux services dans les zones rurales. Les objectifs fixés au départ ont été atteints. Cette étude constitue une base solide pour de futures recherches dans ce domaine."
ARCH-0155,Une plateforme de gestion des ressources humaines avec blockchain et smart contracts,IA,2024,Etudiant_0155,"Dans le cadre de ce mémoire, nous proposons une plateforme de gestion des ressources humaines. Face à le manque de traçabilité dans les processus administratifs, nous avons choisi d'utiliser blockchain et smart contracts comme solution principale. La méthodologie adoptée est la recherche-action avec participation des utilisateurs finaux.",La méthodologie de développement choisie est la recherche-action avec participation des utilisateurs finaux. Nous avons structuré le travail en 3 phases distinctes. Chaque phase comprend des livrables mesurables et des critères de validation clairs.,"Les expérimentations confirment la viabilité de notre approche avec 94% d'efficacité. Comparé aux solutions actuelles, nous observons un gain de 31% sur les métriques clés. Ces résultats ont été validés par une équipe de 33 experts du domaine.",Ce travail a permis de développer une plateforme de gestion des ressources humaines qui répond efficacement à le manque de traçabilité dans les processus administratifs. Les résultats obtenus sont satisfaisants et ouvrent la voie à des améliorations futures. Les perspectives incluent l'intégration de nouvelles fonctionnalités et l'extension à d'autres contextes.,"Dans le cadre de ce mémoire, nous proposons une plateforme de gestion des ressources humaines. Face à le manque de traçabilité dans les processus administratifs, nous avons choisi d'utiliser blockchain et smart contracts comme solution principale. La méthodologie adoptée est la recherche-action avec participation des utilisateurs finaux. La méthodologie de développement choisie est la recherche-action avec participation des utilisateurs finaux. Nous avons structuré le travail en 3 phases distinctes. Chaque phase comprend des livrables mesurables et des critères de validation clairs. Les expérimentations confirment la viabilité de notre approche avec 94% d'efficacité. Comparé aux solutions actuelles, nous observons un gain de 31% sur les métriques clés. Ces résultats ont été validés par une équipe de 33 experts du domaine. Ce travail a permis de développer une plateforme de gestion des ressources humaines qui répond efficacement à le manque de traçabilité dans les processus administratifs. Les résultats obtenus sont satisfaisants et ouvrent la voie à des améliorations futures. Les perspectives incluent l'intégration de nouvelles fonctionnalités et l'extension à d'autres contextes."
ARCH-0156,Un chatbot d'assistance médicale avec blockchain et smart contracts,BDD,2024,Etudiant_0156,"Dans le cadre de ce mémoire, nous proposons un chatbot d'assistance médicale. Face à le coût élevé des solutions existantes sur le marché, nous avons choisi d'utiliser blockchain et smart contracts comme solution principale. La méthodologie adoptée est la recherche-action avec participation des utilisateurs finaux.",La méthodologie de développement choisie est la recherche-action avec participation des utilisateurs finaux. Nous avons structuré le travail en 5 phases distinctes. Chaque phase comprend des livrables mesurables et des critères de validation clairs.,"Les expérimentations confirment la viabilité de notre approche avec 94% d'efficacité. Comparé aux solutions actuelles, nous observons un gain de 18% sur les métriques clés. Ces résultats ont été validés par une équipe de 23 experts du domaine.",Ce mémoire présente un chatbot d'assistance médicale comme solution à le coût élevé des solutions existantes sur le marché. Les objectifs fixés au départ ont été atteints. Cette étude constitue une base solide pour de futures recherches dans ce domaine.,"Dans le cadre de ce mémoire, nous proposons un chatbot d'assistance médicale. Face à le coût élevé des solutions existantes sur le marché, nous avons choisi d'utiliser blockchain et smart contracts comme solution principale. La méthodologie adoptée est la recherche-action avec participation des utilisateurs finaux. La méthodologie de développement choisie est la recherche-action avec participation des utilisateurs finaux. Nous avons structuré le travail en 5 phases distinctes. Chaque phase comprend des livrables mesurables et des critères de validation clairs. Les expérimentations confirment la viabilité de notre approche avec 94% d'efficacité. Comparé aux solutions actuelles, nous observons un gain de 18% sur les métriques clés. Ces résultats ont été validés par une équipe de 23 experts du domaine. Ce mémoire présente un chatbot d'assistance médicale comme solution à le coût élevé des solutions existantes sur le marché. Les objectifs fixés au départ ont été atteints. Cette étude constitue une base solide pour de futures recherches dans ce domaine."
ARCH-0157,Un système de détection de fraude bancaire avec deep learning et PyTorch,IA,2023,Etudiant_0157,Ce projet de fin d'études porte sur un système de détection de fraude bancaire. La motivation principale est la sécurité insuffisante des données personnelles qui constitue un défi majeur. Nous proposons une solution basée sur deep learning et PyTorch en suivant une approche la recherche-action avec participation des utilisateurs finaux.,"Pour réaliser ce projet, nous avons adopté la recherche-action avec participation des utilisateurs finaux. Cette approche nous permet de livrer des incréments fonctionnels régulièrement. Le travail a été divisé en 3 itérations de durée égale.","Les expérimentations confirment la viabilité de notre approche avec 94% d'efficacité. Comparé aux solutions actuelles, nous observons un gain de 36% sur les métriques clés. Ces résultats ont été validés par une équipe de 29 experts du domaine.","En conclusion, nous avons conçu et implémenté un système de détection de fraude bancaire. Notre solution apporte une réponse concrète à la sécurité insuffisante des données personnelles. Les travaux futurs porteront sur l'amélioration des performances et la scalabilité du système.","Ce projet de fin d'études porte sur un système de détection de fraude bancaire. La motivation principale est la sécurité insuffisante des données personnelles qui constitue un défi majeur. Nous proposons une solution basée sur deep learning et PyTorch en suivant une approche la recherche-action avec participation des utilisateurs finaux. Pour réaliser ce projet, nous avons adopté la recherche-action avec participation des utilisateurs finaux. Cette approche nous permet de livrer des incréments fonctionnels régulièrement. Le travail a été divisé en 3 itérations de durée égale. Les expérimentations confirment la viabilité de notre approche avec 94% d'efficacité. Comparé aux solutions actuelles, nous observons un gain de 36% sur les métriques clés. Ces résultats ont été validés par une équipe de 29 experts du domaine. En conclusion, nous avons conçu et implémenté un système de détection de fraude bancaire. Notre solution apporte une réponse concrète à la sécurité insuffisante des données personnelles. Les travaux futurs porteront sur l'amélioration des performances et la scalabilité du système."
ARCH-0158,Un système de gestion des stocks intelligents avec NLP et transformers BERT,Cloud,2019,Etudiant_0158,Ce projet de fin d'études porte sur un système de gestion des stocks intelligents. La motivation principale est le manque d'accessibilité aux services dans les zones rurales qui constitue un défi majeur. Nous proposons une solution basée sur NLP et transformers BERT en suivant une approche SCRUM avec des sprints de 2 semaines.,"Pour réaliser ce projet, nous avons adopté SCRUM avec des sprints de 2 semaines. Cette approche nous permet de livrer des incréments fonctionnels régulièrement. Le travail a été divisé en 3 itérations de durée égale.","Les expérimentations confirment la viabilité de notre approche avec 81% d'efficacité. Comparé aux solutions actuelles, nous observons un gain de 44% sur les métriques clés. Ces résultats ont été validés par une équipe de 14 experts du domaine.","En conclusion, nous avons conçu et implémenté un système de gestion des stocks intelligents. Notre solution apporte une réponse concrète à le manque d'accessibilité aux services dans les zones rurales. Les travaux futurs porteront sur l'amélioration des performances et la scalabilité du système.","Ce projet de fin d'études porte sur un système de gestion des stocks intelligents. La motivation principale est le manque d'accessibilité aux services dans les zones rurales qui constitue un défi majeur. Nous proposons une solution basée sur NLP et transformers BERT en suivant une approche SCRUM avec des sprints de 2 semaines. Pour réaliser ce projet, nous avons adopté SCRUM avec des sprints de 2 semaines. Cette approche nous permet de livrer des incréments fonctionnels régulièrement. Le travail a été divisé en 3 itérations de durée égale. Les expérimentations confirment la viabilité de notre approche avec 81% d'efficacité. Comparé aux solutions actuelles, nous observons un gain de 44% sur les métriques clés. Ces résultats ont été validés par une équipe de 14 experts du domaine. En conclusion, nous avons conçu et implémenté un système de gestion des stocks intelligents. Notre solution apporte une réponse concrète à le manque d'accessibilité aux services dans les zones rurales. Les travaux futurs porteront sur l'amélioration des performances et la scalabilité du système."
ARCH-0159,Un système de prédiction du décrochage scolaire avec Django et PostgreSQL,Web,2019,Etudiant_0159,Ce projet de fin d'études porte sur un système de prédiction du décrochage scolaire. La motivation principale est les pertes financières dues aux erreurs humaines qui constitue un défi majeur. Nous proposons une solution basée sur Django et PostgreSQL en suivant une approche le prototypage rapide et l'itération continue.,"Pour réaliser ce projet, nous avons adopté le prototypage rapide et l'itération continue. Cette approche nous permet de livrer des incréments fonctionnels régulièrement. Le travail a été divisé en 6 itérations de durée égale.","Notre système a été évalué sur un jeu de données de 2678 enregistrements. Les résultats indiquent une amélioration de 36% par rapport à l'approche classique. Le temps de réponse moyen est de 384ms, ce qui répond aux exigences.","En conclusion, nous avons conçu et implémenté un système de prédiction du décrochage scolaire. Notre solution apporte une réponse concrète à les pertes financières dues aux erreurs humaines. Les travaux futurs porteront sur l'amélioration des performances et la scalabilité du système.","Ce projet de fin d'études porte sur un système de prédiction du décrochage scolaire. La motivation principale est les pertes financières dues aux erreurs humaines qui constitue un défi majeur. Nous proposons une solution basée sur Django et PostgreSQL en suivant une approche le prototypage rapide et l'itération continue. Pour réaliser ce projet, nous avons adopté le prototypage rapide et l'itération continue. Cette approche nous permet de livrer des incréments fonctionnels régulièrement. Le travail a été divisé en 6 itérations de durée égale. Notre système a été évalué sur un jeu de données de 2678 enregistrements. Les résultats indiquent une amélioration de 36% par rapport à l'approche classique. Le temps de réponse moyen est de 384ms, ce qui répond aux exigences. En conclusion, nous avons conçu et implémenté un système de prédiction du décrochage scolaire. Notre solution apporte une réponse concrète à les pertes financières dues aux erreurs humaines. Les travaux futurs porteront sur l'amélioration des performances et la scalabilité du système."
ARCH-0160,Un chatbot d'assistance médicale avec machine learning et scikit-learn,Réseau,2021,Etudiant_0160,Ce travail vise à concevoir et implémenter un chatbot d'assistance médicale en utilisant machine learning et scikit-learn. La problématique principale est la sécurité insuffisante des données personnelles. Notre approche repose sur la recherche expérimentale avec validation empirique.,La méthodologie de développement choisie est la recherche expérimentale avec validation empirique. Nous avons structuré le travail en 5 phases distinctes. Chaque phase comprend des livrables mesurables et des critères de validation clairs.,"Notre système a été évalué sur un jeu de données de 6714 enregistrements. Les résultats indiquent une amélioration de 28% par rapport à l'approche classique. Le temps de réponse moyen est de 471ms, ce qui répond aux exigences.",Ce travail a permis de développer un chatbot d'assistance médicale qui répond efficacement à la sécurité insuffisante des données personnelles. Les résultats obtenus sont satisfaisants et ouvrent la voie à des améliorations futures. Les perspectives incluent l'intégration de nouvelles fonctionnalités et l'extension à d'autres contextes.,"Ce travail vise à concevoir et implémenter un chatbot d'assistance médicale en utilisant machine learning et scikit-learn. La problématique principale est la sécurité insuffisante des données personnelles. Notre approche repose sur la recherche expérimentale avec validation empirique. La méthodologie de développement choisie est la recherche expérimentale avec validation empirique. Nous avons structuré le travail en 5 phases distinctes. Chaque phase comprend des livrables mesurables et des critères de validation clairs. Notre système a été évalué sur un jeu de données de 6714 enregistrements. Les résultats indiquent une amélioration de 28% par rapport à l'approche classique. Le temps de réponse moyen est de 471ms, ce qui répond aux exigences. Ce travail a permis de développer un chatbot d'assistance médicale qui répond efficacement à la sécurité insuffisante des données personnelles. Les résultats obtenus sont satisfaisants et ouvrent la voie à des améliorations futures. Les perspectives incluent l'intégration de nouvelles fonctionnalités et l'extension à d'autres contextes."
ARCH-0161,Un système de surveillance de la qualité de l'air avec Django et PostgreSQL,IA,2021,Etudiant_0161,Ce travail vise à concevoir et implémenter un système de surveillance de la qualité de l'air en utilisant Django et PostgreSQL. La problématique principale est l'absence d'outils adaptés au contexte africain. Notre approche repose sur la recherche expérimentale avec validation empirique.,La méthodologie de développement choisie est la recherche expérimentale avec validation empirique. Nous avons structuré le travail en 6 phases distinctes. Chaque phase comprend des livrables mesurables et des critères de validation clairs.,"Les expérimentations confirment la viabilité de notre approche avec 80% d'efficacité. Comparé aux solutions actuelles, nous observons un gain de 22% sur les métriques clés. Ces résultats ont été validés par une équipe de 23 experts du domaine.",Ce mémoire présente un système de surveillance de la qualité de l'air comme solution à l'absence d'outils adaptés au contexte africain. Les objectifs fixés au départ ont été atteints. Cette étude constitue une base solide pour de futures recherches dans ce domaine.,"Ce travail vise à concevoir et implémenter un système de surveillance de la qualité de l'air en utilisant Django et PostgreSQL. La problématique principale est l'absence d'outils adaptés au contexte africain. Notre approche repose sur la recherche expérimentale avec validation empirique. La méthodologie de développement choisie est la recherche expérimentale avec validation empirique. Nous avons structuré le travail en 6 phases distinctes. Chaque phase comprend des livrables mesurables et des critères de validation clairs. Les expérimentations confirment la viabilité de notre approche avec 80% d'efficacité. Comparé aux solutions actuelles, nous observons un gain de 22% sur les métriques clés. Ces résultats ont été validés par une équipe de 23 experts du domaine. Ce mémoire présente un système de surveillance de la qualité de l'air comme solution à l'absence d'outils adaptés au contexte africain. Les objectifs fixés au départ ont été atteints. Cette étude constitue une base solide pour de futures recherches dans ce domaine."
ARCH-0162,Une application de covoiturage universitaire avec Python et TensorFlow,Réseau,2024,Etudiant_0162,Ce projet de fin d'études porte sur une application de covoiturage universitaire. La motivation principale est le coût élevé des solutions existantes sur le marché qui constitue un défi majeur. Nous proposons une solution basée sur Python et TensorFlow en suivant une approche SCRUM avec des sprints de 2 semaines.,"Pour réaliser ce projet, nous avons adopté SCRUM avec des sprints de 2 semaines. Cette approche nous permet de livrer des incréments fonctionnels régulièrement. Le travail a été divisé en 4 itérations de durée égale.","Les expérimentations confirment la viabilité de notre approche avec 86% d'efficacité. Comparé aux solutions actuelles, nous observons un gain de 39% sur les métriques clés. Ces résultats ont été validés par une équipe de 13 experts du domaine.","En conclusion, nous avons conçu et implémenté une application de covoiturage universitaire. Notre solution apporte une réponse concrète à le coût élevé des solutions existantes sur le marché. Les travaux futurs porteront sur l'amélioration des performances et la scalabilité du système.","Ce projet de fin d'études porte sur une application de covoiturage universitaire. La motivation principale est le coût élevé des solutions existantes sur le marché qui constitue un défi majeur. Nous proposons une solution basée sur Python et TensorFlow en suivant une approche SCRUM avec des sprints de 2 semaines. Pour réaliser ce projet, nous avons adopté SCRUM avec des sprints de 2 semaines. Cette approche nous permet de livrer des incréments fonctionnels régulièrement. Le travail a été divisé en 4 itérations de durée égale. Les expérimentations confirment la viabilité de notre approche avec 86% d'efficacité. Comparé aux solutions actuelles, nous observons un gain de 39% sur les métriques clés. Ces résultats ont été validés par une équipe de 13 experts du domaine. En conclusion, nous avons conçu et implémenté une application de covoiturage universitaire. Notre solution apporte une réponse concrète à le coût élevé des solutions existantes sur le marché. Les travaux futurs porteront sur l'amélioration des performances et la scalabilité du système."
ARCH-0163,Un système d'archivage intelligent de documents avec NLP et transformers BERT,Cyber,2023,Etudiant_0163,L'objectif de cette étude est de résoudre la difficulté d'accès aux soins médicaux grâce à un système d'archivage intelligent de documents. Nous utilisons NLP et transformers BERT combiné avec la recherche-action avec participation des utilisateurs finaux pour atteindre cet objectif.,La méthodologie de développement choisie est la recherche-action avec participation des utilisateurs finaux. Nous avons structuré le travail en 5 phases distinctes. Chaque phase comprend des livrables mesurables et des critères de validation clairs.,Les tests réalisés montrent que notre solution atteint 96% de précision. Les performances obtenues dépassent les solutions existantes de 22%. L'interface utilisateur a été validée par 36 utilisateurs réels.,Ce travail a permis de développer un système d'archivage intelligent de documents qui répond efficacement à la difficulté d'accès aux soins médicaux. Les résultats obtenus sont satisfaisants et ouvrent la voie à des améliorations futures. Les perspectives incluent l'intégration de nouvelles fonctionnalités et l'extension à d'autres contextes.,L'objectif de cette étude est de résoudre la difficulté d'accès aux soins médicaux grâce à un système d'archivage intelligent de documents. Nous utilisons NLP et transformers BERT combiné avec la recherche-action avec participation des utilisateurs finaux pour atteindre cet objectif. La méthodologie de développement choisie est la recherche-action avec participation des utilisateurs finaux. Nous avons structuré le travail en 5 phases distinctes. Chaque phase comprend des livrables mesurables et des critères de validation clairs. Les tests réalisés montrent que notre solution atteint 96% de précision. Les performances obtenues dépassent les solutions existantes de 22%. L'interface utilisateur a été validée par 36 utilisateurs réels. Ce travail a permis de développer un système d'archivage intelligent de documents qui répond efficacement à la difficulté d'accès aux soins médicaux. Les résultats obtenus sont satisfaisants et ouvrent la voie à des améliorations futures. Les perspectives incluent l'intégration de nouvelles fonctionnalités et l'extension à d'autres contextes.
ARCH-0164,Un système de contrôle d'accès biométrique avec machine learning et scikit-learn,Cloud,2019,Etudiant_0164,L'objectif de cette étude est de résoudre le manque de traçabilité dans les processus administratifs grâce à un système de contrôle d'accès biométrique. Nous utilisons machine learning et scikit-learn combiné avec SCRUM avec des sprints de 2 semaines pour atteindre cet objectif.,"L'approche méthodologique retenue est SCRUM avec des sprints de 2 semaines. Elle se décline en 6 grandes étapes : analyse des besoins, conception, implémentation, tests et déploiement.","Les expérimentations confirment la viabilité de notre approche avec 90% d'efficacité. Comparé aux solutions actuelles, nous observons un gain de 37% sur les métriques clés. Ces résultats ont été validés par une équipe de 36 experts du domaine.","En conclusion, nous avons conçu et implémenté un système de contrôle d'accès biométrique. Notre solution apporte une réponse concrète à le manque de traçabilité dans les processus administratifs. Les travaux futurs porteront sur l'amélioration des performances et la scalabilité du système.","L'objectif de cette étude est de résoudre le manque de traçabilité dans les processus administratifs grâce à un système de contrôle d'accès biométrique. Nous utilisons machine learning et scikit-learn combiné avec SCRUM avec des sprints de 2 semaines pour atteindre cet objectif. L'approche méthodologique retenue est SCRUM avec des sprints de 2 semaines. Elle se décline en 6 grandes étapes : analyse des besoins, conception, implémentation, tests et déploiement. Les expérimentations confirment la viabilité de notre approche avec 90% d'efficacité. Comparé aux solutions actuelles, nous observons un gain de 37% sur les métriques clés. Ces résultats ont été validés par une équipe de 36 experts du domaine. En conclusion, nous avons conçu et implémenté un système de contrôle d'accès biométrique. Notre solution apporte une réponse concrète à le manque de traçabilité dans les processus administratifs. Les travaux futurs porteront sur l'amélioration des performances et la scalabilité du système."
ARCH-0165,Un système de prédiction du décrochage scolaire avec blockchain et smart contracts,Cyber,2021,Etudiant_0165,"Dans le cadre de ce mémoire, nous proposons un système de prédiction du décrochage scolaire. Face à le manque de traçabilité dans les processus administratifs, nous avons choisi d'utiliser blockchain et smart contracts comme solution principale. La méthodologie adoptée est la recherche expérimentale avec validation empirique.","Pour réaliser ce projet, nous avons adopté la recherche expérimentale avec validation empirique. Cette approche nous permet de livrer des incréments fonctionnels régulièrement. Le travail a été divisé en 4 itérations de durée égale.","Notre système a été évalué sur un jeu de données de 7324 enregistrements. Les résultats indiquent une amélioration de 32% par rapport à l'approche classique. Le temps de réponse moyen est de 335ms, ce qui répond aux exigences.",Ce mémoire présente un système de prédiction du décrochage scolaire comme solution à le manque de traçabilité dans les processus administratifs. Les objectifs fixés au départ ont été atteints. Cette étude constitue une base solide pour de futures recherches dans ce domaine.,"Dans le cadre de ce mémoire, nous proposons un système de prédiction du décrochage scolaire. Face à le manque de traçabilité dans les processus administratifs, nous avons choisi d'utiliser blockchain et smart contracts comme solution principale. La méthodologie adoptée est la recherche expérimentale avec validation empirique. Pour réaliser ce projet, nous avons adopté la recherche expérimentale avec validation empirique. Cette approche nous permet de livrer des incréments fonctionnels régulièrement. Le travail a été divisé en 4 itérations de durée égale. Notre système a été évalué sur un jeu de données de 7324 enregistrements. Les résultats indiquent une amélioration de 32% par rapport à l'approche classique. Le temps de réponse moyen est de 335ms, ce qui répond aux exigences. Ce mémoire présente un système de prédiction du décrochage scolaire comme solution à le manque de traçabilité dans les processus administratifs. Les objectifs fixés au départ ont été atteints. Cette étude constitue une base solide pour de futures recherches dans ce domaine."
ARCH-0166,Un système de gestion des stocks intelligents avec Arduino et Raspberry Pi,IA,2024,Etudiant_0166,Ce travail vise à concevoir et implémenter un système de gestion des stocks intelligents en utilisant Arduino et Raspberry Pi. La problématique principale est le coût élevé des solutions existantes sur le marché. Notre approche repose sur le prototypage rapide et l'itération continue.,"Pour réaliser ce projet, nous avons adopté le prototypage rapide et l'itération continue. Cette approche nous permet de livrer des incréments fonctionnels régulièrement. Le travail a été divisé en 5 itérations de durée égale.",Les tests réalisés montrent que notre solution atteint 97% de précision. Les performances obtenues dépassent les solutions existantes de 38%. L'interface utilisateur a été validée par 22 utilisateurs réels.,"En conclusion, nous avons conçu et implémenté un système de gestion des stocks intelligents. Notre solution apporte une réponse concrète à le coût élevé des solutions existantes sur le marché. Les travaux futurs porteront sur l'amélioration des performances et la scalabilité du système.","Ce travail vise à concevoir et implémenter un système de gestion des stocks intelligents en utilisant Arduino et Raspberry Pi. La problématique principale est le coût élevé des solutions existantes sur le marché. Notre approche repose sur le prototypage rapide et l'itération continue. Pour réaliser ce projet, nous avons adopté le prototypage rapide et l'itération continue. Cette approche nous permet de livrer des incréments fonctionnels régulièrement. Le travail a été divisé en 5 itérations de durée égale. Les tests réalisés montrent que notre solution atteint 97% de précision. Les performances obtenues dépassent les solutions existantes de 38%. L'interface utilisateur a été validée par 22 utilisateurs réels. En conclusion, nous avons conçu et implémenté un système de gestion des stocks intelligents. Notre solution apporte une réponse concrète à le coût élevé des solutions existantes sur le marché. Les travaux futurs porteront sur l'amélioration des performances et la scalabilité du système."
ARCH-0167,Une plateforme de télémédecine avec Flutter et Firebase,Réseau,2023,Etudiant_0167,"Dans le cadre de ce mémoire, nous proposons une plateforme de télémédecine. Face à le coût élevé des solutions existantes sur le marché, nous avons choisi d'utiliser Flutter et Firebase comme solution principale. La méthodologie adoptée est une étude de cas approfondie avec données réelles.","Pour réaliser ce projet, nous avons adopté une étude de cas approfondie avec données réelles. Cette approche nous permet de livrer des incréments fonctionnels régulièrement. Le travail a été divisé en 5 itérations de durée égale.",Les tests réalisés montrent que notre solution atteint 86% de précision. Les performances obtenues dépassent les solutions existantes de 44%. L'interface utilisateur a été validée par 22 utilisateurs réels.,"En conclusion, nous avons conçu et implémenté une plateforme de télémédecine. Notre solution apporte une réponse concrète à le coût élevé des solutions existantes sur le marché. Les travaux futurs porteront sur l'amélioration des performances et la scalabilité du système.","Dans le cadre de ce mémoire, nous proposons une plateforme de télémédecine. Face à le coût élevé des solutions existantes sur le marché, nous avons choisi d'utiliser Flutter et Firebase comme solution principale. La méthodologie adoptée est une étude de cas approfondie avec données réelles. Pour réaliser ce projet, nous avons adopté une étude de cas approfondie avec données réelles. Cette approche nous permet de livrer des incréments fonctionnels régulièrement. Le travail a été divisé en 5 itérations de durée égale. Les tests réalisés montrent que notre solution atteint 86% de précision. Les performances obtenues dépassent les solutions existantes de 44%. L'interface utilisateur a été validée par 22 utilisateurs réels. En conclusion, nous avons conçu et implémenté une plateforme de télémédecine. Notre solution apporte une réponse concrète à le coût élevé des solutions existantes sur le marché. Les travaux futurs porteront sur l'amélioration des performances et la scalabilité du système."
ARCH-0168,Une application de covoiturage universitaire avec Flutter et Firebase,BDD,2021,Etudiant_0168,L'objectif de cette étude est de résoudre les pertes financières dues aux erreurs humaines grâce à une application de covoiturage universitaire. Nous utilisons Flutter et Firebase combiné avec la recherche expérimentale avec validation empirique pour atteindre cet objectif.,"Pour réaliser ce projet, nous avons adopté la recherche expérimentale avec validation empirique. Cette approche nous permet de livrer des incréments fonctionnels régulièrement. Le travail a été divisé en 6 itérations de durée égale.","Notre système a été évalué sur un jeu de données de 5553 enregistrements. Les résultats indiquent une amélioration de 35% par rapport à l'approche classique. Le temps de réponse moyen est de 183ms, ce qui répond aux exigences.","En conclusion, nous avons conçu et implémenté une application de covoiturage universitaire. Notre solution apporte une réponse concrète à les pertes financières dues aux erreurs humaines. Les travaux futurs porteront sur l'amélioration des performances et la scalabilité du système.","L'objectif de cette étude est de résoudre les pertes financières dues aux erreurs humaines grâce à une application de covoiturage universitaire. Nous utilisons Flutter et Firebase combiné avec la recherche expérimentale avec validation empirique pour atteindre cet objectif. Pour réaliser ce projet, nous avons adopté la recherche expérimentale avec validation empirique. Cette approche nous permet de livrer des incréments fonctionnels régulièrement. Le travail a été divisé en 6 itérations de durée égale. Notre système a été évalué sur un jeu de données de 5553 enregistrements. Les résultats indiquent une amélioration de 35% par rapport à l'approche classique. Le temps de réponse moyen est de 183ms, ce qui répond aux exigences. En conclusion, nous avons conçu et implémenté une application de covoiturage universitaire. Notre solution apporte une réponse concrète à les pertes financières dues aux erreurs humaines. Les travaux futurs porteront sur l'amélioration des performances et la scalabilité du système."
ARCH-0169,Une plateforme de télémédecine avec deep learning et PyTorch,Cloud,2020,Etudiant_0169,L'objectif de cette étude est de résoudre la difficulté d'accès aux soins médicaux grâce à une plateforme de télémédecine. Nous utilisons deep learning et PyTorch combiné avec la recherche expérimentale avec validation empirique pour atteindre cet objectif.,"Pour réaliser ce projet, nous avons adopté la recherche expérimentale avec validation empirique. Cette approche nous permet de livrer des incréments fonctionnels régulièrement. Le travail a été divisé en 6 itérations de durée égale.",Les tests réalisés montrent que notre solution atteint 98% de précision. Les performances obtenues dépassent les solutions existantes de 42%. L'interface utilisateur a été validée par 24 utilisateurs réels.,"En conclusion, nous avons conçu et implémenté une plateforme de télémédecine. Notre solution apporte une réponse concrète à la difficulté d'accès aux soins médicaux. Les travaux futurs porteront sur l'amélioration des performances et la scalabilité du système.","L'objectif de cette étude est de résoudre la difficulté d'accès aux soins médicaux grâce à une plateforme de télémédecine. Nous utilisons deep learning et PyTorch combiné avec la recherche expérimentale avec validation empirique pour atteindre cet objectif. Pour réaliser ce projet, nous avons adopté la recherche expérimentale avec validation empirique. Cette approche nous permet de livrer des incréments fonctionnels régulièrement. Le travail a été divisé en 6 itérations de durée égale. Les tests réalisés montrent que notre solution atteint 98% de précision. Les performances obtenues dépassent les solutions existantes de 42%. L'interface utilisateur a été validée par 24 utilisateurs réels. En conclusion, nous avons conçu et implémenté une plateforme de télémédecine. Notre solution apporte une réponse concrète à la difficulté d'accès aux soins médicaux. Les travaux futurs porteront sur l'amélioration des performances et la scalabilité du système."
ARCH-0170,Un moteur de recommandation de cours avec Flutter et Firebase,BDD,2021,Etudiant_0170,Ce projet de fin d'études porte sur un moteur de recommandation de cours. La motivation principale est la difficulté d'accès aux soins médicaux qui constitue un défi majeur. Nous proposons une solution basée sur Flutter et Firebase en suivant une approche la recherche expérimentale avec validation empirique.,"L'approche méthodologique retenue est la recherche expérimentale avec validation empirique. Elle se décline en 4 grandes étapes : analyse des besoins, conception, implémentation, tests et déploiement.","Notre système a été évalué sur un jeu de données de 4716 enregistrements. Les résultats indiquent une amélioration de 35% par rapport à l'approche classique. Le temps de réponse moyen est de 440ms, ce qui répond aux exigences.","En conclusion, nous avons conçu et implémenté un moteur de recommandation de cours. Notre solution apporte une réponse concrète à la difficulté d'accès aux soins médicaux. Les travaux futurs porteront sur l'amélioration des performances et la scalabilité du système.","Ce projet de fin d'études porte sur un moteur de recommandation de cours. La motivation principale est la difficulté d'accès aux soins médicaux qui constitue un défi majeur. Nous proposons une solution basée sur Flutter et Firebase en suivant une approche la recherche expérimentale avec validation empirique. L'approche méthodologique retenue est la recherche expérimentale avec validation empirique. Elle se décline en 4 grandes étapes : analyse des besoins, conception, implémentation, tests et déploiement. Notre système a été évalué sur un jeu de données de 4716 enregistrements. Les résultats indiquent une amélioration de 35% par rapport à l'approche classique. Le temps de réponse moyen est de 440ms, ce qui répond aux exigences. En conclusion, nous avons conçu et implémenté un moteur de recommandation de cours. Notre solution apporte une réponse concrète à la difficulté d'accès aux soins médicaux. Les travaux futurs porteront sur l'amélioration des performances et la scalabilité du système."
ARCH-0171,Un moteur de recommandation de cours avec Docker et Kubernetes,Cloud,2019,Etudiant_0171,Ce projet de fin d'études porte sur un moteur de recommandation de cours. La motivation principale est la sécurité insuffisante des données personnelles qui constitue un défi majeur. Nous proposons une solution basée sur Docker et Kubernetes en suivant une approche la recherche expérimentale avec validation empirique.,La méthodologie de développement choisie est la recherche expérimentale avec validation empirique. Nous avons structuré le travail en 3 phases distinctes. Chaque phase comprend des livrables mesurables et des critères de validation clairs.,"Les expérimentations confirment la viabilité de notre approche avec 81% d'efficacité. Comparé aux solutions actuelles, nous observons un gain de 41% sur les métriques clés. Ces résultats ont été validés par une équipe de 14 experts du domaine.",Ce travail a permis de développer un moteur de recommandation de cours qui répond efficacement à la sécurité insuffisante des données personnelles. Les résultats obtenus sont satisfaisants et ouvrent la voie à des améliorations futures. Les perspectives incluent l'intégration de nouvelles fonctionnalités et l'extension à d'autres contextes.,"Ce projet de fin d'études porte sur un moteur de recommandation de cours. La motivation principale est la sécurité insuffisante des données personnelles qui constitue un défi majeur. Nous proposons une solution basée sur Docker et Kubernetes en suivant une approche la recherche expérimentale avec validation empirique. La méthodologie de développement choisie est la recherche expérimentale avec validation empirique. Nous avons structuré le travail en 3 phases distinctes. Chaque phase comprend des livrables mesurables et des critères de validation clairs. Les expérimentations confirment la viabilité de notre approche avec 81% d'efficacité. Comparé aux solutions actuelles, nous observons un gain de 41% sur les métriques clés. Ces résultats ont été validés par une équipe de 14 experts du domaine. Ce travail a permis de développer un moteur de recommandation de cours qui répond efficacement à la sécurité insuffisante des données personnelles. Les résultats obtenus sont satisfaisants et ouvrent la voie à des améliorations futures. Les perspectives incluent l'intégration de nouvelles fonctionnalités et l'extension à d'autres contextes."
ARCH-0172,Un outil d'analyse de sentiment sur les réseaux sociaux avec Flutter et Firebase,IA,2018,Etudiant_0172,Ce travail vise à concevoir et implémenter un outil d'analyse de sentiment sur les réseaux sociaux en utilisant Flutter et Firebase. La problématique principale est le manque d'accessibilité aux services dans les zones rurales. Notre approche repose sur la recherche expérimentale avec validation empirique.,La méthodologie de développement choisie est la recherche expérimentale avec validation empirique. Nous avons structuré le travail en 6 phases distinctes. Chaque phase comprend des livrables mesurables et des critères de validation clairs.,"Notre système a été évalué sur un jeu de données de 8416 enregistrements. Les résultats indiquent une amélioration de 34% par rapport à l'approche classique. Le temps de réponse moyen est de 387ms, ce qui répond aux exigences.","En conclusion, nous avons conçu et implémenté un outil d'analyse de sentiment sur les réseaux sociaux. Notre solution apporte une réponse concrète à le manque d'accessibilité aux services dans les zones rurales. Les travaux futurs porteront sur l'amélioration des performances et la scalabilité du système.","Ce travail vise à concevoir et implémenter un outil d'analyse de sentiment sur les réseaux sociaux en utilisant Flutter et Firebase. La problématique principale est le manque d'accessibilité aux services dans les zones rurales. Notre approche repose sur la recherche expérimentale avec validation empirique. La méthodologie de développement choisie est la recherche expérimentale avec validation empirique. Nous avons structuré le travail en 6 phases distinctes. Chaque phase comprend des livrables mesurables et des critères de validation clairs. Notre système a été évalué sur un jeu de données de 8416 enregistrements. Les résultats indiquent une amélioration de 34% par rapport à l'approche classique. Le temps de réponse moyen est de 387ms, ce qui répond aux exigences. En conclusion, nous avons conçu et implémenté un outil d'analyse de sentiment sur les réseaux sociaux. Notre solution apporte une réponse concrète à le manque d'accessibilité aux services dans les zones rurales. Les travaux futurs porteront sur l'amélioration des performances et la scalabilité du système."
ARCH-0173,Un chatbot d'assistance médicale avec blockchain et smart contracts,Web,2018,Etudiant_0173,Ce travail vise à concevoir et implémenter un chatbot d'assistance médicale en utilisant blockchain et smart contracts. La problématique principale est les pertes financières dues aux erreurs humaines. Notre approche repose sur SCRUM avec des sprints de 2 semaines.,"L'approche méthodologique retenue est SCRUM avec des sprints de 2 semaines. Elle se décline en 5 grandes étapes : analyse des besoins, conception, implémentation, tests et déploiement.","Les expérimentations confirment la viabilité de notre approche avec 89% d'efficacité. Comparé aux solutions actuelles, nous observons un gain de 15% sur les métriques clés. Ces résultats ont été validés par une équipe de 42 experts du domaine.",Ce travail a permis de développer un chatbot d'assistance médicale qui répond efficacement à les pertes financières dues aux erreurs humaines. Les résultats obtenus sont satisfaisants et ouvrent la voie à des améliorations futures. Les perspectives incluent l'intégration de nouvelles fonctionnalités et l'extension à d'autres contextes.,"Ce travail vise à concevoir et implémenter un chatbot d'assistance médicale en utilisant blockchain et smart contracts. La problématique principale est les pertes financières dues aux erreurs humaines. Notre approche repose sur SCRUM avec des sprints de 2 semaines. L'approche méthodologique retenue est SCRUM avec des sprints de 2 semaines. Elle se décline en 5 grandes étapes : analyse des besoins, conception, implémentation, tests et déploiement. Les expérimentations confirment la viabilité de notre approche avec 89% d'efficacité. Comparé aux solutions actuelles, nous observons un gain de 15% sur les métriques clés. Ces résultats ont été validés par une équipe de 42 experts du domaine. Ce travail a permis de développer un chatbot d'assistance médicale qui répond efficacement à les pertes financières dues aux erreurs humaines. Les résultats obtenus sont satisfaisants et ouvrent la voie à des améliorations futures. Les perspectives incluent l'intégration de nouvelles fonctionnalités et l'extension à d'autres contextes."
ARCH-0174,Un chatbot d'assistance médicale avec Django et PostgreSQL,Réseau,2020,Etudiant_0174,L'objectif de cette étude est de résoudre le coût élevé des solutions existantes sur le marché grâce à un chatbot d'assistance médicale. Nous utilisons Django et PostgreSQL combiné avec la recherche expérimentale avec validation empirique pour atteindre cet objectif.,"Pour réaliser ce projet, nous avons adopté la recherche expérimentale avec validation empirique. Cette approche nous permet de livrer des incréments fonctionnels régulièrement. Le travail a été divisé en 5 itérations de durée égale.","Notre système a été évalué sur un jeu de données de 8020 enregistrements. Les résultats indiquent une amélioration de 26% par rapport à l'approche classique. Le temps de réponse moyen est de 339ms, ce qui répond aux exigences.",Ce travail a permis de développer un chatbot d'assistance médicale qui répond efficacement à le coût élevé des solutions existantes sur le marché. Les résultats obtenus sont satisfaisants et ouvrent la voie à des améliorations futures. Les perspectives incluent l'intégration de nouvelles fonctionnalités et l'extension à d'autres contextes.,"L'objectif de cette étude est de résoudre le coût élevé des solutions existantes sur le marché grâce à un chatbot d'assistance médicale. Nous utilisons Django et PostgreSQL combiné avec la recherche expérimentale avec validation empirique pour atteindre cet objectif. Pour réaliser ce projet, nous avons adopté la recherche expérimentale avec validation empirique. Cette approche nous permet de livrer des incréments fonctionnels régulièrement. Le travail a été divisé en 5 itérations de durée égale. Notre système a été évalué sur un jeu de données de 8020 enregistrements. Les résultats indiquent une amélioration de 26% par rapport à l'approche classique. Le temps de réponse moyen est de 339ms, ce qui répond aux exigences. Ce travail a permis de développer un chatbot d'assistance médicale qui répond efficacement à le coût élevé des solutions existantes sur le marché. Les résultats obtenus sont satisfaisants et ouvrent la voie à des améliorations futures. Les perspectives incluent l'intégration de nouvelles fonctionnalités et l'extension à d'autres contextes."
ARCH-0175,Un système de contrôle d'accès biométrique avec React et FastAPI,Web,2021,Etudiant_0175,Ce projet de fin d'études porte sur un système de contrôle d'accès biométrique. La motivation principale est la lenteur des processus manuels actuels qui constitue un défi majeur. Nous proposons une solution basée sur React et FastAPI en suivant une approche SCRUM avec des sprints de 2 semaines.,"Pour réaliser ce projet, nous avons adopté SCRUM avec des sprints de 2 semaines. Cette approche nous permet de livrer des incréments fonctionnels régulièrement. Le travail a été divisé en 6 itérations de durée égale.","Les expérimentations confirment la viabilité de notre approche avec 95% d'efficacité. Comparé aux solutions actuelles, nous observons un gain de 16% sur les métriques clés. Ces résultats ont été validés par une équipe de 50 experts du domaine.",Ce travail a permis de développer un système de contrôle d'accès biométrique qui répond efficacement à la lenteur des processus manuels actuels. Les résultats obtenus sont satisfaisants et ouvrent la voie à des améliorations futures. Les perspectives incluent l'intégration de nouvelles fonctionnalités et l'extension à d'autres contextes.,"Ce projet de fin d'études porte sur un système de contrôle d'accès biométrique. La motivation principale est la lenteur des processus manuels actuels qui constitue un défi majeur. Nous proposons une solution basée sur React et FastAPI en suivant une approche SCRUM avec des sprints de 2 semaines. Pour réaliser ce projet, nous avons adopté SCRUM avec des sprints de 2 semaines. Cette approche nous permet de livrer des incréments fonctionnels régulièrement. Le travail a été divisé en 6 itérations de durée égale. Les expérimentations confirment la viabilité de notre approche avec 95% d'efficacité. Comparé aux solutions actuelles, nous observons un gain de 16% sur les métriques clés. Ces résultats ont été validés par une équipe de 50 experts du domaine. Ce travail a permis de développer un système de contrôle d'accès biométrique qui répond efficacement à la lenteur des processus manuels actuels. Les résultats obtenus sont satisfaisants et ouvrent la voie à des améliorations futures. Les perspectives incluent l'intégration de nouvelles fonctionnalités et l'extension à d'autres contextes."
ARCH-0176,Un outil d'analyse de sentiment sur les réseaux sociaux avec machine learning et scikit-learn,Web,2023,Etudiant_0176,Ce travail vise à concevoir et implémenter un outil d'analyse de sentiment sur les réseaux sociaux en utilisant machine learning et scikit-learn. La problématique principale est la difficulté d'accès aux soins médicaux. Notre approche repose sur la recherche-action avec participation des utilisateurs finaux.,"L'approche méthodologique retenue est la recherche-action avec participation des utilisateurs finaux. Elle se décline en 3 grandes étapes : analyse des besoins, conception, implémentation, tests et déploiement.",Les tests réalisés montrent que notre solution atteint 86% de précision. Les performances obtenues dépassent les solutions existantes de 43%. L'interface utilisateur a été validée par 46 utilisateurs réels.,Ce travail a permis de développer un outil d'analyse de sentiment sur les réseaux sociaux qui répond efficacement à la difficulté d'accès aux soins médicaux. Les résultats obtenus sont satisfaisants et ouvrent la voie à des améliorations futures. Les perspectives incluent l'intégration de nouvelles fonctionnalités et l'extension à d'autres contextes.,"Ce travail vise à concevoir et implémenter un outil d'analyse de sentiment sur les réseaux sociaux en utilisant machine learning et scikit-learn. La problématique principale est la difficulté d'accès aux soins médicaux. Notre approche repose sur la recherche-action avec participation des utilisateurs finaux. L'approche méthodologique retenue est la recherche-action avec participation des utilisateurs finaux. Elle se décline en 3 grandes étapes : analyse des besoins, conception, implémentation, tests et déploiement. Les tests réalisés montrent que notre solution atteint 86% de précision. Les performances obtenues dépassent les solutions existantes de 43%. L'interface utilisateur a été validée par 46 utilisateurs réels. Ce travail a permis de développer un outil d'analyse de sentiment sur les réseaux sociaux qui répond efficacement à la difficulté d'accès aux soins médicaux. Les résultats obtenus sont satisfaisants et ouvrent la voie à des améliorations futures. Les perspectives incluent l'intégration de nouvelles fonctionnalités et l'extension à d'autres contextes."
ARCH-0177,Un système d'archivage intelligent de documents avec Arduino et Raspberry Pi,Réseau,2022,Etudiant_0177,L'objectif de cette étude est de résoudre la lenteur des processus manuels actuels grâce à un système d'archivage intelligent de documents. Nous utilisons Arduino et Raspberry Pi combiné avec la recherche expérimentale avec validation empirique pour atteindre cet objectif.,La méthodologie de développement choisie est la recherche expérimentale avec validation empirique. Nous avons structuré le travail en 4 phases distinctes. Chaque phase comprend des livrables mesurables et des critères de validation clairs.,"Les expérimentations confirment la viabilité de notre approche avec 84% d'efficacité. Comparé aux solutions actuelles, nous observons un gain de 39% sur les métriques clés. Ces résultats ont été validés par une équipe de 35 experts du domaine.",Ce travail a permis de développer un système d'archivage intelligent de documents qui répond efficacement à la lenteur des processus manuels actuels. Les résultats obtenus sont satisfaisants et ouvrent la voie à des améliorations futures. Les perspectives incluent l'intégration de nouvelles fonctionnalités et l'extension à d'autres contextes.,"L'objectif de cette étude est de résoudre la lenteur des processus manuels actuels grâce à un système d'archivage intelligent de documents. Nous utilisons Arduino et Raspberry Pi combiné avec la recherche expérimentale avec validation empirique pour atteindre cet objectif. La méthodologie de développement choisie est la recherche expérimentale avec validation empirique. Nous avons structuré le travail en 4 phases distinctes. Chaque phase comprend des livrables mesurables et des critères de validation clairs. Les expérimentations confirment la viabilité de notre approche avec 84% d'efficacité. Comparé aux solutions actuelles, nous observons un gain de 39% sur les métriques clés. Ces résultats ont été validés par une équipe de 35 experts du domaine. Ce travail a permis de développer un système d'archivage intelligent de documents qui répond efficacement à la lenteur des processus manuels actuels. Les résultats obtenus sont satisfaisants et ouvrent la voie à des améliorations futures. Les perspectives incluent l'intégration de nouvelles fonctionnalités et l'extension à d'autres contextes."
ARCH-0178,Un outil d'analyse de sentiment sur les réseaux sociaux avec machine learning et scikit-learn,IoT,2022,Etudiant_0178,"Dans le cadre de ce mémoire, nous proposons un outil d'analyse de sentiment sur les réseaux sociaux. Face à la difficulté d'accès aux soins médicaux, nous avons choisi d'utiliser machine learning et scikit-learn comme solution principale. La méthodologie adoptée est une étude de cas approfondie avec données réelles.","L'approche méthodologique retenue est une étude de cas approfondie avec données réelles. Elle se décline en 3 grandes étapes : analyse des besoins, conception, implémentation, tests et déploiement.","Les expérimentations confirment la viabilité de notre approche avec 91% d'efficacité. Comparé aux solutions actuelles, nous observons un gain de 16% sur les métriques clés. Ces résultats ont été validés par une équipe de 16 experts du domaine.",Ce travail a permis de développer un outil d'analyse de sentiment sur les réseaux sociaux qui répond efficacement à la difficulté d'accès aux soins médicaux. Les résultats obtenus sont satisfaisants et ouvrent la voie à des améliorations futures. Les perspectives incluent l'intégration de nouvelles fonctionnalités et l'extension à d'autres contextes.,"Dans le cadre de ce mémoire, nous proposons un outil d'analyse de sentiment sur les réseaux sociaux. Face à la difficulté d'accès aux soins médicaux, nous avons choisi d'utiliser machine learning et scikit-learn comme solution principale. La méthodologie adoptée est une étude de cas approfondie avec données réelles. L'approche méthodologique retenue est une étude de cas approfondie avec données réelles. Elle se décline en 3 grandes étapes : analyse des besoins, conception, implémentation, tests et déploiement. Les expérimentations confirment la viabilité de notre approche avec 91% d'efficacité. Comparé aux solutions actuelles, nous observons un gain de 16% sur les métriques clés. Ces résultats ont été validés par une équipe de 16 experts du domaine. Ce travail a permis de développer un outil d'analyse de sentiment sur les réseaux sociaux qui répond efficacement à la difficulté d'accès aux soins médicaux. Les résultats obtenus sont satisfaisants et ouvrent la voie à des améliorations futures. Les perspectives incluent l'intégration de nouvelles fonctionnalités et l'extension à d'autres contextes."
ARCH-0179,Un système de prédiction du décrochage scolaire avec NLP et transformers BERT,Cyber,2023,Etudiant_0179,Ce travail vise à concevoir et implémenter un système de prédiction du décrochage scolaire en utilisant NLP et transformers BERT. La problématique principale est les pertes financières dues aux erreurs humaines. Notre approche repose sur le prototypage rapide et l'itération continue.,"L'approche méthodologique retenue est le prototypage rapide et l'itération continue. Elle se décline en 5 grandes étapes : analyse des besoins, conception, implémentation, tests et déploiement.","Notre système a été évalué sur un jeu de données de 9560 enregistrements. Les résultats indiquent une amélioration de 22% par rapport à l'approche classique. Le temps de réponse moyen est de 242ms, ce qui répond aux exigences.","En conclusion, nous avons conçu et implémenté un système de prédiction du décrochage scolaire. Notre solution apporte une réponse concrète à les pertes financières dues aux erreurs humaines. Les travaux futurs porteront sur l'amélioration des performances et la scalabilité du système.","Ce travail vise à concevoir et implémenter un système de prédiction du décrochage scolaire en utilisant NLP et transformers BERT. La problématique principale est les pertes financières dues aux erreurs humaines. Notre approche repose sur le prototypage rapide et l'itération continue. L'approche méthodologique retenue est le prototypage rapide et l'itération continue. Elle se décline en 5 grandes étapes : analyse des besoins, conception, implémentation, tests et déploiement. Notre système a été évalué sur un jeu de données de 9560 enregistrements. Les résultats indiquent une amélioration de 22% par rapport à l'approche classique. Le temps de réponse moyen est de 242ms, ce qui répond aux exigences. En conclusion, nous avons conçu et implémenté un système de prédiction du décrochage scolaire. Notre solution apporte une réponse concrète à les pertes financières dues aux erreurs humaines. Les travaux futurs porteront sur l'amélioration des performances et la scalabilité du système."
ARCH-0180,Une application de covoiturage universitaire avec machine learning et scikit-learn,IoT,2020,Etudiant_0180,L'objectif de cette étude est de résoudre le manque d'accessibilité aux services dans les zones rurales grâce à une application de covoiturage universitaire. Nous utilisons machine learning et scikit-learn combiné avec la recherche-action avec participation des utilisateurs finaux pour atteindre cet objectif.,La méthodologie de développement choisie est la recherche-action avec participation des utilisateurs finaux. Nous avons structuré le travail en 3 phases distinctes. Chaque phase comprend des livrables mesurables et des critères de validation clairs.,Les tests réalisés montrent que notre solution atteint 88% de précision. Les performances obtenues dépassent les solutions existantes de 19%. L'interface utilisateur a été validée par 34 utilisateurs réels.,"En conclusion, nous avons conçu et implémenté une application de covoiturage universitaire. Notre solution apporte une réponse concrète à le manque d'accessibilité aux services dans les zones rurales. Les travaux futurs porteront sur l'amélioration des performances et la scalabilité du système.","L'objectif de cette étude est de résoudre le manque d'accessibilité aux services dans les zones rurales grâce à une application de covoiturage universitaire. Nous utilisons machine learning et scikit-learn combiné avec la recherche-action avec participation des utilisateurs finaux pour atteindre cet objectif. La méthodologie de développement choisie est la recherche-action avec participation des utilisateurs finaux. Nous avons structuré le travail en 3 phases distinctes. Chaque phase comprend des livrables mesurables et des critères de validation clairs. Les tests réalisés montrent que notre solution atteint 88% de précision. Les performances obtenues dépassent les solutions existantes de 19%. L'interface utilisateur a été validée par 34 utilisateurs réels. En conclusion, nous avons conçu et implémenté une application de covoiturage universitaire. Notre solution apporte une réponse concrète à le manque d'accessibilité aux services dans les zones rurales. Les travaux futurs porteront sur l'amélioration des performances et la scalabilité du système."
ARCH-0181,Une plateforme de télémédecine avec React et FastAPI,Cloud,2018,Etudiant_0181,Ce projet de fin d'études porte sur une plateforme de télémédecine. La motivation principale est la lenteur des processus manuels actuels qui constitue un défi majeur. Nous proposons une solution basée sur React et FastAPI en suivant une approche le prototypage rapide et l'itération continue.,"Pour réaliser ce projet, nous avons adopté le prototypage rapide et l'itération continue. Cette approche nous permet de livrer des incréments fonctionnels régulièrement. Le travail a été divisé en 5 itérations de durée égale.",Les tests réalisés montrent que notre solution atteint 84% de précision. Les performances obtenues dépassent les solutions existantes de 17%. L'interface utilisateur a été validée par 21 utilisateurs réels.,Ce mémoire présente une plateforme de télémédecine comme solution à la lenteur des processus manuels actuels. Les objectifs fixés au départ ont été atteints. Cette étude constitue une base solide pour de futures recherches dans ce domaine.,"Ce projet de fin d'études porte sur une plateforme de télémédecine. La motivation principale est la lenteur des processus manuels actuels qui constitue un défi majeur. Nous proposons une solution basée sur React et FastAPI en suivant une approche le prototypage rapide et l'itération continue. Pour réaliser ce projet, nous avons adopté le prototypage rapide et l'itération continue. Cette approche nous permet de livrer des incréments fonctionnels régulièrement. Le travail a été divisé en 5 itérations de durée égale. Les tests réalisés montrent que notre solution atteint 84% de précision. Les performances obtenues dépassent les solutions existantes de 17%. L'interface utilisateur a été validée par 21 utilisateurs réels. Ce mémoire présente une plateforme de télémédecine comme solution à la lenteur des processus manuels actuels. Les objectifs fixés au départ ont été atteints. Cette étude constitue une base solide pour de futures recherches dans ce domaine."
ARCH-0182,Un système de détection de fraude bancaire avec React et FastAPI,Réseau,2022,Etudiant_0182,Ce travail vise à concevoir et implémenter un système de détection de fraude bancaire en utilisant React et FastAPI. La problématique principale est la difficulté d'accès aux soins médicaux. Notre approche repose sur la recherche-action avec participation des utilisateurs finaux.,"L'approche méthodologique retenue est la recherche-action avec participation des utilisateurs finaux. Elle se décline en 5 grandes étapes : analyse des besoins, conception, implémentation, tests et déploiement.","Notre système a été évalué sur un jeu de données de 6853 enregistrements. Les résultats indiquent une amélioration de 24% par rapport à l'approche classique. Le temps de réponse moyen est de 448ms, ce qui répond aux exigences.",Ce travail a permis de développer un système de détection de fraude bancaire qui répond efficacement à la difficulté d'accès aux soins médicaux. Les résultats obtenus sont satisfaisants et ouvrent la voie à des améliorations futures. Les perspectives incluent l'intégration de nouvelles fonctionnalités et l'extension à d'autres contextes.,"Ce travail vise à concevoir et implémenter un système de détection de fraude bancaire en utilisant React et FastAPI. La problématique principale est la difficulté d'accès aux soins médicaux. Notre approche repose sur la recherche-action avec participation des utilisateurs finaux. L'approche méthodologique retenue est la recherche-action avec participation des utilisateurs finaux. Elle se décline en 5 grandes étapes : analyse des besoins, conception, implémentation, tests et déploiement. Notre système a été évalué sur un jeu de données de 6853 enregistrements. Les résultats indiquent une amélioration de 24% par rapport à l'approche classique. Le temps de réponse moyen est de 448ms, ce qui répond aux exigences. Ce travail a permis de développer un système de détection de fraude bancaire qui répond efficacement à la difficulté d'accès aux soins médicaux. Les résultats obtenus sont satisfaisants et ouvrent la voie à des améliorations futures. Les perspectives incluent l'intégration de nouvelles fonctionnalités et l'extension à d'autres contextes."
ARCH-0183,Un chatbot d'assistance médicale avec Django et PostgreSQL,Cloud,2020,Etudiant_0183,"Dans le cadre de ce mémoire, nous proposons un chatbot d'assistance médicale. Face à les pertes financières dues aux erreurs humaines, nous avons choisi d'utiliser Django et PostgreSQL comme solution principale. La méthodologie adoptée est la recherche expérimentale avec validation empirique.","Pour réaliser ce projet, nous avons adopté la recherche expérimentale avec validation empirique. Cette approche nous permet de livrer des incréments fonctionnels régulièrement. Le travail a été divisé en 5 itérations de durée égale.","Notre système a été évalué sur un jeu de données de 3239 enregistrements. Les résultats indiquent une amélioration de 19% par rapport à l'approche classique. Le temps de réponse moyen est de 272ms, ce qui répond aux exigences.","En conclusion, nous avons conçu et implémenté un chatbot d'assistance médicale. Notre solution apporte une réponse concrète à les pertes financières dues aux erreurs humaines. Les travaux futurs porteront sur l'amélioration des performances et la scalabilité du système.","Dans le cadre de ce mémoire, nous proposons un chatbot d'assistance médicale. Face à les pertes financières dues aux erreurs humaines, nous avons choisi d'utiliser Django et PostgreSQL comme solution principale. La méthodologie adoptée est la recherche expérimentale avec validation empirique. Pour réaliser ce projet, nous avons adopté la recherche expérimentale avec validation empirique. Cette approche nous permet de livrer des incréments fonctionnels régulièrement. Le travail a été divisé en 5 itérations de durée égale. Notre système a été évalué sur un jeu de données de 3239 enregistrements. Les résultats indiquent une amélioration de 19% par rapport à l'approche classique. Le temps de réponse moyen est de 272ms, ce qui répond aux exigences. En conclusion, nous avons conçu et implémenté un chatbot d'assistance médicale. Notre solution apporte une réponse concrète à les pertes financières dues aux erreurs humaines. Les travaux futurs porteront sur l'amélioration des performances et la scalabilité du système."
ARCH-0184,Un système de vote électronique avec React et FastAPI,Cloud,2020,Etudiant_0184,"Dans le cadre de ce mémoire, nous proposons un système de vote électronique. Face à la difficulté d'accès aux soins médicaux, nous avons choisi d'utiliser React et FastAPI comme solution principale. La méthodologie adoptée est le prototypage rapide et l'itération continue.","L'approche méthodologique retenue est le prototypage rapide et l'itération continue. Elle se décline en 6 grandes étapes : analyse des besoins, conception, implémentation, tests et déploiement.","Les expérimentations confirment la viabilité de notre approche avec 86% d'efficacité. Comparé aux solutions actuelles, nous observons un gain de 29% sur les métriques clés. Ces résultats ont été validés par une équipe de 16 experts du domaine.",Ce travail a permis de développer un système de vote électronique qui répond efficacement à la difficulté d'accès aux soins médicaux. Les résultats obtenus sont satisfaisants et ouvrent la voie à des améliorations futures. Les perspectives incluent l'intégration de nouvelles fonctionnalités et l'extension à d'autres contextes.,"Dans le cadre de ce mémoire, nous proposons un système de vote électronique. Face à la difficulté d'accès aux soins médicaux, nous avons choisi d'utiliser React et FastAPI comme solution principale. La méthodologie adoptée est le prototypage rapide et l'itération continue. L'approche méthodologique retenue est le prototypage rapide et l'itération continue. Elle se décline en 6 grandes étapes : analyse des besoins, conception, implémentation, tests et déploiement. Les expérimentations confirment la viabilité de notre approche avec 86% d'efficacité. Comparé aux solutions actuelles, nous observons un gain de 29% sur les métriques clés. Ces résultats ont été validés par une équipe de 16 experts du domaine. Ce travail a permis de développer un système de vote électronique qui répond efficacement à la difficulté d'accès aux soins médicaux. Les résultats obtenus sont satisfaisants et ouvrent la voie à des améliorations futures. Les perspectives incluent l'intégration de nouvelles fonctionnalités et l'extension à d'autres contextes."
ARCH-0185,Un outil d'analyse de sentiment sur les réseaux sociaux avec NLP et transformers BERT,Cyber,2021,Etudiant_0185,Ce projet de fin d'études porte sur un outil d'analyse de sentiment sur les réseaux sociaux. La motivation principale est les pertes financières dues aux erreurs humaines qui constitue un défi majeur. Nous proposons une solution basée sur NLP et transformers BERT en suivant une approche le prototypage rapide et l'itération continue.,"Pour réaliser ce projet, nous avons adopté le prototypage rapide et l'itération continue. Cette approche nous permet de livrer des incréments fonctionnels régulièrement. Le travail a été divisé en 6 itérations de durée égale.","Les expérimentations confirment la viabilité de notre approche avec 84% d'efficacité. Comparé aux solutions actuelles, nous observons un gain de 24% sur les métriques clés. Ces résultats ont été validés par une équipe de 30 experts du domaine.","En conclusion, nous avons conçu et implémenté un outil d'analyse de sentiment sur les réseaux sociaux. Notre solution apporte une réponse concrète à les pertes financières dues aux erreurs humaines. Les travaux futurs porteront sur l'amélioration des performances et la scalabilité du système.","Ce projet de fin d'études porte sur un outil d'analyse de sentiment sur les réseaux sociaux. La motivation principale est les pertes financières dues aux erreurs humaines qui constitue un défi majeur. Nous proposons une solution basée sur NLP et transformers BERT en suivant une approche le prototypage rapide et l'itération continue. Pour réaliser ce projet, nous avons adopté le prototypage rapide et l'itération continue. Cette approche nous permet de livrer des incréments fonctionnels régulièrement. Le travail a été divisé en 6 itérations de durée égale. Les expérimentations confirment la viabilité de notre approche avec 84% d'efficacité. Comparé aux solutions actuelles, nous observons un gain de 24% sur les métriques clés. Ces résultats ont été validés par une équipe de 30 experts du domaine. En conclusion, nous avons conçu et implémenté un outil d'analyse de sentiment sur les réseaux sociaux. Notre solution apporte une réponse concrète à les pertes financières dues aux erreurs humaines. Les travaux futurs porteront sur l'amélioration des performances et la scalabilité du système."
ARCH-0186,Un système de surveillance de la qualité de l'air avec Arduino et Raspberry Pi,Cyber,2023,Etudiant_0186,"Dans le cadre de ce mémoire, nous proposons un système de surveillance de la qualité de l'air. Face à le manque de traçabilité dans les processus administratifs, nous avons choisi d'utiliser Arduino et Raspberry Pi comme solution principale. La méthodologie adoptée est la recherche-action avec participation des utilisateurs finaux.","Pour réaliser ce projet, nous avons adopté la recherche-action avec participation des utilisateurs finaux. Cette approche nous permet de livrer des incréments fonctionnels régulièrement. Le travail a été divisé en 6 itérations de durée égale.","Notre système a été évalué sur un jeu de données de 9738 enregistrements. Les résultats indiquent une amélioration de 26% par rapport à l'approche classique. Le temps de réponse moyen est de 152ms, ce qui répond aux exigences.",Ce mémoire présente un système de surveillance de la qualité de l'air comme solution à le manque de traçabilité dans les processus administratifs. Les objectifs fixés au départ ont été atteints. Cette étude constitue une base solide pour de futures recherches dans ce domaine.,"Dans le cadre de ce mémoire, nous proposons un système de surveillance de la qualité de l'air. Face à le manque de traçabilité dans les processus administratifs, nous avons choisi d'utiliser Arduino et Raspberry Pi comme solution principale. La méthodologie adoptée est la recherche-action avec participation des utilisateurs finaux. Pour réaliser ce projet, nous avons adopté la recherche-action avec participation des utilisateurs finaux. Cette approche nous permet de livrer des incréments fonctionnels régulièrement. Le travail a été divisé en 6 itérations de durée égale. Notre système a été évalué sur un jeu de données de 9738 enregistrements. Les résultats indiquent une amélioration de 26% par rapport à l'approche classique. Le temps de réponse moyen est de 152ms, ce qui répond aux exigences. Ce mémoire présente un système de surveillance de la qualité de l'air comme solution à le manque de traçabilité dans les processus administratifs. Les objectifs fixés au départ ont été atteints. Cette étude constitue une base solide pour de futures recherches dans ce domaine."
ARCH-0187,Un système de prédiction du décrochage scolaire avec blockchain et smart contracts,Mobile,2019,Etudiant_0187,"Dans le cadre de ce mémoire, nous proposons un système de prédiction du décrochage scolaire. Face à la lenteur des processus manuels actuels, nous avons choisi d'utiliser blockchain et smart contracts comme solution principale. La méthodologie adoptée est une étude de cas approfondie avec données réelles.","Pour réaliser ce projet, nous avons adopté une étude de cas approfondie avec données réelles. Cette approche nous permet de livrer des incréments fonctionnels régulièrement. Le travail a été divisé en 5 itérations de durée égale.","Les expérimentations confirment la viabilité de notre approche avec 82% d'efficacité. Comparé aux solutions actuelles, nous observons un gain de 41% sur les métriques clés. Ces résultats ont été validés par une équipe de 36 experts du domaine.",Ce mémoire présente un système de prédiction du décrochage scolaire comme solution à la lenteur des processus manuels actuels. Les objectifs fixés au départ ont été atteints. Cette étude constitue une base solide pour de futures recherches dans ce domaine.,"Dans le cadre de ce mémoire, nous proposons un système de prédiction du décrochage scolaire. Face à la lenteur des processus manuels actuels, nous avons choisi d'utiliser blockchain et smart contracts comme solution principale. La méthodologie adoptée est une étude de cas approfondie avec données réelles. Pour réaliser ce projet, nous avons adopté une étude de cas approfondie avec données réelles. Cette approche nous permet de livrer des incréments fonctionnels régulièrement. Le travail a été divisé en 5 itérations de durée égale. Les expérimentations confirment la viabilité de notre approche avec 82% d'efficacité. Comparé aux solutions actuelles, nous observons un gain de 41% sur les métriques clés. Ces résultats ont été validés par une équipe de 36 experts du domaine. Ce mémoire présente un système de prédiction du décrochage scolaire comme solution à la lenteur des processus manuels actuels. Les objectifs fixés au départ ont été atteints. Cette étude constitue une base solide pour de futures recherches dans ce domaine."
ARCH-0188,Une application de paiement mobile sécurisée avec Django et PostgreSQL,IoT,2023,Etudiant_0188,Ce travail vise à concevoir et implémenter une application de paiement mobile sécurisée en utilisant Django et PostgreSQL. La problématique principale est les pertes financières dues aux erreurs humaines. Notre approche repose sur une étude de cas approfondie avec données réelles.,"Pour réaliser ce projet, nous avons adopté une étude de cas approfondie avec données réelles. Cette approche nous permet de livrer des incréments fonctionnels régulièrement. Le travail a été divisé en 6 itérations de durée égale.","Les expérimentations confirment la viabilité de notre approche avec 92% d'efficacité. Comparé aux solutions actuelles, nous observons un gain de 32% sur les métriques clés. Ces résultats ont été validés par une équipe de 42 experts du domaine.",Ce travail a permis de développer une application de paiement mobile sécurisée qui répond efficacement à les pertes financières dues aux erreurs humaines. Les résultats obtenus sont satisfaisants et ouvrent la voie à des améliorations futures. Les perspectives incluent l'intégration de nouvelles fonctionnalités et l'extension à d'autres contextes.,"Ce travail vise à concevoir et implémenter une application de paiement mobile sécurisée en utilisant Django et PostgreSQL. La problématique principale est les pertes financières dues aux erreurs humaines. Notre approche repose sur une étude de cas approfondie avec données réelles. Pour réaliser ce projet, nous avons adopté une étude de cas approfondie avec données réelles. Cette approche nous permet de livrer des incréments fonctionnels régulièrement. Le travail a été divisé en 6 itérations de durée égale. Les expérimentations confirment la viabilité de notre approche avec 92% d'efficacité. Comparé aux solutions actuelles, nous observons un gain de 32% sur les métriques clés. Ces résultats ont été validés par une équipe de 42 experts du domaine. Ce travail a permis de développer une application de paiement mobile sécurisée qui répond efficacement à les pertes financières dues aux erreurs humaines. Les résultats obtenus sont satisfaisants et ouvrent la voie à des améliorations futures. Les perspectives incluent l'intégration de nouvelles fonctionnalités et l'extension à d'autres contextes."
ARCH-0189,Un système d'archivage intelligent de documents avec blockchain et smart contracts,Web,2018,Etudiant_0189,"Dans le cadre de ce mémoire, nous proposons un système d'archivage intelligent de documents. Face à le manque d'accessibilité aux services dans les zones rurales, nous avons choisi d'utiliser blockchain et smart contracts comme solution principale. La méthodologie adoptée est SCRUM avec des sprints de 2 semaines.","L'approche méthodologique retenue est SCRUM avec des sprints de 2 semaines. Elle se décline en 5 grandes étapes : analyse des besoins, conception, implémentation, tests et déploiement.",Les tests réalisés montrent que notre solution atteint 81% de précision. Les performances obtenues dépassent les solutions existantes de 33%. L'interface utilisateur a été validée par 35 utilisateurs réels.,"En conclusion, nous avons conçu et implémenté un système d'archivage intelligent de documents. Notre solution apporte une réponse concrète à le manque d'accessibilité aux services dans les zones rurales. Les travaux futurs porteront sur l'amélioration des performances et la scalabilité du système.","Dans le cadre de ce mémoire, nous proposons un système d'archivage intelligent de documents. Face à le manque d'accessibilité aux services dans les zones rurales, nous avons choisi d'utiliser blockchain et smart contracts comme solution principale. La méthodologie adoptée est SCRUM avec des sprints de 2 semaines. L'approche méthodologique retenue est SCRUM avec des sprints de 2 semaines. Elle se décline en 5 grandes étapes : analyse des besoins, conception, implémentation, tests et déploiement. Les tests réalisés montrent que notre solution atteint 81% de précision. Les performances obtenues dépassent les solutions existantes de 33%. L'interface utilisateur a été validée par 35 utilisateurs réels. En conclusion, nous avons conçu et implémenté un système d'archivage intelligent de documents. Notre solution apporte une réponse concrète à le manque d'accessibilité aux services dans les zones rurales. Les travaux futurs porteront sur l'amélioration des performances et la scalabilité du système."
ARCH-0190,Une plateforme de télémédecine avec Arduino et Raspberry Pi,IA,2021,Etudiant_0190,"Dans le cadre de ce mémoire, nous proposons une plateforme de télémédecine. Face à le coût élevé des solutions existantes sur le marché, nous avons choisi d'utiliser Arduino et Raspberry Pi comme solution principale. La méthodologie adoptée est la recherche-action avec participation des utilisateurs finaux.","Pour réaliser ce projet, nous avons adopté la recherche-action avec participation des utilisateurs finaux. Cette approche nous permet de livrer des incréments fonctionnels régulièrement. Le travail a été divisé en 5 itérations de durée égale.","Notre système a été évalué sur un jeu de données de 8699 enregistrements. Les résultats indiquent une amélioration de 39% par rapport à l'approche classique. Le temps de réponse moyen est de 127ms, ce qui répond aux exigences.","En conclusion, nous avons conçu et implémenté une plateforme de télémédecine. Notre solution apporte une réponse concrète à le coût élevé des solutions existantes sur le marché. Les travaux futurs porteront sur l'amélioration des performances et la scalabilité du système.","Dans le cadre de ce mémoire, nous proposons une plateforme de télémédecine. Face à le coût élevé des solutions existantes sur le marché, nous avons choisi d'utiliser Arduino et Raspberry Pi comme solution principale. La méthodologie adoptée est la recherche-action avec participation des utilisateurs finaux. Pour réaliser ce projet, nous avons adopté la recherche-action avec participation des utilisateurs finaux. Cette approche nous permet de livrer des incréments fonctionnels régulièrement. Le travail a été divisé en 5 itérations de durée égale. Notre système a été évalué sur un jeu de données de 8699 enregistrements. Les résultats indiquent une amélioration de 39% par rapport à l'approche classique. Le temps de réponse moyen est de 127ms, ce qui répond aux exigences. En conclusion, nous avons conçu et implémenté une plateforme de télémédecine. Notre solution apporte une réponse concrète à le coût élevé des solutions existantes sur le marché. Les travaux futurs porteront sur l'amélioration des performances et la scalabilité du système."
ARCH-0191,Une plateforme de télémédecine avec Arduino et Raspberry Pi,IoT,2021,Etudiant_0191,Ce travail vise à concevoir et implémenter une plateforme de télémédecine en utilisant Arduino et Raspberry Pi. La problématique principale est les pertes financières dues aux erreurs humaines. Notre approche repose sur SCRUM avec des sprints de 2 semaines.,"L'approche méthodologique retenue est SCRUM avec des sprints de 2 semaines. Elle se décline en 4 grandes étapes : analyse des besoins, conception, implémentation, tests et déploiement.","Notre système a été évalué sur un jeu de données de 3889 enregistrements. Les résultats indiquent une amélioration de 25% par rapport à l'approche classique. Le temps de réponse moyen est de 316ms, ce qui répond aux exigences.","En conclusion, nous avons conçu et implémenté une plateforme de télémédecine. Notre solution apporte une réponse concrète à les pertes financières dues aux erreurs humaines. Les travaux futurs porteront sur l'amélioration des performances et la scalabilité du système.","Ce travail vise à concevoir et implémenter une plateforme de télémédecine en utilisant Arduino et Raspberry Pi. La problématique principale est les pertes financières dues aux erreurs humaines. Notre approche repose sur SCRUM avec des sprints de 2 semaines. L'approche méthodologique retenue est SCRUM avec des sprints de 2 semaines. Elle se décline en 4 grandes étapes : analyse des besoins, conception, implémentation, tests et déploiement. Notre système a été évalué sur un jeu de données de 3889 enregistrements. Les résultats indiquent une amélioration de 25% par rapport à l'approche classique. Le temps de réponse moyen est de 316ms, ce qui répond aux exigences. En conclusion, nous avons conçu et implémenté une plateforme de télémédecine. Notre solution apporte une réponse concrète à les pertes financières dues aux erreurs humaines. Les travaux futurs porteront sur l'amélioration des performances et la scalabilité du système."
ARCH-0192,Une plateforme de télémédecine avec deep learning et PyTorch,Réseau,2022,Etudiant_0192,Ce travail vise à concevoir et implémenter une plateforme de télémédecine en utilisant deep learning et PyTorch. La problématique principale est le manque de traçabilité dans les processus administratifs. Notre approche repose sur le prototypage rapide et l'itération continue.,"Pour réaliser ce projet, nous avons adopté le prototypage rapide et l'itération continue. Cette approche nous permet de livrer des incréments fonctionnels régulièrement. Le travail a été divisé en 3 itérations de durée égale.","Les expérimentations confirment la viabilité de notre approche avec 83% d'efficacité. Comparé aux solutions actuelles, nous observons un gain de 15% sur les métriques clés. Ces résultats ont été validés par une équipe de 31 experts du domaine.",Ce travail a permis de développer une plateforme de télémédecine qui répond efficacement à le manque de traçabilité dans les processus administratifs. Les résultats obtenus sont satisfaisants et ouvrent la voie à des améliorations futures. Les perspectives incluent l'intégration de nouvelles fonctionnalités et l'extension à d'autres contextes.,"Ce travail vise à concevoir et implémenter une plateforme de télémédecine en utilisant deep learning et PyTorch. La problématique principale est le manque de traçabilité dans les processus administratifs. Notre approche repose sur le prototypage rapide et l'itération continue. Pour réaliser ce projet, nous avons adopté le prototypage rapide et l'itération continue. Cette approche nous permet de livrer des incréments fonctionnels régulièrement. Le travail a été divisé en 3 itérations de durée égale. Les expérimentations confirment la viabilité de notre approche avec 83% d'efficacité. Comparé aux solutions actuelles, nous observons un gain de 15% sur les métriques clés. Ces résultats ont été validés par une équipe de 31 experts du domaine. Ce travail a permis de développer une plateforme de télémédecine qui répond efficacement à le manque de traçabilité dans les processus administratifs. Les résultats obtenus sont satisfaisants et ouvrent la voie à des améliorations futures. Les perspectives incluent l'intégration de nouvelles fonctionnalités et l'extension à d'autres contextes."
ARCH-0193,Un moteur de recommandation de cours avec blockchain et smart contracts,Réseau,2021,Etudiant_0193,Ce projet de fin d'études porte sur un moteur de recommandation de cours. La motivation principale est la sécurité insuffisante des données personnelles qui constitue un défi majeur. Nous proposons une solution basée sur blockchain et smart contracts en suivant une approche le prototypage rapide et l'itération continue.,"Pour réaliser ce projet, nous avons adopté le prototypage rapide et l'itération continue. Cette approche nous permet de livrer des incréments fonctionnels régulièrement. Le travail a été divisé en 4 itérations de durée égale.","Notre système a été évalué sur un jeu de données de 7580 enregistrements. Les résultats indiquent une amélioration de 20% par rapport à l'approche classique. Le temps de réponse moyen est de 252ms, ce qui répond aux exigences.",Ce travail a permis de développer un moteur de recommandation de cours qui répond efficacement à la sécurité insuffisante des données personnelles. Les résultats obtenus sont satisfaisants et ouvrent la voie à des améliorations futures. Les perspectives incluent l'intégration de nouvelles fonctionnalités et l'extension à d'autres contextes.,"Ce projet de fin d'études porte sur un moteur de recommandation de cours. La motivation principale est la sécurité insuffisante des données personnelles qui constitue un défi majeur. Nous proposons une solution basée sur blockchain et smart contracts en suivant une approche le prototypage rapide et l'itération continue. Pour réaliser ce projet, nous avons adopté le prototypage rapide et l'itération continue. Cette approche nous permet de livrer des incréments fonctionnels régulièrement. Le travail a été divisé en 4 itérations de durée égale. Notre système a été évalué sur un jeu de données de 7580 enregistrements. Les résultats indiquent une amélioration de 20% par rapport à l'approche classique. Le temps de réponse moyen est de 252ms, ce qui répond aux exigences. Ce travail a permis de développer un moteur de recommandation de cours qui répond efficacement à la sécurité insuffisante des données personnelles. Les résultats obtenus sont satisfaisants et ouvrent la voie à des améliorations futures. Les perspectives incluent l'intégration de nouvelles fonctionnalités et l'extension à d'autres contextes."
ARCH-0194,Une application de covoiturage universitaire avec machine learning et scikit-learn,IoT,2019,Etudiant_0194,"Dans le cadre de ce mémoire, nous proposons une application de covoiturage universitaire. Face à les pertes financières dues aux erreurs humaines, nous avons choisi d'utiliser machine learning et scikit-learn comme solution principale. La méthodologie adoptée est SCRUM avec des sprints de 2 semaines.",La méthodologie de développement choisie est SCRUM avec des sprints de 2 semaines. Nous avons structuré le travail en 5 phases distinctes. Chaque phase comprend des livrables mesurables et des critères de validation clairs.,"Les expérimentations confirment la viabilité de notre approche avec 82% d'efficacité. Comparé aux solutions actuelles, nous observons un gain de 33% sur les métriques clés. Ces résultats ont été validés par une équipe de 16 experts du domaine.","En conclusion, nous avons conçu et implémenté une application de covoiturage universitaire. Notre solution apporte une réponse concrète à les pertes financières dues aux erreurs humaines. Les travaux futurs porteront sur l'amélioration des performances et la scalabilité du système.","Dans le cadre de ce mémoire, nous proposons une application de covoiturage universitaire. Face à les pertes financières dues aux erreurs humaines, nous avons choisi d'utiliser machine learning et scikit-learn comme solution principale. La méthodologie adoptée est SCRUM avec des sprints de 2 semaines. La méthodologie de développement choisie est SCRUM avec des sprints de 2 semaines. Nous avons structuré le travail en 5 phases distinctes. Chaque phase comprend des livrables mesurables et des critères de validation clairs. Les expérimentations confirment la viabilité de notre approche avec 82% d'efficacité. Comparé aux solutions actuelles, nous observons un gain de 33% sur les métriques clés. Ces résultats ont été validés par une équipe de 16 experts du domaine. En conclusion, nous avons conçu et implémenté une application de covoiturage universitaire. Notre solution apporte une réponse concrète à les pertes financières dues aux erreurs humaines. Les travaux futurs porteront sur l'amélioration des performances et la scalabilité du système."
ARCH-0195,Un système de vote électronique avec React et FastAPI,Cyber,2024,Etudiant_0195,L'objectif de cette étude est de résoudre l'absence d'outils adaptés au contexte africain grâce à un système de vote électronique. Nous utilisons React et FastAPI combiné avec une étude de cas approfondie avec données réelles pour atteindre cet objectif.,"L'approche méthodologique retenue est une étude de cas approfondie avec données réelles. Elle se décline en 6 grandes étapes : analyse des besoins, conception, implémentation, tests et déploiement.","Les expérimentations confirment la viabilité de notre approche avec 92% d'efficacité. Comparé aux solutions actuelles, nous observons un gain de 33% sur les métriques clés. Ces résultats ont été validés par une équipe de 17 experts du domaine.","En conclusion, nous avons conçu et implémenté un système de vote électronique. Notre solution apporte une réponse concrète à l'absence d'outils adaptés au contexte africain. Les travaux futurs porteront sur l'amélioration des performances et la scalabilité du système.","L'objectif de cette étude est de résoudre l'absence d'outils adaptés au contexte africain grâce à un système de vote électronique. Nous utilisons React et FastAPI combiné avec une étude de cas approfondie avec données réelles pour atteindre cet objectif. L'approche méthodologique retenue est une étude de cas approfondie avec données réelles. Elle se décline en 6 grandes étapes : analyse des besoins, conception, implémentation, tests et déploiement. Les expérimentations confirment la viabilité de notre approche avec 92% d'efficacité. Comparé aux solutions actuelles, nous observons un gain de 33% sur les métriques clés. Ces résultats ont été validés par une équipe de 17 experts du domaine. En conclusion, nous avons conçu et implémenté un système de vote électronique. Notre solution apporte une réponse concrète à l'absence d'outils adaptés au contexte africain. Les travaux futurs porteront sur l'amélioration des performances et la scalabilité du système."
ARCH-0196,Un système de contrôle d'accès biométrique avec Arduino et Raspberry Pi,Cloud,2022,Etudiant_0196,L'objectif de cette étude est de résoudre le manque d'accessibilité aux services dans les zones rurales grâce à un système de contrôle d'accès biométrique. Nous utilisons Arduino et Raspberry Pi combiné avec la recherche expérimentale avec validation empirique pour atteindre cet objectif.,La méthodologie de développement choisie est la recherche expérimentale avec validation empirique. Nous avons structuré le travail en 4 phases distinctes. Chaque phase comprend des livrables mesurables et des critères de validation clairs.,"Notre système a été évalué sur un jeu de données de 2816 enregistrements. Les résultats indiquent une amélioration de 20% par rapport à l'approche classique. Le temps de réponse moyen est de 311ms, ce qui répond aux exigences.","En conclusion, nous avons conçu et implémenté un système de contrôle d'accès biométrique. Notre solution apporte une réponse concrète à le manque d'accessibilité aux services dans les zones rurales. Les travaux futurs porteront sur l'amélioration des performances et la scalabilité du système.","L'objectif de cette étude est de résoudre le manque d'accessibilité aux services dans les zones rurales grâce à un système de contrôle d'accès biométrique. Nous utilisons Arduino et Raspberry Pi combiné avec la recherche expérimentale avec validation empirique pour atteindre cet objectif. La méthodologie de développement choisie est la recherche expérimentale avec validation empirique. Nous avons structuré le travail en 4 phases distinctes. Chaque phase comprend des livrables mesurables et des critères de validation clairs. Notre système a été évalué sur un jeu de données de 2816 enregistrements. Les résultats indiquent une amélioration de 20% par rapport à l'approche classique. Le temps de réponse moyen est de 311ms, ce qui répond aux exigences. En conclusion, nous avons conçu et implémenté un système de contrôle d'accès biométrique. Notre solution apporte une réponse concrète à le manque d'accessibilité aux services dans les zones rurales. Les travaux futurs porteront sur l'amélioration des performances et la scalabilité du système."
ARCH-0197,Un moteur de recommandation de cours avec NLP et transformers BERT,BDD,2022,Etudiant_0197,"Dans le cadre de ce mémoire, nous proposons un moteur de recommandation de cours. Face à les pertes financières dues aux erreurs humaines, nous avons choisi d'utiliser NLP et transformers BERT comme solution principale. La méthodologie adoptée est une étude de cas approfondie avec données réelles.","Pour réaliser ce projet, nous avons adopté une étude de cas approfondie avec données réelles. Cette approche nous permet de livrer des incréments fonctionnels régulièrement. Le travail a été divisé en 4 itérations de durée égale.","Les expérimentations confirment la viabilité de notre approche avec 85% d'efficacité. Comparé aux solutions actuelles, nous observons un gain de 30% sur les métriques clés. Ces résultats ont été validés par une équipe de 28 experts du domaine.","En conclusion, nous avons conçu et implémenté un moteur de recommandation de cours. Notre solution apporte une réponse concrète à les pertes financières dues aux erreurs humaines. Les travaux futurs porteront sur l'amélioration des performances et la scalabilité du système.","Dans le cadre de ce mémoire, nous proposons un moteur de recommandation de cours. Face à les pertes financières dues aux erreurs humaines, nous avons choisi d'utiliser NLP et transformers BERT comme solution principale. La méthodologie adoptée est une étude de cas approfondie avec données réelles. Pour réaliser ce projet, nous avons adopté une étude de cas approfondie avec données réelles. Cette approche nous permet de livrer des incréments fonctionnels régulièrement. Le travail a été divisé en 4 itérations de durée égale. Les expérimentations confirment la viabilité de notre approche avec 85% d'efficacité. Comparé aux solutions actuelles, nous observons un gain de 30% sur les métriques clés. Ces résultats ont été validés par une équipe de 28 experts du domaine. En conclusion, nous avons conçu et implémenté un moteur de recommandation de cours. Notre solution apporte une réponse concrète à les pertes financières dues aux erreurs humaines. Les travaux futurs porteront sur l'amélioration des performances et la scalabilité du système."
ARCH-0198,Un système de détection de fraude bancaire avec Docker et Kubernetes,Cloud,2023,Etudiant_0198,"Dans le cadre de ce mémoire, nous proposons un système de détection de fraude bancaire. Face à la lenteur des processus manuels actuels, nous avons choisi d'utiliser Docker et Kubernetes comme solution principale. La méthodologie adoptée est une étude de cas approfondie avec données réelles.",La méthodologie de développement choisie est une étude de cas approfondie avec données réelles. Nous avons structuré le travail en 6 phases distinctes. Chaque phase comprend des livrables mesurables et des critères de validation clairs.,"Les expérimentations confirment la viabilité de notre approche avec 96% d'efficacité. Comparé aux solutions actuelles, nous observons un gain de 35% sur les métriques clés. Ces résultats ont été validés par une équipe de 41 experts du domaine.","En conclusion, nous avons conçu et implémenté un système de détection de fraude bancaire. Notre solution apporte une réponse concrète à la lenteur des processus manuels actuels. Les travaux futurs porteront sur l'amélioration des performances et la scalabilité du système.","Dans le cadre de ce mémoire, nous proposons un système de détection de fraude bancaire. Face à la lenteur des processus manuels actuels, nous avons choisi d'utiliser Docker et Kubernetes comme solution principale. La méthodologie adoptée est une étude de cas approfondie avec données réelles. La méthodologie de développement choisie est une étude de cas approfondie avec données réelles. Nous avons structuré le travail en 6 phases distinctes. Chaque phase comprend des livrables mesurables et des critères de validation clairs. Les expérimentations confirment la viabilité de notre approche avec 96% d'efficacité. Comparé aux solutions actuelles, nous observons un gain de 35% sur les métriques clés. Ces résultats ont été validés par une équipe de 41 experts du domaine. En conclusion, nous avons conçu et implémenté un système de détection de fraude bancaire. Notre solution apporte une réponse concrète à la lenteur des processus manuels actuels. Les travaux futurs porteront sur l'amélioration des performances et la scalabilité du système."
ARCH-0199,Un outil d'analyse de sentiment sur les réseaux sociaux avec deep learning et PyTorch,Cyber,2024,Etudiant_0199,Ce travail vise à concevoir et implémenter un outil d'analyse de sentiment sur les réseaux sociaux en utilisant deep learning et PyTorch. La problématique principale est le manque de traçabilité dans les processus administratifs. Notre approche repose sur la recherche expérimentale avec validation empirique.,"L'approche méthodologique retenue est la recherche expérimentale avec validation empirique. Elle se décline en 3 grandes étapes : analyse des besoins, conception, implémentation, tests et déploiement.",Les tests réalisés montrent que notre solution atteint 89% de précision. Les performances obtenues dépassent les solutions existantes de 16%. L'interface utilisateur a été validée par 27 utilisateurs réels.,"En conclusion, nous avons conçu et implémenté un outil d'analyse de sentiment sur les réseaux sociaux. Notre solution apporte une réponse concrète à le manque de traçabilité dans les processus administratifs. Les travaux futurs porteront sur l'amélioration des performances et la scalabilité du système.","Ce travail vise à concevoir et implémenter un outil d'analyse de sentiment sur les réseaux sociaux en utilisant deep learning et PyTorch. La problématique principale est le manque de traçabilité dans les processus administratifs. Notre approche repose sur la recherche expérimentale avec validation empirique. L'approche méthodologique retenue est la recherche expérimentale avec validation empirique. Elle se décline en 3 grandes étapes : analyse des besoins, conception, implémentation, tests et déploiement. Les tests réalisés montrent que notre solution atteint 89% de précision. Les performances obtenues dépassent les solutions existantes de 16%. L'interface utilisateur a été validée par 27 utilisateurs réels. En conclusion, nous avons conçu et implémenté un outil d'analyse de sentiment sur les réseaux sociaux. Notre solution apporte une réponse concrète à le manque de traçabilité dans les processus administratifs. Les travaux futurs porteront sur l'amélioration des performances et la scalabilité du système."
ARCH-0200,Un système de vote électronique avec NLP et transformers BERT,BDD,2022,Etudiant_0200,Ce travail vise à concevoir et implémenter un système de vote électronique en utilisant NLP et transformers BERT. La problématique principale est le manque de traçabilité dans les processus administratifs. Notre approche repose sur la recherche-action avec participation des utilisateurs finaux.,"L'approche méthodologique retenue est la recherche-action avec participation des utilisateurs finaux. Elle se décline en 3 grandes étapes : analyse des besoins, conception, implémentation, tests et déploiement.","Notre système a été évalué sur un jeu de données de 9380 enregistrements. Les résultats indiquent une amélioration de 41% par rapport à l'approche classique. Le temps de réponse moyen est de 471ms, ce qui répond aux exigences.",Ce travail a permis de développer un système de vote électronique qui répond efficacement à le manque de traçabilité dans les processus administratifs. Les résultats obtenus sont satisfaisants et ouvrent la voie à des améliorations futures. Les perspectives incluent l'intégration de nouvelles fonctionnalités et l'extension à d'autres contextes.,"Ce travail vise à concevoir et implémenter un système de vote électronique en utilisant NLP et transformers BERT. La problématique principale est le manque de traçabilité dans les processus administratifs. Notre approche repose sur la recherche-action avec participation des utilisateurs finaux. L'approche méthodologique retenue est la recherche-action avec participation des utilisateurs finaux. Elle se décline en 3 grandes étapes : analyse des besoins, conception, implémentation, tests et déploiement. Notre système a été évalué sur un jeu de données de 9380 enregistrements. Les résultats indiquent une amélioration de 41% par rapport à l'approche classique. Le temps de réponse moyen est de 471ms, ce qui répond aux exigences. Ce travail a permis de développer un système de vote électronique qui répond efficacement à le manque de traçabilité dans les processus administratifs. Les résultats obtenus sont satisfaisants et ouvrent la voie à des améliorations futures. Les perspectives incluent l'intégration de nouvelles fonctionnalités et l'extension à d'autres contextes."
