id_memoire,titre,description,resume,texte_complet,domaine,methodologie,niveau,annee,auteur,directeur,note_soutenance,tags,nb_tags,est_public
MEM-0001,Plateforme de gestion des stages universitaires,"Application full-stack React/FastAPI permettant aux étudiants de postuler aux stages, aux entreprises de publier des offres et à l'université de suivre les conventions. Déployée sur 3 universités togolaises.","Application full-stack React/FastAPI permettant aux étudiants de postuler aux stages, aux entreprises de publier des offres et à l'université de suivre les conventions. Déployée sur 3 universités togolaises. Ce travail s'inscrit dans le contexte de Afrique de l'Ouest. La méthodologie adoptée est Recherche-action. Les résultats obtenus constituent une contribution significative au domaine de Développement Web.","Plateforme de gestion des stages universitaires. Application full-stack React/FastAPI permettant aux étudiants de postuler aux stages, aux entreprises de publier des offres et à l'université de suivre les conventions. Déployée sur 3 universités togolaises. Application full-stack React/FastAPI permettant aux étudiants de postuler aux stages, aux entreprises de publier des offres et à l'université de suivre les conventions. Déployée sur 3 universités togolaises. Ce travail s'inscrit dans le contexte de Afrique de l'Ouest. La méthodologie adoptée est Recherche-action. Les résultats obtenus constituent une contribution significative au domaine de Développement Web.",Développement Web,Recherche-action,Master 1,2019,Etudiant_0001,Dr. Professeur_01,15.9,afrique|django|fastapi|postgresql|react,5,0
MEM-0002,Réseau WiFi communautaire à faible coût,"Conception et déploiement d'une infrastructure WiFi dans un quartier de Lomé avec équipements open source (OpenWRT). Couverture de 2km², 120 utilisateurs connectés simultanément, coût 40% inférieur au marché.","Conception et déploiement d'une infrastructure WiFi dans un quartier de Lomé avec équipements open source (OpenWRT). Couverture de 2km², 120 utilisateurs connectés simultanément, coût 40% inférieur au marché. Ce travail s'inscrit dans le contexte de mobile money. La méthodologie adoptée est Prototypage rapide. Les résultats obtenus constituent une contribution significative au domaine de Réseaux.","Réseau WiFi communautaire à faible coût. Conception et déploiement d'une infrastructure WiFi dans un quartier de Lomé avec équipements open source (OpenWRT). Couverture de 2km², 120 utilisateurs connectés simultanément, coût 40% inférieur au marché. Conception et déploiement d'une infrastructure WiFi dans un quartier de Lomé avec équipements open source (OpenWRT). Couverture de 2km², 120 utilisateurs connectés simultanément, coût 40% inférieur au marché. Ce travail s'inscrit dans le contexte de mobile money. La méthodologie adoptée est Prototypage rapide. Les résultats obtenus constituent une contribution significative au domaine de Réseaux.",Réseaux,Prototypage rapide,Master 2,2018,Etudiant_0002,Dr. Professeur_05,14.49,afrique|cisco|ns3|protocole|qos|tcp-ip,6,1
MEM-0003,Système de recommandation de cours personnalisés,Nous développons un moteur de recommandation hybride combinant filtrage collaboratif et content-based pour personnaliser les parcours d'apprentissage en ligne. L'évaluation montre 87% de pertinence sur des données réelles.,Nous développons un moteur de recommandation hybride combinant filtrage collaboratif et content-based pour personnaliser les parcours d'apprentissage en ligne. L'évaluation montre 87% de pertinence sur des données réelles. Ce travail s'inscrit dans le contexte de Afrique de l'Ouest. La méthodologie adoptée est Recherche-action. Les résultats obtenus constituent une contribution significative au domaine de IA / Machine Learning.,Système de recommandation de cours personnalisés. Nous développons un moteur de recommandation hybride combinant filtrage collaboratif et content-based pour personnaliser les parcours d'apprentissage en ligne. L'évaluation montre 87% de pertinence sur des données réelles. Nous développons un moteur de recommandation hybride combinant filtrage collaboratif et content-based pour personnaliser les parcours d'apprentissage en ligne. L'évaluation montre 87% de pertinence sur des données réelles. Ce travail s'inscrit dans le contexte de Afrique de l'Ouest. La méthodologie adoptée est Recherche-action. Les résultats obtenus constituent une contribution significative au domaine de IA / Machine Learning.,IA / Machine Learning,Recherche-action,Master 1,2020,Etudiant_0003,Dr. Professeur_06,13.8,deep-learning|machine-learning|nlp|prediction,4,1
MEM-0004,Application de paiement mobile pour petits commerçants,App Android permettant aux commerçants informels d'accepter les paiements digitaux via NFC et QR code. Intégration mobile money. 500 commerçants pilotes dans 3 marchés de Lomé.,App Android permettant aux commerçants informels d'accepter les paiements digitaux via NFC et QR code. Intégration mobile money. 500 commerçants pilotes dans 3 marchés de Lomé. Ce travail s'inscrit dans le contexte de langues locales. La méthodologie adoptée est Recherche-action. Les résultats obtenus constituent une contribution significative au domaine de Mobile.,Application de paiement mobile pour petits commerçants. App Android permettant aux commerçants informels d'accepter les paiements digitaux via NFC et QR code. Intégration mobile money. 500 commerçants pilotes dans 3 marchés de Lomé. App Android permettant aux commerçants informels d'accepter les paiements digitaux via NFC et QR code. Intégration mobile money. 500 commerçants pilotes dans 3 marchés de Lomé. Ce travail s'inscrit dans le contexte de langues locales. La méthodologie adoptée est Recherche-action. Les résultats obtenus constituent une contribution significative au domaine de Mobile.,Mobile,Recherche-action,Master 1,2022,Etudiant_0004,Dr. Professeur_10,18.29,afrique|android|offline|react-native,4,1
MEM-0005,Contrôle d'accès biométrique à faible coût,Système de contrôle d'accès par empreinte digitale et reconnaissance faciale pour sécuriser des locaux à budget limité. Coût matériel sous 50 000 FCFA. Déployé dans 3 établissements scolaires.,Système de contrôle d'accès par empreinte digitale et reconnaissance faciale pour sécuriser des locaux à budget limité. Coût matériel sous 50 000 FCFA. Déployé dans 3 établissements scolaires. Ce travail s'inscrit dans le contexte de Afrique de l'Ouest. La méthodologie adoptée est Recherche expérimentale. Les résultats obtenus constituent une contribution significative au domaine de Systèmes Embarqués.,Contrôle d'accès biométrique à faible coût. Système de contrôle d'accès par empreinte digitale et reconnaissance faciale pour sécuriser des locaux à budget limité. Coût matériel sous 50 000 FCFA. Déployé dans 3 établissements scolaires. Système de contrôle d'accès par empreinte digitale et reconnaissance faciale pour sécuriser des locaux à budget limité. Coût matériel sous 50 000 FCFA. Déployé dans 3 établissements scolaires. Ce travail s'inscrit dans le contexte de Afrique de l'Ouest. La méthodologie adoptée est Recherche expérimentale. Les résultats obtenus constituent une contribution significative au domaine de Systèmes Embarqués.,Systèmes Embarqués,Recherche expérimentale,Master 2,2018,Etudiant_0005,Dr. Professeur_14,18.55,capteurs|energie|iot,3,1
MEM-0006,Géolocalisation des transports en commun à Lomé,Système de suivi temps réel des bus et taxis-motos avec application mobile passager et dashboard chauffeur. Architecture microservices avec WebSockets pour les mises à jour en temps réel.,Système de suivi temps réel des bus et taxis-motos avec application mobile passager et dashboard chauffeur. Architecture microservices avec WebSockets pour les mises à jour en temps réel. Ce travail s'inscrit dans le contexte de Afrique de l'Ouest. La méthodologie adoptée est Recherche-action. Les résultats obtenus constituent une contribution significative au domaine de Mobile.,Géolocalisation des transports en commun à Lomé. Système de suivi temps réel des bus et taxis-motos avec application mobile passager et dashboard chauffeur. Architecture microservices avec WebSockets pour les mises à jour en temps réel. Système de suivi temps réel des bus et taxis-motos avec application mobile passager et dashboard chauffeur. Architecture microservices avec WebSockets pour les mises à jour en temps réel. Ce travail s'inscrit dans le contexte de Afrique de l'Ouest. La méthodologie adoptée est Recherche-action. Les résultats obtenus constituent une contribution significative au domaine de Mobile.,Mobile,Recherche-action,Master 1,2019,Etudiant_0006,Dr. Professeur_03,16.09,afrique|flutter|geolocalisation|kotlin|microservices|ux,6,1
MEM-0007,Réseau WiFi communautaire à faible coût,"Conception et déploiement d'une infrastructure WiFi dans un quartier de Lomé avec équipements open source (OpenWRT). Couverture de 2km², 120 utilisateurs connectés simultanément, coût 40% inférieur au marché.","Conception et déploiement d'une infrastructure WiFi dans un quartier de Lomé avec équipements open source (OpenWRT). Couverture de 2km², 120 utilisateurs connectés simultanément, coût 40% inférieur au marché. Ce travail s'inscrit dans le contexte de Togo. La méthodologie adoptée est Étude de cas. Les résultats obtenus constituent une contribution significative au domaine de Réseaux.","Réseau WiFi communautaire à faible coût. Conception et déploiement d'une infrastructure WiFi dans un quartier de Lomé avec équipements open source (OpenWRT). Couverture de 2km², 120 utilisateurs connectés simultanément, coût 40% inférieur au marché. Conception et déploiement d'une infrastructure WiFi dans un quartier de Lomé avec équipements open source (OpenWRT). Couverture de 2km², 120 utilisateurs connectés simultanément, coût 40% inférieur au marché. Ce travail s'inscrit dans le contexte de Togo. La méthodologie adoptée est Étude de cas. Les résultats obtenus constituent une contribution significative au domaine de Réseaux.",Réseaux,Étude de cas,Master 1,2020,Etudiant_0007,Dr. Professeur_07,18.05,4g|afrique|cisco|iot|qos|wifi,6,1
MEM-0008,Architecture réseau IoT pour smart city,"Conception d'une infrastructure de capteurs connectés pour la gestion intelligente des feux de circulation, de l'éclairage public et des déchets dans une ville de taille moyenne.","Conception d'une infrastructure de capteurs connectés pour la gestion intelligente des feux de circulation, de l'éclairage public et des déchets dans une ville de taille moyenne. Ce travail s'inscrit dans le contexte de langues locales. La méthodologie adoptée est Recherche-action. Les résultats obtenus constituent une contribution significative au domaine de Réseaux.","Architecture réseau IoT pour smart city. Conception d'une infrastructure de capteurs connectés pour la gestion intelligente des feux de circulation, de l'éclairage public et des déchets dans une ville de taille moyenne. Conception d'une infrastructure de capteurs connectés pour la gestion intelligente des feux de circulation, de l'éclairage public et des déchets dans une ville de taille moyenne. Ce travail s'inscrit dans le contexte de langues locales. La méthodologie adoptée est Recherche-action. Les résultats obtenus constituent une contribution significative au domaine de Réseaux.",Réseaux,Recherche-action,Master 1,2019,Etudiant_0008,Dr. Professeur_12,11.4,4g|cisco|iot|ns3|protocole|qos,6,1
MEM-0009,Application de suivi de grossesse pour zones rurales,"App mobile hors-ligne pour le suivi médical des femmes enceintes sans connexion internet. Synchronisation différée des données. Déployée dans 12 centres de santé ruraux, 800 femmes suivies.","App mobile hors-ligne pour le suivi médical des femmes enceintes sans connexion internet. Synchronisation différée des données. Déployée dans 12 centres de santé ruraux, 800 femmes suivies. Ce travail s'inscrit dans le contexte de PME africaine. La méthodologie adoptée est Prototypage rapide. Les résultats obtenus constituent une contribution significative au domaine de Mobile.","Application de suivi de grossesse pour zones rurales. App mobile hors-ligne pour le suivi médical des femmes enceintes sans connexion internet. Synchronisation différée des données. Déployée dans 12 centres de santé ruraux, 800 femmes suivies. App mobile hors-ligne pour le suivi médical des femmes enceintes sans connexion internet. Synchronisation différée des données. Déployée dans 12 centres de santé ruraux, 800 femmes suivies. Ce travail s'inscrit dans le contexte de PME africaine. La méthodologie adoptée est Prototypage rapide. Les résultats obtenus constituent une contribution significative au domaine de Mobile.",Mobile,Prototypage rapide,Master 1,2022,Etudiant_0009,Dr. Professeur_01,10.91,flutter|geolocalisation|offline|react-native,4,1
MEM-0010,Sécurisation des applications mobile banking,Analyse des vulnérabilités des applications de paiement mobile au Togo selon OWASP Mobile Top 10. Implémentation des contre-mesures et chiffrement end-to-end des transactions.,Analyse des vulnérabilités des applications de paiement mobile au Togo selon OWASP Mobile Top 10. Implémentation des contre-mesures et chiffrement end-to-end des transactions. Ce travail s'inscrit dans le contexte de langues locales. La méthodologie adoptée est Recherche expérimentale. Les résultats obtenus constituent une contribution significative au domaine de Cybersécurité.,Sécurisation des applications mobile banking. Analyse des vulnérabilités des applications de paiement mobile au Togo selon OWASP Mobile Top 10. Implémentation des contre-mesures et chiffrement end-to-end des transactions. Analyse des vulnérabilités des applications de paiement mobile au Togo selon OWASP Mobile Top 10. Implémentation des contre-mesures et chiffrement end-to-end des transactions. Ce travail s'inscrit dans le contexte de langues locales. La méthodologie adoptée est Recherche expérimentale. Les résultats obtenus constituent une contribution significative au domaine de Cybersécurité.,Cybersécurité,Recherche expérimentale,Master 2,2021,Etudiant_0010,Dr. Professeur_14,19.71,afrique|audit|cryptographie|forensics|intrusion|siem,6,1
MEM-0011,Portail de télémédecine pour zones rurales,"Application web de consultation médicale à distance intégrant la géolocalisation des centres de santé, la prise de rendez-vous et le dossier médical numérique simplifié. Mode offline disponible.","Application web de consultation médicale à distance intégrant la géolocalisation des centres de santé, la prise de rendez-vous et le dossier médical numérique simplifié. Mode offline disponible. Ce travail s'inscrit dans le contexte de PME africaine. La méthodologie adoptée est Développement dirigé par les tests (TDD). Les résultats obtenus constituent une contribution significative au domaine de Développement Web.","Portail de télémédecine pour zones rurales. Application web de consultation médicale à distance intégrant la géolocalisation des centres de santé, la prise de rendez-vous et le dossier médical numérique simplifié. Mode offline disponible. Application web de consultation médicale à distance intégrant la géolocalisation des centres de santé, la prise de rendez-vous et le dossier médical numérique simplifié. Mode offline disponible. Ce travail s'inscrit dans le contexte de PME africaine. La méthodologie adoptée est Développement dirigé par les tests (TDD). Les résultats obtenus constituent une contribution significative au domaine de Développement Web.",Développement Web,Développement dirigé par les tests (TDD),Master 2,2020,Etudiant_0011,Dr. Professeur_12,10.03,fastapi|full-stack|rest-api,3,1
MEM-0012,Application de suivi de grossesse pour zones rurales,"App mobile hors-ligne pour le suivi médical des femmes enceintes sans connexion internet. Synchronisation différée des données. Déployée dans 12 centres de santé ruraux, 800 femmes suivies.","App mobile hors-ligne pour le suivi médical des femmes enceintes sans connexion internet. Synchronisation différée des données. Déployée dans 12 centres de santé ruraux, 800 femmes suivies. Ce travail s'inscrit dans le contexte de mobile money. La méthodologie adoptée est Développement dirigé par les tests (TDD). Les résultats obtenus constituent une contribution significative au domaine de Mobile.","Application de suivi de grossesse pour zones rurales. App mobile hors-ligne pour le suivi médical des femmes enceintes sans connexion internet. Synchronisation différée des données. Déployée dans 12 centres de santé ruraux, 800 femmes suivies. App mobile hors-ligne pour le suivi médical des femmes enceintes sans connexion internet. Synchronisation différée des données. Déployée dans 12 centres de santé ruraux, 800 femmes suivies. Ce travail s'inscrit dans le contexte de mobile money. La méthodologie adoptée est Développement dirigé par les tests (TDD). Les résultats obtenus constituent une contribution significative au domaine de Mobile.",Mobile,Développement dirigé par les tests (TDD),Licence 3,2022,Etudiant_0012,Dr. Professeur_13,11.53,geolocalisation|offline|react-native,3,1
MEM-0013,Classification d'images agricoles par CNN,Système de détection automatique des maladies des cultures grâce à des réseaux convolutifs. Dataset de 15 000 images de plantes annotées. Précision de 94% sur la classification de 8 maladies principales.,Système de détection automatique des maladies des cultures grâce à des réseaux convolutifs. Dataset de 15 000 images de plantes annotées. Précision de 94% sur la classification de 8 maladies principales. Ce travail s'inscrit dans le contexte de mobile money. La méthodologie adoptée est Recherche appliquée. Les résultats obtenus constituent une contribution significative au domaine de IA / Machine Learning.,Classification d'images agricoles par CNN. Système de détection automatique des maladies des cultures grâce à des réseaux convolutifs. Dataset de 15 000 images de plantes annotées. Précision de 94% sur la classification de 8 maladies principales. Système de détection automatique des maladies des cultures grâce à des réseaux convolutifs. Dataset de 15 000 images de plantes annotées. Précision de 94% sur la classification de 8 maladies principales. Ce travail s'inscrit dans le contexte de mobile money. La méthodologie adoptée est Recherche appliquée. Les résultats obtenus constituent une contribution significative au domaine de IA / Machine Learning.,IA / Machine Learning,Recherche appliquée,Master 1,2018,Etudiant_0013,Dr. Professeur_15,10.58,classification|deep-learning|neural-network|nlp,4,1
MEM-0014,Plateforme de gestion des stages universitaires,"Application full-stack React/FastAPI permettant aux étudiants de postuler aux stages, aux entreprises de publier des offres et à l'université de suivre les conventions. Déployée sur 3 universités togolaises.","Application full-stack React/FastAPI permettant aux étudiants de postuler aux stages, aux entreprises de publier des offres et à l'université de suivre les conventions. Déployée sur 3 universités togolaises. Ce travail s'inscrit dans le contexte de PME africaine. La méthodologie adoptée est Recherche-action. Les résultats obtenus constituent une contribution significative au domaine de Développement Web.","Plateforme de gestion des stages universitaires. Application full-stack React/FastAPI permettant aux étudiants de postuler aux stages, aux entreprises de publier des offres et à l'université de suivre les conventions. Déployée sur 3 universités togolaises. Application full-stack React/FastAPI permettant aux étudiants de postuler aux stages, aux entreprises de publier des offres et à l'université de suivre les conventions. Déployée sur 3 universités togolaises. Ce travail s'inscrit dans le contexte de PME africaine. La méthodologie adoptée est Recherche-action. Les résultats obtenus constituent une contribution significative au domaine de Développement Web.",Développement Web,Recherche-action,Master 1,2024,Etudiant_0014,Dr. Professeur_03,19.47,afrique|django|fastapi|postgresql|react,5,1
MEM-0015,Migration infrastructure on-premise vers AWS,"Planification et exécution complète de la migration cloud d'une PME locale. Architecture 3-tiers sur AWS avec auto-scaling, backup automatique et réduction des coûts d'infrastructure de 40%.","Planification et exécution complète de la migration cloud d'une PME locale. Architecture 3-tiers sur AWS avec auto-scaling, backup automatique et réduction des coûts d'infrastructure de 40%. Ce travail s'inscrit dans le contexte de contexte africain. La méthodologie adoptée est Prototypage rapide. Les résultats obtenus constituent une contribution significative au domaine de Cloud / DevOps.","Migration infrastructure on-premise vers AWS. Planification et exécution complète de la migration cloud d'une PME locale. Architecture 3-tiers sur AWS avec auto-scaling, backup automatique et réduction des coûts d'infrastructure de 40%. Planification et exécution complète de la migration cloud d'une PME locale. Architecture 3-tiers sur AWS avec auto-scaling, backup automatique et réduction des coûts d'infrastructure de 40%. Ce travail s'inscrit dans le contexte de contexte africain. La méthodologie adoptée est Prototypage rapide. Les résultats obtenus constituent une contribution significative au domaine de Cloud / DevOps.",Cloud / DevOps,Prototypage rapide,Master 2,2023,Etudiant_0015,Dr. Professeur_09,14.38,aws|ci-cd|monitoring|terraform,4,1
MEM-0016,Réseau WiFi communautaire à faible coût,"Conception et déploiement d'une infrastructure WiFi dans un quartier de Lomé avec équipements open source (OpenWRT). Couverture de 2km², 120 utilisateurs connectés simultanément, coût 40% inférieur au marché.","Conception et déploiement d'une infrastructure WiFi dans un quartier de Lomé avec équipements open source (OpenWRT). Couverture de 2km², 120 utilisateurs connectés simultanément, coût 40% inférieur au marché. Ce travail s'inscrit dans le contexte de Togo. La méthodologie adoptée est Développement logiciel (SCRUM). Les résultats obtenus constituent une contribution significative au domaine de Réseaux.","Réseau WiFi communautaire à faible coût. Conception et déploiement d'une infrastructure WiFi dans un quartier de Lomé avec équipements open source (OpenWRT). Couverture de 2km², 120 utilisateurs connectés simultanément, coût 40% inférieur au marché. Conception et déploiement d'une infrastructure WiFi dans un quartier de Lomé avec équipements open source (OpenWRT). Couverture de 2km², 120 utilisateurs connectés simultanément, coût 40% inférieur au marché. Ce travail s'inscrit dans le contexte de Togo. La méthodologie adoptée est Développement logiciel (SCRUM). Les résultats obtenus constituent une contribution significative au domaine de Réseaux.",Réseaux,Développement logiciel (SCRUM),Master 1,2018,Etudiant_0016,Dr. Professeur_15,12.29,4g|afrique|ns3|qos|tcp-ip|wifi,6,0
MEM-0017,Système de surveillance de la qualité de l'air,"Réseau de capteurs IoT autonomes mesurant CO2, PM2.5, NO2 et température. Transmission MQTT vers dashboard Grafana. Autonomie 6 mois sur batterie avec panneau solaire. Déployé dans 5 quartiers de Lomé.","Réseau de capteurs IoT autonomes mesurant CO2, PM2.5, NO2 et température. Transmission MQTT vers dashboard Grafana. Autonomie 6 mois sur batterie avec panneau solaire. Déployé dans 5 quartiers de Lomé. Ce travail s'inscrit dans le contexte de mobile money. La méthodologie adoptée est Prototypage rapide. Les résultats obtenus constituent une contribution significative au domaine de Systèmes Embarqués.","Système de surveillance de la qualité de l'air. Réseau de capteurs IoT autonomes mesurant CO2, PM2.5, NO2 et température. Transmission MQTT vers dashboard Grafana. Autonomie 6 mois sur batterie avec panneau solaire. Déployé dans 5 quartiers de Lomé. Réseau de capteurs IoT autonomes mesurant CO2, PM2.5, NO2 et température. Transmission MQTT vers dashboard Grafana. Autonomie 6 mois sur batterie avec panneau solaire. Déployé dans 5 quartiers de Lomé. Ce travail s'inscrit dans le contexte de mobile money. La méthodologie adoptée est Prototypage rapide. Les résultats obtenus constituent une contribution significative au domaine de Systèmes Embarqués.",Systèmes Embarqués,Prototypage rapide,Licence 3,2020,Etudiant_0017,Dr. Professeur_13,17.85,afrique|capteurs|embarque|energie|iot|mqtt|raspberry-pi,7,1
MEM-0018,Plateforme de gestion des stages universitaires,"Application full-stack React/FastAPI permettant aux étudiants de postuler aux stages, aux entreprises de publier des offres et à l'université de suivre les conventions. Déployée sur 3 universités togolaises.","Application full-stack React/FastAPI permettant aux étudiants de postuler aux stages, aux entreprises de publier des offres et à l'université de suivre les conventions. Déployée sur 3 universités togolaises. Ce travail s'inscrit dans le contexte de Afrique de l'Ouest. La méthodologie adoptée est Recherche-action. Les résultats obtenus constituent une contribution significative au domaine de Développement Web.","Plateforme de gestion des stages universitaires. Application full-stack React/FastAPI permettant aux étudiants de postuler aux stages, aux entreprises de publier des offres et à l'université de suivre les conventions. Déployée sur 3 universités togolaises. Application full-stack React/FastAPI permettant aux étudiants de postuler aux stages, aux entreprises de publier des offres et à l'université de suivre les conventions. Déployée sur 3 universités togolaises. Ce travail s'inscrit dans le contexte de Afrique de l'Ouest. La méthodologie adoptée est Recherche-action. Les résultats obtenus constituent une contribution significative au domaine de Développement Web.",Développement Web,Recherche-action,Master 1,2020,Etudiant_0018,Dr. Professeur_12,10.61,afrique|docker|fastapi|full-stack|postgresql|react,6,1
MEM-0019,Système de vote électronique sécurisé,"Plateforme de vote en ligne basée sur la cryptographie asymétrique RSA et la blockchain légère. Garantit l'anonymat, l'intégrité et la traçabilité des votes. Testé lors d'une élection étudiante réelle.","Plateforme de vote en ligne basée sur la cryptographie asymétrique RSA et la blockchain légère. Garantit l'anonymat, l'intégrité et la traçabilité des votes. Testé lors d'une élection étudiante réelle. Ce travail s'inscrit dans le contexte de PME africaine. La méthodologie adoptée est Recherche expérimentale. Les résultats obtenus constituent une contribution significative au domaine de Développement Web.","Système de vote électronique sécurisé. Plateforme de vote en ligne basée sur la cryptographie asymétrique RSA et la blockchain légère. Garantit l'anonymat, l'intégrité et la traçabilité des votes. Testé lors d'une élection étudiante réelle. Plateforme de vote en ligne basée sur la cryptographie asymétrique RSA et la blockchain légère. Garantit l'anonymat, l'intégrité et la traçabilité des votes. Testé lors d'une élection étudiante réelle. Ce travail s'inscrit dans le contexte de PME africaine. La méthodologie adoptée est Recherche expérimentale. Les résultats obtenus constituent une contribution significative au domaine de Développement Web.",Développement Web,Recherche expérimentale,Licence 3,2022,Etudiant_0019,Dr. Professeur_15,12.5,blockchain|django|fastapi|full-stack|javascript,5,0
MEM-0020,Plateforme de gestion des stages universitaires,"Application full-stack React/FastAPI permettant aux étudiants de postuler aux stages, aux entreprises de publier des offres et à l'université de suivre les conventions. Déployée sur 3 universités togolaises.","Application full-stack React/FastAPI permettant aux étudiants de postuler aux stages, aux entreprises de publier des offres et à l'université de suivre les conventions. Déployée sur 3 universités togolaises. Ce travail s'inscrit dans le contexte de zones rurales. La méthodologie adoptée est Recherche-action. Les résultats obtenus constituent une contribution significative au domaine de Développement Web.","Plateforme de gestion des stages universitaires. Application full-stack React/FastAPI permettant aux étudiants de postuler aux stages, aux entreprises de publier des offres et à l'université de suivre les conventions. Déployée sur 3 universités togolaises. Application full-stack React/FastAPI permettant aux étudiants de postuler aux stages, aux entreprises de publier des offres et à l'université de suivre les conventions. Déployée sur 3 universités togolaises. Ce travail s'inscrit dans le contexte de zones rurales. La méthodologie adoptée est Recherche-action. Les résultats obtenus constituent une contribution significative au domaine de Développement Web.",Développement Web,Recherche-action,Master 2,2024,Etudiant_0020,Dr. Professeur_08,14.06,afrique|docker|fastapi|javascript|react,5,1
MEM-0021,Migration infrastructure on-premise vers AWS,"Planification et exécution complète de la migration cloud d'une PME locale. Architecture 3-tiers sur AWS avec auto-scaling, backup automatique et réduction des coûts d'infrastructure de 40%.","Planification et exécution complète de la migration cloud d'une PME locale. Architecture 3-tiers sur AWS avec auto-scaling, backup automatique et réduction des coûts d'infrastructure de 40%. Ce travail s'inscrit dans le contexte de Lomé. La méthodologie adoptée est Recherche expérimentale. Les résultats obtenus constituent une contribution significative au domaine de Cloud / DevOps.","Migration infrastructure on-premise vers AWS. Planification et exécution complète de la migration cloud d'une PME locale. Architecture 3-tiers sur AWS avec auto-scaling, backup automatique et réduction des coûts d'infrastructure de 40%. Planification et exécution complète de la migration cloud d'une PME locale. Architecture 3-tiers sur AWS avec auto-scaling, backup automatique et réduction des coûts d'infrastructure de 40%. Ce travail s'inscrit dans le contexte de Lomé. La méthodologie adoptée est Recherche expérimentale. Les résultats obtenus constituent une contribution significative au domaine de Cloud / DevOps.",Cloud / DevOps,Recherche expérimentale,Master 1,2018,Etudiant_0021,Dr. Professeur_12,16.97,aws|ci-cd|kubernetes|microservices|terraform,5,1
MEM-0022,Entrepôt de données pour le Ministère de la Santé,"Conception d'un data warehouse selon modélisation en étoile pour centraliser les données épidémiologiques nationales. Pipeline ETL automatisé, 50M enregistrements, requêtes analytiques en < 2s.","Conception d'un data warehouse selon modélisation en étoile pour centraliser les données épidémiologiques nationales. Pipeline ETL automatisé, 50M enregistrements, requêtes analytiques en < 2s. Ce travail s'inscrit dans le contexte de Togo. La méthodologie adoptée est Recherche expérimentale. Les résultats obtenus constituent une contribution significative au domaine de Bases de données.","Entrepôt de données pour le Ministère de la Santé. Conception d'un data warehouse selon modélisation en étoile pour centraliser les données épidémiologiques nationales. Pipeline ETL automatisé, 50M enregistrements, requêtes analytiques en < 2s. Conception d'un data warehouse selon modélisation en étoile pour centraliser les données épidémiologiques nationales. Pipeline ETL automatisé, 50M enregistrements, requêtes analytiques en < 2s. Ce travail s'inscrit dans le contexte de Togo. La méthodologie adoptée est Recherche expérimentale. Les résultats obtenus constituent une contribution significative au domaine de Bases de données.",Bases de données,Recherche expérimentale,Master 1,2019,Etudiant_0022,Dr. Professeur_08,10.5,etl|nosql|postgresql,3,1
MEM-0023,Audit de sécurité des infrastructures bancaires,"Évaluation complète de la posture de sécurité d'une banque locale par tests de pénétration, analyse de code et revue de configuration. Rapport de 47 vulnérabilités identifiées avec plan de remédiation.","Évaluation complète de la posture de sécurité d'une banque locale par tests de pénétration, analyse de code et revue de configuration. Rapport de 47 vulnérabilités identifiées avec plan de remédiation. Ce travail s'inscrit dans le contexte de mobile money. La méthodologie adoptée est Prototypage rapide. Les résultats obtenus constituent une contribution significative au domaine de Cybersécurité.","Audit de sécurité des infrastructures bancaires. Évaluation complète de la posture de sécurité d'une banque locale par tests de pénétration, analyse de code et revue de configuration. Rapport de 47 vulnérabilités identifiées avec plan de remédiation. Évaluation complète de la posture de sécurité d'une banque locale par tests de pénétration, analyse de code et revue de configuration. Rapport de 47 vulnérabilités identifiées avec plan de remédiation. Ce travail s'inscrit dans le contexte de mobile money. La méthodologie adoptée est Prototypage rapide. Les résultats obtenus constituent une contribution significative au domaine de Cybersécurité.",Cybersécurité,Prototypage rapide,Licence 3,2024,Etudiant_0023,Dr. Professeur_15,14.04,forensics|pentesting|siem,3,1
MEM-0024,Classification d'images agricoles par CNN,Système de détection automatique des maladies des cultures grâce à des réseaux convolutifs. Dataset de 15 000 images de plantes annotées. Précision de 94% sur la classification de 8 maladies principales.,Système de détection automatique des maladies des cultures grâce à des réseaux convolutifs. Dataset de 15 000 images de plantes annotées. Précision de 94% sur la classification de 8 maladies principales. Ce travail s'inscrit dans le contexte de langues locales. La méthodologie adoptée est Développement logiciel (SCRUM). Les résultats obtenus constituent une contribution significative au domaine de IA / Machine Learning.,Classification d'images agricoles par CNN. Système de détection automatique des maladies des cultures grâce à des réseaux convolutifs. Dataset de 15 000 images de plantes annotées. Précision de 94% sur la classification de 8 maladies principales. Système de détection automatique des maladies des cultures grâce à des réseaux convolutifs. Dataset de 15 000 images de plantes annotées. Précision de 94% sur la classification de 8 maladies principales. Ce travail s'inscrit dans le contexte de langues locales. La méthodologie adoptée est Développement logiciel (SCRUM). Les résultats obtenus constituent une contribution significative au domaine de IA / Machine Learning.,IA / Machine Learning,Développement logiciel (SCRUM),Master 1,2023,Etudiant_0024,Dr. Professeur_11,13.96,classification|deep-learning|neural-network|nlp|prediction,5,1
MEM-0025,Optimisation performances BDD hospitalière,"Analyse et optimisation d'un système de gestion hospitalière sous PostgreSQL. Indexation, partitionnement et réécriture de requêtes. Réduction du temps de réponse moyen de 8s à 0.3s.","Analyse et optimisation d'un système de gestion hospitalière sous PostgreSQL. Indexation, partitionnement et réécriture de requêtes. Réduction du temps de réponse moyen de 8s à 0.3s. Ce travail s'inscrit dans le contexte de langues locales. La méthodologie adoptée est Développement dirigé par les tests (TDD). Les résultats obtenus constituent une contribution significative au domaine de Bases de données.","Optimisation performances BDD hospitalière. Analyse et optimisation d'un système de gestion hospitalière sous PostgreSQL. Indexation, partitionnement et réécriture de requêtes. Réduction du temps de réponse moyen de 8s à 0.3s. Analyse et optimisation d'un système de gestion hospitalière sous PostgreSQL. Indexation, partitionnement et réécriture de requêtes. Réduction du temps de réponse moyen de 8s à 0.3s. Ce travail s'inscrit dans le contexte de langues locales. La méthodologie adoptée est Développement dirigé par les tests (TDD). Les résultats obtenus constituent une contribution significative au domaine de Bases de données.",Bases de données,Développement dirigé par les tests (TDD),Licence 3,2018,Etudiant_0025,Dr. Professeur_06,11.32,indexation|mongodb|postgresql|sql,4,1
MEM-0026,Optimisation QoS dans les réseaux 4G,Étude et amélioration de la qualité de service pour les applications temps réel sur réseau mobile 4G/LTE. Simulation sous NS-3 et validation terrain avec mesures de latence et débit.,Étude et amélioration de la qualité de service pour les applications temps réel sur réseau mobile 4G/LTE. Simulation sous NS-3 et validation terrain avec mesures de latence et débit. Ce travail s'inscrit dans le contexte de langues locales. La méthodologie adoptée est Recherche appliquée. Les résultats obtenus constituent une contribution significative au domaine de Réseaux.,Optimisation QoS dans les réseaux 4G. Étude et amélioration de la qualité de service pour les applications temps réel sur réseau mobile 4G/LTE. Simulation sous NS-3 et validation terrain avec mesures de latence et débit. Étude et amélioration de la qualité de service pour les applications temps réel sur réseau mobile 4G/LTE. Simulation sous NS-3 et validation terrain avec mesures de latence et débit. Ce travail s'inscrit dans le contexte de langues locales. La méthodologie adoptée est Recherche appliquée. Les résultats obtenus constituent une contribution significative au domaine de Réseaux.,Réseaux,Recherche appliquée,Licence 3,2021,Etudiant_0026,Dr. Professeur_02,19.32,cisco|ns3|protocole|tcp-ip|wifi,5,1
MEM-0027,Implémentation d'un SIEM open source,Déploiement et configuration de Wazuh/ELK Stack pour la détection d'intrusions en temps réel. Définition de 120 règles de corrélation et procédures de réponse aux incidents pour une PME.,Déploiement et configuration de Wazuh/ELK Stack pour la détection d'intrusions en temps réel. Définition de 120 règles de corrélation et procédures de réponse aux incidents pour une PME. Ce travail s'inscrit dans le contexte de contexte africain. La méthodologie adoptée est Développement logiciel (SCRUM). Les résultats obtenus constituent une contribution significative au domaine de Cybersécurité.,Implémentation d'un SIEM open source. Déploiement et configuration de Wazuh/ELK Stack pour la détection d'intrusions en temps réel. Définition de 120 règles de corrélation et procédures de réponse aux incidents pour une PME. Déploiement et configuration de Wazuh/ELK Stack pour la détection d'intrusions en temps réel. Définition de 120 règles de corrélation et procédures de réponse aux incidents pour une PME. Ce travail s'inscrit dans le contexte de contexte africain. La méthodologie adoptée est Développement logiciel (SCRUM). Les résultats obtenus constituent une contribution significative au domaine de Cybersécurité.,Cybersécurité,Développement logiciel (SCRUM),Licence 3,2023,Etudiant_0027,Dr. Professeur_11,12.04,forensics|intrusion|owasp|siem|vulnerabilite,5,1
MEM-0028,Optimisation performances BDD hospitalière,"Analyse et optimisation d'un système de gestion hospitalière sous PostgreSQL. Indexation, partitionnement et réécriture de requêtes. Réduction du temps de réponse moyen de 8s à 0.3s.","Analyse et optimisation d'un système de gestion hospitalière sous PostgreSQL. Indexation, partitionnement et réécriture de requêtes. Réduction du temps de réponse moyen de 8s à 0.3s. Ce travail s'inscrit dans le contexte de contexte africain. La méthodologie adoptée est Développement dirigé par les tests (TDD). Les résultats obtenus constituent une contribution significative au domaine de Bases de données.","Optimisation performances BDD hospitalière. Analyse et optimisation d'un système de gestion hospitalière sous PostgreSQL. Indexation, partitionnement et réécriture de requêtes. Réduction du temps de réponse moyen de 8s à 0.3s. Analyse et optimisation d'un système de gestion hospitalière sous PostgreSQL. Indexation, partitionnement et réécriture de requêtes. Réduction du temps de réponse moyen de 8s à 0.3s. Ce travail s'inscrit dans le contexte de contexte africain. La méthodologie adoptée est Développement dirigé par les tests (TDD). Les résultats obtenus constituent une contribution significative au domaine de Bases de données.",Bases de données,Développement dirigé par les tests (TDD),Licence 3,2018,Etudiant_0028,Dr. Professeur_11,17.71,etl|indexation|optimisation|postgresql|sql,5,1
MEM-0029,Sécurisation des applications mobile banking,Analyse des vulnérabilités des applications de paiement mobile au Togo selon OWASP Mobile Top 10. Implémentation des contre-mesures et chiffrement end-to-end des transactions.,Analyse des vulnérabilités des applications de paiement mobile au Togo selon OWASP Mobile Top 10. Implémentation des contre-mesures et chiffrement end-to-end des transactions. Ce travail s'inscrit dans le contexte de Togo. La méthodologie adoptée est Étude de cas. Les résultats obtenus constituent une contribution significative au domaine de Cybersécurité.,Sécurisation des applications mobile banking. Analyse des vulnérabilités des applications de paiement mobile au Togo selon OWASP Mobile Top 10. Implémentation des contre-mesures et chiffrement end-to-end des transactions. Analyse des vulnérabilités des applications de paiement mobile au Togo selon OWASP Mobile Top 10. Implémentation des contre-mesures et chiffrement end-to-end des transactions. Ce travail s'inscrit dans le contexte de Togo. La méthodologie adoptée est Étude de cas. Les résultats obtenus constituent une contribution significative au domaine de Cybersécurité.,Cybersécurité,Étude de cas,Master 2,2023,Etudiant_0029,Dr. Professeur_10,18.35,afrique|intrusion|pentesting|siem|vulnerabilite,5,1
MEM-0030,Migration infrastructure on-premise vers AWS,"Planification et exécution complète de la migration cloud d'une PME locale. Architecture 3-tiers sur AWS avec auto-scaling, backup automatique et réduction des coûts d'infrastructure de 40%.","Planification et exécution complète de la migration cloud d'une PME locale. Architecture 3-tiers sur AWS avec auto-scaling, backup automatique et réduction des coûts d'infrastructure de 40%. Ce travail s'inscrit dans le contexte de mobile money. La méthodologie adoptée est Développement logiciel (SCRUM). Les résultats obtenus constituent une contribution significative au domaine de Cloud / DevOps.","Migration infrastructure on-premise vers AWS. Planification et exécution complète de la migration cloud d'une PME locale. Architecture 3-tiers sur AWS avec auto-scaling, backup automatique et réduction des coûts d'infrastructure de 40%. Planification et exécution complète de la migration cloud d'une PME locale. Architecture 3-tiers sur AWS avec auto-scaling, backup automatique et réduction des coûts d'infrastructure de 40%. Ce travail s'inscrit dans le contexte de mobile money. La méthodologie adoptée est Développement logiciel (SCRUM). Les résultats obtenus constituent une contribution significative au domaine de Cloud / DevOps.",Cloud / DevOps,Développement logiciel (SCRUM),Master 1,2020,Etudiant_0030,Dr. Professeur_06,16.67,aws|devops|docker|monitoring,4,1
MEM-0031,Système de monitoring applicatif temps réel,"Déploiement d'une stack de monitoring avec Prometheus, Grafana et alerting automatique. Couverture de 15 microservices avec dashboards métier et techniques. MTTR réduit de 4h à 20min.","Déploiement d'une stack de monitoring avec Prometheus, Grafana et alerting automatique. Couverture de 15 microservices avec dashboards métier et techniques. MTTR réduit de 4h à 20min. Ce travail s'inscrit dans le contexte de zones rurales. La méthodologie adoptée est Recherche-action. Les résultats obtenus constituent une contribution significative au domaine de Cloud / DevOps.","Système de monitoring applicatif temps réel. Déploiement d'une stack de monitoring avec Prometheus, Grafana et alerting automatique. Couverture de 15 microservices avec dashboards métier et techniques. MTTR réduit de 4h à 20min. Déploiement d'une stack de monitoring avec Prometheus, Grafana et alerting automatique. Couverture de 15 microservices avec dashboards métier et techniques. MTTR réduit de 4h à 20min. Ce travail s'inscrit dans le contexte de zones rurales. La méthodologie adoptée est Recherche-action. Les résultats obtenus constituent une contribution significative au domaine de Cloud / DevOps.",Cloud / DevOps,Recherche-action,Licence 3,2019,Etudiant_0031,Dr. Professeur_06,17.37,aws|ci-cd|kubernetes|microservices,4,1
MEM-0032,Système de monitoring applicatif temps réel,"Déploiement d'une stack de monitoring avec Prometheus, Grafana et alerting automatique. Couverture de 15 microservices avec dashboards métier et techniques. MTTR réduit de 4h à 20min.","Déploiement d'une stack de monitoring avec Prometheus, Grafana et alerting automatique. Couverture de 15 microservices avec dashboards métier et techniques. MTTR réduit de 4h à 20min. Ce travail s'inscrit dans le contexte de Afrique de l'Ouest. La méthodologie adoptée est Développement dirigé par les tests (TDD). Les résultats obtenus constituent une contribution significative au domaine de Cloud / DevOps.","Système de monitoring applicatif temps réel. Déploiement d'une stack de monitoring avec Prometheus, Grafana et alerting automatique. Couverture de 15 microservices avec dashboards métier et techniques. MTTR réduit de 4h à 20min. Déploiement d'une stack de monitoring avec Prometheus, Grafana et alerting automatique. Couverture de 15 microservices avec dashboards métier et techniques. MTTR réduit de 4h à 20min. Ce travail s'inscrit dans le contexte de Afrique de l'Ouest. La méthodologie adoptée est Développement dirigé par les tests (TDD). Les résultats obtenus constituent une contribution significative au domaine de Cloud / DevOps.",Cloud / DevOps,Développement dirigé par les tests (TDD),Master 2,2024,Etudiant_0032,Dr. Professeur_01,13.83,docker|microservices|monitoring|terraform,4,1
MEM-0033,Réseau WiFi communautaire à faible coût,"Conception et déploiement d'une infrastructure WiFi dans un quartier de Lomé avec équipements open source (OpenWRT). Couverture de 2km², 120 utilisateurs connectés simultanément, coût 40% inférieur au marché.","Conception et déploiement d'une infrastructure WiFi dans un quartier de Lomé avec équipements open source (OpenWRT). Couverture de 2km², 120 utilisateurs connectés simultanément, coût 40% inférieur au marché. Ce travail s'inscrit dans le contexte de Lomé. La méthodologie adoptée est Développement dirigé par les tests (TDD). Les résultats obtenus constituent une contribution significative au domaine de Réseaux.","Réseau WiFi communautaire à faible coût. Conception et déploiement d'une infrastructure WiFi dans un quartier de Lomé avec équipements open source (OpenWRT). Couverture de 2km², 120 utilisateurs connectés simultanément, coût 40% inférieur au marché. Conception et déploiement d'une infrastructure WiFi dans un quartier de Lomé avec équipements open source (OpenWRT). Couverture de 2km², 120 utilisateurs connectés simultanément, coût 40% inférieur au marché. Ce travail s'inscrit dans le contexte de Lomé. La méthodologie adoptée est Développement dirigé par les tests (TDD). Les résultats obtenus constituent une contribution significative au domaine de Réseaux.",Réseaux,Développement dirigé par les tests (TDD),Master 1,2020,Etudiant_0033,Dr. Professeur_14,13.28,4g|afrique|ns3|qos|wifi,5,0
MEM-0034,Géolocalisation des transports en commun à Lomé,Système de suivi temps réel des bus et taxis-motos avec application mobile passager et dashboard chauffeur. Architecture microservices avec WebSockets pour les mises à jour en temps réel.,Système de suivi temps réel des bus et taxis-motos avec application mobile passager et dashboard chauffeur. Architecture microservices avec WebSockets pour les mises à jour en temps réel. Ce travail s'inscrit dans le contexte de langues locales. La méthodologie adoptée est Recherche-action. Les résultats obtenus constituent une contribution significative au domaine de Mobile.,Géolocalisation des transports en commun à Lomé. Système de suivi temps réel des bus et taxis-motos avec application mobile passager et dashboard chauffeur. Architecture microservices avec WebSockets pour les mises à jour en temps réel. Système de suivi temps réel des bus et taxis-motos avec application mobile passager et dashboard chauffeur. Architecture microservices avec WebSockets pour les mises à jour en temps réel. Ce travail s'inscrit dans le contexte de langues locales. La méthodologie adoptée est Recherche-action. Les résultats obtenus constituent une contribution significative au domaine de Mobile.,Mobile,Recherche-action,Master 2,2021,Etudiant_0034,Dr. Professeur_10,10.38,afrique|android|flutter|geolocalisation|microservices|react-native|ux,7,1
MEM-0035,Irrigation automatique intelligente,Système embarqué sur Arduino/Raspberry Pi pour l'irrigation selon l'humidité du sol et les prévisions météo. Économie d'eau de 35% mesurée sur 6 mois dans une exploitation agricole pilote.,Système embarqué sur Arduino/Raspberry Pi pour l'irrigation selon l'humidité du sol et les prévisions météo. Économie d'eau de 35% mesurée sur 6 mois dans une exploitation agricole pilote. Ce travail s'inscrit dans le contexte de Togo. La méthodologie adoptée est Prototypage rapide. Les résultats obtenus constituent une contribution significative au domaine de Systèmes Embarqués.,Irrigation automatique intelligente. Système embarqué sur Arduino/Raspberry Pi pour l'irrigation selon l'humidité du sol et les prévisions météo. Économie d'eau de 35% mesurée sur 6 mois dans une exploitation agricole pilote. Système embarqué sur Arduino/Raspberry Pi pour l'irrigation selon l'humidité du sol et les prévisions météo. Économie d'eau de 35% mesurée sur 6 mois dans une exploitation agricole pilote. Ce travail s'inscrit dans le contexte de Togo. La méthodologie adoptée est Prototypage rapide. Les résultats obtenus constituent une contribution significative au domaine de Systèmes Embarqués.,Systèmes Embarqués,Prototypage rapide,Master 2,2018,Etudiant_0035,Dr. Professeur_13,15.2,arduino|capteurs|embarque|iot,4,1
MEM-0036,Optimisation QoS dans les réseaux 4G,Étude et amélioration de la qualité de service pour les applications temps réel sur réseau mobile 4G/LTE. Simulation sous NS-3 et validation terrain avec mesures de latence et débit.,Étude et amélioration de la qualité de service pour les applications temps réel sur réseau mobile 4G/LTE. Simulation sous NS-3 et validation terrain avec mesures de latence et débit. Ce travail s'inscrit dans le contexte de langues locales. La méthodologie adoptée est Étude de cas. Les résultats obtenus constituent une contribution significative au domaine de Réseaux.,Optimisation QoS dans les réseaux 4G. Étude et amélioration de la qualité de service pour les applications temps réel sur réseau mobile 4G/LTE. Simulation sous NS-3 et validation terrain avec mesures de latence et débit. Étude et amélioration de la qualité de service pour les applications temps réel sur réseau mobile 4G/LTE. Simulation sous NS-3 et validation terrain avec mesures de latence et débit. Ce travail s'inscrit dans le contexte de langues locales. La méthodologie adoptée est Étude de cas. Les résultats obtenus constituent une contribution significative au domaine de Réseaux.,Réseaux,Étude de cas,Licence 3,2023,Etudiant_0036,Dr. Professeur_06,16.67,cisco|iot|protocole|wifi,4,1
MEM-0037,Application de suivi de grossesse pour zones rurales,"App mobile hors-ligne pour le suivi médical des femmes enceintes sans connexion internet. Synchronisation différée des données. Déployée dans 12 centres de santé ruraux, 800 femmes suivies.","App mobile hors-ligne pour le suivi médical des femmes enceintes sans connexion internet. Synchronisation différée des données. Déployée dans 12 centres de santé ruraux, 800 femmes suivies. Ce travail s'inscrit dans le contexte de Lomé. La méthodologie adoptée est Recherche expérimentale. Les résultats obtenus constituent une contribution significative au domaine de Mobile.","Application de suivi de grossesse pour zones rurales. App mobile hors-ligne pour le suivi médical des femmes enceintes sans connexion internet. Synchronisation différée des données. Déployée dans 12 centres de santé ruraux, 800 femmes suivies. App mobile hors-ligne pour le suivi médical des femmes enceintes sans connexion internet. Synchronisation différée des données. Déployée dans 12 centres de santé ruraux, 800 femmes suivies. Ce travail s'inscrit dans le contexte de Lomé. La méthodologie adoptée est Recherche expérimentale. Les résultats obtenus constituent une contribution significative au domaine de Mobile.",Mobile,Recherche expérimentale,Licence 3,2021,Etudiant_0037,Dr. Professeur_01,15.48,flutter|geolocalisation|kotlin|react-native|ux,5,1
MEM-0038,Optimisation QoS dans les réseaux 4G,Étude et amélioration de la qualité de service pour les applications temps réel sur réseau mobile 4G/LTE. Simulation sous NS-3 et validation terrain avec mesures de latence et débit.,Étude et amélioration de la qualité de service pour les applications temps réel sur réseau mobile 4G/LTE. Simulation sous NS-3 et validation terrain avec mesures de latence et débit. Ce travail s'inscrit dans le contexte de PME africaine. La méthodologie adoptée est Développement dirigé par les tests (TDD). Les résultats obtenus constituent une contribution significative au domaine de Réseaux.,Optimisation QoS dans les réseaux 4G. Étude et amélioration de la qualité de service pour les applications temps réel sur réseau mobile 4G/LTE. Simulation sous NS-3 et validation terrain avec mesures de latence et débit. Étude et amélioration de la qualité de service pour les applications temps réel sur réseau mobile 4G/LTE. Simulation sous NS-3 et validation terrain avec mesures de latence et débit. Ce travail s'inscrit dans le contexte de PME africaine. La méthodologie adoptée est Développement dirigé par les tests (TDD). Les résultats obtenus constituent une contribution significative au domaine de Réseaux.,Réseaux,Développement dirigé par les tests (TDD),Master 2,2022,Etudiant_0038,Dr. Professeur_13,17.94,4g|cisco|ns3|protocole|qos,5,1
MEM-0039,Portail de télémédecine pour zones rurales,"Application web de consultation médicale à distance intégrant la géolocalisation des centres de santé, la prise de rendez-vous et le dossier médical numérique simplifié. Mode offline disponible.","Application web de consultation médicale à distance intégrant la géolocalisation des centres de santé, la prise de rendez-vous et le dossier médical numérique simplifié. Mode offline disponible. Ce travail s'inscrit dans le contexte de mobile money. La méthodologie adoptée est Prototypage rapide. Les résultats obtenus constituent une contribution significative au domaine de Développement Web.","Portail de télémédecine pour zones rurales. Application web de consultation médicale à distance intégrant la géolocalisation des centres de santé, la prise de rendez-vous et le dossier médical numérique simplifié. Mode offline disponible. Application web de consultation médicale à distance intégrant la géolocalisation des centres de santé, la prise de rendez-vous et le dossier médical numérique simplifié. Mode offline disponible. Ce travail s'inscrit dans le contexte de mobile money. La méthodologie adoptée est Prototypage rapide. Les résultats obtenus constituent une contribution significative au domaine de Développement Web.",Développement Web,Prototypage rapide,Master 2,2023,Etudiant_0039,Dr. Professeur_01,11.47,django|fastapi|javascript|postgresql|react,5,1
MEM-0040,Archivage numérique des actes d'état civil,"Base de données structurée pour la numérisation et l'archivage des actes de naissance, mariage et décès. OCR automatique sur documents scannés. 500 000 actes numérisés, recherche en temps réel.","Base de données structurée pour la numérisation et l'archivage des actes de naissance, mariage et décès. OCR automatique sur documents scannés. 500 000 actes numérisés, recherche en temps réel. Ce travail s'inscrit dans le contexte de PME africaine. La méthodologie adoptée est Développement dirigé par les tests (TDD). Les résultats obtenus constituent une contribution significative au domaine de Bases de données.","Archivage numérique des actes d'état civil. Base de données structurée pour la numérisation et l'archivage des actes de naissance, mariage et décès. OCR automatique sur documents scannés. 500 000 actes numérisés, recherche en temps réel. Base de données structurée pour la numérisation et l'archivage des actes de naissance, mariage et décès. OCR automatique sur documents scannés. 500 000 actes numérisés, recherche en temps réel. Ce travail s'inscrit dans le contexte de PME africaine. La méthodologie adoptée est Développement dirigé par les tests (TDD). Les résultats obtenus constituent une contribution significative au domaine de Bases de données.",Bases de données,Développement dirigé par les tests (TDD),Licence 3,2021,Etudiant_0040,Dr. Professeur_03,14.0,datawarehouse|indexation|nosql|optimisation,4,1
MEM-0041,Détection de fraude bancaire par deep learning,Ce travail propose un système de détection des transactions frauduleuses basé sur les réseaux LSTM. Les données proviennent d'une banque togolaise. Nous avons comparé plusieurs architectures deep learning sur 50 000 transactions.,Ce travail propose un système de détection des transactions frauduleuses basé sur les réseaux LSTM. Les données proviennent d'une banque togolaise. Nous avons comparé plusieurs architectures deep learning sur 50 000 transactions. Ce travail s'inscrit dans le contexte de mobile money. La méthodologie adoptée est Développement dirigé par les tests (TDD). Les résultats obtenus constituent une contribution significative au domaine de IA / Machine Learning.,Détection de fraude bancaire par deep learning. Ce travail propose un système de détection des transactions frauduleuses basé sur les réseaux LSTM. Les données proviennent d'une banque togolaise. Nous avons comparé plusieurs architectures deep learning sur 50 000 transactions. Ce travail propose un système de détection des transactions frauduleuses basé sur les réseaux LSTM. Les données proviennent d'une banque togolaise. Nous avons comparé plusieurs architectures deep learning sur 50 000 transactions. Ce travail s'inscrit dans le contexte de mobile money. La méthodologie adoptée est Développement dirigé par les tests (TDD). Les résultats obtenus constituent une contribution significative au domaine de IA / Machine Learning.,IA / Machine Learning,Développement dirigé par les tests (TDD),Master 1,2019,Etudiant_0041,Dr. Professeur_02,19.17,afrique|deep-learning|machine-learning|prediction|tensorflow,5,1
MEM-0042,Archivage numérique des actes d'état civil,"Base de données structurée pour la numérisation et l'archivage des actes de naissance, mariage et décès. OCR automatique sur documents scannés. 500 000 actes numérisés, recherche en temps réel.","Base de données structurée pour la numérisation et l'archivage des actes de naissance, mariage et décès. OCR automatique sur documents scannés. 500 000 actes numérisés, recherche en temps réel. Ce travail s'inscrit dans le contexte de Lomé. La méthodologie adoptée est Prototypage rapide. Les résultats obtenus constituent une contribution significative au domaine de Bases de données.","Archivage numérique des actes d'état civil. Base de données structurée pour la numérisation et l'archivage des actes de naissance, mariage et décès. OCR automatique sur documents scannés. 500 000 actes numérisés, recherche en temps réel. Base de données structurée pour la numérisation et l'archivage des actes de naissance, mariage et décès. OCR automatique sur documents scannés. 500 000 actes numérisés, recherche en temps réel. Ce travail s'inscrit dans le contexte de Lomé. La méthodologie adoptée est Prototypage rapide. Les résultats obtenus constituent une contribution significative au domaine de Bases de données.",Bases de données,Prototypage rapide,Master 2,2022,Etudiant_0042,Dr. Professeur_09,18.31,indexation|nosql|optimisation|sql,4,1
MEM-0043,Sécurisation des applications mobile banking,Analyse des vulnérabilités des applications de paiement mobile au Togo selon OWASP Mobile Top 10. Implémentation des contre-mesures et chiffrement end-to-end des transactions.,Analyse des vulnérabilités des applications de paiement mobile au Togo selon OWASP Mobile Top 10. Implémentation des contre-mesures et chiffrement end-to-end des transactions. Ce travail s'inscrit dans le contexte de PME africaine. La méthodologie adoptée est Développement dirigé par les tests (TDD). Les résultats obtenus constituent une contribution significative au domaine de Cybersécurité.,Sécurisation des applications mobile banking. Analyse des vulnérabilités des applications de paiement mobile au Togo selon OWASP Mobile Top 10. Implémentation des contre-mesures et chiffrement end-to-end des transactions. Analyse des vulnérabilités des applications de paiement mobile au Togo selon OWASP Mobile Top 10. Implémentation des contre-mesures et chiffrement end-to-end des transactions. Ce travail s'inscrit dans le contexte de PME africaine. La méthodologie adoptée est Développement dirigé par les tests (TDD). Les résultats obtenus constituent une contribution significative au domaine de Cybersécurité.,Cybersécurité,Développement dirigé par les tests (TDD),Master 1,2021,Etudiant_0043,Dr. Professeur_05,16.27,afrique|audit|cryptographie|intrusion|owasp,5,1
MEM-0044,Application de paiement mobile pour petits commerçants,App Android permettant aux commerçants informels d'accepter les paiements digitaux via NFC et QR code. Intégration mobile money. 500 commerçants pilotes dans 3 marchés de Lomé.,App Android permettant aux commerçants informels d'accepter les paiements digitaux via NFC et QR code. Intégration mobile money. 500 commerçants pilotes dans 3 marchés de Lomé. Ce travail s'inscrit dans le contexte de zones rurales. La méthodologie adoptée est Recherche appliquée. Les résultats obtenus constituent une contribution significative au domaine de Mobile.,Application de paiement mobile pour petits commerçants. App Android permettant aux commerçants informels d'accepter les paiements digitaux via NFC et QR code. Intégration mobile money. 500 commerçants pilotes dans 3 marchés de Lomé. App Android permettant aux commerçants informels d'accepter les paiements digitaux via NFC et QR code. Intégration mobile money. 500 commerçants pilotes dans 3 marchés de Lomé. Ce travail s'inscrit dans le contexte de zones rurales. La méthodologie adoptée est Recherche appliquée. Les résultats obtenus constituent une contribution significative au domaine de Mobile.,Mobile,Recherche appliquée,Master 1,2020,Etudiant_0044,Dr. Professeur_02,17.06,afrique|android|flutter|geolocalisation|kotlin|mobile-money|react-native,7,1
MEM-0045,Contrôle d'accès biométrique à faible coût,Système de contrôle d'accès par empreinte digitale et reconnaissance faciale pour sécuriser des locaux à budget limité. Coût matériel sous 50 000 FCFA. Déployé dans 3 établissements scolaires.,Système de contrôle d'accès par empreinte digitale et reconnaissance faciale pour sécuriser des locaux à budget limité. Coût matériel sous 50 000 FCFA. Déployé dans 3 établissements scolaires. Ce travail s'inscrit dans le contexte de Togo. La méthodologie adoptée est Étude de cas. Les résultats obtenus constituent une contribution significative au domaine de Systèmes Embarqués.,Contrôle d'accès biométrique à faible coût. Système de contrôle d'accès par empreinte digitale et reconnaissance faciale pour sécuriser des locaux à budget limité. Coût matériel sous 50 000 FCFA. Déployé dans 3 établissements scolaires. Système de contrôle d'accès par empreinte digitale et reconnaissance faciale pour sécuriser des locaux à budget limité. Coût matériel sous 50 000 FCFA. Déployé dans 3 établissements scolaires. Ce travail s'inscrit dans le contexte de Togo. La méthodologie adoptée est Étude de cas. Les résultats obtenus constituent une contribution significative au domaine de Systèmes Embarqués.,Systèmes Embarqués,Étude de cas,Master 1,2018,Etudiant_0045,Dr. Professeur_13,18.57,capteurs|energie|mqtt,3,1
MEM-0046,Entrepôt de données pour le Ministère de la Santé,"Conception d'un data warehouse selon modélisation en étoile pour centraliser les données épidémiologiques nationales. Pipeline ETL automatisé, 50M enregistrements, requêtes analytiques en < 2s.","Conception d'un data warehouse selon modélisation en étoile pour centraliser les données épidémiologiques nationales. Pipeline ETL automatisé, 50M enregistrements, requêtes analytiques en < 2s. Ce travail s'inscrit dans le contexte de mobile money. La méthodologie adoptée est Recherche appliquée. Les résultats obtenus constituent une contribution significative au domaine de Bases de données.","Entrepôt de données pour le Ministère de la Santé. Conception d'un data warehouse selon modélisation en étoile pour centraliser les données épidémiologiques nationales. Pipeline ETL automatisé, 50M enregistrements, requêtes analytiques en < 2s. Conception d'un data warehouse selon modélisation en étoile pour centraliser les données épidémiologiques nationales. Pipeline ETL automatisé, 50M enregistrements, requêtes analytiques en < 2s. Ce travail s'inscrit dans le contexte de mobile money. La méthodologie adoptée est Recherche appliquée. Les résultats obtenus constituent une contribution significative au domaine de Bases de données.",Bases de données,Recherche appliquée,Master 1,2024,Etudiant_0046,Dr. Professeur_05,14.88,indexation|nosql|optimisation|sql,4,1
MEM-0047,Chatbot médical en langues locales africaines,Développement d'un assistant conversationnel pour orienter les patients en français et en Ewé. Utilisation de BERT fine-tuné et d'une base de connaissances médicales validée par des professionnels de santé.,Développement d'un assistant conversationnel pour orienter les patients en français et en Ewé. Utilisation de BERT fine-tuné et d'une base de connaissances médicales validée par des professionnels de santé. Ce travail s'inscrit dans le contexte de Togo. La méthodologie adoptée est Recherche appliquée. Les résultats obtenus constituent une contribution significative au domaine de IA / Machine Learning.,Chatbot médical en langues locales africaines. Développement d'un assistant conversationnel pour orienter les patients en français et en Ewé. Utilisation de BERT fine-tuné et d'une base de connaissances médicales validée par des professionnels de santé. Développement d'un assistant conversationnel pour orienter les patients en français et en Ewé. Utilisation de BERT fine-tuné et d'une base de connaissances médicales validée par des professionnels de santé. Ce travail s'inscrit dans le contexte de Togo. La méthodologie adoptée est Recherche appliquée. Les résultats obtenus constituent une contribution significative au domaine de IA / Machine Learning.,IA / Machine Learning,Recherche appliquée,Master 2,2023,Etudiant_0047,Dr. Professeur_10,19.07,afrique|bert|classification|deep-learning|nlp|python,6,1
MEM-0048,Détection de fraude bancaire par deep learning,Ce travail propose un système de détection des transactions frauduleuses basé sur les réseaux LSTM. Les données proviennent d'une banque togolaise. Nous avons comparé plusieurs architectures deep learning sur 50 000 transactions.,Ce travail propose un système de détection des transactions frauduleuses basé sur les réseaux LSTM. Les données proviennent d'une banque togolaise. Nous avons comparé plusieurs architectures deep learning sur 50 000 transactions. Ce travail s'inscrit dans le contexte de contexte africain. La méthodologie adoptée est Recherche-action. Les résultats obtenus constituent une contribution significative au domaine de IA / Machine Learning.,Détection de fraude bancaire par deep learning. Ce travail propose un système de détection des transactions frauduleuses basé sur les réseaux LSTM. Les données proviennent d'une banque togolaise. Nous avons comparé plusieurs architectures deep learning sur 50 000 transactions. Ce travail propose un système de détection des transactions frauduleuses basé sur les réseaux LSTM. Les données proviennent d'une banque togolaise. Nous avons comparé plusieurs architectures deep learning sur 50 000 transactions. Ce travail s'inscrit dans le contexte de contexte africain. La méthodologie adoptée est Recherche-action. Les résultats obtenus constituent une contribution significative au domaine de IA / Machine Learning.,IA / Machine Learning,Recherche-action,Master 1,2019,Etudiant_0048,Dr. Professeur_06,12.12,afrique|deep-learning|machine-learning|nlp|prediction|python,6,1
MEM-0049,Pipeline CI/CD pour équipe de développement,"Mise en place d'un pipeline d'intégration et déploiement continus avec GitHub Actions, Docker et Kubernetes. Réduction du temps de déploiement de 2 jours à 15 minutes. 0 régression en production.","Mise en place d'un pipeline d'intégration et déploiement continus avec GitHub Actions, Docker et Kubernetes. Réduction du temps de déploiement de 2 jours à 15 minutes. 0 régression en production. Ce travail s'inscrit dans le contexte de Togo. La méthodologie adoptée est Développement dirigé par les tests (TDD). Les résultats obtenus constituent une contribution significative au domaine de Cloud / DevOps.","Pipeline CI/CD pour équipe de développement. Mise en place d'un pipeline d'intégration et déploiement continus avec GitHub Actions, Docker et Kubernetes. Réduction du temps de déploiement de 2 jours à 15 minutes. 0 régression en production. Mise en place d'un pipeline d'intégration et déploiement continus avec GitHub Actions, Docker et Kubernetes. Réduction du temps de déploiement de 2 jours à 15 minutes. 0 régression en production. Ce travail s'inscrit dans le contexte de Togo. La méthodologie adoptée est Développement dirigé par les tests (TDD). Les résultats obtenus constituent une contribution significative au domaine de Cloud / DevOps.",Cloud / DevOps,Développement dirigé par les tests (TDD),Master 1,2020,Etudiant_0049,Dr. Professeur_06,20.0,aws|devops|docker|kubernetes|monitoring,5,1
MEM-0050,Plateforme de gestion des stages universitaires,"Application full-stack React/FastAPI permettant aux étudiants de postuler aux stages, aux entreprises de publier des offres et à l'université de suivre les conventions. Déployée sur 3 universités togolaises.","Application full-stack React/FastAPI permettant aux étudiants de postuler aux stages, aux entreprises de publier des offres et à l'université de suivre les conventions. Déployée sur 3 universités togolaises. Ce travail s'inscrit dans le contexte de mobile money. La méthodologie adoptée est Développement dirigé par les tests (TDD). Les résultats obtenus constituent une contribution significative au domaine de Développement Web.","Plateforme de gestion des stages universitaires. Application full-stack React/FastAPI permettant aux étudiants de postuler aux stages, aux entreprises de publier des offres et à l'université de suivre les conventions. Déployée sur 3 universités togolaises. Application full-stack React/FastAPI permettant aux étudiants de postuler aux stages, aux entreprises de publier des offres et à l'université de suivre les conventions. Déployée sur 3 universités togolaises. Ce travail s'inscrit dans le contexte de mobile money. La méthodologie adoptée est Développement dirigé par les tests (TDD). Les résultats obtenus constituent une contribution significative au domaine de Développement Web.",Développement Web,Développement dirigé par les tests (TDD),Licence 3,2019,Etudiant_0050,Dr. Professeur_11,11.26,afrique|fastapi|react|rest-api,4,1
MEM-0051,Optimisation QoS dans les réseaux 4G,Étude et amélioration de la qualité de service pour les applications temps réel sur réseau mobile 4G/LTE. Simulation sous NS-3 et validation terrain avec mesures de latence et débit.,Étude et amélioration de la qualité de service pour les applications temps réel sur réseau mobile 4G/LTE. Simulation sous NS-3 et validation terrain avec mesures de latence et débit. Ce travail s'inscrit dans le contexte de zones rurales. La méthodologie adoptée est Recherche-action. Les résultats obtenus constituent une contribution significative au domaine de Réseaux.,Optimisation QoS dans les réseaux 4G. Étude et amélioration de la qualité de service pour les applications temps réel sur réseau mobile 4G/LTE. Simulation sous NS-3 et validation terrain avec mesures de latence et débit. Étude et amélioration de la qualité de service pour les applications temps réel sur réseau mobile 4G/LTE. Simulation sous NS-3 et validation terrain avec mesures de latence et débit. Ce travail s'inscrit dans le contexte de zones rurales. La méthodologie adoptée est Recherche-action. Les résultats obtenus constituent une contribution significative au domaine de Réseaux.,Réseaux,Recherche-action,Master 1,2024,Etudiant_0051,Dr. Professeur_02,19.65,iot|ns3|tcp-ip|wifi,4,1
MEM-0052,Application de suivi de grossesse pour zones rurales,"App mobile hors-ligne pour le suivi médical des femmes enceintes sans connexion internet. Synchronisation différée des données. Déployée dans 12 centres de santé ruraux, 800 femmes suivies.","App mobile hors-ligne pour le suivi médical des femmes enceintes sans connexion internet. Synchronisation différée des données. Déployée dans 12 centres de santé ruraux, 800 femmes suivies. Ce travail s'inscrit dans le contexte de langues locales. La méthodologie adoptée est Recherche-action. Les résultats obtenus constituent une contribution significative au domaine de Mobile.","Application de suivi de grossesse pour zones rurales. App mobile hors-ligne pour le suivi médical des femmes enceintes sans connexion internet. Synchronisation différée des données. Déployée dans 12 centres de santé ruraux, 800 femmes suivies. App mobile hors-ligne pour le suivi médical des femmes enceintes sans connexion internet. Synchronisation différée des données. Déployée dans 12 centres de santé ruraux, 800 femmes suivies. Ce travail s'inscrit dans le contexte de langues locales. La méthodologie adoptée est Recherche-action. Les résultats obtenus constituent une contribution significative au domaine de Mobile.",Mobile,Recherche-action,Master 1,2021,Etudiant_0052,Dr. Professeur_10,18.5,android|flutter|mobile-money|offline|react-native,5,1
MEM-0053,Prédiction du décrochage scolaire par machine learning,Ce projet applique Random Forest et XGBoost pour identifier les étudiants à risque de décrochage à partir de données académiques et comportementales. Un tableau de bord de visualisation est développé pour les responsables.,Ce projet applique Random Forest et XGBoost pour identifier les étudiants à risque de décrochage à partir de données académiques et comportementales. Un tableau de bord de visualisation est développé pour les responsables. Ce travail s'inscrit dans le contexte de Togo. La méthodologie adoptée est Prototypage rapide. Les résultats obtenus constituent une contribution significative au domaine de IA / Machine Learning.,Prédiction du décrochage scolaire par machine learning. Ce projet applique Random Forest et XGBoost pour identifier les étudiants à risque de décrochage à partir de données académiques et comportementales. Un tableau de bord de visualisation est développé pour les responsables. Ce projet applique Random Forest et XGBoost pour identifier les étudiants à risque de décrochage à partir de données académiques et comportementales. Un tableau de bord de visualisation est développé pour les responsables. Ce travail s'inscrit dans le contexte de Togo. La méthodologie adoptée est Prototypage rapide. Les résultats obtenus constituent une contribution significative au domaine de IA / Machine Learning.,IA / Machine Learning,Prototypage rapide,Master 1,2023,Etudiant_0053,Dr. Professeur_14,18.5,deep-learning|neural-network|nlp|tensorflow,4,1
MEM-0054,Pipeline CI/CD pour équipe de développement,"Mise en place d'un pipeline d'intégration et déploiement continus avec GitHub Actions, Docker et Kubernetes. Réduction du temps de déploiement de 2 jours à 15 minutes. 0 régression en production.","Mise en place d'un pipeline d'intégration et déploiement continus avec GitHub Actions, Docker et Kubernetes. Réduction du temps de déploiement de 2 jours à 15 minutes. 0 régression en production. Ce travail s'inscrit dans le contexte de langues locales. La méthodologie adoptée est Recherche-action. Les résultats obtenus constituent une contribution significative au domaine de Cloud / DevOps.","Pipeline CI/CD pour équipe de développement. Mise en place d'un pipeline d'intégration et déploiement continus avec GitHub Actions, Docker et Kubernetes. Réduction du temps de déploiement de 2 jours à 15 minutes. 0 régression en production. Mise en place d'un pipeline d'intégration et déploiement continus avec GitHub Actions, Docker et Kubernetes. Réduction du temps de déploiement de 2 jours à 15 minutes. 0 régression en production. Ce travail s'inscrit dans le contexte de langues locales. La méthodologie adoptée est Recherche-action. Les résultats obtenus constituent une contribution significative au domaine de Cloud / DevOps.",Cloud / DevOps,Recherche-action,Master 1,2023,Etudiant_0054,Dr. Professeur_15,16.16,docker|kubernetes|microservices|monitoring,4,1
MEM-0055,Optimisation performances BDD hospitalière,"Analyse et optimisation d'un système de gestion hospitalière sous PostgreSQL. Indexation, partitionnement et réécriture de requêtes. Réduction du temps de réponse moyen de 8s à 0.3s.","Analyse et optimisation d'un système de gestion hospitalière sous PostgreSQL. Indexation, partitionnement et réécriture de requêtes. Réduction du temps de réponse moyen de 8s à 0.3s. Ce travail s'inscrit dans le contexte de langues locales. La méthodologie adoptée est Étude de cas. Les résultats obtenus constituent une contribution significative au domaine de Bases de données.","Optimisation performances BDD hospitalière. Analyse et optimisation d'un système de gestion hospitalière sous PostgreSQL. Indexation, partitionnement et réécriture de requêtes. Réduction du temps de réponse moyen de 8s à 0.3s. Analyse et optimisation d'un système de gestion hospitalière sous PostgreSQL. Indexation, partitionnement et réécriture de requêtes. Réduction du temps de réponse moyen de 8s à 0.3s. Ce travail s'inscrit dans le contexte de langues locales. La méthodologie adoptée est Étude de cas. Les résultats obtenus constituent une contribution significative au domaine de Bases de données.",Bases de données,Étude de cas,Master 2,2022,Etudiant_0055,Dr. Professeur_04,18.82,mongodb|nosql|optimisation|postgresql,4,1
MEM-0056,Pipeline CI/CD pour équipe de développement,"Mise en place d'un pipeline d'intégration et déploiement continus avec GitHub Actions, Docker et Kubernetes. Réduction du temps de déploiement de 2 jours à 15 minutes. 0 régression en production.","Mise en place d'un pipeline d'intégration et déploiement continus avec GitHub Actions, Docker et Kubernetes. Réduction du temps de déploiement de 2 jours à 15 minutes. 0 régression en production. Ce travail s'inscrit dans le contexte de langues locales. La méthodologie adoptée est Développement logiciel (SCRUM). Les résultats obtenus constituent une contribution significative au domaine de Cloud / DevOps.","Pipeline CI/CD pour équipe de développement. Mise en place d'un pipeline d'intégration et déploiement continus avec GitHub Actions, Docker et Kubernetes. Réduction du temps de déploiement de 2 jours à 15 minutes. 0 régression en production. Mise en place d'un pipeline d'intégration et déploiement continus avec GitHub Actions, Docker et Kubernetes. Réduction du temps de déploiement de 2 jours à 15 minutes. 0 régression en production. Ce travail s'inscrit dans le contexte de langues locales. La méthodologie adoptée est Développement logiciel (SCRUM). Les résultats obtenus constituent une contribution significative au domaine de Cloud / DevOps.",Cloud / DevOps,Développement logiciel (SCRUM),Master 1,2024,Etudiant_0056,Dr. Professeur_15,13.4,ci-cd|devops|docker|kubernetes,4,1
MEM-0057,Application de suivi de grossesse pour zones rurales,"App mobile hors-ligne pour le suivi médical des femmes enceintes sans connexion internet. Synchronisation différée des données. Déployée dans 12 centres de santé ruraux, 800 femmes suivies.","App mobile hors-ligne pour le suivi médical des femmes enceintes sans connexion internet. Synchronisation différée des données. Déployée dans 12 centres de santé ruraux, 800 femmes suivies. Ce travail s'inscrit dans le contexte de PME africaine. La méthodologie adoptée est Développement logiciel (SCRUM). Les résultats obtenus constituent une contribution significative au domaine de Mobile.","Application de suivi de grossesse pour zones rurales. App mobile hors-ligne pour le suivi médical des femmes enceintes sans connexion internet. Synchronisation différée des données. Déployée dans 12 centres de santé ruraux, 800 femmes suivies. App mobile hors-ligne pour le suivi médical des femmes enceintes sans connexion internet. Synchronisation différée des données. Déployée dans 12 centres de santé ruraux, 800 femmes suivies. Ce travail s'inscrit dans le contexte de PME africaine. La méthodologie adoptée est Développement logiciel (SCRUM). Les résultats obtenus constituent une contribution significative au domaine de Mobile.",Mobile,Développement logiciel (SCRUM),Master 2,2019,Etudiant_0057,Dr. Professeur_04,15.55,geolocalisation|kotlin|mobile-money,3,1
MEM-0058,Optimisation performances BDD hospitalière,"Analyse et optimisation d'un système de gestion hospitalière sous PostgreSQL. Indexation, partitionnement et réécriture de requêtes. Réduction du temps de réponse moyen de 8s à 0.3s.","Analyse et optimisation d'un système de gestion hospitalière sous PostgreSQL. Indexation, partitionnement et réécriture de requêtes. Réduction du temps de réponse moyen de 8s à 0.3s. Ce travail s'inscrit dans le contexte de langues locales. La méthodologie adoptée est Développement dirigé par les tests (TDD). Les résultats obtenus constituent une contribution significative au domaine de Bases de données.","Optimisation performances BDD hospitalière. Analyse et optimisation d'un système de gestion hospitalière sous PostgreSQL. Indexation, partitionnement et réécriture de requêtes. Réduction du temps de réponse moyen de 8s à 0.3s. Analyse et optimisation d'un système de gestion hospitalière sous PostgreSQL. Indexation, partitionnement et réécriture de requêtes. Réduction du temps de réponse moyen de 8s à 0.3s. Ce travail s'inscrit dans le contexte de langues locales. La méthodologie adoptée est Développement dirigé par les tests (TDD). Les résultats obtenus constituent une contribution significative au domaine de Bases de données.",Bases de données,Développement dirigé par les tests (TDD),Licence 3,2018,Etudiant_0058,Dr. Professeur_06,16.64,datawarehouse|indexation|mongodb|nosql|postgresql,5,1
MEM-0059,Irrigation automatique intelligente,Système embarqué sur Arduino/Raspberry Pi pour l'irrigation selon l'humidité du sol et les prévisions météo. Économie d'eau de 35% mesurée sur 6 mois dans une exploitation agricole pilote.,Système embarqué sur Arduino/Raspberry Pi pour l'irrigation selon l'humidité du sol et les prévisions météo. Économie d'eau de 35% mesurée sur 6 mois dans une exploitation agricole pilote. Ce travail s'inscrit dans le contexte de mobile money. La méthodologie adoptée est Recherche-action. Les résultats obtenus constituent une contribution significative au domaine de Systèmes Embarqués.,Irrigation automatique intelligente. Système embarqué sur Arduino/Raspberry Pi pour l'irrigation selon l'humidité du sol et les prévisions météo. Économie d'eau de 35% mesurée sur 6 mois dans une exploitation agricole pilote. Système embarqué sur Arduino/Raspberry Pi pour l'irrigation selon l'humidité du sol et les prévisions météo. Économie d'eau de 35% mesurée sur 6 mois dans une exploitation agricole pilote. Ce travail s'inscrit dans le contexte de mobile money. La méthodologie adoptée est Recherche-action. Les résultats obtenus constituent une contribution significative au domaine de Systèmes Embarqués.,Systèmes Embarqués,Recherche-action,Master 2,2020,Etudiant_0059,Dr. Professeur_04,11.21,arduino|embarque|energie|iot|temps-reel,5,1
MEM-0060,Audit de sécurité des infrastructures bancaires,"Évaluation complète de la posture de sécurité d'une banque locale par tests de pénétration, analyse de code et revue de configuration. Rapport de 47 vulnérabilités identifiées avec plan de remédiation.","Évaluation complète de la posture de sécurité d'une banque locale par tests de pénétration, analyse de code et revue de configuration. Rapport de 47 vulnérabilités identifiées avec plan de remédiation. Ce travail s'inscrit dans le contexte de mobile money. La méthodologie adoptée est Recherche expérimentale. Les résultats obtenus constituent une contribution significative au domaine de Cybersécurité.","Audit de sécurité des infrastructures bancaires. Évaluation complète de la posture de sécurité d'une banque locale par tests de pénétration, analyse de code et revue de configuration. Rapport de 47 vulnérabilités identifiées avec plan de remédiation. Évaluation complète de la posture de sécurité d'une banque locale par tests de pénétration, analyse de code et revue de configuration. Rapport de 47 vulnérabilités identifiées avec plan de remédiation. Ce travail s'inscrit dans le contexte de mobile money. La méthodologie adoptée est Recherche expérimentale. Les résultats obtenus constituent une contribution significative au domaine de Cybersécurité.",Cybersécurité,Recherche expérimentale,Master 2,2021,Etudiant_0060,Dr. Professeur_05,13.61,forensics|owasp|pentesting|siem,4,0
MEM-0061,Implémentation d'un SIEM open source,Déploiement et configuration de Wazuh/ELK Stack pour la détection d'intrusions en temps réel. Définition de 120 règles de corrélation et procédures de réponse aux incidents pour une PME.,Déploiement et configuration de Wazuh/ELK Stack pour la détection d'intrusions en temps réel. Définition de 120 règles de corrélation et procédures de réponse aux incidents pour une PME. Ce travail s'inscrit dans le contexte de Togo. La méthodologie adoptée est Développement logiciel (SCRUM). Les résultats obtenus constituent une contribution significative au domaine de Cybersécurité.,Implémentation d'un SIEM open source. Déploiement et configuration de Wazuh/ELK Stack pour la détection d'intrusions en temps réel. Définition de 120 règles de corrélation et procédures de réponse aux incidents pour une PME. Déploiement et configuration de Wazuh/ELK Stack pour la détection d'intrusions en temps réel. Définition de 120 règles de corrélation et procédures de réponse aux incidents pour une PME. Ce travail s'inscrit dans le contexte de Togo. La méthodologie adoptée est Développement logiciel (SCRUM). Les résultats obtenus constituent une contribution significative au domaine de Cybersécurité.,Cybersécurité,Développement logiciel (SCRUM),Licence 3,2022,Etudiant_0061,Dr. Professeur_08,15.74,audit|cryptographie|owasp|pentesting,4,1
MEM-0062,Système de surveillance de la qualité de l'air,"Réseau de capteurs IoT autonomes mesurant CO2, PM2.5, NO2 et température. Transmission MQTT vers dashboard Grafana. Autonomie 6 mois sur batterie avec panneau solaire. Déployé dans 5 quartiers de Lomé.","Réseau de capteurs IoT autonomes mesurant CO2, PM2.5, NO2 et température. Transmission MQTT vers dashboard Grafana. Autonomie 6 mois sur batterie avec panneau solaire. Déployé dans 5 quartiers de Lomé. Ce travail s'inscrit dans le contexte de PME africaine. La méthodologie adoptée est Développement logiciel (SCRUM). Les résultats obtenus constituent une contribution significative au domaine de Systèmes Embarqués.","Système de surveillance de la qualité de l'air. Réseau de capteurs IoT autonomes mesurant CO2, PM2.5, NO2 et température. Transmission MQTT vers dashboard Grafana. Autonomie 6 mois sur batterie avec panneau solaire. Déployé dans 5 quartiers de Lomé. Réseau de capteurs IoT autonomes mesurant CO2, PM2.5, NO2 et température. Transmission MQTT vers dashboard Grafana. Autonomie 6 mois sur batterie avec panneau solaire. Déployé dans 5 quartiers de Lomé. Ce travail s'inscrit dans le contexte de PME africaine. La méthodologie adoptée est Développement logiciel (SCRUM). Les résultats obtenus constituent une contribution significative au domaine de Systèmes Embarqués.",Systèmes Embarqués,Développement logiciel (SCRUM),Master 1,2024,Etudiant_0062,Dr. Professeur_11,10.74,afrique|arduino|capteurs|energie|iot|raspberry-pi,6,1
MEM-0063,Audit de sécurité des infrastructures bancaires,"Évaluation complète de la posture de sécurité d'une banque locale par tests de pénétration, analyse de code et revue de configuration. Rapport de 47 vulnérabilités identifiées avec plan de remédiation.","Évaluation complète de la posture de sécurité d'une banque locale par tests de pénétration, analyse de code et revue de configuration. Rapport de 47 vulnérabilités identifiées avec plan de remédiation. Ce travail s'inscrit dans le contexte de Lomé. La méthodologie adoptée est Développement dirigé par les tests (TDD). Les résultats obtenus constituent une contribution significative au domaine de Cybersécurité.","Audit de sécurité des infrastructures bancaires. Évaluation complète de la posture de sécurité d'une banque locale par tests de pénétration, analyse de code et revue de configuration. Rapport de 47 vulnérabilités identifiées avec plan de remédiation. Évaluation complète de la posture de sécurité d'une banque locale par tests de pénétration, analyse de code et revue de configuration. Rapport de 47 vulnérabilités identifiées avec plan de remédiation. Ce travail s'inscrit dans le contexte de Lomé. La méthodologie adoptée est Développement dirigé par les tests (TDD). Les résultats obtenus constituent une contribution significative au domaine de Cybersécurité.",Cybersécurité,Développement dirigé par les tests (TDD),Master 2,2020,Etudiant_0063,Dr. Professeur_13,16.06,cryptographie|forensics|pentesting,3,1
MEM-0064,Pipeline CI/CD pour équipe de développement,"Mise en place d'un pipeline d'intégration et déploiement continus avec GitHub Actions, Docker et Kubernetes. Réduction du temps de déploiement de 2 jours à 15 minutes. 0 régression en production.","Mise en place d'un pipeline d'intégration et déploiement continus avec GitHub Actions, Docker et Kubernetes. Réduction du temps de déploiement de 2 jours à 15 minutes. 0 régression en production. Ce travail s'inscrit dans le contexte de Afrique de l'Ouest. La méthodologie adoptée est Étude de cas. Les résultats obtenus constituent une contribution significative au domaine de Cloud / DevOps.","Pipeline CI/CD pour équipe de développement. Mise en place d'un pipeline d'intégration et déploiement continus avec GitHub Actions, Docker et Kubernetes. Réduction du temps de déploiement de 2 jours à 15 minutes. 0 régression en production. Mise en place d'un pipeline d'intégration et déploiement continus avec GitHub Actions, Docker et Kubernetes. Réduction du temps de déploiement de 2 jours à 15 minutes. 0 régression en production. Ce travail s'inscrit dans le contexte de Afrique de l'Ouest. La méthodologie adoptée est Étude de cas. Les résultats obtenus constituent une contribution significative au domaine de Cloud / DevOps.",Cloud / DevOps,Étude de cas,Master 1,2024,Etudiant_0064,Dr. Professeur_04,19.48,aws|docker|kubernetes|microservices|monitoring|terraform,6,1
MEM-0065,Application de suivi de grossesse pour zones rurales,"App mobile hors-ligne pour le suivi médical des femmes enceintes sans connexion internet. Synchronisation différée des données. Déployée dans 12 centres de santé ruraux, 800 femmes suivies.","App mobile hors-ligne pour le suivi médical des femmes enceintes sans connexion internet. Synchronisation différée des données. Déployée dans 12 centres de santé ruraux, 800 femmes suivies. Ce travail s'inscrit dans le contexte de Lomé. La méthodologie adoptée est Développement logiciel (SCRUM). Les résultats obtenus constituent une contribution significative au domaine de Mobile.","Application de suivi de grossesse pour zones rurales. App mobile hors-ligne pour le suivi médical des femmes enceintes sans connexion internet. Synchronisation différée des données. Déployée dans 12 centres de santé ruraux, 800 femmes suivies. App mobile hors-ligne pour le suivi médical des femmes enceintes sans connexion internet. Synchronisation différée des données. Déployée dans 12 centres de santé ruraux, 800 femmes suivies. Ce travail s'inscrit dans le contexte de Lomé. La méthodologie adoptée est Développement logiciel (SCRUM). Les résultats obtenus constituent une contribution significative au domaine de Mobile.",Mobile,Développement logiciel (SCRUM),Licence 3,2019,Etudiant_0065,Dr. Professeur_10,14.51,android|flutter|kotlin,3,1
MEM-0066,Système de recommandation de cours personnalisés,Nous développons un moteur de recommandation hybride combinant filtrage collaboratif et content-based pour personnaliser les parcours d'apprentissage en ligne. L'évaluation montre 87% de pertinence sur des données réelles.,Nous développons un moteur de recommandation hybride combinant filtrage collaboratif et content-based pour personnaliser les parcours d'apprentissage en ligne. L'évaluation montre 87% de pertinence sur des données réelles. Ce travail s'inscrit dans le contexte de mobile money. La méthodologie adoptée est Recherche appliquée. Les résultats obtenus constituent une contribution significative au domaine de IA / Machine Learning.,Système de recommandation de cours personnalisés. Nous développons un moteur de recommandation hybride combinant filtrage collaboratif et content-based pour personnaliser les parcours d'apprentissage en ligne. L'évaluation montre 87% de pertinence sur des données réelles. Nous développons un moteur de recommandation hybride combinant filtrage collaboratif et content-based pour personnaliser les parcours d'apprentissage en ligne. L'évaluation montre 87% de pertinence sur des données réelles. Ce travail s'inscrit dans le contexte de mobile money. La méthodologie adoptée est Recherche appliquée. Les résultats obtenus constituent une contribution significative au domaine de IA / Machine Learning.,IA / Machine Learning,Recherche appliquée,Master 2,2020,Etudiant_0066,Dr. Professeur_09,14.25,deep-learning|machine-learning|neural-network|nlp|prediction,5,1
MEM-0067,Implémentation d'un SIEM open source,Déploiement et configuration de Wazuh/ELK Stack pour la détection d'intrusions en temps réel. Définition de 120 règles de corrélation et procédures de réponse aux incidents pour une PME.,Déploiement et configuration de Wazuh/ELK Stack pour la détection d'intrusions en temps réel. Définition de 120 règles de corrélation et procédures de réponse aux incidents pour une PME. Ce travail s'inscrit dans le contexte de langues locales. La méthodologie adoptée est Développement dirigé par les tests (TDD). Les résultats obtenus constituent une contribution significative au domaine de Cybersécurité.,Implémentation d'un SIEM open source. Déploiement et configuration de Wazuh/ELK Stack pour la détection d'intrusions en temps réel. Définition de 120 règles de corrélation et procédures de réponse aux incidents pour une PME. Déploiement et configuration de Wazuh/ELK Stack pour la détection d'intrusions en temps réel. Définition de 120 règles de corrélation et procédures de réponse aux incidents pour une PME. Ce travail s'inscrit dans le contexte de langues locales. La méthodologie adoptée est Développement dirigé par les tests (TDD). Les résultats obtenus constituent une contribution significative au domaine de Cybersécurité.,Cybersécurité,Développement dirigé par les tests (TDD),Licence 3,2018,Etudiant_0067,Dr. Professeur_08,14.39,intrusion|owasp|vulnerabilite,3,1
MEM-0068,Pipeline CI/CD pour équipe de développement,"Mise en place d'un pipeline d'intégration et déploiement continus avec GitHub Actions, Docker et Kubernetes. Réduction du temps de déploiement de 2 jours à 15 minutes. 0 régression en production.","Mise en place d'un pipeline d'intégration et déploiement continus avec GitHub Actions, Docker et Kubernetes. Réduction du temps de déploiement de 2 jours à 15 minutes. 0 régression en production. Ce travail s'inscrit dans le contexte de contexte africain. La méthodologie adoptée est Prototypage rapide. Les résultats obtenus constituent une contribution significative au domaine de Cloud / DevOps.","Pipeline CI/CD pour équipe de développement. Mise en place d'un pipeline d'intégration et déploiement continus avec GitHub Actions, Docker et Kubernetes. Réduction du temps de déploiement de 2 jours à 15 minutes. 0 régression en production. Mise en place d'un pipeline d'intégration et déploiement continus avec GitHub Actions, Docker et Kubernetes. Réduction du temps de déploiement de 2 jours à 15 minutes. 0 régression en production. Ce travail s'inscrit dans le contexte de contexte africain. La méthodologie adoptée est Prototypage rapide. Les résultats obtenus constituent une contribution significative au domaine de Cloud / DevOps.",Cloud / DevOps,Prototypage rapide,Master 2,2021,Etudiant_0068,Dr. Professeur_01,16.04,aws|ci-cd|docker|kubernetes|terraform,5,0
MEM-0069,Analyse de sentiment pour les élections africaines,Application du NLP pour analyser l'opinion publique sur les réseaux sociaux pendant les campagnes électorales. Modèle CamemBERT adapté au français africain avec 89% d'exactitude.,Application du NLP pour analyser l'opinion publique sur les réseaux sociaux pendant les campagnes électorales. Modèle CamemBERT adapté au français africain avec 89% d'exactitude. Ce travail s'inscrit dans le contexte de PME africaine. La méthodologie adoptée est Développement dirigé par les tests (TDD). Les résultats obtenus constituent une contribution significative au domaine de IA / Machine Learning.,Analyse de sentiment pour les élections africaines. Application du NLP pour analyser l'opinion publique sur les réseaux sociaux pendant les campagnes électorales. Modèle CamemBERT adapté au français africain avec 89% d'exactitude. Application du NLP pour analyser l'opinion publique sur les réseaux sociaux pendant les campagnes électorales. Modèle CamemBERT adapté au français africain avec 89% d'exactitude. Ce travail s'inscrit dans le contexte de PME africaine. La méthodologie adoptée est Développement dirigé par les tests (TDD). Les résultats obtenus constituent une contribution significative au domaine de IA / Machine Learning.,IA / Machine Learning,Développement dirigé par les tests (TDD),Master 1,2022,Etudiant_0069,Dr. Professeur_03,19.16,afrique|bert|nlp|python|tensorflow,5,1
MEM-0070,Système de monitoring applicatif temps réel,"Déploiement d'une stack de monitoring avec Prometheus, Grafana et alerting automatique. Couverture de 15 microservices avec dashboards métier et techniques. MTTR réduit de 4h à 20min.","Déploiement d'une stack de monitoring avec Prometheus, Grafana et alerting automatique. Couverture de 15 microservices avec dashboards métier et techniques. MTTR réduit de 4h à 20min. Ce travail s'inscrit dans le contexte de Afrique de l'Ouest. La méthodologie adoptée est Développement dirigé par les tests (TDD). Les résultats obtenus constituent une contribution significative au domaine de Cloud / DevOps.","Système de monitoring applicatif temps réel. Déploiement d'une stack de monitoring avec Prometheus, Grafana et alerting automatique. Couverture de 15 microservices avec dashboards métier et techniques. MTTR réduit de 4h à 20min. Déploiement d'une stack de monitoring avec Prometheus, Grafana et alerting automatique. Couverture de 15 microservices avec dashboards métier et techniques. MTTR réduit de 4h à 20min. Ce travail s'inscrit dans le contexte de Afrique de l'Ouest. La méthodologie adoptée est Développement dirigé par les tests (TDD). Les résultats obtenus constituent une contribution significative au domaine de Cloud / DevOps.",Cloud / DevOps,Développement dirigé par les tests (TDD),Master 1,2018,Etudiant_0070,Dr. Professeur_06,18.58,ci-cd|devops|kubernetes|microservices|monitoring,5,1
MEM-0071,Optimisation performances BDD hospitalière,"Analyse et optimisation d'un système de gestion hospitalière sous PostgreSQL. Indexation, partitionnement et réécriture de requêtes. Réduction du temps de réponse moyen de 8s à 0.3s.","Analyse et optimisation d'un système de gestion hospitalière sous PostgreSQL. Indexation, partitionnement et réécriture de requêtes. Réduction du temps de réponse moyen de 8s à 0.3s. Ce travail s'inscrit dans le contexte de contexte africain. La méthodologie adoptée est Recherche-action. Les résultats obtenus constituent une contribution significative au domaine de Bases de données.","Optimisation performances BDD hospitalière. Analyse et optimisation d'un système de gestion hospitalière sous PostgreSQL. Indexation, partitionnement et réécriture de requêtes. Réduction du temps de réponse moyen de 8s à 0.3s. Analyse et optimisation d'un système de gestion hospitalière sous PostgreSQL. Indexation, partitionnement et réécriture de requêtes. Réduction du temps de réponse moyen de 8s à 0.3s. Ce travail s'inscrit dans le contexte de contexte africain. La méthodologie adoptée est Recherche-action. Les résultats obtenus constituent une contribution significative au domaine de Bases de données.",Bases de données,Recherche-action,Master 1,2024,Etudiant_0071,Dr. Professeur_13,11.16,datawarehouse|etl|indexation|postgresql|sql,5,1
MEM-0072,Analyse de sentiment pour les élections africaines,Application du NLP pour analyser l'opinion publique sur les réseaux sociaux pendant les campagnes électorales. Modèle CamemBERT adapté au français africain avec 89% d'exactitude.,Application du NLP pour analyser l'opinion publique sur les réseaux sociaux pendant les campagnes électorales. Modèle CamemBERT adapté au français africain avec 89% d'exactitude. Ce travail s'inscrit dans le contexte de PME africaine. La méthodologie adoptée est Développement dirigé par les tests (TDD). Les résultats obtenus constituent une contribution significative au domaine de IA / Machine Learning.,Analyse de sentiment pour les élections africaines. Application du NLP pour analyser l'opinion publique sur les réseaux sociaux pendant les campagnes électorales. Modèle CamemBERT adapté au français africain avec 89% d'exactitude. Application du NLP pour analyser l'opinion publique sur les réseaux sociaux pendant les campagnes électorales. Modèle CamemBERT adapté au français africain avec 89% d'exactitude. Ce travail s'inscrit dans le contexte de PME africaine. La méthodologie adoptée est Développement dirigé par les tests (TDD). Les résultats obtenus constituent une contribution significative au domaine de IA / Machine Learning.,IA / Machine Learning,Développement dirigé par les tests (TDD),Master 2,2021,Etudiant_0072,Dr. Professeur_13,16.25,afrique|bert|deep-learning|machine-learning|nlp|tensorflow,6,0
MEM-0073,Application de suivi de grossesse pour zones rurales,"App mobile hors-ligne pour le suivi médical des femmes enceintes sans connexion internet. Synchronisation différée des données. Déployée dans 12 centres de santé ruraux, 800 femmes suivies.","App mobile hors-ligne pour le suivi médical des femmes enceintes sans connexion internet. Synchronisation différée des données. Déployée dans 12 centres de santé ruraux, 800 femmes suivies. Ce travail s'inscrit dans le contexte de zones rurales. La méthodologie adoptée est Recherche expérimentale. Les résultats obtenus constituent une contribution significative au domaine de Mobile.","Application de suivi de grossesse pour zones rurales. App mobile hors-ligne pour le suivi médical des femmes enceintes sans connexion internet. Synchronisation différée des données. Déployée dans 12 centres de santé ruraux, 800 femmes suivies. App mobile hors-ligne pour le suivi médical des femmes enceintes sans connexion internet. Synchronisation différée des données. Déployée dans 12 centres de santé ruraux, 800 femmes suivies. Ce travail s'inscrit dans le contexte de zones rurales. La méthodologie adoptée est Recherche expérimentale. Les résultats obtenus constituent une contribution significative au domaine de Mobile.",Mobile,Recherche expérimentale,Master 1,2021,Etudiant_0073,Dr. Professeur_01,13.11,android|flutter|kotlin|offline|react-native,5,1
MEM-0074,Système de vote électronique sécurisé,"Plateforme de vote en ligne basée sur la cryptographie asymétrique RSA et la blockchain légère. Garantit l'anonymat, l'intégrité et la traçabilité des votes. Testé lors d'une élection étudiante réelle.","Plateforme de vote en ligne basée sur la cryptographie asymétrique RSA et la blockchain légère. Garantit l'anonymat, l'intégrité et la traçabilité des votes. Testé lors d'une élection étudiante réelle. Ce travail s'inscrit dans le contexte de langues locales. La méthodologie adoptée est Développement dirigé par les tests (TDD). Les résultats obtenus constituent une contribution significative au domaine de Développement Web.","Système de vote électronique sécurisé. Plateforme de vote en ligne basée sur la cryptographie asymétrique RSA et la blockchain légère. Garantit l'anonymat, l'intégrité et la traçabilité des votes. Testé lors d'une élection étudiante réelle. Plateforme de vote en ligne basée sur la cryptographie asymétrique RSA et la blockchain légère. Garantit l'anonymat, l'intégrité et la traçabilité des votes. Testé lors d'une élection étudiante réelle. Ce travail s'inscrit dans le contexte de langues locales. La méthodologie adoptée est Développement dirigé par les tests (TDD). Les résultats obtenus constituent une contribution significative au domaine de Développement Web.",Développement Web,Développement dirigé par les tests (TDD),Licence 3,2021,Etudiant_0074,Dr. Professeur_05,15.09,blockchain|django|full-stack|postgresql,4,1
MEM-0075,Optimisation performances BDD hospitalière,"Analyse et optimisation d'un système de gestion hospitalière sous PostgreSQL. Indexation, partitionnement et réécriture de requêtes. Réduction du temps de réponse moyen de 8s à 0.3s.","Analyse et optimisation d'un système de gestion hospitalière sous PostgreSQL. Indexation, partitionnement et réécriture de requêtes. Réduction du temps de réponse moyen de 8s à 0.3s. Ce travail s'inscrit dans le contexte de zones rurales. La méthodologie adoptée est Recherche expérimentale. Les résultats obtenus constituent une contribution significative au domaine de Bases de données.","Optimisation performances BDD hospitalière. Analyse et optimisation d'un système de gestion hospitalière sous PostgreSQL. Indexation, partitionnement et réécriture de requêtes. Réduction du temps de réponse moyen de 8s à 0.3s. Analyse et optimisation d'un système de gestion hospitalière sous PostgreSQL. Indexation, partitionnement et réécriture de requêtes. Réduction du temps de réponse moyen de 8s à 0.3s. Ce travail s'inscrit dans le contexte de zones rurales. La méthodologie adoptée est Recherche expérimentale. Les résultats obtenus constituent une contribution significative au domaine de Bases de données.",Bases de données,Recherche expérimentale,Master 1,2022,Etudiant_0075,Dr. Professeur_05,18.64,mongodb|optimisation|postgresql|sql,4,1
MEM-0076,Pipeline CI/CD pour équipe de développement,"Mise en place d'un pipeline d'intégration et déploiement continus avec GitHub Actions, Docker et Kubernetes. Réduction du temps de déploiement de 2 jours à 15 minutes. 0 régression en production.","Mise en place d'un pipeline d'intégration et déploiement continus avec GitHub Actions, Docker et Kubernetes. Réduction du temps de déploiement de 2 jours à 15 minutes. 0 régression en production. Ce travail s'inscrit dans le contexte de PME africaine. La méthodologie adoptée est Développement dirigé par les tests (TDD). Les résultats obtenus constituent une contribution significative au domaine de Cloud / DevOps.","Pipeline CI/CD pour équipe de développement. Mise en place d'un pipeline d'intégration et déploiement continus avec GitHub Actions, Docker et Kubernetes. Réduction du temps de déploiement de 2 jours à 15 minutes. 0 régression en production. Mise en place d'un pipeline d'intégration et déploiement continus avec GitHub Actions, Docker et Kubernetes. Réduction du temps de déploiement de 2 jours à 15 minutes. 0 régression en production. Ce travail s'inscrit dans le contexte de PME africaine. La méthodologie adoptée est Développement dirigé par les tests (TDD). Les résultats obtenus constituent une contribution significative au domaine de Cloud / DevOps.",Cloud / DevOps,Développement dirigé par les tests (TDD),Master 2,2020,Etudiant_0076,Dr. Professeur_08,18.65,docker|kubernetes|monitoring|terraform,4,1
MEM-0077,Irrigation automatique intelligente,Système embarqué sur Arduino/Raspberry Pi pour l'irrigation selon l'humidité du sol et les prévisions météo. Économie d'eau de 35% mesurée sur 6 mois dans une exploitation agricole pilote.,Système embarqué sur Arduino/Raspberry Pi pour l'irrigation selon l'humidité du sol et les prévisions météo. Économie d'eau de 35% mesurée sur 6 mois dans une exploitation agricole pilote. Ce travail s'inscrit dans le contexte de Lomé. La méthodologie adoptée est Prototypage rapide. Les résultats obtenus constituent une contribution significative au domaine de Systèmes Embarqués.,Irrigation automatique intelligente. Système embarqué sur Arduino/Raspberry Pi pour l'irrigation selon l'humidité du sol et les prévisions météo. Économie d'eau de 35% mesurée sur 6 mois dans une exploitation agricole pilote. Système embarqué sur Arduino/Raspberry Pi pour l'irrigation selon l'humidité du sol et les prévisions météo. Économie d'eau de 35% mesurée sur 6 mois dans une exploitation agricole pilote. Ce travail s'inscrit dans le contexte de Lomé. La méthodologie adoptée est Prototypage rapide. Les résultats obtenus constituent une contribution significative au domaine de Systèmes Embarqués.,Systèmes Embarqués,Prototypage rapide,Master 2,2021,Etudiant_0077,Dr. Professeur_13,12.34,arduino|embarque|energie|raspberry-pi|temps-reel,5,1
MEM-0078,Contrôle d'accès biométrique à faible coût,Système de contrôle d'accès par empreinte digitale et reconnaissance faciale pour sécuriser des locaux à budget limité. Coût matériel sous 50 000 FCFA. Déployé dans 3 établissements scolaires.,Système de contrôle d'accès par empreinte digitale et reconnaissance faciale pour sécuriser des locaux à budget limité. Coût matériel sous 50 000 FCFA. Déployé dans 3 établissements scolaires. Ce travail s'inscrit dans le contexte de PME africaine. La méthodologie adoptée est Étude de cas. Les résultats obtenus constituent une contribution significative au domaine de Systèmes Embarqués.,Contrôle d'accès biométrique à faible coût. Système de contrôle d'accès par empreinte digitale et reconnaissance faciale pour sécuriser des locaux à budget limité. Coût matériel sous 50 000 FCFA. Déployé dans 3 établissements scolaires. Système de contrôle d'accès par empreinte digitale et reconnaissance faciale pour sécuriser des locaux à budget limité. Coût matériel sous 50 000 FCFA. Déployé dans 3 établissements scolaires. Ce travail s'inscrit dans le contexte de PME africaine. La méthodologie adoptée est Étude de cas. Les résultats obtenus constituent une contribution significative au domaine de Systèmes Embarqués.,Systèmes Embarqués,Étude de cas,Master 2,2024,Etudiant_0078,Dr. Professeur_03,19.65,embarque|energie|raspberry-pi|temps-reel,4,1
MEM-0079,Système de surveillance de la qualité de l'air,"Réseau de capteurs IoT autonomes mesurant CO2, PM2.5, NO2 et température. Transmission MQTT vers dashboard Grafana. Autonomie 6 mois sur batterie avec panneau solaire. Déployé dans 5 quartiers de Lomé.","Réseau de capteurs IoT autonomes mesurant CO2, PM2.5, NO2 et température. Transmission MQTT vers dashboard Grafana. Autonomie 6 mois sur batterie avec panneau solaire. Déployé dans 5 quartiers de Lomé. Ce travail s'inscrit dans le contexte de zones rurales. La méthodologie adoptée est Développement dirigé par les tests (TDD). Les résultats obtenus constituent une contribution significative au domaine de Systèmes Embarqués.","Système de surveillance de la qualité de l'air. Réseau de capteurs IoT autonomes mesurant CO2, PM2.5, NO2 et température. Transmission MQTT vers dashboard Grafana. Autonomie 6 mois sur batterie avec panneau solaire. Déployé dans 5 quartiers de Lomé. Réseau de capteurs IoT autonomes mesurant CO2, PM2.5, NO2 et température. Transmission MQTT vers dashboard Grafana. Autonomie 6 mois sur batterie avec panneau solaire. Déployé dans 5 quartiers de Lomé. Ce travail s'inscrit dans le contexte de zones rurales. La méthodologie adoptée est Développement dirigé par les tests (TDD). Les résultats obtenus constituent une contribution significative au domaine de Systèmes Embarqués.",Systèmes Embarqués,Développement dirigé par les tests (TDD),Master 1,2018,Etudiant_0079,Dr. Professeur_13,10.75,afrique|arduino|capteurs|embarque|iot|raspberry-pi|temps-reel,7,1
MEM-0080,Contrôle d'accès biométrique à faible coût,Système de contrôle d'accès par empreinte digitale et reconnaissance faciale pour sécuriser des locaux à budget limité. Coût matériel sous 50 000 FCFA. Déployé dans 3 établissements scolaires.,Système de contrôle d'accès par empreinte digitale et reconnaissance faciale pour sécuriser des locaux à budget limité. Coût matériel sous 50 000 FCFA. Déployé dans 3 établissements scolaires. Ce travail s'inscrit dans le contexte de Lomé. La méthodologie adoptée est Recherche-action. Les résultats obtenus constituent une contribution significative au domaine de Systèmes Embarqués.,Contrôle d'accès biométrique à faible coût. Système de contrôle d'accès par empreinte digitale et reconnaissance faciale pour sécuriser des locaux à budget limité. Coût matériel sous 50 000 FCFA. Déployé dans 3 établissements scolaires. Système de contrôle d'accès par empreinte digitale et reconnaissance faciale pour sécuriser des locaux à budget limité. Coût matériel sous 50 000 FCFA. Déployé dans 3 établissements scolaires. Ce travail s'inscrit dans le contexte de Lomé. La méthodologie adoptée est Recherche-action. Les résultats obtenus constituent une contribution significative au domaine de Systèmes Embarqués.,Systèmes Embarqués,Recherche-action,Master 1,2023,Etudiant_0080,Dr. Professeur_11,19.54,embarque|energie|temps-reel,3,1
MEM-0081,Archivage numérique des actes d'état civil,"Base de données structurée pour la numérisation et l'archivage des actes de naissance, mariage et décès. OCR automatique sur documents scannés. 500 000 actes numérisés, recherche en temps réel.","Base de données structurée pour la numérisation et l'archivage des actes de naissance, mariage et décès. OCR automatique sur documents scannés. 500 000 actes numérisés, recherche en temps réel. Ce travail s'inscrit dans le contexte de Afrique de l'Ouest. La méthodologie adoptée est Développement logiciel (SCRUM). Les résultats obtenus constituent une contribution significative au domaine de Bases de données.","Archivage numérique des actes d'état civil. Base de données structurée pour la numérisation et l'archivage des actes de naissance, mariage et décès. OCR automatique sur documents scannés. 500 000 actes numérisés, recherche en temps réel. Base de données structurée pour la numérisation et l'archivage des actes de naissance, mariage et décès. OCR automatique sur documents scannés. 500 000 actes numérisés, recherche en temps réel. Ce travail s'inscrit dans le contexte de Afrique de l'Ouest. La méthodologie adoptée est Développement logiciel (SCRUM). Les résultats obtenus constituent une contribution significative au domaine de Bases de données.",Bases de données,Développement logiciel (SCRUM),Master 2,2018,Etudiant_0081,Dr. Professeur_02,14.34,mongodb|nosql|sql,3,1
MEM-0082,E-commerce pour artisans locaux togolais,"Marketplace permettant aux artisans de vendre en ligne avec intégration du paiement mobile money (Flooz, T-Money). Interface bilingue français/anglais. 120 artisans onboardés lors du lancement pilote.","Marketplace permettant aux artisans de vendre en ligne avec intégration du paiement mobile money (Flooz, T-Money). Interface bilingue français/anglais. 120 artisans onboardés lors du lancement pilote. Ce travail s'inscrit dans le contexte de langues locales. La méthodologie adoptée est Recherche expérimentale. Les résultats obtenus constituent une contribution significative au domaine de Développement Web.","E-commerce pour artisans locaux togolais. Marketplace permettant aux artisans de vendre en ligne avec intégration du paiement mobile money (Flooz, T-Money). Interface bilingue français/anglais. 120 artisans onboardés lors du lancement pilote. Marketplace permettant aux artisans de vendre en ligne avec intégration du paiement mobile money (Flooz, T-Money). Interface bilingue français/anglais. 120 artisans onboardés lors du lancement pilote. Ce travail s'inscrit dans le contexte de langues locales. La méthodologie adoptée est Recherche expérimentale. Les résultats obtenus constituent une contribution significative au domaine de Développement Web.",Développement Web,Recherche expérimentale,Master 2,2020,Etudiant_0082,Dr. Professeur_07,13.58,afrique|django|javascript|react,4,1
MEM-0083,Système de monitoring applicatif temps réel,"Déploiement d'une stack de monitoring avec Prometheus, Grafana et alerting automatique. Couverture de 15 microservices avec dashboards métier et techniques. MTTR réduit de 4h à 20min.","Déploiement d'une stack de monitoring avec Prometheus, Grafana et alerting automatique. Couverture de 15 microservices avec dashboards métier et techniques. MTTR réduit de 4h à 20min. Ce travail s'inscrit dans le contexte de mobile money. La méthodologie adoptée est Recherche-action. Les résultats obtenus constituent une contribution significative au domaine de Cloud / DevOps.","Système de monitoring applicatif temps réel. Déploiement d'une stack de monitoring avec Prometheus, Grafana et alerting automatique. Couverture de 15 microservices avec dashboards métier et techniques. MTTR réduit de 4h à 20min. Déploiement d'une stack de monitoring avec Prometheus, Grafana et alerting automatique. Couverture de 15 microservices avec dashboards métier et techniques. MTTR réduit de 4h à 20min. Ce travail s'inscrit dans le contexte de mobile money. La méthodologie adoptée est Recherche-action. Les résultats obtenus constituent une contribution significative au domaine de Cloud / DevOps.",Cloud / DevOps,Recherche-action,Licence 3,2019,Etudiant_0083,Dr. Professeur_10,14.98,ci-cd|docker|microservices|terraform,4,1
MEM-0084,Archivage numérique des actes d'état civil,"Base de données structurée pour la numérisation et l'archivage des actes de naissance, mariage et décès. OCR automatique sur documents scannés. 500 000 actes numérisés, recherche en temps réel.","Base de données structurée pour la numérisation et l'archivage des actes de naissance, mariage et décès. OCR automatique sur documents scannés. 500 000 actes numérisés, recherche en temps réel. Ce travail s'inscrit dans le contexte de Afrique de l'Ouest. La méthodologie adoptée est Recherche appliquée. Les résultats obtenus constituent une contribution significative au domaine de Bases de données.","Archivage numérique des actes d'état civil. Base de données structurée pour la numérisation et l'archivage des actes de naissance, mariage et décès. OCR automatique sur documents scannés. 500 000 actes numérisés, recherche en temps réel. Base de données structurée pour la numérisation et l'archivage des actes de naissance, mariage et décès. OCR automatique sur documents scannés. 500 000 actes numérisés, recherche en temps réel. Ce travail s'inscrit dans le contexte de Afrique de l'Ouest. La méthodologie adoptée est Recherche appliquée. Les résultats obtenus constituent une contribution significative au domaine de Bases de données.",Bases de données,Recherche appliquée,Master 1,2020,Etudiant_0084,Dr. Professeur_06,14.42,datawarehouse|etl|mongodb|optimisation|postgresql,5,1
MEM-0085,Application de suivi de grossesse pour zones rurales,"App mobile hors-ligne pour le suivi médical des femmes enceintes sans connexion internet. Synchronisation différée des données. Déployée dans 12 centres de santé ruraux, 800 femmes suivies.","App mobile hors-ligne pour le suivi médical des femmes enceintes sans connexion internet. Synchronisation différée des données. Déployée dans 12 centres de santé ruraux, 800 femmes suivies. Ce travail s'inscrit dans le contexte de Afrique de l'Ouest. La méthodologie adoptée est Étude de cas. Les résultats obtenus constituent une contribution significative au domaine de Mobile.","Application de suivi de grossesse pour zones rurales. App mobile hors-ligne pour le suivi médical des femmes enceintes sans connexion internet. Synchronisation différée des données. Déployée dans 12 centres de santé ruraux, 800 femmes suivies. App mobile hors-ligne pour le suivi médical des femmes enceintes sans connexion internet. Synchronisation différée des données. Déployée dans 12 centres de santé ruraux, 800 femmes suivies. Ce travail s'inscrit dans le contexte de Afrique de l'Ouest. La méthodologie adoptée est Étude de cas. Les résultats obtenus constituent une contribution significative au domaine de Mobile.",Mobile,Étude de cas,Master 2,2020,Etudiant_0085,Dr. Professeur_10,12.37,flutter|geolocalisation|mobile-money|offline,4,1
MEM-0086,Application de suivi de grossesse pour zones rurales,"App mobile hors-ligne pour le suivi médical des femmes enceintes sans connexion internet. Synchronisation différée des données. Déployée dans 12 centres de santé ruraux, 800 femmes suivies.","App mobile hors-ligne pour le suivi médical des femmes enceintes sans connexion internet. Synchronisation différée des données. Déployée dans 12 centres de santé ruraux, 800 femmes suivies. Ce travail s'inscrit dans le contexte de PME africaine. La méthodologie adoptée est Recherche appliquée. Les résultats obtenus constituent une contribution significative au domaine de Mobile.","Application de suivi de grossesse pour zones rurales. App mobile hors-ligne pour le suivi médical des femmes enceintes sans connexion internet. Synchronisation différée des données. Déployée dans 12 centres de santé ruraux, 800 femmes suivies. App mobile hors-ligne pour le suivi médical des femmes enceintes sans connexion internet. Synchronisation différée des données. Déployée dans 12 centres de santé ruraux, 800 femmes suivies. Ce travail s'inscrit dans le contexte de PME africaine. La méthodologie adoptée est Recherche appliquée. Les résultats obtenus constituent une contribution significative au domaine de Mobile.",Mobile,Recherche appliquée,Licence 3,2024,Etudiant_0086,Dr. Professeur_15,18.33,android|geolocalisation|offline|react-native|ux,5,1
MEM-0087,Architecture réseau IoT pour smart city,"Conception d'une infrastructure de capteurs connectés pour la gestion intelligente des feux de circulation, de l'éclairage public et des déchets dans une ville de taille moyenne.","Conception d'une infrastructure de capteurs connectés pour la gestion intelligente des feux de circulation, de l'éclairage public et des déchets dans une ville de taille moyenne. Ce travail s'inscrit dans le contexte de Togo. La méthodologie adoptée est Développement dirigé par les tests (TDD). Les résultats obtenus constituent une contribution significative au domaine de Réseaux.","Architecture réseau IoT pour smart city. Conception d'une infrastructure de capteurs connectés pour la gestion intelligente des feux de circulation, de l'éclairage public et des déchets dans une ville de taille moyenne. Conception d'une infrastructure de capteurs connectés pour la gestion intelligente des feux de circulation, de l'éclairage public et des déchets dans une ville de taille moyenne. Ce travail s'inscrit dans le contexte de Togo. La méthodologie adoptée est Développement dirigé par les tests (TDD). Les résultats obtenus constituent une contribution significative au domaine de Réseaux.",Réseaux,Développement dirigé par les tests (TDD),Master 1,2019,Etudiant_0087,Dr. Professeur_08,13.09,4g|iot|qos|tcp-ip|wifi,5,0
MEM-0088,Contrôle d'accès biométrique à faible coût,Système de contrôle d'accès par empreinte digitale et reconnaissance faciale pour sécuriser des locaux à budget limité. Coût matériel sous 50 000 FCFA. Déployé dans 3 établissements scolaires.,Système de contrôle d'accès par empreinte digitale et reconnaissance faciale pour sécuriser des locaux à budget limité. Coût matériel sous 50 000 FCFA. Déployé dans 3 établissements scolaires. Ce travail s'inscrit dans le contexte de contexte africain. La méthodologie adoptée est Recherche expérimentale. Les résultats obtenus constituent une contribution significative au domaine de Systèmes Embarqués.,Contrôle d'accès biométrique à faible coût. Système de contrôle d'accès par empreinte digitale et reconnaissance faciale pour sécuriser des locaux à budget limité. Coût matériel sous 50 000 FCFA. Déployé dans 3 établissements scolaires. Système de contrôle d'accès par empreinte digitale et reconnaissance faciale pour sécuriser des locaux à budget limité. Coût matériel sous 50 000 FCFA. Déployé dans 3 établissements scolaires. Ce travail s'inscrit dans le contexte de contexte africain. La méthodologie adoptée est Recherche expérimentale. Les résultats obtenus constituent une contribution significative au domaine de Systèmes Embarqués.,Systèmes Embarqués,Recherche expérimentale,Licence 3,2020,Etudiant_0088,Dr. Professeur_15,15.31,embarque|energie|raspberry-pi|temps-reel,4,1
MEM-0089,Implémentation d'un SIEM open source,Déploiement et configuration de Wazuh/ELK Stack pour la détection d'intrusions en temps réel. Définition de 120 règles de corrélation et procédures de réponse aux incidents pour une PME.,Déploiement et configuration de Wazuh/ELK Stack pour la détection d'intrusions en temps réel. Définition de 120 règles de corrélation et procédures de réponse aux incidents pour une PME. Ce travail s'inscrit dans le contexte de Afrique de l'Ouest. La méthodologie adoptée est Développement dirigé par les tests (TDD). Les résultats obtenus constituent une contribution significative au domaine de Cybersécurité.,Implémentation d'un SIEM open source. Déploiement et configuration de Wazuh/ELK Stack pour la détection d'intrusions en temps réel. Définition de 120 règles de corrélation et procédures de réponse aux incidents pour une PME. Déploiement et configuration de Wazuh/ELK Stack pour la détection d'intrusions en temps réel. Définition de 120 règles de corrélation et procédures de réponse aux incidents pour une PME. Ce travail s'inscrit dans le contexte de Afrique de l'Ouest. La méthodologie adoptée est Développement dirigé par les tests (TDD). Les résultats obtenus constituent une contribution significative au domaine de Cybersécurité.,Cybersécurité,Développement dirigé par les tests (TDD),Master 1,2024,Etudiant_0089,Dr. Professeur_04,11.41,audit|cryptographie|intrusion|pentesting,4,1
MEM-0090,Système de monitoring applicatif temps réel,"Déploiement d'une stack de monitoring avec Prometheus, Grafana et alerting automatique. Couverture de 15 microservices avec dashboards métier et techniques. MTTR réduit de 4h à 20min.","Déploiement d'une stack de monitoring avec Prometheus, Grafana et alerting automatique. Couverture de 15 microservices avec dashboards métier et techniques. MTTR réduit de 4h à 20min. Ce travail s'inscrit dans le contexte de PME africaine. La méthodologie adoptée est Recherche appliquée. Les résultats obtenus constituent une contribution significative au domaine de Cloud / DevOps.","Système de monitoring applicatif temps réel. Déploiement d'une stack de monitoring avec Prometheus, Grafana et alerting automatique. Couverture de 15 microservices avec dashboards métier et techniques. MTTR réduit de 4h à 20min. Déploiement d'une stack de monitoring avec Prometheus, Grafana et alerting automatique. Couverture de 15 microservices avec dashboards métier et techniques. MTTR réduit de 4h à 20min. Ce travail s'inscrit dans le contexte de PME africaine. La méthodologie adoptée est Recherche appliquée. Les résultats obtenus constituent une contribution significative au domaine de Cloud / DevOps.",Cloud / DevOps,Recherche appliquée,Licence 3,2024,Etudiant_0090,Dr. Professeur_12,13.69,aws|devops|kubernetes|microservices|terraform,5,1
MEM-0091,Système de monitoring applicatif temps réel,"Déploiement d'une stack de monitoring avec Prometheus, Grafana et alerting automatique. Couverture de 15 microservices avec dashboards métier et techniques. MTTR réduit de 4h à 20min.","Déploiement d'une stack de monitoring avec Prometheus, Grafana et alerting automatique. Couverture de 15 microservices avec dashboards métier et techniques. MTTR réduit de 4h à 20min. Ce travail s'inscrit dans le contexte de contexte africain. La méthodologie adoptée est Recherche appliquée. Les résultats obtenus constituent une contribution significative au domaine de Cloud / DevOps.","Système de monitoring applicatif temps réel. Déploiement d'une stack de monitoring avec Prometheus, Grafana et alerting automatique. Couverture de 15 microservices avec dashboards métier et techniques. MTTR réduit de 4h à 20min. Déploiement d'une stack de monitoring avec Prometheus, Grafana et alerting automatique. Couverture de 15 microservices avec dashboards métier et techniques. MTTR réduit de 4h à 20min. Ce travail s'inscrit dans le contexte de contexte africain. La méthodologie adoptée est Recherche appliquée. Les résultats obtenus constituent une contribution significative au domaine de Cloud / DevOps.",Cloud / DevOps,Recherche appliquée,Licence 3,2023,Etudiant_0091,Dr. Professeur_04,19.15,aws|devops|microservices|terraform,4,1
MEM-0092,Archivage numérique des actes d'état civil,"Base de données structurée pour la numérisation et l'archivage des actes de naissance, mariage et décès. OCR automatique sur documents scannés. 500 000 actes numérisés, recherche en temps réel.","Base de données structurée pour la numérisation et l'archivage des actes de naissance, mariage et décès. OCR automatique sur documents scannés. 500 000 actes numérisés, recherche en temps réel. Ce travail s'inscrit dans le contexte de langues locales. La méthodologie adoptée est Recherche appliquée. Les résultats obtenus constituent une contribution significative au domaine de Bases de données.","Archivage numérique des actes d'état civil. Base de données structurée pour la numérisation et l'archivage des actes de naissance, mariage et décès. OCR automatique sur documents scannés. 500 000 actes numérisés, recherche en temps réel. Base de données structurée pour la numérisation et l'archivage des actes de naissance, mariage et décès. OCR automatique sur documents scannés. 500 000 actes numérisés, recherche en temps réel. Ce travail s'inscrit dans le contexte de langues locales. La méthodologie adoptée est Recherche appliquée. Les résultats obtenus constituent une contribution significative au domaine de Bases de données.",Bases de données,Recherche appliquée,Master 2,2021,Etudiant_0092,Dr. Professeur_02,19.96,etl|optimisation|postgresql,3,0
MEM-0093,Implémentation d'un SIEM open source,Déploiement et configuration de Wazuh/ELK Stack pour la détection d'intrusions en temps réel. Définition de 120 règles de corrélation et procédures de réponse aux incidents pour une PME.,Déploiement et configuration de Wazuh/ELK Stack pour la détection d'intrusions en temps réel. Définition de 120 règles de corrélation et procédures de réponse aux incidents pour une PME. Ce travail s'inscrit dans le contexte de Afrique de l'Ouest. La méthodologie adoptée est Étude de cas. Les résultats obtenus constituent une contribution significative au domaine de Cybersécurité.,Implémentation d'un SIEM open source. Déploiement et configuration de Wazuh/ELK Stack pour la détection d'intrusions en temps réel. Définition de 120 règles de corrélation et procédures de réponse aux incidents pour une PME. Déploiement et configuration de Wazuh/ELK Stack pour la détection d'intrusions en temps réel. Définition de 120 règles de corrélation et procédures de réponse aux incidents pour une PME. Ce travail s'inscrit dans le contexte de Afrique de l'Ouest. La méthodologie adoptée est Étude de cas. Les résultats obtenus constituent une contribution significative au domaine de Cybersécurité.,Cybersécurité,Étude de cas,Master 1,2023,Etudiant_0093,Dr. Professeur_10,18.34,audit|cryptographie|forensics|intrusion|siem,5,1
MEM-0094,Application de paiement mobile pour petits commerçants,App Android permettant aux commerçants informels d'accepter les paiements digitaux via NFC et QR code. Intégration mobile money. 500 commerçants pilotes dans 3 marchés de Lomé.,App Android permettant aux commerçants informels d'accepter les paiements digitaux via NFC et QR code. Intégration mobile money. 500 commerçants pilotes dans 3 marchés de Lomé. Ce travail s'inscrit dans le contexte de contexte africain. La méthodologie adoptée est Recherche-action. Les résultats obtenus constituent une contribution significative au domaine de Mobile.,Application de paiement mobile pour petits commerçants. App Android permettant aux commerçants informels d'accepter les paiements digitaux via NFC et QR code. Intégration mobile money. 500 commerçants pilotes dans 3 marchés de Lomé. App Android permettant aux commerçants informels d'accepter les paiements digitaux via NFC et QR code. Intégration mobile money. 500 commerçants pilotes dans 3 marchés de Lomé. Ce travail s'inscrit dans le contexte de contexte africain. La méthodologie adoptée est Recherche-action. Les résultats obtenus constituent une contribution significative au domaine de Mobile.,Mobile,Recherche-action,Master 1,2019,Etudiant_0094,Dr. Professeur_11,15.44,afrique|android|flutter|kotlin|ux,5,1
MEM-0095,Pipeline CI/CD pour équipe de développement,"Mise en place d'un pipeline d'intégration et déploiement continus avec GitHub Actions, Docker et Kubernetes. Réduction du temps de déploiement de 2 jours à 15 minutes. 0 régression en production.","Mise en place d'un pipeline d'intégration et déploiement continus avec GitHub Actions, Docker et Kubernetes. Réduction du temps de déploiement de 2 jours à 15 minutes. 0 régression en production. Ce travail s'inscrit dans le contexte de Togo. La méthodologie adoptée est Recherche expérimentale. Les résultats obtenus constituent une contribution significative au domaine de Cloud / DevOps.","Pipeline CI/CD pour équipe de développement. Mise en place d'un pipeline d'intégration et déploiement continus avec GitHub Actions, Docker et Kubernetes. Réduction du temps de déploiement de 2 jours à 15 minutes. 0 régression en production. Mise en place d'un pipeline d'intégration et déploiement continus avec GitHub Actions, Docker et Kubernetes. Réduction du temps de déploiement de 2 jours à 15 minutes. 0 régression en production. Ce travail s'inscrit dans le contexte de Togo. La méthodologie adoptée est Recherche expérimentale. Les résultats obtenus constituent une contribution significative au domaine de Cloud / DevOps.",Cloud / DevOps,Recherche expérimentale,Licence 3,2024,Etudiant_0095,Dr. Professeur_06,10.51,devops|docker|kubernetes|monitoring|terraform,5,1
MEM-0096,Sécurisation des applications mobile banking,Analyse des vulnérabilités des applications de paiement mobile au Togo selon OWASP Mobile Top 10. Implémentation des contre-mesures et chiffrement end-to-end des transactions.,Analyse des vulnérabilités des applications de paiement mobile au Togo selon OWASP Mobile Top 10. Implémentation des contre-mesures et chiffrement end-to-end des transactions. Ce travail s'inscrit dans le contexte de zones rurales. La méthodologie adoptée est Recherche expérimentale. Les résultats obtenus constituent une contribution significative au domaine de Cybersécurité.,Sécurisation des applications mobile banking. Analyse des vulnérabilités des applications de paiement mobile au Togo selon OWASP Mobile Top 10. Implémentation des contre-mesures et chiffrement end-to-end des transactions. Analyse des vulnérabilités des applications de paiement mobile au Togo selon OWASP Mobile Top 10. Implémentation des contre-mesures et chiffrement end-to-end des transactions. Ce travail s'inscrit dans le contexte de zones rurales. La méthodologie adoptée est Recherche expérimentale. Les résultats obtenus constituent une contribution significative au domaine de Cybersécurité.,Cybersécurité,Recherche expérimentale,Licence 3,2024,Etudiant_0096,Dr. Professeur_10,17.89,afrique|audit|cryptographie|forensics|owasp|siem,6,0
MEM-0097,Audit de sécurité des infrastructures bancaires,"Évaluation complète de la posture de sécurité d'une banque locale par tests de pénétration, analyse de code et revue de configuration. Rapport de 47 vulnérabilités identifiées avec plan de remédiation.","Évaluation complète de la posture de sécurité d'une banque locale par tests de pénétration, analyse de code et revue de configuration. Rapport de 47 vulnérabilités identifiées avec plan de remédiation. Ce travail s'inscrit dans le contexte de zones rurales. La méthodologie adoptée est Prototypage rapide. Les résultats obtenus constituent une contribution significative au domaine de Cybersécurité.","Audit de sécurité des infrastructures bancaires. Évaluation complète de la posture de sécurité d'une banque locale par tests de pénétration, analyse de code et revue de configuration. Rapport de 47 vulnérabilités identifiées avec plan de remédiation. Évaluation complète de la posture de sécurité d'une banque locale par tests de pénétration, analyse de code et revue de configuration. Rapport de 47 vulnérabilités identifiées avec plan de remédiation. Ce travail s'inscrit dans le contexte de zones rurales. La méthodologie adoptée est Prototypage rapide. Les résultats obtenus constituent une contribution significative au domaine de Cybersécurité.",Cybersécurité,Prototypage rapide,Master 1,2024,Etudiant_0097,Dr. Professeur_13,10.15,audit|pentesting|siem,3,1
MEM-0098,Système de surveillance de la qualité de l'air,"Réseau de capteurs IoT autonomes mesurant CO2, PM2.5, NO2 et température. Transmission MQTT vers dashboard Grafana. Autonomie 6 mois sur batterie avec panneau solaire. Déployé dans 5 quartiers de Lomé.","Réseau de capteurs IoT autonomes mesurant CO2, PM2.5, NO2 et température. Transmission MQTT vers dashboard Grafana. Autonomie 6 mois sur batterie avec panneau solaire. Déployé dans 5 quartiers de Lomé. Ce travail s'inscrit dans le contexte de Afrique de l'Ouest. La méthodologie adoptée est Recherche expérimentale. Les résultats obtenus constituent une contribution significative au domaine de Systèmes Embarqués.","Système de surveillance de la qualité de l'air. Réseau de capteurs IoT autonomes mesurant CO2, PM2.5, NO2 et température. Transmission MQTT vers dashboard Grafana. Autonomie 6 mois sur batterie avec panneau solaire. Déployé dans 5 quartiers de Lomé. Réseau de capteurs IoT autonomes mesurant CO2, PM2.5, NO2 et température. Transmission MQTT vers dashboard Grafana. Autonomie 6 mois sur batterie avec panneau solaire. Déployé dans 5 quartiers de Lomé. Ce travail s'inscrit dans le contexte de Afrique de l'Ouest. La méthodologie adoptée est Recherche expérimentale. Les résultats obtenus constituent une contribution significative au domaine de Systèmes Embarqués.",Systèmes Embarqués,Recherche expérimentale,Master 1,2018,Etudiant_0098,Dr. Professeur_13,14.76,afrique|arduino|energie|iot|mqtt,5,1
MEM-0099,E-commerce pour artisans locaux togolais,"Marketplace permettant aux artisans de vendre en ligne avec intégration du paiement mobile money (Flooz, T-Money). Interface bilingue français/anglais. 120 artisans onboardés lors du lancement pilote.","Marketplace permettant aux artisans de vendre en ligne avec intégration du paiement mobile money (Flooz, T-Money). Interface bilingue français/anglais. 120 artisans onboardés lors du lancement pilote. Ce travail s'inscrit dans le contexte de Togo. La méthodologie adoptée est Prototypage rapide. Les résultats obtenus constituent une contribution significative au domaine de Développement Web.","E-commerce pour artisans locaux togolais. Marketplace permettant aux artisans de vendre en ligne avec intégration du paiement mobile money (Flooz, T-Money). Interface bilingue français/anglais. 120 artisans onboardés lors du lancement pilote. Marketplace permettant aux artisans de vendre en ligne avec intégration du paiement mobile money (Flooz, T-Money). Interface bilingue français/anglais. 120 artisans onboardés lors du lancement pilote. Ce travail s'inscrit dans le contexte de Togo. La méthodologie adoptée est Prototypage rapide. Les résultats obtenus constituent une contribution significative au domaine de Développement Web.",Développement Web,Prototypage rapide,Licence 3,2022,Etudiant_0099,Dr. Professeur_08,10.61,afrique|full-stack|postgresql|rest-api,4,1
MEM-0100,Système de monitoring applicatif temps réel,"Déploiement d'une stack de monitoring avec Prometheus, Grafana et alerting automatique. Couverture de 15 microservices avec dashboards métier et techniques. MTTR réduit de 4h à 20min.","Déploiement d'une stack de monitoring avec Prometheus, Grafana et alerting automatique. Couverture de 15 microservices avec dashboards métier et techniques. MTTR réduit de 4h à 20min. Ce travail s'inscrit dans le contexte de zones rurales. La méthodologie adoptée est Développement logiciel (SCRUM). Les résultats obtenus constituent une contribution significative au domaine de Cloud / DevOps.","Système de monitoring applicatif temps réel. Déploiement d'une stack de monitoring avec Prometheus, Grafana et alerting automatique. Couverture de 15 microservices avec dashboards métier et techniques. MTTR réduit de 4h à 20min. Déploiement d'une stack de monitoring avec Prometheus, Grafana et alerting automatique. Couverture de 15 microservices avec dashboards métier et techniques. MTTR réduit de 4h à 20min. Ce travail s'inscrit dans le contexte de zones rurales. La méthodologie adoptée est Développement logiciel (SCRUM). Les résultats obtenus constituent une contribution significative au domaine de Cloud / DevOps.",Cloud / DevOps,Développement logiciel (SCRUM),Master 1,2023,Etudiant_0100,Dr. Professeur_05,10.66,aws|docker|kubernetes|microservices|terraform,5,1
MEM-0101,Irrigation automatique intelligente,Système embarqué sur Arduino/Raspberry Pi pour l'irrigation selon l'humidité du sol et les prévisions météo. Économie d'eau de 35% mesurée sur 6 mois dans une exploitation agricole pilote.,Système embarqué sur Arduino/Raspberry Pi pour l'irrigation selon l'humidité du sol et les prévisions météo. Économie d'eau de 35% mesurée sur 6 mois dans une exploitation agricole pilote. Ce travail s'inscrit dans le contexte de mobile money. La méthodologie adoptée est Prototypage rapide. Les résultats obtenus constituent une contribution significative au domaine de Systèmes Embarqués.,Irrigation automatique intelligente. Système embarqué sur Arduino/Raspberry Pi pour l'irrigation selon l'humidité du sol et les prévisions météo. Économie d'eau de 35% mesurée sur 6 mois dans une exploitation agricole pilote. Système embarqué sur Arduino/Raspberry Pi pour l'irrigation selon l'humidité du sol et les prévisions météo. Économie d'eau de 35% mesurée sur 6 mois dans une exploitation agricole pilote. Ce travail s'inscrit dans le contexte de mobile money. La méthodologie adoptée est Prototypage rapide. Les résultats obtenus constituent une contribution significative au domaine de Systèmes Embarqués.,Systèmes Embarqués,Prototypage rapide,Master 2,2020,Etudiant_0101,Dr. Professeur_15,14.3,arduino|embarque|energie|temps-reel,4,1
MEM-0102,Irrigation automatique intelligente,Système embarqué sur Arduino/Raspberry Pi pour l'irrigation selon l'humidité du sol et les prévisions météo. Économie d'eau de 35% mesurée sur 6 mois dans une exploitation agricole pilote.,Système embarqué sur Arduino/Raspberry Pi pour l'irrigation selon l'humidité du sol et les prévisions météo. Économie d'eau de 35% mesurée sur 6 mois dans une exploitation agricole pilote. Ce travail s'inscrit dans le contexte de langues locales. La méthodologie adoptée est Étude de cas. Les résultats obtenus constituent une contribution significative au domaine de Systèmes Embarqués.,Irrigation automatique intelligente. Système embarqué sur Arduino/Raspberry Pi pour l'irrigation selon l'humidité du sol et les prévisions météo. Économie d'eau de 35% mesurée sur 6 mois dans une exploitation agricole pilote. Système embarqué sur Arduino/Raspberry Pi pour l'irrigation selon l'humidité du sol et les prévisions météo. Économie d'eau de 35% mesurée sur 6 mois dans une exploitation agricole pilote. Ce travail s'inscrit dans le contexte de langues locales. La méthodologie adoptée est Étude de cas. Les résultats obtenus constituent une contribution significative au domaine de Systèmes Embarqués.,Systèmes Embarqués,Étude de cas,Master 1,2023,Etudiant_0102,Dr. Professeur_03,13.74,arduino|capteurs|iot|temps-reel,4,1
MEM-0103,Entrepôt de données pour le Ministère de la Santé,"Conception d'un data warehouse selon modélisation en étoile pour centraliser les données épidémiologiques nationales. Pipeline ETL automatisé, 50M enregistrements, requêtes analytiques en < 2s.","Conception d'un data warehouse selon modélisation en étoile pour centraliser les données épidémiologiques nationales. Pipeline ETL automatisé, 50M enregistrements, requêtes analytiques en < 2s. Ce travail s'inscrit dans le contexte de zones rurales. La méthodologie adoptée est Développement logiciel (SCRUM). Les résultats obtenus constituent une contribution significative au domaine de Bases de données.","Entrepôt de données pour le Ministère de la Santé. Conception d'un data warehouse selon modélisation en étoile pour centraliser les données épidémiologiques nationales. Pipeline ETL automatisé, 50M enregistrements, requêtes analytiques en < 2s. Conception d'un data warehouse selon modélisation en étoile pour centraliser les données épidémiologiques nationales. Pipeline ETL automatisé, 50M enregistrements, requêtes analytiques en < 2s. Ce travail s'inscrit dans le contexte de zones rurales. La méthodologie adoptée est Développement logiciel (SCRUM). Les résultats obtenus constituent une contribution significative au domaine de Bases de données.",Bases de données,Développement logiciel (SCRUM),Licence 3,2018,Etudiant_0103,Dr. Professeur_10,15.56,etl|mongodb|nosql|optimisation,4,1
MEM-0104,Contrôle d'accès biométrique à faible coût,Système de contrôle d'accès par empreinte digitale et reconnaissance faciale pour sécuriser des locaux à budget limité. Coût matériel sous 50 000 FCFA. Déployé dans 3 établissements scolaires.,Système de contrôle d'accès par empreinte digitale et reconnaissance faciale pour sécuriser des locaux à budget limité. Coût matériel sous 50 000 FCFA. Déployé dans 3 établissements scolaires. Ce travail s'inscrit dans le contexte de langues locales. La méthodologie adoptée est Développement logiciel (SCRUM). Les résultats obtenus constituent une contribution significative au domaine de Systèmes Embarqués.,Contrôle d'accès biométrique à faible coût. Système de contrôle d'accès par empreinte digitale et reconnaissance faciale pour sécuriser des locaux à budget limité. Coût matériel sous 50 000 FCFA. Déployé dans 3 établissements scolaires. Système de contrôle d'accès par empreinte digitale et reconnaissance faciale pour sécuriser des locaux à budget limité. Coût matériel sous 50 000 FCFA. Déployé dans 3 établissements scolaires. Ce travail s'inscrit dans le contexte de langues locales. La méthodologie adoptée est Développement logiciel (SCRUM). Les résultats obtenus constituent une contribution significative au domaine de Systèmes Embarqués.,Systèmes Embarqués,Développement logiciel (SCRUM),Master 1,2020,Etudiant_0104,Dr. Professeur_10,13.52,arduino|embarque|energie|iot|temps-reel,5,1
MEM-0105,Sécurisation des applications mobile banking,Analyse des vulnérabilités des applications de paiement mobile au Togo selon OWASP Mobile Top 10. Implémentation des contre-mesures et chiffrement end-to-end des transactions.,Analyse des vulnérabilités des applications de paiement mobile au Togo selon OWASP Mobile Top 10. Implémentation des contre-mesures et chiffrement end-to-end des transactions. Ce travail s'inscrit dans le contexte de contexte africain. La méthodologie adoptée est Étude de cas. Les résultats obtenus constituent une contribution significative au domaine de Cybersécurité.,Sécurisation des applications mobile banking. Analyse des vulnérabilités des applications de paiement mobile au Togo selon OWASP Mobile Top 10. Implémentation des contre-mesures et chiffrement end-to-end des transactions. Analyse des vulnérabilités des applications de paiement mobile au Togo selon OWASP Mobile Top 10. Implémentation des contre-mesures et chiffrement end-to-end des transactions. Ce travail s'inscrit dans le contexte de contexte africain. La méthodologie adoptée est Étude de cas. Les résultats obtenus constituent une contribution significative au domaine de Cybersécurité.,Cybersécurité,Étude de cas,Licence 3,2024,Etudiant_0105,Dr. Professeur_05,11.15,afrique|audit|forensics|intrusion,4,1
MEM-0106,Système de monitoring applicatif temps réel,"Déploiement d'une stack de monitoring avec Prometheus, Grafana et alerting automatique. Couverture de 15 microservices avec dashboards métier et techniques. MTTR réduit de 4h à 20min.","Déploiement d'une stack de monitoring avec Prometheus, Grafana et alerting automatique. Couverture de 15 microservices avec dashboards métier et techniques. MTTR réduit de 4h à 20min. Ce travail s'inscrit dans le contexte de zones rurales. La méthodologie adoptée est Développement dirigé par les tests (TDD). Les résultats obtenus constituent une contribution significative au domaine de Cloud / DevOps.","Système de monitoring applicatif temps réel. Déploiement d'une stack de monitoring avec Prometheus, Grafana et alerting automatique. Couverture de 15 microservices avec dashboards métier et techniques. MTTR réduit de 4h à 20min. Déploiement d'une stack de monitoring avec Prometheus, Grafana et alerting automatique. Couverture de 15 microservices avec dashboards métier et techniques. MTTR réduit de 4h à 20min. Ce travail s'inscrit dans le contexte de zones rurales. La méthodologie adoptée est Développement dirigé par les tests (TDD). Les résultats obtenus constituent une contribution significative au domaine de Cloud / DevOps.",Cloud / DevOps,Développement dirigé par les tests (TDD),Master 2,2022,Etudiant_0106,Dr. Professeur_13,12.73,aws|devops|kubernetes|microservices|monitoring|terraform,6,1
MEM-0107,Irrigation automatique intelligente,Système embarqué sur Arduino/Raspberry Pi pour l'irrigation selon l'humidité du sol et les prévisions météo. Économie d'eau de 35% mesurée sur 6 mois dans une exploitation agricole pilote.,Système embarqué sur Arduino/Raspberry Pi pour l'irrigation selon l'humidité du sol et les prévisions météo. Économie d'eau de 35% mesurée sur 6 mois dans une exploitation agricole pilote. Ce travail s'inscrit dans le contexte de Togo. La méthodologie adoptée est Développement logiciel (SCRUM). Les résultats obtenus constituent une contribution significative au domaine de Systèmes Embarqués.,Irrigation automatique intelligente. Système embarqué sur Arduino/Raspberry Pi pour l'irrigation selon l'humidité du sol et les prévisions météo. Économie d'eau de 35% mesurée sur 6 mois dans une exploitation agricole pilote. Système embarqué sur Arduino/Raspberry Pi pour l'irrigation selon l'humidité du sol et les prévisions météo. Économie d'eau de 35% mesurée sur 6 mois dans une exploitation agricole pilote. Ce travail s'inscrit dans le contexte de Togo. La méthodologie adoptée est Développement logiciel (SCRUM). Les résultats obtenus constituent une contribution significative au domaine de Systèmes Embarqués.,Systèmes Embarqués,Développement logiciel (SCRUM),Licence 3,2024,Etudiant_0107,Dr. Professeur_09,10.92,arduino|energie|raspberry-pi,3,1
MEM-0108,Pipeline CI/CD pour équipe de développement,"Mise en place d'un pipeline d'intégration et déploiement continus avec GitHub Actions, Docker et Kubernetes. Réduction du temps de déploiement de 2 jours à 15 minutes. 0 régression en production.","Mise en place d'un pipeline d'intégration et déploiement continus avec GitHub Actions, Docker et Kubernetes. Réduction du temps de déploiement de 2 jours à 15 minutes. 0 régression en production. Ce travail s'inscrit dans le contexte de Afrique de l'Ouest. La méthodologie adoptée est Recherche appliquée. Les résultats obtenus constituent une contribution significative au domaine de Cloud / DevOps.","Pipeline CI/CD pour équipe de développement. Mise en place d'un pipeline d'intégration et déploiement continus avec GitHub Actions, Docker et Kubernetes. Réduction du temps de déploiement de 2 jours à 15 minutes. 0 régression en production. Mise en place d'un pipeline d'intégration et déploiement continus avec GitHub Actions, Docker et Kubernetes. Réduction du temps de déploiement de 2 jours à 15 minutes. 0 régression en production. Ce travail s'inscrit dans le contexte de Afrique de l'Ouest. La méthodologie adoptée est Recherche appliquée. Les résultats obtenus constituent une contribution significative au domaine de Cloud / DevOps.",Cloud / DevOps,Recherche appliquée,Licence 3,2020,Etudiant_0108,Dr. Professeur_03,18.83,devops|docker|kubernetes|microservices|monitoring|terraform,6,1
MEM-0109,Analyse de sentiment pour les élections africaines,Application du NLP pour analyser l'opinion publique sur les réseaux sociaux pendant les campagnes électorales. Modèle CamemBERT adapté au français africain avec 89% d'exactitude.,Application du NLP pour analyser l'opinion publique sur les réseaux sociaux pendant les campagnes électorales. Modèle CamemBERT adapté au français africain avec 89% d'exactitude. Ce travail s'inscrit dans le contexte de langues locales. La méthodologie adoptée est Développement logiciel (SCRUM). Les résultats obtenus constituent une contribution significative au domaine de IA / Machine Learning.,Analyse de sentiment pour les élections africaines. Application du NLP pour analyser l'opinion publique sur les réseaux sociaux pendant les campagnes électorales. Modèle CamemBERT adapté au français africain avec 89% d'exactitude. Application du NLP pour analyser l'opinion publique sur les réseaux sociaux pendant les campagnes électorales. Modèle CamemBERT adapté au français africain avec 89% d'exactitude. Ce travail s'inscrit dans le contexte de langues locales. La méthodologie adoptée est Développement logiciel (SCRUM). Les résultats obtenus constituent une contribution significative au domaine de IA / Machine Learning.,IA / Machine Learning,Développement logiciel (SCRUM),Master 1,2021,Etudiant_0109,Dr. Professeur_09,12.16,afrique|bert|classification|neural-network|prediction|python|tensorflow,7,1
MEM-0110,Migration infrastructure on-premise vers AWS,"Planification et exécution complète de la migration cloud d'une PME locale. Architecture 3-tiers sur AWS avec auto-scaling, backup automatique et réduction des coûts d'infrastructure de 40%.","Planification et exécution complète de la migration cloud d'une PME locale. Architecture 3-tiers sur AWS avec auto-scaling, backup automatique et réduction des coûts d'infrastructure de 40%. Ce travail s'inscrit dans le contexte de mobile money. La méthodologie adoptée est Recherche appliquée. Les résultats obtenus constituent une contribution significative au domaine de Cloud / DevOps.","Migration infrastructure on-premise vers AWS. Planification et exécution complète de la migration cloud d'une PME locale. Architecture 3-tiers sur AWS avec auto-scaling, backup automatique et réduction des coûts d'infrastructure de 40%. Planification et exécution complète de la migration cloud d'une PME locale. Architecture 3-tiers sur AWS avec auto-scaling, backup automatique et réduction des coûts d'infrastructure de 40%. Ce travail s'inscrit dans le contexte de mobile money. La méthodologie adoptée est Recherche appliquée. Les résultats obtenus constituent une contribution significative au domaine de Cloud / DevOps.",Cloud / DevOps,Recherche appliquée,Master 2,2023,Etudiant_0110,Dr. Professeur_10,13.95,aws|devops|kubernetes|monitoring|terraform,5,0
MEM-0111,Optimisation QoS dans les réseaux 4G,Étude et amélioration de la qualité de service pour les applications temps réel sur réseau mobile 4G/LTE. Simulation sous NS-3 et validation terrain avec mesures de latence et débit.,Étude et amélioration de la qualité de service pour les applications temps réel sur réseau mobile 4G/LTE. Simulation sous NS-3 et validation terrain avec mesures de latence et débit. Ce travail s'inscrit dans le contexte de PME africaine. La méthodologie adoptée est Recherche expérimentale. Les résultats obtenus constituent une contribution significative au domaine de Réseaux.,Optimisation QoS dans les réseaux 4G. Étude et amélioration de la qualité de service pour les applications temps réel sur réseau mobile 4G/LTE. Simulation sous NS-3 et validation terrain avec mesures de latence et débit. Étude et amélioration de la qualité de service pour les applications temps réel sur réseau mobile 4G/LTE. Simulation sous NS-3 et validation terrain avec mesures de latence et débit. Ce travail s'inscrit dans le contexte de PME africaine. La méthodologie adoptée est Recherche expérimentale. Les résultats obtenus constituent une contribution significative au domaine de Réseaux.,Réseaux,Recherche expérimentale,Licence 3,2024,Etudiant_0111,Dr. Professeur_03,17.47,cisco|iot|tcp-ip|wifi,4,1
MEM-0112,Architecture réseau IoT pour smart city,"Conception d'une infrastructure de capteurs connectés pour la gestion intelligente des feux de circulation, de l'éclairage public et des déchets dans une ville de taille moyenne.","Conception d'une infrastructure de capteurs connectés pour la gestion intelligente des feux de circulation, de l'éclairage public et des déchets dans une ville de taille moyenne. Ce travail s'inscrit dans le contexte de Lomé. La méthodologie adoptée est Prototypage rapide. Les résultats obtenus constituent une contribution significative au domaine de Réseaux.","Architecture réseau IoT pour smart city. Conception d'une infrastructure de capteurs connectés pour la gestion intelligente des feux de circulation, de l'éclairage public et des déchets dans une ville de taille moyenne. Conception d'une infrastructure de capteurs connectés pour la gestion intelligente des feux de circulation, de l'éclairage public et des déchets dans une ville de taille moyenne. Ce travail s'inscrit dans le contexte de Lomé. La méthodologie adoptée est Prototypage rapide. Les résultats obtenus constituent une contribution significative au domaine de Réseaux.",Réseaux,Prototypage rapide,Master 2,2024,Etudiant_0112,Dr. Professeur_15,10.19,4g|cisco|iot|qos|wifi,5,0
MEM-0113,Contrôle d'accès biométrique à faible coût,Système de contrôle d'accès par empreinte digitale et reconnaissance faciale pour sécuriser des locaux à budget limité. Coût matériel sous 50 000 FCFA. Déployé dans 3 établissements scolaires.,Système de contrôle d'accès par empreinte digitale et reconnaissance faciale pour sécuriser des locaux à budget limité. Coût matériel sous 50 000 FCFA. Déployé dans 3 établissements scolaires. Ce travail s'inscrit dans le contexte de contexte africain. La méthodologie adoptée est Étude de cas. Les résultats obtenus constituent une contribution significative au domaine de Systèmes Embarqués.,Contrôle d'accès biométrique à faible coût. Système de contrôle d'accès par empreinte digitale et reconnaissance faciale pour sécuriser des locaux à budget limité. Coût matériel sous 50 000 FCFA. Déployé dans 3 établissements scolaires. Système de contrôle d'accès par empreinte digitale et reconnaissance faciale pour sécuriser des locaux à budget limité. Coût matériel sous 50 000 FCFA. Déployé dans 3 établissements scolaires. Ce travail s'inscrit dans le contexte de contexte africain. La méthodologie adoptée est Étude de cas. Les résultats obtenus constituent une contribution significative au domaine de Systèmes Embarqués.,Systèmes Embarqués,Étude de cas,Master 2,2021,Etudiant_0113,Dr. Professeur_10,11.72,arduino|capteurs|energie|iot|temps-reel,5,1
MEM-0114,Système de surveillance de la qualité de l'air,"Réseau de capteurs IoT autonomes mesurant CO2, PM2.5, NO2 et température. Transmission MQTT vers dashboard Grafana. Autonomie 6 mois sur batterie avec panneau solaire. Déployé dans 5 quartiers de Lomé.","Réseau de capteurs IoT autonomes mesurant CO2, PM2.5, NO2 et température. Transmission MQTT vers dashboard Grafana. Autonomie 6 mois sur batterie avec panneau solaire. Déployé dans 5 quartiers de Lomé. Ce travail s'inscrit dans le contexte de langues locales. La méthodologie adoptée est Étude de cas. Les résultats obtenus constituent une contribution significative au domaine de Systèmes Embarqués.","Système de surveillance de la qualité de l'air. Réseau de capteurs IoT autonomes mesurant CO2, PM2.5, NO2 et température. Transmission MQTT vers dashboard Grafana. Autonomie 6 mois sur batterie avec panneau solaire. Déployé dans 5 quartiers de Lomé. Réseau de capteurs IoT autonomes mesurant CO2, PM2.5, NO2 et température. Transmission MQTT vers dashboard Grafana. Autonomie 6 mois sur batterie avec panneau solaire. Déployé dans 5 quartiers de Lomé. Ce travail s'inscrit dans le contexte de langues locales. La méthodologie adoptée est Étude de cas. Les résultats obtenus constituent une contribution significative au domaine de Systèmes Embarqués.",Systèmes Embarqués,Étude de cas,Licence 3,2019,Etudiant_0114,Dr. Professeur_04,17.46,afrique|arduino|capteurs|energie|iot|mqtt,6,1
MEM-0115,Audit de sécurité des infrastructures bancaires,"Évaluation complète de la posture de sécurité d'une banque locale par tests de pénétration, analyse de code et revue de configuration. Rapport de 47 vulnérabilités identifiées avec plan de remédiation.","Évaluation complète de la posture de sécurité d'une banque locale par tests de pénétration, analyse de code et revue de configuration. Rapport de 47 vulnérabilités identifiées avec plan de remédiation. Ce travail s'inscrit dans le contexte de mobile money. La méthodologie adoptée est Prototypage rapide. Les résultats obtenus constituent une contribution significative au domaine de Cybersécurité.","Audit de sécurité des infrastructures bancaires. Évaluation complète de la posture de sécurité d'une banque locale par tests de pénétration, analyse de code et revue de configuration. Rapport de 47 vulnérabilités identifiées avec plan de remédiation. Évaluation complète de la posture de sécurité d'une banque locale par tests de pénétration, analyse de code et revue de configuration. Rapport de 47 vulnérabilités identifiées avec plan de remédiation. Ce travail s'inscrit dans le contexte de mobile money. La méthodologie adoptée est Prototypage rapide. Les résultats obtenus constituent une contribution significative au domaine de Cybersécurité.",Cybersécurité,Prototypage rapide,Master 2,2018,Etudiant_0115,Dr. Professeur_05,11.03,audit|cryptographie|intrusion|owasp|siem,5,1
MEM-0116,Sécurisation des applications mobile banking,Analyse des vulnérabilités des applications de paiement mobile au Togo selon OWASP Mobile Top 10. Implémentation des contre-mesures et chiffrement end-to-end des transactions.,Analyse des vulnérabilités des applications de paiement mobile au Togo selon OWASP Mobile Top 10. Implémentation des contre-mesures et chiffrement end-to-end des transactions. Ce travail s'inscrit dans le contexte de contexte africain. La méthodologie adoptée est Développement logiciel (SCRUM). Les résultats obtenus constituent une contribution significative au domaine de Cybersécurité.,Sécurisation des applications mobile banking. Analyse des vulnérabilités des applications de paiement mobile au Togo selon OWASP Mobile Top 10. Implémentation des contre-mesures et chiffrement end-to-end des transactions. Analyse des vulnérabilités des applications de paiement mobile au Togo selon OWASP Mobile Top 10. Implémentation des contre-mesures et chiffrement end-to-end des transactions. Ce travail s'inscrit dans le contexte de contexte africain. La méthodologie adoptée est Développement logiciel (SCRUM). Les résultats obtenus constituent une contribution significative au domaine de Cybersécurité.,Cybersécurité,Développement logiciel (SCRUM),Licence 3,2024,Etudiant_0116,Dr. Professeur_11,18.64,afrique|audit|cryptographie|forensics|intrusion|vulnerabilite,6,1
MEM-0117,Entrepôt de données pour le Ministère de la Santé,"Conception d'un data warehouse selon modélisation en étoile pour centraliser les données épidémiologiques nationales. Pipeline ETL automatisé, 50M enregistrements, requêtes analytiques en < 2s.","Conception d'un data warehouse selon modélisation en étoile pour centraliser les données épidémiologiques nationales. Pipeline ETL automatisé, 50M enregistrements, requêtes analytiques en < 2s. Ce travail s'inscrit dans le contexte de Afrique de l'Ouest. La méthodologie adoptée est Étude de cas. Les résultats obtenus constituent une contribution significative au domaine de Bases de données.","Entrepôt de données pour le Ministère de la Santé. Conception d'un data warehouse selon modélisation en étoile pour centraliser les données épidémiologiques nationales. Pipeline ETL automatisé, 50M enregistrements, requêtes analytiques en < 2s. Conception d'un data warehouse selon modélisation en étoile pour centraliser les données épidémiologiques nationales. Pipeline ETL automatisé, 50M enregistrements, requêtes analytiques en < 2s. Ce travail s'inscrit dans le contexte de Afrique de l'Ouest. La méthodologie adoptée est Étude de cas. Les résultats obtenus constituent une contribution significative au domaine de Bases de données.",Bases de données,Étude de cas,Master 1,2023,Etudiant_0117,Dr. Professeur_08,13.1,etl|indexation|postgresql|sql,4,0
MEM-0118,Irrigation automatique intelligente,Système embarqué sur Arduino/Raspberry Pi pour l'irrigation selon l'humidité du sol et les prévisions météo. Économie d'eau de 35% mesurée sur 6 mois dans une exploitation agricole pilote.,Système embarqué sur Arduino/Raspberry Pi pour l'irrigation selon l'humidité du sol et les prévisions météo. Économie d'eau de 35% mesurée sur 6 mois dans une exploitation agricole pilote. Ce travail s'inscrit dans le contexte de Togo. La méthodologie adoptée est Développement logiciel (SCRUM). Les résultats obtenus constituent une contribution significative au domaine de Systèmes Embarqués.,Irrigation automatique intelligente. Système embarqué sur Arduino/Raspberry Pi pour l'irrigation selon l'humidité du sol et les prévisions météo. Économie d'eau de 35% mesurée sur 6 mois dans une exploitation agricole pilote. Système embarqué sur Arduino/Raspberry Pi pour l'irrigation selon l'humidité du sol et les prévisions météo. Économie d'eau de 35% mesurée sur 6 mois dans une exploitation agricole pilote. Ce travail s'inscrit dans le contexte de Togo. La méthodologie adoptée est Développement logiciel (SCRUM). Les résultats obtenus constituent une contribution significative au domaine de Systèmes Embarqués.,Systèmes Embarqués,Développement logiciel (SCRUM),Master 2,2024,Etudiant_0118,Dr. Professeur_13,14.5,arduino|capteurs|energie|mqtt,4,1
MEM-0119,Optimisation QoS dans les réseaux 4G,Étude et amélioration de la qualité de service pour les applications temps réel sur réseau mobile 4G/LTE. Simulation sous NS-3 et validation terrain avec mesures de latence et débit.,Étude et amélioration de la qualité de service pour les applications temps réel sur réseau mobile 4G/LTE. Simulation sous NS-3 et validation terrain avec mesures de latence et débit. Ce travail s'inscrit dans le contexte de contexte africain. La méthodologie adoptée est Prototypage rapide. Les résultats obtenus constituent une contribution significative au domaine de Réseaux.,Optimisation QoS dans les réseaux 4G. Étude et amélioration de la qualité de service pour les applications temps réel sur réseau mobile 4G/LTE. Simulation sous NS-3 et validation terrain avec mesures de latence et débit. Étude et amélioration de la qualité de service pour les applications temps réel sur réseau mobile 4G/LTE. Simulation sous NS-3 et validation terrain avec mesures de latence et débit. Ce travail s'inscrit dans le contexte de contexte africain. La méthodologie adoptée est Prototypage rapide. Les résultats obtenus constituent une contribution significative au domaine de Réseaux.,Réseaux,Prototypage rapide,Master 1,2022,Etudiant_0119,Dr. Professeur_02,19.82,protocole|qos|wifi,3,1
MEM-0120,Audit de sécurité des infrastructures bancaires,"Évaluation complète de la posture de sécurité d'une banque locale par tests de pénétration, analyse de code et revue de configuration. Rapport de 47 vulnérabilités identifiées avec plan de remédiation.","Évaluation complète de la posture de sécurité d'une banque locale par tests de pénétration, analyse de code et revue de configuration. Rapport de 47 vulnérabilités identifiées avec plan de remédiation. Ce travail s'inscrit dans le contexte de Lomé. La méthodologie adoptée est Recherche expérimentale. Les résultats obtenus constituent une contribution significative au domaine de Cybersécurité.","Audit de sécurité des infrastructures bancaires. Évaluation complète de la posture de sécurité d'une banque locale par tests de pénétration, analyse de code et revue de configuration. Rapport de 47 vulnérabilités identifiées avec plan de remédiation. Évaluation complète de la posture de sécurité d'une banque locale par tests de pénétration, analyse de code et revue de configuration. Rapport de 47 vulnérabilités identifiées avec plan de remédiation. Ce travail s'inscrit dans le contexte de Lomé. La méthodologie adoptée est Recherche expérimentale. Les résultats obtenus constituent une contribution significative au domaine de Cybersécurité.",Cybersécurité,Recherche expérimentale,Master 2,2021,Etudiant_0120,Dr. Professeur_06,14.09,audit|intrusion|owasp|vulnerabilite,4,1
MEM-0121,Analyse de sentiment pour les élections africaines,Application du NLP pour analyser l'opinion publique sur les réseaux sociaux pendant les campagnes électorales. Modèle CamemBERT adapté au français africain avec 89% d'exactitude.,Application du NLP pour analyser l'opinion publique sur les réseaux sociaux pendant les campagnes électorales. Modèle CamemBERT adapté au français africain avec 89% d'exactitude. Ce travail s'inscrit dans le contexte de langues locales. La méthodologie adoptée est Recherche-action. Les résultats obtenus constituent une contribution significative au domaine de IA / Machine Learning.,Analyse de sentiment pour les élections africaines. Application du NLP pour analyser l'opinion publique sur les réseaux sociaux pendant les campagnes électorales. Modèle CamemBERT adapté au français africain avec 89% d'exactitude. Application du NLP pour analyser l'opinion publique sur les réseaux sociaux pendant les campagnes électorales. Modèle CamemBERT adapté au français africain avec 89% d'exactitude. Ce travail s'inscrit dans le contexte de langues locales. La méthodologie adoptée est Recherche-action. Les résultats obtenus constituent une contribution significative au domaine de IA / Machine Learning.,IA / Machine Learning,Recherche-action,Master 1,2018,Etudiant_0121,Dr. Professeur_14,12.52,afrique|bert|deep-learning|neural-network|python|tensorflow,6,1
MEM-0122,Implémentation d'un SIEM open source,Déploiement et configuration de Wazuh/ELK Stack pour la détection d'intrusions en temps réel. Définition de 120 règles de corrélation et procédures de réponse aux incidents pour une PME.,Déploiement et configuration de Wazuh/ELK Stack pour la détection d'intrusions en temps réel. Définition de 120 règles de corrélation et procédures de réponse aux incidents pour une PME. Ce travail s'inscrit dans le contexte de Lomé. La méthodologie adoptée est Développement logiciel (SCRUM). Les résultats obtenus constituent une contribution significative au domaine de Cybersécurité.,Implémentation d'un SIEM open source. Déploiement et configuration de Wazuh/ELK Stack pour la détection d'intrusions en temps réel. Définition de 120 règles de corrélation et procédures de réponse aux incidents pour une PME. Déploiement et configuration de Wazuh/ELK Stack pour la détection d'intrusions en temps réel. Définition de 120 règles de corrélation et procédures de réponse aux incidents pour une PME. Ce travail s'inscrit dans le contexte de Lomé. La méthodologie adoptée est Développement logiciel (SCRUM). Les résultats obtenus constituent une contribution significative au domaine de Cybersécurité.,Cybersécurité,Développement logiciel (SCRUM),Master 2,2023,Etudiant_0122,Dr. Professeur_12,11.29,audit|owasp|vulnerabilite,3,1
MEM-0123,Application de suivi de grossesse pour zones rurales,"App mobile hors-ligne pour le suivi médical des femmes enceintes sans connexion internet. Synchronisation différée des données. Déployée dans 12 centres de santé ruraux, 800 femmes suivies.","App mobile hors-ligne pour le suivi médical des femmes enceintes sans connexion internet. Synchronisation différée des données. Déployée dans 12 centres de santé ruraux, 800 femmes suivies. Ce travail s'inscrit dans le contexte de Afrique de l'Ouest. La méthodologie adoptée est Étude de cas. Les résultats obtenus constituent une contribution significative au domaine de Mobile.","Application de suivi de grossesse pour zones rurales. App mobile hors-ligne pour le suivi médical des femmes enceintes sans connexion internet. Synchronisation différée des données. Déployée dans 12 centres de santé ruraux, 800 femmes suivies. App mobile hors-ligne pour le suivi médical des femmes enceintes sans connexion internet. Synchronisation différée des données. Déployée dans 12 centres de santé ruraux, 800 femmes suivies. Ce travail s'inscrit dans le contexte de Afrique de l'Ouest. La méthodologie adoptée est Étude de cas. Les résultats obtenus constituent une contribution significative au domaine de Mobile.",Mobile,Étude de cas,Master 2,2024,Etudiant_0123,Dr. Professeur_07,16.46,geolocalisation|offline|react-native|ux,4,1
MEM-0124,Prédiction du décrochage scolaire par machine learning,Ce projet applique Random Forest et XGBoost pour identifier les étudiants à risque de décrochage à partir de données académiques et comportementales. Un tableau de bord de visualisation est développé pour les responsables.,Ce projet applique Random Forest et XGBoost pour identifier les étudiants à risque de décrochage à partir de données académiques et comportementales. Un tableau de bord de visualisation est développé pour les responsables. Ce travail s'inscrit dans le contexte de zones rurales. La méthodologie adoptée est Recherche appliquée. Les résultats obtenus constituent une contribution significative au domaine de IA / Machine Learning.,Prédiction du décrochage scolaire par machine learning. Ce projet applique Random Forest et XGBoost pour identifier les étudiants à risque de décrochage à partir de données académiques et comportementales. Un tableau de bord de visualisation est développé pour les responsables. Ce projet applique Random Forest et XGBoost pour identifier les étudiants à risque de décrochage à partir de données académiques et comportementales. Un tableau de bord de visualisation est développé pour les responsables. Ce travail s'inscrit dans le contexte de zones rurales. La méthodologie adoptée est Recherche appliquée. Les résultats obtenus constituent une contribution significative au domaine de IA / Machine Learning.,IA / Machine Learning,Recherche appliquée,Licence 3,2019,Etudiant_0124,Dr. Professeur_14,10.77,classification|deep-learning|neural-network|prediction,4,1
MEM-0125,Analyse de sentiment pour les élections africaines,Application du NLP pour analyser l'opinion publique sur les réseaux sociaux pendant les campagnes électorales. Modèle CamemBERT adapté au français africain avec 89% d'exactitude.,Application du NLP pour analyser l'opinion publique sur les réseaux sociaux pendant les campagnes électorales. Modèle CamemBERT adapté au français africain avec 89% d'exactitude. Ce travail s'inscrit dans le contexte de PME africaine. La méthodologie adoptée est Recherche appliquée. Les résultats obtenus constituent une contribution significative au domaine de IA / Machine Learning.,Analyse de sentiment pour les élections africaines. Application du NLP pour analyser l'opinion publique sur les réseaux sociaux pendant les campagnes électorales. Modèle CamemBERT adapté au français africain avec 89% d'exactitude. Application du NLP pour analyser l'opinion publique sur les réseaux sociaux pendant les campagnes électorales. Modèle CamemBERT adapté au français africain avec 89% d'exactitude. Ce travail s'inscrit dans le contexte de PME africaine. La méthodologie adoptée est Recherche appliquée. Les résultats obtenus constituent une contribution significative au domaine de IA / Machine Learning.,IA / Machine Learning,Recherche appliquée,Master 2,2019,Etudiant_0125,Dr. Professeur_06,10.44,afrique|bert|classification|deep-learning|neural-network|prediction|tensorflow,7,1
MEM-0126,Optimisation QoS dans les réseaux 4G,Étude et amélioration de la qualité de service pour les applications temps réel sur réseau mobile 4G/LTE. Simulation sous NS-3 et validation terrain avec mesures de latence et débit.,Étude et amélioration de la qualité de service pour les applications temps réel sur réseau mobile 4G/LTE. Simulation sous NS-3 et validation terrain avec mesures de latence et débit. Ce travail s'inscrit dans le contexte de PME africaine. La méthodologie adoptée est Prototypage rapide. Les résultats obtenus constituent une contribution significative au domaine de Réseaux.,Optimisation QoS dans les réseaux 4G. Étude et amélioration de la qualité de service pour les applications temps réel sur réseau mobile 4G/LTE. Simulation sous NS-3 et validation terrain avec mesures de latence et débit. Étude et amélioration de la qualité de service pour les applications temps réel sur réseau mobile 4G/LTE. Simulation sous NS-3 et validation terrain avec mesures de latence et débit. Ce travail s'inscrit dans le contexte de PME africaine. La méthodologie adoptée est Prototypage rapide. Les résultats obtenus constituent une contribution significative au domaine de Réseaux.,Réseaux,Prototypage rapide,Master 1,2024,Etudiant_0126,Dr. Professeur_04,19.04,4g|iot|ns3|protocole|tcp-ip,5,1
MEM-0127,Optimisation performances BDD hospitalière,"Analyse et optimisation d'un système de gestion hospitalière sous PostgreSQL. Indexation, partitionnement et réécriture de requêtes. Réduction du temps de réponse moyen de 8s à 0.3s.","Analyse et optimisation d'un système de gestion hospitalière sous PostgreSQL. Indexation, partitionnement et réécriture de requêtes. Réduction du temps de réponse moyen de 8s à 0.3s. Ce travail s'inscrit dans le contexte de zones rurales. La méthodologie adoptée est Développement dirigé par les tests (TDD). Les résultats obtenus constituent une contribution significative au domaine de Bases de données.","Optimisation performances BDD hospitalière. Analyse et optimisation d'un système de gestion hospitalière sous PostgreSQL. Indexation, partitionnement et réécriture de requêtes. Réduction du temps de réponse moyen de 8s à 0.3s. Analyse et optimisation d'un système de gestion hospitalière sous PostgreSQL. Indexation, partitionnement et réécriture de requêtes. Réduction du temps de réponse moyen de 8s à 0.3s. Ce travail s'inscrit dans le contexte de zones rurales. La méthodologie adoptée est Développement dirigé par les tests (TDD). Les résultats obtenus constituent une contribution significative au domaine de Bases de données.",Bases de données,Développement dirigé par les tests (TDD),Master 1,2024,Etudiant_0127,Dr. Professeur_01,18.73,indexation|mongodb|optimisation|postgresql|sql,5,1
MEM-0128,Contrôle d'accès biométrique à faible coût,Système de contrôle d'accès par empreinte digitale et reconnaissance faciale pour sécuriser des locaux à budget limité. Coût matériel sous 50 000 FCFA. Déployé dans 3 établissements scolaires.,Système de contrôle d'accès par empreinte digitale et reconnaissance faciale pour sécuriser des locaux à budget limité. Coût matériel sous 50 000 FCFA. Déployé dans 3 établissements scolaires. Ce travail s'inscrit dans le contexte de PME africaine. La méthodologie adoptée est Développement logiciel (SCRUM). Les résultats obtenus constituent une contribution significative au domaine de Systèmes Embarqués.,Contrôle d'accès biométrique à faible coût. Système de contrôle d'accès par empreinte digitale et reconnaissance faciale pour sécuriser des locaux à budget limité. Coût matériel sous 50 000 FCFA. Déployé dans 3 établissements scolaires. Système de contrôle d'accès par empreinte digitale et reconnaissance faciale pour sécuriser des locaux à budget limité. Coût matériel sous 50 000 FCFA. Déployé dans 3 établissements scolaires. Ce travail s'inscrit dans le contexte de PME africaine. La méthodologie adoptée est Développement logiciel (SCRUM). Les résultats obtenus constituent une contribution significative au domaine de Systèmes Embarqués.,Systèmes Embarqués,Développement logiciel (SCRUM),Master 2,2024,Etudiant_0128,Dr. Professeur_03,19.05,arduino|embarque|energie|iot|raspberry-pi,5,1
MEM-0129,Système de vote électronique sécurisé,"Plateforme de vote en ligne basée sur la cryptographie asymétrique RSA et la blockchain légère. Garantit l'anonymat, l'intégrité et la traçabilité des votes. Testé lors d'une élection étudiante réelle.","Plateforme de vote en ligne basée sur la cryptographie asymétrique RSA et la blockchain légère. Garantit l'anonymat, l'intégrité et la traçabilité des votes. Testé lors d'une élection étudiante réelle. Ce travail s'inscrit dans le contexte de contexte africain. La méthodologie adoptée est Développement dirigé par les tests (TDD). Les résultats obtenus constituent une contribution significative au domaine de Développement Web.","Système de vote électronique sécurisé. Plateforme de vote en ligne basée sur la cryptographie asymétrique RSA et la blockchain légère. Garantit l'anonymat, l'intégrité et la traçabilité des votes. Testé lors d'une élection étudiante réelle. Plateforme de vote en ligne basée sur la cryptographie asymétrique RSA et la blockchain légère. Garantit l'anonymat, l'intégrité et la traçabilité des votes. Testé lors d'une élection étudiante réelle. Ce travail s'inscrit dans le contexte de contexte africain. La méthodologie adoptée est Développement dirigé par les tests (TDD). Les résultats obtenus constituent une contribution significative au domaine de Développement Web.",Développement Web,Développement dirigé par les tests (TDD),Master 1,2020,Etudiant_0129,Dr. Professeur_02,12.36,blockchain|docker|full-stack|react,4,1
MEM-0130,Prédiction du décrochage scolaire par machine learning,Ce projet applique Random Forest et XGBoost pour identifier les étudiants à risque de décrochage à partir de données académiques et comportementales. Un tableau de bord de visualisation est développé pour les responsables.,Ce projet applique Random Forest et XGBoost pour identifier les étudiants à risque de décrochage à partir de données académiques et comportementales. Un tableau de bord de visualisation est développé pour les responsables. Ce travail s'inscrit dans le contexte de PME africaine. La méthodologie adoptée est Développement logiciel (SCRUM). Les résultats obtenus constituent une contribution significative au domaine de IA / Machine Learning.,Prédiction du décrochage scolaire par machine learning. Ce projet applique Random Forest et XGBoost pour identifier les étudiants à risque de décrochage à partir de données académiques et comportementales. Un tableau de bord de visualisation est développé pour les responsables. Ce projet applique Random Forest et XGBoost pour identifier les étudiants à risque de décrochage à partir de données académiques et comportementales. Un tableau de bord de visualisation est développé pour les responsables. Ce travail s'inscrit dans le contexte de PME africaine. La méthodologie adoptée est Développement logiciel (SCRUM). Les résultats obtenus constituent une contribution significative au domaine de IA / Machine Learning.,IA / Machine Learning,Développement logiciel (SCRUM),Master 2,2023,Etudiant_0130,Dr. Professeur_03,16.96,deep-learning|machine-learning|nlp|prediction,4,1
MEM-0131,Optimisation performances BDD hospitalière,"Analyse et optimisation d'un système de gestion hospitalière sous PostgreSQL. Indexation, partitionnement et réécriture de requêtes. Réduction du temps de réponse moyen de 8s à 0.3s.","Analyse et optimisation d'un système de gestion hospitalière sous PostgreSQL. Indexation, partitionnement et réécriture de requêtes. Réduction du temps de réponse moyen de 8s à 0.3s. Ce travail s'inscrit dans le contexte de Lomé. La méthodologie adoptée est Prototypage rapide. Les résultats obtenus constituent une contribution significative au domaine de Bases de données.","Optimisation performances BDD hospitalière. Analyse et optimisation d'un système de gestion hospitalière sous PostgreSQL. Indexation, partitionnement et réécriture de requêtes. Réduction du temps de réponse moyen de 8s à 0.3s. Analyse et optimisation d'un système de gestion hospitalière sous PostgreSQL. Indexation, partitionnement et réécriture de requêtes. Réduction du temps de réponse moyen de 8s à 0.3s. Ce travail s'inscrit dans le contexte de Lomé. La méthodologie adoptée est Prototypage rapide. Les résultats obtenus constituent une contribution significative au domaine de Bases de données.",Bases de données,Prototypage rapide,Licence 3,2018,Etudiant_0131,Dr. Professeur_05,11.11,mongodb|optimisation|postgresql|sql,4,1
MEM-0132,Plateforme de gestion des stages universitaires,"Application full-stack React/FastAPI permettant aux étudiants de postuler aux stages, aux entreprises de publier des offres et à l'université de suivre les conventions. Déployée sur 3 universités togolaises.","Application full-stack React/FastAPI permettant aux étudiants de postuler aux stages, aux entreprises de publier des offres et à l'université de suivre les conventions. Déployée sur 3 universités togolaises. Ce travail s'inscrit dans le contexte de mobile money. La méthodologie adoptée est Recherche expérimentale. Les résultats obtenus constituent une contribution significative au domaine de Développement Web.","Plateforme de gestion des stages universitaires. Application full-stack React/FastAPI permettant aux étudiants de postuler aux stages, aux entreprises de publier des offres et à l'université de suivre les conventions. Déployée sur 3 universités togolaises. Application full-stack React/FastAPI permettant aux étudiants de postuler aux stages, aux entreprises de publier des offres et à l'université de suivre les conventions. Déployée sur 3 universités togolaises. Ce travail s'inscrit dans le contexte de mobile money. La méthodologie adoptée est Recherche expérimentale. Les résultats obtenus constituent une contribution significative au domaine de Développement Web.",Développement Web,Recherche expérimentale,Master 1,2023,Etudiant_0132,Dr. Professeur_05,17.19,afrique|docker|fastapi|full-stack|javascript|postgresql|react,7,1
MEM-0133,Système de surveillance de la qualité de l'air,"Réseau de capteurs IoT autonomes mesurant CO2, PM2.5, NO2 et température. Transmission MQTT vers dashboard Grafana. Autonomie 6 mois sur batterie avec panneau solaire. Déployé dans 5 quartiers de Lomé.","Réseau de capteurs IoT autonomes mesurant CO2, PM2.5, NO2 et température. Transmission MQTT vers dashboard Grafana. Autonomie 6 mois sur batterie avec panneau solaire. Déployé dans 5 quartiers de Lomé. Ce travail s'inscrit dans le contexte de Lomé. La méthodologie adoptée est Prototypage rapide. Les résultats obtenus constituent une contribution significative au domaine de Systèmes Embarqués.","Système de surveillance de la qualité de l'air. Réseau de capteurs IoT autonomes mesurant CO2, PM2.5, NO2 et température. Transmission MQTT vers dashboard Grafana. Autonomie 6 mois sur batterie avec panneau solaire. Déployé dans 5 quartiers de Lomé. Réseau de capteurs IoT autonomes mesurant CO2, PM2.5, NO2 et température. Transmission MQTT vers dashboard Grafana. Autonomie 6 mois sur batterie avec panneau solaire. Déployé dans 5 quartiers de Lomé. Ce travail s'inscrit dans le contexte de Lomé. La méthodologie adoptée est Prototypage rapide. Les résultats obtenus constituent une contribution significative au domaine de Systèmes Embarqués.",Systèmes Embarqués,Prototypage rapide,Master 1,2019,Etudiant_0133,Dr. Professeur_01,18.73,afrique|arduino|energie|iot|mqtt|raspberry-pi,6,1
MEM-0134,Irrigation automatique intelligente,Système embarqué sur Arduino/Raspberry Pi pour l'irrigation selon l'humidité du sol et les prévisions météo. Économie d'eau de 35% mesurée sur 6 mois dans une exploitation agricole pilote.,Système embarqué sur Arduino/Raspberry Pi pour l'irrigation selon l'humidité du sol et les prévisions météo. Économie d'eau de 35% mesurée sur 6 mois dans une exploitation agricole pilote. Ce travail s'inscrit dans le contexte de Afrique de l'Ouest. La méthodologie adoptée est Recherche-action. Les résultats obtenus constituent une contribution significative au domaine de Systèmes Embarqués.,Irrigation automatique intelligente. Système embarqué sur Arduino/Raspberry Pi pour l'irrigation selon l'humidité du sol et les prévisions météo. Économie d'eau de 35% mesurée sur 6 mois dans une exploitation agricole pilote. Système embarqué sur Arduino/Raspberry Pi pour l'irrigation selon l'humidité du sol et les prévisions météo. Économie d'eau de 35% mesurée sur 6 mois dans une exploitation agricole pilote. Ce travail s'inscrit dans le contexte de Afrique de l'Ouest. La méthodologie adoptée est Recherche-action. Les résultats obtenus constituent une contribution significative au domaine de Systèmes Embarqués.,Systèmes Embarqués,Recherche-action,Licence 3,2020,Etudiant_0134,Dr. Professeur_12,17.72,arduino|embarque|raspberry-pi|temps-reel,4,1
MEM-0135,Audit de sécurité des infrastructures bancaires,"Évaluation complète de la posture de sécurité d'une banque locale par tests de pénétration, analyse de code et revue de configuration. Rapport de 47 vulnérabilités identifiées avec plan de remédiation.","Évaluation complète de la posture de sécurité d'une banque locale par tests de pénétration, analyse de code et revue de configuration. Rapport de 47 vulnérabilités identifiées avec plan de remédiation. Ce travail s'inscrit dans le contexte de zones rurales. La méthodologie adoptée est Recherche appliquée. Les résultats obtenus constituent une contribution significative au domaine de Cybersécurité.","Audit de sécurité des infrastructures bancaires. Évaluation complète de la posture de sécurité d'une banque locale par tests de pénétration, analyse de code et revue de configuration. Rapport de 47 vulnérabilités identifiées avec plan de remédiation. Évaluation complète de la posture de sécurité d'une banque locale par tests de pénétration, analyse de code et revue de configuration. Rapport de 47 vulnérabilités identifiées avec plan de remédiation. Ce travail s'inscrit dans le contexte de zones rurales. La méthodologie adoptée est Recherche appliquée. Les résultats obtenus constituent une contribution significative au domaine de Cybersécurité.",Cybersécurité,Recherche appliquée,Master 2,2020,Etudiant_0135,Dr. Professeur_02,18.11,audit|cryptographie|forensics|intrusion|owasp,5,1
MEM-0136,Entrepôt de données pour le Ministère de la Santé,"Conception d'un data warehouse selon modélisation en étoile pour centraliser les données épidémiologiques nationales. Pipeline ETL automatisé, 50M enregistrements, requêtes analytiques en < 2s.","Conception d'un data warehouse selon modélisation en étoile pour centraliser les données épidémiologiques nationales. Pipeline ETL automatisé, 50M enregistrements, requêtes analytiques en < 2s. Ce travail s'inscrit dans le contexte de Lomé. La méthodologie adoptée est Recherche appliquée. Les résultats obtenus constituent une contribution significative au domaine de Bases de données.","Entrepôt de données pour le Ministère de la Santé. Conception d'un data warehouse selon modélisation en étoile pour centraliser les données épidémiologiques nationales. Pipeline ETL automatisé, 50M enregistrements, requêtes analytiques en < 2s. Conception d'un data warehouse selon modélisation en étoile pour centraliser les données épidémiologiques nationales. Pipeline ETL automatisé, 50M enregistrements, requêtes analytiques en < 2s. Ce travail s'inscrit dans le contexte de Lomé. La méthodologie adoptée est Recherche appliquée. Les résultats obtenus constituent une contribution significative au domaine de Bases de données.",Bases de données,Recherche appliquée,Licence 3,2018,Etudiant_0136,Dr. Professeur_09,19.89,etl|optimisation|postgresql,3,1
MEM-0137,Analyse de sentiment pour les élections africaines,Application du NLP pour analyser l'opinion publique sur les réseaux sociaux pendant les campagnes électorales. Modèle CamemBERT adapté au français africain avec 89% d'exactitude.,Application du NLP pour analyser l'opinion publique sur les réseaux sociaux pendant les campagnes électorales. Modèle CamemBERT adapté au français africain avec 89% d'exactitude. Ce travail s'inscrit dans le contexte de contexte africain. La méthodologie adoptée est Recherche expérimentale. Les résultats obtenus constituent une contribution significative au domaine de IA / Machine Learning.,Analyse de sentiment pour les élections africaines. Application du NLP pour analyser l'opinion publique sur les réseaux sociaux pendant les campagnes électorales. Modèle CamemBERT adapté au français africain avec 89% d'exactitude. Application du NLP pour analyser l'opinion publique sur les réseaux sociaux pendant les campagnes électorales. Modèle CamemBERT adapté au français africain avec 89% d'exactitude. Ce travail s'inscrit dans le contexte de contexte africain. La méthodologie adoptée est Recherche expérimentale. Les résultats obtenus constituent une contribution significative au domaine de IA / Machine Learning.,IA / Machine Learning,Recherche expérimentale,Master 1,2020,Etudiant_0137,Dr. Professeur_07,14.37,afrique|bert|machine-learning|neural-network|nlp,5,1
MEM-0138,Pipeline CI/CD pour équipe de développement,"Mise en place d'un pipeline d'intégration et déploiement continus avec GitHub Actions, Docker et Kubernetes. Réduction du temps de déploiement de 2 jours à 15 minutes. 0 régression en production.","Mise en place d'un pipeline d'intégration et déploiement continus avec GitHub Actions, Docker et Kubernetes. Réduction du temps de déploiement de 2 jours à 15 minutes. 0 régression en production. Ce travail s'inscrit dans le contexte de Afrique de l'Ouest. La méthodologie adoptée est Recherche expérimentale. Les résultats obtenus constituent une contribution significative au domaine de Cloud / DevOps.","Pipeline CI/CD pour équipe de développement. Mise en place d'un pipeline d'intégration et déploiement continus avec GitHub Actions, Docker et Kubernetes. Réduction du temps de déploiement de 2 jours à 15 minutes. 0 régression en production. Mise en place d'un pipeline d'intégration et déploiement continus avec GitHub Actions, Docker et Kubernetes. Réduction du temps de déploiement de 2 jours à 15 minutes. 0 régression en production. Ce travail s'inscrit dans le contexte de Afrique de l'Ouest. La méthodologie adoptée est Recherche expérimentale. Les résultats obtenus constituent une contribution significative au domaine de Cloud / DevOps.",Cloud / DevOps,Recherche expérimentale,Master 1,2023,Etudiant_0138,Dr. Professeur_02,17.27,docker|kubernetes|microservices|monitoring|terraform,5,1
MEM-0139,Sécurisation des applications mobile banking,Analyse des vulnérabilités des applications de paiement mobile au Togo selon OWASP Mobile Top 10. Implémentation des contre-mesures et chiffrement end-to-end des transactions.,Analyse des vulnérabilités des applications de paiement mobile au Togo selon OWASP Mobile Top 10. Implémentation des contre-mesures et chiffrement end-to-end des transactions. Ce travail s'inscrit dans le contexte de langues locales. La méthodologie adoptée est Recherche appliquée. Les résultats obtenus constituent une contribution significative au domaine de Cybersécurité.,Sécurisation des applications mobile banking. Analyse des vulnérabilités des applications de paiement mobile au Togo selon OWASP Mobile Top 10. Implémentation des contre-mesures et chiffrement end-to-end des transactions. Analyse des vulnérabilités des applications de paiement mobile au Togo selon OWASP Mobile Top 10. Implémentation des contre-mesures et chiffrement end-to-end des transactions. Ce travail s'inscrit dans le contexte de langues locales. La méthodologie adoptée est Recherche appliquée. Les résultats obtenus constituent une contribution significative au domaine de Cybersécurité.,Cybersécurité,Recherche appliquée,Master 1,2018,Etudiant_0139,Dr. Professeur_12,14.46,afrique|audit|owasp|vulnerabilite,4,1
MEM-0140,Optimisation performances BDD hospitalière,"Analyse et optimisation d'un système de gestion hospitalière sous PostgreSQL. Indexation, partitionnement et réécriture de requêtes. Réduction du temps de réponse moyen de 8s à 0.3s.","Analyse et optimisation d'un système de gestion hospitalière sous PostgreSQL. Indexation, partitionnement et réécriture de requêtes. Réduction du temps de réponse moyen de 8s à 0.3s. Ce travail s'inscrit dans le contexte de Afrique de l'Ouest. La méthodologie adoptée est Étude de cas. Les résultats obtenus constituent une contribution significative au domaine de Bases de données.","Optimisation performances BDD hospitalière. Analyse et optimisation d'un système de gestion hospitalière sous PostgreSQL. Indexation, partitionnement et réécriture de requêtes. Réduction du temps de réponse moyen de 8s à 0.3s. Analyse et optimisation d'un système de gestion hospitalière sous PostgreSQL. Indexation, partitionnement et réécriture de requêtes. Réduction du temps de réponse moyen de 8s à 0.3s. Ce travail s'inscrit dans le contexte de Afrique de l'Ouest. La méthodologie adoptée est Étude de cas. Les résultats obtenus constituent une contribution significative au domaine de Bases de données.",Bases de données,Étude de cas,Licence 3,2023,Etudiant_0140,Dr. Professeur_07,16.71,etl|nosql|optimisation|postgresql,4,1
MEM-0141,Audit de sécurité des infrastructures bancaires,"Évaluation complète de la posture de sécurité d'une banque locale par tests de pénétration, analyse de code et revue de configuration. Rapport de 47 vulnérabilités identifiées avec plan de remédiation.","Évaluation complète de la posture de sécurité d'une banque locale par tests de pénétration, analyse de code et revue de configuration. Rapport de 47 vulnérabilités identifiées avec plan de remédiation. Ce travail s'inscrit dans le contexte de contexte africain. La méthodologie adoptée est Recherche expérimentale. Les résultats obtenus constituent une contribution significative au domaine de Cybersécurité.","Audit de sécurité des infrastructures bancaires. Évaluation complète de la posture de sécurité d'une banque locale par tests de pénétration, analyse de code et revue de configuration. Rapport de 47 vulnérabilités identifiées avec plan de remédiation. Évaluation complète de la posture de sécurité d'une banque locale par tests de pénétration, analyse de code et revue de configuration. Rapport de 47 vulnérabilités identifiées avec plan de remédiation. Ce travail s'inscrit dans le contexte de contexte africain. La méthodologie adoptée est Recherche expérimentale. Les résultats obtenus constituent une contribution significative au domaine de Cybersécurité.",Cybersécurité,Recherche expérimentale,Master 2,2023,Etudiant_0141,Dr. Professeur_10,13.62,intrusion|pentesting|siem|vulnerabilite,4,0
MEM-0142,Sécurisation des applications mobile banking,Analyse des vulnérabilités des applications de paiement mobile au Togo selon OWASP Mobile Top 10. Implémentation des contre-mesures et chiffrement end-to-end des transactions.,Analyse des vulnérabilités des applications de paiement mobile au Togo selon OWASP Mobile Top 10. Implémentation des contre-mesures et chiffrement end-to-end des transactions. Ce travail s'inscrit dans le contexte de contexte africain. La méthodologie adoptée est Étude de cas. Les résultats obtenus constituent une contribution significative au domaine de Cybersécurité.,Sécurisation des applications mobile banking. Analyse des vulnérabilités des applications de paiement mobile au Togo selon OWASP Mobile Top 10. Implémentation des contre-mesures et chiffrement end-to-end des transactions. Analyse des vulnérabilités des applications de paiement mobile au Togo selon OWASP Mobile Top 10. Implémentation des contre-mesures et chiffrement end-to-end des transactions. Ce travail s'inscrit dans le contexte de contexte africain. La méthodologie adoptée est Étude de cas. Les résultats obtenus constituent une contribution significative au domaine de Cybersécurité.,Cybersécurité,Étude de cas,Master 1,2020,Etudiant_0142,Dr. Professeur_11,13.98,afrique|forensics|intrusion|siem|vulnerabilite,5,1
MEM-0143,Plateforme de gestion des stages universitaires,"Application full-stack React/FastAPI permettant aux étudiants de postuler aux stages, aux entreprises de publier des offres et à l'université de suivre les conventions. Déployée sur 3 universités togolaises.","Application full-stack React/FastAPI permettant aux étudiants de postuler aux stages, aux entreprises de publier des offres et à l'université de suivre les conventions. Déployée sur 3 universités togolaises. Ce travail s'inscrit dans le contexte de PME africaine. La méthodologie adoptée est Recherche-action. Les résultats obtenus constituent une contribution significative au domaine de Développement Web.","Plateforme de gestion des stages universitaires. Application full-stack React/FastAPI permettant aux étudiants de postuler aux stages, aux entreprises de publier des offres et à l'université de suivre les conventions. Déployée sur 3 universités togolaises. Application full-stack React/FastAPI permettant aux étudiants de postuler aux stages, aux entreprises de publier des offres et à l'université de suivre les conventions. Déployée sur 3 universités togolaises. Ce travail s'inscrit dans le contexte de PME africaine. La méthodologie adoptée est Recherche-action. Les résultats obtenus constituent une contribution significative au domaine de Développement Web.",Développement Web,Recherche-action,Licence 3,2021,Etudiant_0143,Dr. Professeur_10,12.15,afrique|django|docker|fastapi|javascript|react|rest-api,7,1
MEM-0144,Entrepôt de données pour le Ministère de la Santé,"Conception d'un data warehouse selon modélisation en étoile pour centraliser les données épidémiologiques nationales. Pipeline ETL automatisé, 50M enregistrements, requêtes analytiques en < 2s.","Conception d'un data warehouse selon modélisation en étoile pour centraliser les données épidémiologiques nationales. Pipeline ETL automatisé, 50M enregistrements, requêtes analytiques en < 2s. Ce travail s'inscrit dans le contexte de PME africaine. La méthodologie adoptée est Développement logiciel (SCRUM). Les résultats obtenus constituent une contribution significative au domaine de Bases de données.","Entrepôt de données pour le Ministère de la Santé. Conception d'un data warehouse selon modélisation en étoile pour centraliser les données épidémiologiques nationales. Pipeline ETL automatisé, 50M enregistrements, requêtes analytiques en < 2s. Conception d'un data warehouse selon modélisation en étoile pour centraliser les données épidémiologiques nationales. Pipeline ETL automatisé, 50M enregistrements, requêtes analytiques en < 2s. Ce travail s'inscrit dans le contexte de PME africaine. La méthodologie adoptée est Développement logiciel (SCRUM). Les résultats obtenus constituent une contribution significative au domaine de Bases de données.",Bases de données,Développement logiciel (SCRUM),Licence 3,2024,Etudiant_0144,Dr. Professeur_13,19.97,indexation|mongodb|nosql,3,1
MEM-0145,Contrôle d'accès biométrique à faible coût,Système de contrôle d'accès par empreinte digitale et reconnaissance faciale pour sécuriser des locaux à budget limité. Coût matériel sous 50 000 FCFA. Déployé dans 3 établissements scolaires.,Système de contrôle d'accès par empreinte digitale et reconnaissance faciale pour sécuriser des locaux à budget limité. Coût matériel sous 50 000 FCFA. Déployé dans 3 établissements scolaires. Ce travail s'inscrit dans le contexte de mobile money. La méthodologie adoptée est Recherche appliquée. Les résultats obtenus constituent une contribution significative au domaine de Systèmes Embarqués.,Contrôle d'accès biométrique à faible coût. Système de contrôle d'accès par empreinte digitale et reconnaissance faciale pour sécuriser des locaux à budget limité. Coût matériel sous 50 000 FCFA. Déployé dans 3 établissements scolaires. Système de contrôle d'accès par empreinte digitale et reconnaissance faciale pour sécuriser des locaux à budget limité. Coût matériel sous 50 000 FCFA. Déployé dans 3 établissements scolaires. Ce travail s'inscrit dans le contexte de mobile money. La méthodologie adoptée est Recherche appliquée. Les résultats obtenus constituent une contribution significative au domaine de Systèmes Embarqués.,Systèmes Embarqués,Recherche appliquée,Master 2,2018,Etudiant_0145,Dr. Professeur_04,11.21,energie|iot|mqtt|raspberry-pi|temps-reel,5,1
MEM-0146,Optimisation QoS dans les réseaux 4G,Étude et amélioration de la qualité de service pour les applications temps réel sur réseau mobile 4G/LTE. Simulation sous NS-3 et validation terrain avec mesures de latence et débit.,Étude et amélioration de la qualité de service pour les applications temps réel sur réseau mobile 4G/LTE. Simulation sous NS-3 et validation terrain avec mesures de latence et débit. Ce travail s'inscrit dans le contexte de Afrique de l'Ouest. La méthodologie adoptée est Développement logiciel (SCRUM). Les résultats obtenus constituent une contribution significative au domaine de Réseaux.,Optimisation QoS dans les réseaux 4G. Étude et amélioration de la qualité de service pour les applications temps réel sur réseau mobile 4G/LTE. Simulation sous NS-3 et validation terrain avec mesures de latence et débit. Étude et amélioration de la qualité de service pour les applications temps réel sur réseau mobile 4G/LTE. Simulation sous NS-3 et validation terrain avec mesures de latence et débit. Ce travail s'inscrit dans le contexte de Afrique de l'Ouest. La méthodologie adoptée est Développement logiciel (SCRUM). Les résultats obtenus constituent une contribution significative au domaine de Réseaux.,Réseaux,Développement logiciel (SCRUM),Master 1,2022,Etudiant_0146,Dr. Professeur_12,13.09,4g|cisco|qos|tcp-ip|wifi,5,1
MEM-0147,Pipeline CI/CD pour équipe de développement,"Mise en place d'un pipeline d'intégration et déploiement continus avec GitHub Actions, Docker et Kubernetes. Réduction du temps de déploiement de 2 jours à 15 minutes. 0 régression en production.","Mise en place d'un pipeline d'intégration et déploiement continus avec GitHub Actions, Docker et Kubernetes. Réduction du temps de déploiement de 2 jours à 15 minutes. 0 régression en production. Ce travail s'inscrit dans le contexte de PME africaine. La méthodologie adoptée est Développement dirigé par les tests (TDD). Les résultats obtenus constituent une contribution significative au domaine de Cloud / DevOps.","Pipeline CI/CD pour équipe de développement. Mise en place d'un pipeline d'intégration et déploiement continus avec GitHub Actions, Docker et Kubernetes. Réduction du temps de déploiement de 2 jours à 15 minutes. 0 régression en production. Mise en place d'un pipeline d'intégration et déploiement continus avec GitHub Actions, Docker et Kubernetes. Réduction du temps de déploiement de 2 jours à 15 minutes. 0 régression en production. Ce travail s'inscrit dans le contexte de PME africaine. La méthodologie adoptée est Développement dirigé par les tests (TDD). Les résultats obtenus constituent une contribution significative au domaine de Cloud / DevOps.",Cloud / DevOps,Développement dirigé par les tests (TDD),Master 2,2018,Etudiant_0147,Dr. Professeur_09,14.66,aws|devops|docker|kubernetes|monitoring,5,1
MEM-0148,Audit de sécurité des infrastructures bancaires,"Évaluation complète de la posture de sécurité d'une banque locale par tests de pénétration, analyse de code et revue de configuration. Rapport de 47 vulnérabilités identifiées avec plan de remédiation.","Évaluation complète de la posture de sécurité d'une banque locale par tests de pénétration, analyse de code et revue de configuration. Rapport de 47 vulnérabilités identifiées avec plan de remédiation. Ce travail s'inscrit dans le contexte de langues locales. La méthodologie adoptée est Étude de cas. Les résultats obtenus constituent une contribution significative au domaine de Cybersécurité.","Audit de sécurité des infrastructures bancaires. Évaluation complète de la posture de sécurité d'une banque locale par tests de pénétration, analyse de code et revue de configuration. Rapport de 47 vulnérabilités identifiées avec plan de remédiation. Évaluation complète de la posture de sécurité d'une banque locale par tests de pénétration, analyse de code et revue de configuration. Rapport de 47 vulnérabilités identifiées avec plan de remédiation. Ce travail s'inscrit dans le contexte de langues locales. La méthodologie adoptée est Étude de cas. Les résultats obtenus constituent une contribution significative au domaine de Cybersécurité.",Cybersécurité,Étude de cas,Master 2,2024,Etudiant_0148,Dr. Professeur_06,11.65,forensics|siem|vulnerabilite,3,1
MEM-0149,Optimisation QoS dans les réseaux 4G,Étude et amélioration de la qualité de service pour les applications temps réel sur réseau mobile 4G/LTE. Simulation sous NS-3 et validation terrain avec mesures de latence et débit.,Étude et amélioration de la qualité de service pour les applications temps réel sur réseau mobile 4G/LTE. Simulation sous NS-3 et validation terrain avec mesures de latence et débit. Ce travail s'inscrit dans le contexte de langues locales. La méthodologie adoptée est Prototypage rapide. Les résultats obtenus constituent une contribution significative au domaine de Réseaux.,Optimisation QoS dans les réseaux 4G. Étude et amélioration de la qualité de service pour les applications temps réel sur réseau mobile 4G/LTE. Simulation sous NS-3 et validation terrain avec mesures de latence et débit. Étude et amélioration de la qualité de service pour les applications temps réel sur réseau mobile 4G/LTE. Simulation sous NS-3 et validation terrain avec mesures de latence et débit. Ce travail s'inscrit dans le contexte de langues locales. La méthodologie adoptée est Prototypage rapide. Les résultats obtenus constituent une contribution significative au domaine de Réseaux.,Réseaux,Prototypage rapide,Master 1,2024,Etudiant_0149,Dr. Professeur_05,11.25,4g|cisco|tcp-ip,3,1
MEM-0150,Système de vote électronique sécurisé,"Plateforme de vote en ligne basée sur la cryptographie asymétrique RSA et la blockchain légère. Garantit l'anonymat, l'intégrité et la traçabilité des votes. Testé lors d'une élection étudiante réelle.","Plateforme de vote en ligne basée sur la cryptographie asymétrique RSA et la blockchain légère. Garantit l'anonymat, l'intégrité et la traçabilité des votes. Testé lors d'une élection étudiante réelle. Ce travail s'inscrit dans le contexte de Togo. La méthodologie adoptée est Prototypage rapide. Les résultats obtenus constituent une contribution significative au domaine de Développement Web.","Système de vote électronique sécurisé. Plateforme de vote en ligne basée sur la cryptographie asymétrique RSA et la blockchain légère. Garantit l'anonymat, l'intégrité et la traçabilité des votes. Testé lors d'une élection étudiante réelle. Plateforme de vote en ligne basée sur la cryptographie asymétrique RSA et la blockchain légère. Garantit l'anonymat, l'intégrité et la traçabilité des votes. Testé lors d'une élection étudiante réelle. Ce travail s'inscrit dans le contexte de Togo. La méthodologie adoptée est Prototypage rapide. Les résultats obtenus constituent une contribution significative au domaine de Développement Web.",Développement Web,Prototypage rapide,Master 2,2019,Etudiant_0150,Dr. Professeur_01,18.25,blockchain|docker|postgresql|rest-api,4,0
MEM-0151,Application de suivi de grossesse pour zones rurales,"App mobile hors-ligne pour le suivi médical des femmes enceintes sans connexion internet. Synchronisation différée des données. Déployée dans 12 centres de santé ruraux, 800 femmes suivies.","App mobile hors-ligne pour le suivi médical des femmes enceintes sans connexion internet. Synchronisation différée des données. Déployée dans 12 centres de santé ruraux, 800 femmes suivies. Ce travail s'inscrit dans le contexte de langues locales. La méthodologie adoptée est Recherche expérimentale. Les résultats obtenus constituent une contribution significative au domaine de Mobile.","Application de suivi de grossesse pour zones rurales. App mobile hors-ligne pour le suivi médical des femmes enceintes sans connexion internet. Synchronisation différée des données. Déployée dans 12 centres de santé ruraux, 800 femmes suivies. App mobile hors-ligne pour le suivi médical des femmes enceintes sans connexion internet. Synchronisation différée des données. Déployée dans 12 centres de santé ruraux, 800 femmes suivies. Ce travail s'inscrit dans le contexte de langues locales. La méthodologie adoptée est Recherche expérimentale. Les résultats obtenus constituent une contribution significative au domaine de Mobile.",Mobile,Recherche expérimentale,Master 2,2021,Etudiant_0151,Dr. Professeur_13,14.83,android|geolocalisation|mobile-money|offline|ux,5,1
MEM-0152,Pipeline CI/CD pour équipe de développement,"Mise en place d'un pipeline d'intégration et déploiement continus avec GitHub Actions, Docker et Kubernetes. Réduction du temps de déploiement de 2 jours à 15 minutes. 0 régression en production.","Mise en place d'un pipeline d'intégration et déploiement continus avec GitHub Actions, Docker et Kubernetes. Réduction du temps de déploiement de 2 jours à 15 minutes. 0 régression en production. Ce travail s'inscrit dans le contexte de PME africaine. La méthodologie adoptée est Étude de cas. Les résultats obtenus constituent une contribution significative au domaine de Cloud / DevOps.","Pipeline CI/CD pour équipe de développement. Mise en place d'un pipeline d'intégration et déploiement continus avec GitHub Actions, Docker et Kubernetes. Réduction du temps de déploiement de 2 jours à 15 minutes. 0 régression en production. Mise en place d'un pipeline d'intégration et déploiement continus avec GitHub Actions, Docker et Kubernetes. Réduction du temps de déploiement de 2 jours à 15 minutes. 0 régression en production. Ce travail s'inscrit dans le contexte de PME africaine. La méthodologie adoptée est Étude de cas. Les résultats obtenus constituent une contribution significative au domaine de Cloud / DevOps.",Cloud / DevOps,Étude de cas,Licence 3,2023,Etudiant_0152,Dr. Professeur_06,14.64,ci-cd|docker|kubernetes|microservices,4,1
MEM-0153,Contrôle d'accès biométrique à faible coût,Système de contrôle d'accès par empreinte digitale et reconnaissance faciale pour sécuriser des locaux à budget limité. Coût matériel sous 50 000 FCFA. Déployé dans 3 établissements scolaires.,Système de contrôle d'accès par empreinte digitale et reconnaissance faciale pour sécuriser des locaux à budget limité. Coût matériel sous 50 000 FCFA. Déployé dans 3 établissements scolaires. Ce travail s'inscrit dans le contexte de Afrique de l'Ouest. La méthodologie adoptée est Recherche appliquée. Les résultats obtenus constituent une contribution significative au domaine de Systèmes Embarqués.,Contrôle d'accès biométrique à faible coût. Système de contrôle d'accès par empreinte digitale et reconnaissance faciale pour sécuriser des locaux à budget limité. Coût matériel sous 50 000 FCFA. Déployé dans 3 établissements scolaires. Système de contrôle d'accès par empreinte digitale et reconnaissance faciale pour sécuriser des locaux à budget limité. Coût matériel sous 50 000 FCFA. Déployé dans 3 établissements scolaires. Ce travail s'inscrit dans le contexte de Afrique de l'Ouest. La méthodologie adoptée est Recherche appliquée. Les résultats obtenus constituent une contribution significative au domaine de Systèmes Embarqués.,Systèmes Embarqués,Recherche appliquée,Master 2,2024,Etudiant_0153,Dr. Professeur_08,13.19,energie|iot|mqtt|raspberry-pi,4,1
MEM-0154,Entrepôt de données pour le Ministère de la Santé,"Conception d'un data warehouse selon modélisation en étoile pour centraliser les données épidémiologiques nationales. Pipeline ETL automatisé, 50M enregistrements, requêtes analytiques en < 2s.","Conception d'un data warehouse selon modélisation en étoile pour centraliser les données épidémiologiques nationales. Pipeline ETL automatisé, 50M enregistrements, requêtes analytiques en < 2s. Ce travail s'inscrit dans le contexte de mobile money. La méthodologie adoptée est Recherche expérimentale. Les résultats obtenus constituent une contribution significative au domaine de Bases de données.","Entrepôt de données pour le Ministère de la Santé. Conception d'un data warehouse selon modélisation en étoile pour centraliser les données épidémiologiques nationales. Pipeline ETL automatisé, 50M enregistrements, requêtes analytiques en < 2s. Conception d'un data warehouse selon modélisation en étoile pour centraliser les données épidémiologiques nationales. Pipeline ETL automatisé, 50M enregistrements, requêtes analytiques en < 2s. Ce travail s'inscrit dans le contexte de mobile money. La méthodologie adoptée est Recherche expérimentale. Les résultats obtenus constituent une contribution significative au domaine de Bases de données.",Bases de données,Recherche expérimentale,Licence 3,2018,Etudiant_0154,Dr. Professeur_15,19.63,datawarehouse|indexation|optimisation|sql,4,1
MEM-0155,Contrôle d'accès biométrique à faible coût,Système de contrôle d'accès par empreinte digitale et reconnaissance faciale pour sécuriser des locaux à budget limité. Coût matériel sous 50 000 FCFA. Déployé dans 3 établissements scolaires.,Système de contrôle d'accès par empreinte digitale et reconnaissance faciale pour sécuriser des locaux à budget limité. Coût matériel sous 50 000 FCFA. Déployé dans 3 établissements scolaires. Ce travail s'inscrit dans le contexte de PME africaine. La méthodologie adoptée est Recherche-action. Les résultats obtenus constituent une contribution significative au domaine de Systèmes Embarqués.,Contrôle d'accès biométrique à faible coût. Système de contrôle d'accès par empreinte digitale et reconnaissance faciale pour sécuriser des locaux à budget limité. Coût matériel sous 50 000 FCFA. Déployé dans 3 établissements scolaires. Système de contrôle d'accès par empreinte digitale et reconnaissance faciale pour sécuriser des locaux à budget limité. Coût matériel sous 50 000 FCFA. Déployé dans 3 établissements scolaires. Ce travail s'inscrit dans le contexte de PME africaine. La méthodologie adoptée est Recherche-action. Les résultats obtenus constituent une contribution significative au domaine de Systèmes Embarqués.,Systèmes Embarqués,Recherche-action,Master 1,2019,Etudiant_0155,Dr. Professeur_08,18.79,capteurs|embarque|mqtt,3,0
MEM-0156,Système de monitoring applicatif temps réel,"Déploiement d'une stack de monitoring avec Prometheus, Grafana et alerting automatique. Couverture de 15 microservices avec dashboards métier et techniques. MTTR réduit de 4h à 20min.","Déploiement d'une stack de monitoring avec Prometheus, Grafana et alerting automatique. Couverture de 15 microservices avec dashboards métier et techniques. MTTR réduit de 4h à 20min. Ce travail s'inscrit dans le contexte de PME africaine. La méthodologie adoptée est Étude de cas. Les résultats obtenus constituent une contribution significative au domaine de Cloud / DevOps.","Système de monitoring applicatif temps réel. Déploiement d'une stack de monitoring avec Prometheus, Grafana et alerting automatique. Couverture de 15 microservices avec dashboards métier et techniques. MTTR réduit de 4h à 20min. Déploiement d'une stack de monitoring avec Prometheus, Grafana et alerting automatique. Couverture de 15 microservices avec dashboards métier et techniques. MTTR réduit de 4h à 20min. Ce travail s'inscrit dans le contexte de PME africaine. La méthodologie adoptée est Étude de cas. Les résultats obtenus constituent une contribution significative au domaine de Cloud / DevOps.",Cloud / DevOps,Étude de cas,Licence 3,2019,Etudiant_0156,Dr. Professeur_01,12.86,aws|ci-cd|kubernetes|microservices|monitoring,5,1
MEM-0157,Migration infrastructure on-premise vers AWS,"Planification et exécution complète de la migration cloud d'une PME locale. Architecture 3-tiers sur AWS avec auto-scaling, backup automatique et réduction des coûts d'infrastructure de 40%.","Planification et exécution complète de la migration cloud d'une PME locale. Architecture 3-tiers sur AWS avec auto-scaling, backup automatique et réduction des coûts d'infrastructure de 40%. Ce travail s'inscrit dans le contexte de mobile money. La méthodologie adoptée est Recherche appliquée. Les résultats obtenus constituent une contribution significative au domaine de Cloud / DevOps.","Migration infrastructure on-premise vers AWS. Planification et exécution complète de la migration cloud d'une PME locale. Architecture 3-tiers sur AWS avec auto-scaling, backup automatique et réduction des coûts d'infrastructure de 40%. Planification et exécution complète de la migration cloud d'une PME locale. Architecture 3-tiers sur AWS avec auto-scaling, backup automatique et réduction des coûts d'infrastructure de 40%. Ce travail s'inscrit dans le contexte de mobile money. La méthodologie adoptée est Recherche appliquée. Les résultats obtenus constituent une contribution significative au domaine de Cloud / DevOps.",Cloud / DevOps,Recherche appliquée,Master 2,2020,Etudiant_0157,Dr. Professeur_05,13.63,aws|ci-cd|microservices|monitoring,4,0
MEM-0158,Archivage numérique des actes d'état civil,"Base de données structurée pour la numérisation et l'archivage des actes de naissance, mariage et décès. OCR automatique sur documents scannés. 500 000 actes numérisés, recherche en temps réel.","Base de données structurée pour la numérisation et l'archivage des actes de naissance, mariage et décès. OCR automatique sur documents scannés. 500 000 actes numérisés, recherche en temps réel. Ce travail s'inscrit dans le contexte de contexte africain. La méthodologie adoptée est Recherche appliquée. Les résultats obtenus constituent une contribution significative au domaine de Bases de données.","Archivage numérique des actes d'état civil. Base de données structurée pour la numérisation et l'archivage des actes de naissance, mariage et décès. OCR automatique sur documents scannés. 500 000 actes numérisés, recherche en temps réel. Base de données structurée pour la numérisation et l'archivage des actes de naissance, mariage et décès. OCR automatique sur documents scannés. 500 000 actes numérisés, recherche en temps réel. Ce travail s'inscrit dans le contexte de contexte africain. La méthodologie adoptée est Recherche appliquée. Les résultats obtenus constituent une contribution significative au domaine de Bases de données.",Bases de données,Recherche appliquée,Master 2,2023,Etudiant_0158,Dr. Professeur_06,15.58,datawarehouse|etl|indexation|mongodb|postgresql,5,1
MEM-0159,Architecture réseau IoT pour smart city,"Conception d'une infrastructure de capteurs connectés pour la gestion intelligente des feux de circulation, de l'éclairage public et des déchets dans une ville de taille moyenne.","Conception d'une infrastructure de capteurs connectés pour la gestion intelligente des feux de circulation, de l'éclairage public et des déchets dans une ville de taille moyenne. Ce travail s'inscrit dans le contexte de contexte africain. La méthodologie adoptée est Prototypage rapide. Les résultats obtenus constituent une contribution significative au domaine de Réseaux.","Architecture réseau IoT pour smart city. Conception d'une infrastructure de capteurs connectés pour la gestion intelligente des feux de circulation, de l'éclairage public et des déchets dans une ville de taille moyenne. Conception d'une infrastructure de capteurs connectés pour la gestion intelligente des feux de circulation, de l'éclairage public et des déchets dans une ville de taille moyenne. Ce travail s'inscrit dans le contexte de contexte africain. La méthodologie adoptée est Prototypage rapide. Les résultats obtenus constituent une contribution significative au domaine de Réseaux.",Réseaux,Prototypage rapide,Master 1,2022,Etudiant_0159,Dr. Professeur_09,18.04,4g|iot|protocole|wifi,4,1
MEM-0160,Implémentation d'un SIEM open source,Déploiement et configuration de Wazuh/ELK Stack pour la détection d'intrusions en temps réel. Définition de 120 règles de corrélation et procédures de réponse aux incidents pour une PME.,Déploiement et configuration de Wazuh/ELK Stack pour la détection d'intrusions en temps réel. Définition de 120 règles de corrélation et procédures de réponse aux incidents pour une PME. Ce travail s'inscrit dans le contexte de PME africaine. La méthodologie adoptée est Prototypage rapide. Les résultats obtenus constituent une contribution significative au domaine de Cybersécurité.,Implémentation d'un SIEM open source. Déploiement et configuration de Wazuh/ELK Stack pour la détection d'intrusions en temps réel. Définition de 120 règles de corrélation et procédures de réponse aux incidents pour une PME. Déploiement et configuration de Wazuh/ELK Stack pour la détection d'intrusions en temps réel. Définition de 120 règles de corrélation et procédures de réponse aux incidents pour une PME. Ce travail s'inscrit dans le contexte de PME africaine. La méthodologie adoptée est Prototypage rapide. Les résultats obtenus constituent une contribution significative au domaine de Cybersécurité.,Cybersécurité,Prototypage rapide,Master 1,2019,Etudiant_0160,Dr. Professeur_05,17.09,forensics|intrusion|owasp|vulnerabilite,4,1
MEM-0161,Prédiction du décrochage scolaire par machine learning,Ce projet applique Random Forest et XGBoost pour identifier les étudiants à risque de décrochage à partir de données académiques et comportementales. Un tableau de bord de visualisation est développé pour les responsables.,Ce projet applique Random Forest et XGBoost pour identifier les étudiants à risque de décrochage à partir de données académiques et comportementales. Un tableau de bord de visualisation est développé pour les responsables. Ce travail s'inscrit dans le contexte de PME africaine. La méthodologie adoptée est Recherche appliquée. Les résultats obtenus constituent une contribution significative au domaine de IA / Machine Learning.,Prédiction du décrochage scolaire par machine learning. Ce projet applique Random Forest et XGBoost pour identifier les étudiants à risque de décrochage à partir de données académiques et comportementales. Un tableau de bord de visualisation est développé pour les responsables. Ce projet applique Random Forest et XGBoost pour identifier les étudiants à risque de décrochage à partir de données académiques et comportementales. Un tableau de bord de visualisation est développé pour les responsables. Ce travail s'inscrit dans le contexte de PME africaine. La méthodologie adoptée est Recherche appliquée. Les résultats obtenus constituent une contribution significative au domaine de IA / Machine Learning.,IA / Machine Learning,Recherche appliquée,Master 2,2018,Etudiant_0161,Dr. Professeur_11,12.66,classification|machine-learning|neural-network|tensorflow,4,1
MEM-0162,Architecture réseau IoT pour smart city,"Conception d'une infrastructure de capteurs connectés pour la gestion intelligente des feux de circulation, de l'éclairage public et des déchets dans une ville de taille moyenne.","Conception d'une infrastructure de capteurs connectés pour la gestion intelligente des feux de circulation, de l'éclairage public et des déchets dans une ville de taille moyenne. Ce travail s'inscrit dans le contexte de mobile money. La méthodologie adoptée est Développement logiciel (SCRUM). Les résultats obtenus constituent une contribution significative au domaine de Réseaux.","Architecture réseau IoT pour smart city. Conception d'une infrastructure de capteurs connectés pour la gestion intelligente des feux de circulation, de l'éclairage public et des déchets dans une ville de taille moyenne. Conception d'une infrastructure de capteurs connectés pour la gestion intelligente des feux de circulation, de l'éclairage public et des déchets dans une ville de taille moyenne. Ce travail s'inscrit dans le contexte de mobile money. La méthodologie adoptée est Développement logiciel (SCRUM). Les résultats obtenus constituent une contribution significative au domaine de Réseaux.",Réseaux,Développement logiciel (SCRUM),Master 2,2021,Etudiant_0162,Dr. Professeur_12,10.32,4g|cisco|iot|ns3,4,1
MEM-0163,Chatbot médical en langues locales africaines,Développement d'un assistant conversationnel pour orienter les patients en français et en Ewé. Utilisation de BERT fine-tuné et d'une base de connaissances médicales validée par des professionnels de santé.,Développement d'un assistant conversationnel pour orienter les patients en français et en Ewé. Utilisation de BERT fine-tuné et d'une base de connaissances médicales validée par des professionnels de santé. Ce travail s'inscrit dans le contexte de PME africaine. La méthodologie adoptée est Recherche appliquée. Les résultats obtenus constituent une contribution significative au domaine de IA / Machine Learning.,Chatbot médical en langues locales africaines. Développement d'un assistant conversationnel pour orienter les patients en français et en Ewé. Utilisation de BERT fine-tuné et d'une base de connaissances médicales validée par des professionnels de santé. Développement d'un assistant conversationnel pour orienter les patients en français et en Ewé. Utilisation de BERT fine-tuné et d'une base de connaissances médicales validée par des professionnels de santé. Ce travail s'inscrit dans le contexte de PME africaine. La méthodologie adoptée est Recherche appliquée. Les résultats obtenus constituent une contribution significative au domaine de IA / Machine Learning.,IA / Machine Learning,Recherche appliquée,Master 1,2019,Etudiant_0163,Dr. Professeur_12,18.73,afrique|bert|neural-network|prediction|python|tensorflow,6,1
MEM-0164,Sécurisation des applications mobile banking,Analyse des vulnérabilités des applications de paiement mobile au Togo selon OWASP Mobile Top 10. Implémentation des contre-mesures et chiffrement end-to-end des transactions.,Analyse des vulnérabilités des applications de paiement mobile au Togo selon OWASP Mobile Top 10. Implémentation des contre-mesures et chiffrement end-to-end des transactions. Ce travail s'inscrit dans le contexte de PME africaine. La méthodologie adoptée est Recherche expérimentale. Les résultats obtenus constituent une contribution significative au domaine de Cybersécurité.,Sécurisation des applications mobile banking. Analyse des vulnérabilités des applications de paiement mobile au Togo selon OWASP Mobile Top 10. Implémentation des contre-mesures et chiffrement end-to-end des transactions. Analyse des vulnérabilités des applications de paiement mobile au Togo selon OWASP Mobile Top 10. Implémentation des contre-mesures et chiffrement end-to-end des transactions. Ce travail s'inscrit dans le contexte de PME africaine. La méthodologie adoptée est Recherche expérimentale. Les résultats obtenus constituent une contribution significative au domaine de Cybersécurité.,Cybersécurité,Recherche expérimentale,Master 2,2020,Etudiant_0164,Dr. Professeur_06,19.12,afrique|cryptographie|forensics|owasp|siem|vulnerabilite,6,1
MEM-0165,Application de suivi de grossesse pour zones rurales,"App mobile hors-ligne pour le suivi médical des femmes enceintes sans connexion internet. Synchronisation différée des données. Déployée dans 12 centres de santé ruraux, 800 femmes suivies.","App mobile hors-ligne pour le suivi médical des femmes enceintes sans connexion internet. Synchronisation différée des données. Déployée dans 12 centres de santé ruraux, 800 femmes suivies. Ce travail s'inscrit dans le contexte de mobile money. La méthodologie adoptée est Étude de cas. Les résultats obtenus constituent une contribution significative au domaine de Mobile.","Application de suivi de grossesse pour zones rurales. App mobile hors-ligne pour le suivi médical des femmes enceintes sans connexion internet. Synchronisation différée des données. Déployée dans 12 centres de santé ruraux, 800 femmes suivies. App mobile hors-ligne pour le suivi médical des femmes enceintes sans connexion internet. Synchronisation différée des données. Déployée dans 12 centres de santé ruraux, 800 femmes suivies. Ce travail s'inscrit dans le contexte de mobile money. La méthodologie adoptée est Étude de cas. Les résultats obtenus constituent une contribution significative au domaine de Mobile.",Mobile,Étude de cas,Licence 3,2019,Etudiant_0165,Dr. Professeur_08,16.9,flutter|geolocalisation|offline|ux,4,1
MEM-0166,Contrôle d'accès biométrique à faible coût,Système de contrôle d'accès par empreinte digitale et reconnaissance faciale pour sécuriser des locaux à budget limité. Coût matériel sous 50 000 FCFA. Déployé dans 3 établissements scolaires.,Système de contrôle d'accès par empreinte digitale et reconnaissance faciale pour sécuriser des locaux à budget limité. Coût matériel sous 50 000 FCFA. Déployé dans 3 établissements scolaires. Ce travail s'inscrit dans le contexte de Lomé. La méthodologie adoptée est Développement dirigé par les tests (TDD). Les résultats obtenus constituent une contribution significative au domaine de Systèmes Embarqués.,Contrôle d'accès biométrique à faible coût. Système de contrôle d'accès par empreinte digitale et reconnaissance faciale pour sécuriser des locaux à budget limité. Coût matériel sous 50 000 FCFA. Déployé dans 3 établissements scolaires. Système de contrôle d'accès par empreinte digitale et reconnaissance faciale pour sécuriser des locaux à budget limité. Coût matériel sous 50 000 FCFA. Déployé dans 3 établissements scolaires. Ce travail s'inscrit dans le contexte de Lomé. La méthodologie adoptée est Développement dirigé par les tests (TDD). Les résultats obtenus constituent une contribution significative au domaine de Systèmes Embarqués.,Systèmes Embarqués,Développement dirigé par les tests (TDD),Master 2,2020,Etudiant_0166,Dr. Professeur_07,18.96,energie|mqtt|raspberry-pi|temps-reel,4,1
MEM-0167,Implémentation d'un SIEM open source,Déploiement et configuration de Wazuh/ELK Stack pour la détection d'intrusions en temps réel. Définition de 120 règles de corrélation et procédures de réponse aux incidents pour une PME.,Déploiement et configuration de Wazuh/ELK Stack pour la détection d'intrusions en temps réel. Définition de 120 règles de corrélation et procédures de réponse aux incidents pour une PME. Ce travail s'inscrit dans le contexte de langues locales. La méthodologie adoptée est Développement logiciel (SCRUM). Les résultats obtenus constituent une contribution significative au domaine de Cybersécurité.,Implémentation d'un SIEM open source. Déploiement et configuration de Wazuh/ELK Stack pour la détection d'intrusions en temps réel. Définition de 120 règles de corrélation et procédures de réponse aux incidents pour une PME. Déploiement et configuration de Wazuh/ELK Stack pour la détection d'intrusions en temps réel. Définition de 120 règles de corrélation et procédures de réponse aux incidents pour une PME. Ce travail s'inscrit dans le contexte de langues locales. La méthodologie adoptée est Développement logiciel (SCRUM). Les résultats obtenus constituent une contribution significative au domaine de Cybersécurité.,Cybersécurité,Développement logiciel (SCRUM),Master 1,2023,Etudiant_0167,Dr. Professeur_04,17.47,audit|cryptographie|vulnerabilite,3,1
MEM-0168,Application de suivi de grossesse pour zones rurales,"App mobile hors-ligne pour le suivi médical des femmes enceintes sans connexion internet. Synchronisation différée des données. Déployée dans 12 centres de santé ruraux, 800 femmes suivies.","App mobile hors-ligne pour le suivi médical des femmes enceintes sans connexion internet. Synchronisation différée des données. Déployée dans 12 centres de santé ruraux, 800 femmes suivies. Ce travail s'inscrit dans le contexte de mobile money. La méthodologie adoptée est Recherche-action. Les résultats obtenus constituent une contribution significative au domaine de Mobile.","Application de suivi de grossesse pour zones rurales. App mobile hors-ligne pour le suivi médical des femmes enceintes sans connexion internet. Synchronisation différée des données. Déployée dans 12 centres de santé ruraux, 800 femmes suivies. App mobile hors-ligne pour le suivi médical des femmes enceintes sans connexion internet. Synchronisation différée des données. Déployée dans 12 centres de santé ruraux, 800 femmes suivies. Ce travail s'inscrit dans le contexte de mobile money. La méthodologie adoptée est Recherche-action. Les résultats obtenus constituent une contribution significative au domaine de Mobile.",Mobile,Recherche-action,Master 1,2019,Etudiant_0168,Dr. Professeur_01,16.38,android|flutter|mobile-money,3,1
MEM-0169,Contrôle d'accès biométrique à faible coût,Système de contrôle d'accès par empreinte digitale et reconnaissance faciale pour sécuriser des locaux à budget limité. Coût matériel sous 50 000 FCFA. Déployé dans 3 établissements scolaires.,Système de contrôle d'accès par empreinte digitale et reconnaissance faciale pour sécuriser des locaux à budget limité. Coût matériel sous 50 000 FCFA. Déployé dans 3 établissements scolaires. Ce travail s'inscrit dans le contexte de Lomé. La méthodologie adoptée est Étude de cas. Les résultats obtenus constituent une contribution significative au domaine de Systèmes Embarqués.,Contrôle d'accès biométrique à faible coût. Système de contrôle d'accès par empreinte digitale et reconnaissance faciale pour sécuriser des locaux à budget limité. Coût matériel sous 50 000 FCFA. Déployé dans 3 établissements scolaires. Système de contrôle d'accès par empreinte digitale et reconnaissance faciale pour sécuriser des locaux à budget limité. Coût matériel sous 50 000 FCFA. Déployé dans 3 établissements scolaires. Ce travail s'inscrit dans le contexte de Lomé. La méthodologie adoptée est Étude de cas. Les résultats obtenus constituent une contribution significative au domaine de Systèmes Embarqués.,Systèmes Embarqués,Étude de cas,Licence 3,2023,Etudiant_0169,Dr. Professeur_15,16.53,arduino|mqtt|raspberry-pi,3,1
MEM-0170,Archivage numérique des actes d'état civil,"Base de données structurée pour la numérisation et l'archivage des actes de naissance, mariage et décès. OCR automatique sur documents scannés. 500 000 actes numérisés, recherche en temps réel.","Base de données structurée pour la numérisation et l'archivage des actes de naissance, mariage et décès. OCR automatique sur documents scannés. 500 000 actes numérisés, recherche en temps réel. Ce travail s'inscrit dans le contexte de mobile money. La méthodologie adoptée est Recherche expérimentale. Les résultats obtenus constituent une contribution significative au domaine de Bases de données.","Archivage numérique des actes d'état civil. Base de données structurée pour la numérisation et l'archivage des actes de naissance, mariage et décès. OCR automatique sur documents scannés. 500 000 actes numérisés, recherche en temps réel. Base de données structurée pour la numérisation et l'archivage des actes de naissance, mariage et décès. OCR automatique sur documents scannés. 500 000 actes numérisés, recherche en temps réel. Ce travail s'inscrit dans le contexte de mobile money. La méthodologie adoptée est Recherche expérimentale. Les résultats obtenus constituent une contribution significative au domaine de Bases de données.",Bases de données,Recherche expérimentale,Master 1,2020,Etudiant_0170,Dr. Professeur_12,15.35,indexation|optimisation|postgresql|sql,4,1
MEM-0171,Système de recommandation de cours personnalisés,Nous développons un moteur de recommandation hybride combinant filtrage collaboratif et content-based pour personnaliser les parcours d'apprentissage en ligne. L'évaluation montre 87% de pertinence sur des données réelles.,Nous développons un moteur de recommandation hybride combinant filtrage collaboratif et content-based pour personnaliser les parcours d'apprentissage en ligne. L'évaluation montre 87% de pertinence sur des données réelles. Ce travail s'inscrit dans le contexte de Togo. La méthodologie adoptée est Étude de cas. Les résultats obtenus constituent une contribution significative au domaine de IA / Machine Learning.,Système de recommandation de cours personnalisés. Nous développons un moteur de recommandation hybride combinant filtrage collaboratif et content-based pour personnaliser les parcours d'apprentissage en ligne. L'évaluation montre 87% de pertinence sur des données réelles. Nous développons un moteur de recommandation hybride combinant filtrage collaboratif et content-based pour personnaliser les parcours d'apprentissage en ligne. L'évaluation montre 87% de pertinence sur des données réelles. Ce travail s'inscrit dans le contexte de Togo. La méthodologie adoptée est Étude de cas. Les résultats obtenus constituent une contribution significative au domaine de IA / Machine Learning.,IA / Machine Learning,Étude de cas,Licence 3,2018,Etudiant_0171,Dr. Professeur_10,10.09,deep-learning|neural-network|nlp|prediction,4,1
MEM-0172,Irrigation automatique intelligente,Système embarqué sur Arduino/Raspberry Pi pour l'irrigation selon l'humidité du sol et les prévisions météo. Économie d'eau de 35% mesurée sur 6 mois dans une exploitation agricole pilote.,Système embarqué sur Arduino/Raspberry Pi pour l'irrigation selon l'humidité du sol et les prévisions météo. Économie d'eau de 35% mesurée sur 6 mois dans une exploitation agricole pilote. Ce travail s'inscrit dans le contexte de mobile money. La méthodologie adoptée est Étude de cas. Les résultats obtenus constituent une contribution significative au domaine de Systèmes Embarqués.,Irrigation automatique intelligente. Système embarqué sur Arduino/Raspberry Pi pour l'irrigation selon l'humidité du sol et les prévisions météo. Économie d'eau de 35% mesurée sur 6 mois dans une exploitation agricole pilote. Système embarqué sur Arduino/Raspberry Pi pour l'irrigation selon l'humidité du sol et les prévisions météo. Économie d'eau de 35% mesurée sur 6 mois dans une exploitation agricole pilote. Ce travail s'inscrit dans le contexte de mobile money. La méthodologie adoptée est Étude de cas. Les résultats obtenus constituent une contribution significative au domaine de Systèmes Embarqués.,Systèmes Embarqués,Étude de cas,Master 2,2022,Etudiant_0172,Dr. Professeur_06,18.09,arduino|capteurs|embarque|iot|mqtt|raspberry-pi,6,1
MEM-0173,Archivage numérique des actes d'état civil,"Base de données structurée pour la numérisation et l'archivage des actes de naissance, mariage et décès. OCR automatique sur documents scannés. 500 000 actes numérisés, recherche en temps réel.","Base de données structurée pour la numérisation et l'archivage des actes de naissance, mariage et décès. OCR automatique sur documents scannés. 500 000 actes numérisés, recherche en temps réel. Ce travail s'inscrit dans le contexte de mobile money. La méthodologie adoptée est Recherche appliquée. Les résultats obtenus constituent une contribution significative au domaine de Bases de données.","Archivage numérique des actes d'état civil. Base de données structurée pour la numérisation et l'archivage des actes de naissance, mariage et décès. OCR automatique sur documents scannés. 500 000 actes numérisés, recherche en temps réel. Base de données structurée pour la numérisation et l'archivage des actes de naissance, mariage et décès. OCR automatique sur documents scannés. 500 000 actes numérisés, recherche en temps réel. Ce travail s'inscrit dans le contexte de mobile money. La méthodologie adoptée est Recherche appliquée. Les résultats obtenus constituent une contribution significative au domaine de Bases de données.",Bases de données,Recherche appliquée,Master 2,2019,Etudiant_0173,Dr. Professeur_14,11.75,etl|nosql|optimisation,3,1
MEM-0174,Pipeline CI/CD pour équipe de développement,"Mise en place d'un pipeline d'intégration et déploiement continus avec GitHub Actions, Docker et Kubernetes. Réduction du temps de déploiement de 2 jours à 15 minutes. 0 régression en production.","Mise en place d'un pipeline d'intégration et déploiement continus avec GitHub Actions, Docker et Kubernetes. Réduction du temps de déploiement de 2 jours à 15 minutes. 0 régression en production. Ce travail s'inscrit dans le contexte de contexte africain. La méthodologie adoptée est Prototypage rapide. Les résultats obtenus constituent une contribution significative au domaine de Cloud / DevOps.","Pipeline CI/CD pour équipe de développement. Mise en place d'un pipeline d'intégration et déploiement continus avec GitHub Actions, Docker et Kubernetes. Réduction du temps de déploiement de 2 jours à 15 minutes. 0 régression en production. Mise en place d'un pipeline d'intégration et déploiement continus avec GitHub Actions, Docker et Kubernetes. Réduction du temps de déploiement de 2 jours à 15 minutes. 0 régression en production. Ce travail s'inscrit dans le contexte de contexte africain. La méthodologie adoptée est Prototypage rapide. Les résultats obtenus constituent une contribution significative au domaine de Cloud / DevOps.",Cloud / DevOps,Prototypage rapide,Master 1,2018,Etudiant_0174,Dr. Professeur_01,19.36,ci-cd|devops|docker|kubernetes|microservices,5,1
MEM-0175,Optimisation QoS dans les réseaux 4G,Étude et amélioration de la qualité de service pour les applications temps réel sur réseau mobile 4G/LTE. Simulation sous NS-3 et validation terrain avec mesures de latence et débit.,Étude et amélioration de la qualité de service pour les applications temps réel sur réseau mobile 4G/LTE. Simulation sous NS-3 et validation terrain avec mesures de latence et débit. Ce travail s'inscrit dans le contexte de mobile money. La méthodologie adoptée est Développement dirigé par les tests (TDD). Les résultats obtenus constituent une contribution significative au domaine de Réseaux.,Optimisation QoS dans les réseaux 4G. Étude et amélioration de la qualité de service pour les applications temps réel sur réseau mobile 4G/LTE. Simulation sous NS-3 et validation terrain avec mesures de latence et débit. Étude et amélioration de la qualité de service pour les applications temps réel sur réseau mobile 4G/LTE. Simulation sous NS-3 et validation terrain avec mesures de latence et débit. Ce travail s'inscrit dans le contexte de mobile money. La méthodologie adoptée est Développement dirigé par les tests (TDD). Les résultats obtenus constituent une contribution significative au domaine de Réseaux.,Réseaux,Développement dirigé par les tests (TDD),Master 1,2020,Etudiant_0175,Dr. Professeur_02,10.62,cisco|iot|ns3|wifi,4,1
MEM-0176,Implémentation d'un SIEM open source,Déploiement et configuration de Wazuh/ELK Stack pour la détection d'intrusions en temps réel. Définition de 120 règles de corrélation et procédures de réponse aux incidents pour une PME.,Déploiement et configuration de Wazuh/ELK Stack pour la détection d'intrusions en temps réel. Définition de 120 règles de corrélation et procédures de réponse aux incidents pour une PME. Ce travail s'inscrit dans le contexte de mobile money. La méthodologie adoptée est Recherche-action. Les résultats obtenus constituent une contribution significative au domaine de Cybersécurité.,Implémentation d'un SIEM open source. Déploiement et configuration de Wazuh/ELK Stack pour la détection d'intrusions en temps réel. Définition de 120 règles de corrélation et procédures de réponse aux incidents pour une PME. Déploiement et configuration de Wazuh/ELK Stack pour la détection d'intrusions en temps réel. Définition de 120 règles de corrélation et procédures de réponse aux incidents pour une PME. Ce travail s'inscrit dans le contexte de mobile money. La méthodologie adoptée est Recherche-action. Les résultats obtenus constituent une contribution significative au domaine de Cybersécurité.,Cybersécurité,Recherche-action,Master 2,2023,Etudiant_0176,Dr. Professeur_03,12.19,audit|intrusion|owasp|siem,4,1
MEM-0177,Archivage numérique des actes d'état civil,"Base de données structurée pour la numérisation et l'archivage des actes de naissance, mariage et décès. OCR automatique sur documents scannés. 500 000 actes numérisés, recherche en temps réel.","Base de données structurée pour la numérisation et l'archivage des actes de naissance, mariage et décès. OCR automatique sur documents scannés. 500 000 actes numérisés, recherche en temps réel. Ce travail s'inscrit dans le contexte de Afrique de l'Ouest. La méthodologie adoptée est Prototypage rapide. Les résultats obtenus constituent une contribution significative au domaine de Bases de données.","Archivage numérique des actes d'état civil. Base de données structurée pour la numérisation et l'archivage des actes de naissance, mariage et décès. OCR automatique sur documents scannés. 500 000 actes numérisés, recherche en temps réel. Base de données structurée pour la numérisation et l'archivage des actes de naissance, mariage et décès. OCR automatique sur documents scannés. 500 000 actes numérisés, recherche en temps réel. Ce travail s'inscrit dans le contexte de Afrique de l'Ouest. La méthodologie adoptée est Prototypage rapide. Les résultats obtenus constituent une contribution significative au domaine de Bases de données.",Bases de données,Prototypage rapide,Master 1,2021,Etudiant_0177,Dr. Professeur_09,15.26,indexation|mongodb|nosql|optimisation|sql,5,1
MEM-0178,Plateforme de gestion des stages universitaires,"Application full-stack React/FastAPI permettant aux étudiants de postuler aux stages, aux entreprises de publier des offres et à l'université de suivre les conventions. Déployée sur 3 universités togolaises.","Application full-stack React/FastAPI permettant aux étudiants de postuler aux stages, aux entreprises de publier des offres et à l'université de suivre les conventions. Déployée sur 3 universités togolaises. Ce travail s'inscrit dans le contexte de PME africaine. La méthodologie adoptée est Développement logiciel (SCRUM). Les résultats obtenus constituent une contribution significative au domaine de Développement Web.","Plateforme de gestion des stages universitaires. Application full-stack React/FastAPI permettant aux étudiants de postuler aux stages, aux entreprises de publier des offres et à l'université de suivre les conventions. Déployée sur 3 universités togolaises. Application full-stack React/FastAPI permettant aux étudiants de postuler aux stages, aux entreprises de publier des offres et à l'université de suivre les conventions. Déployée sur 3 universités togolaises. Ce travail s'inscrit dans le contexte de PME africaine. La méthodologie adoptée est Développement logiciel (SCRUM). Les résultats obtenus constituent une contribution significative au domaine de Développement Web.",Développement Web,Développement logiciel (SCRUM),Master 2,2022,Etudiant_0178,Dr. Professeur_04,11.16,afrique|django|fastapi|javascript|react,5,1
MEM-0179,Entrepôt de données pour le Ministère de la Santé,"Conception d'un data warehouse selon modélisation en étoile pour centraliser les données épidémiologiques nationales. Pipeline ETL automatisé, 50M enregistrements, requêtes analytiques en < 2s.","Conception d'un data warehouse selon modélisation en étoile pour centraliser les données épidémiologiques nationales. Pipeline ETL automatisé, 50M enregistrements, requêtes analytiques en < 2s. Ce travail s'inscrit dans le contexte de Lomé. La méthodologie adoptée est Prototypage rapide. Les résultats obtenus constituent une contribution significative au domaine de Bases de données.","Entrepôt de données pour le Ministère de la Santé. Conception d'un data warehouse selon modélisation en étoile pour centraliser les données épidémiologiques nationales. Pipeline ETL automatisé, 50M enregistrements, requêtes analytiques en < 2s. Conception d'un data warehouse selon modélisation en étoile pour centraliser les données épidémiologiques nationales. Pipeline ETL automatisé, 50M enregistrements, requêtes analytiques en < 2s. Ce travail s'inscrit dans le contexte de Lomé. La méthodologie adoptée est Prototypage rapide. Les résultats obtenus constituent une contribution significative au domaine de Bases de données.",Bases de données,Prototypage rapide,Master 1,2024,Etudiant_0179,Dr. Professeur_01,14.57,indexation|mongodb|sql,3,1
MEM-0180,Application de suivi de grossesse pour zones rurales,"App mobile hors-ligne pour le suivi médical des femmes enceintes sans connexion internet. Synchronisation différée des données. Déployée dans 12 centres de santé ruraux, 800 femmes suivies.","App mobile hors-ligne pour le suivi médical des femmes enceintes sans connexion internet. Synchronisation différée des données. Déployée dans 12 centres de santé ruraux, 800 femmes suivies. Ce travail s'inscrit dans le contexte de Togo. La méthodologie adoptée est Développement logiciel (SCRUM). Les résultats obtenus constituent une contribution significative au domaine de Mobile.","Application de suivi de grossesse pour zones rurales. App mobile hors-ligne pour le suivi médical des femmes enceintes sans connexion internet. Synchronisation différée des données. Déployée dans 12 centres de santé ruraux, 800 femmes suivies. App mobile hors-ligne pour le suivi médical des femmes enceintes sans connexion internet. Synchronisation différée des données. Déployée dans 12 centres de santé ruraux, 800 femmes suivies. Ce travail s'inscrit dans le contexte de Togo. La méthodologie adoptée est Développement logiciel (SCRUM). Les résultats obtenus constituent une contribution significative au domaine de Mobile.",Mobile,Développement logiciel (SCRUM),Master 1,2020,Etudiant_0180,Dr. Professeur_12,14.24,android|mobile-money|offline,3,0
MEM-0181,Détection de fraude bancaire par deep learning,Ce travail propose un système de détection des transactions frauduleuses basé sur les réseaux LSTM. Les données proviennent d'une banque togolaise. Nous avons comparé plusieurs architectures deep learning sur 50 000 transactions.,Ce travail propose un système de détection des transactions frauduleuses basé sur les réseaux LSTM. Les données proviennent d'une banque togolaise. Nous avons comparé plusieurs architectures deep learning sur 50 000 transactions. Ce travail s'inscrit dans le contexte de contexte africain. La méthodologie adoptée est Étude de cas. Les résultats obtenus constituent une contribution significative au domaine de IA / Machine Learning.,Détection de fraude bancaire par deep learning. Ce travail propose un système de détection des transactions frauduleuses basé sur les réseaux LSTM. Les données proviennent d'une banque togolaise. Nous avons comparé plusieurs architectures deep learning sur 50 000 transactions. Ce travail propose un système de détection des transactions frauduleuses basé sur les réseaux LSTM. Les données proviennent d'une banque togolaise. Nous avons comparé plusieurs architectures deep learning sur 50 000 transactions. Ce travail s'inscrit dans le contexte de contexte africain. La méthodologie adoptée est Étude de cas. Les résultats obtenus constituent une contribution significative au domaine de IA / Machine Learning.,IA / Machine Learning,Étude de cas,Licence 3,2020,Etudiant_0181,Dr. Professeur_07,19.93,afrique|classification|deep-learning|nlp|python,5,1
MEM-0182,Pipeline CI/CD pour équipe de développement,"Mise en place d'un pipeline d'intégration et déploiement continus avec GitHub Actions, Docker et Kubernetes. Réduction du temps de déploiement de 2 jours à 15 minutes. 0 régression en production.","Mise en place d'un pipeline d'intégration et déploiement continus avec GitHub Actions, Docker et Kubernetes. Réduction du temps de déploiement de 2 jours à 15 minutes. 0 régression en production. Ce travail s'inscrit dans le contexte de Lomé. La méthodologie adoptée est Développement logiciel (SCRUM). Les résultats obtenus constituent une contribution significative au domaine de Cloud / DevOps.","Pipeline CI/CD pour équipe de développement. Mise en place d'un pipeline d'intégration et déploiement continus avec GitHub Actions, Docker et Kubernetes. Réduction du temps de déploiement de 2 jours à 15 minutes. 0 régression en production. Mise en place d'un pipeline d'intégration et déploiement continus avec GitHub Actions, Docker et Kubernetes. Réduction du temps de déploiement de 2 jours à 15 minutes. 0 régression en production. Ce travail s'inscrit dans le contexte de Lomé. La méthodologie adoptée est Développement logiciel (SCRUM). Les résultats obtenus constituent une contribution significative au domaine de Cloud / DevOps.",Cloud / DevOps,Développement logiciel (SCRUM),Master 2,2023,Etudiant_0182,Dr. Professeur_12,15.29,aws|devops|docker|kubernetes|monitoring,5,1
MEM-0183,Détection de fraude bancaire par deep learning,Ce travail propose un système de détection des transactions frauduleuses basé sur les réseaux LSTM. Les données proviennent d'une banque togolaise. Nous avons comparé plusieurs architectures deep learning sur 50 000 transactions.,Ce travail propose un système de détection des transactions frauduleuses basé sur les réseaux LSTM. Les données proviennent d'une banque togolaise. Nous avons comparé plusieurs architectures deep learning sur 50 000 transactions. Ce travail s'inscrit dans le contexte de PME africaine. La méthodologie adoptée est Recherche appliquée. Les résultats obtenus constituent une contribution significative au domaine de IA / Machine Learning.,Détection de fraude bancaire par deep learning. Ce travail propose un système de détection des transactions frauduleuses basé sur les réseaux LSTM. Les données proviennent d'une banque togolaise. Nous avons comparé plusieurs architectures deep learning sur 50 000 transactions. Ce travail propose un système de détection des transactions frauduleuses basé sur les réseaux LSTM. Les données proviennent d'une banque togolaise. Nous avons comparé plusieurs architectures deep learning sur 50 000 transactions. Ce travail s'inscrit dans le contexte de PME africaine. La méthodologie adoptée est Recherche appliquée. Les résultats obtenus constituent une contribution significative au domaine de IA / Machine Learning.,IA / Machine Learning,Recherche appliquée,Master 1,2023,Etudiant_0183,Dr. Professeur_05,13.46,afrique|classification|deep-learning|prediction|python|tensorflow,6,1
MEM-0184,Plateforme de gestion des stages universitaires,"Application full-stack React/FastAPI permettant aux étudiants de postuler aux stages, aux entreprises de publier des offres et à l'université de suivre les conventions. Déployée sur 3 universités togolaises.","Application full-stack React/FastAPI permettant aux étudiants de postuler aux stages, aux entreprises de publier des offres et à l'université de suivre les conventions. Déployée sur 3 universités togolaises. Ce travail s'inscrit dans le contexte de Togo. La méthodologie adoptée est Développement dirigé par les tests (TDD). Les résultats obtenus constituent une contribution significative au domaine de Développement Web.","Plateforme de gestion des stages universitaires. Application full-stack React/FastAPI permettant aux étudiants de postuler aux stages, aux entreprises de publier des offres et à l'université de suivre les conventions. Déployée sur 3 universités togolaises. Application full-stack React/FastAPI permettant aux étudiants de postuler aux stages, aux entreprises de publier des offres et à l'université de suivre les conventions. Déployée sur 3 universités togolaises. Ce travail s'inscrit dans le contexte de Togo. La méthodologie adoptée est Développement dirigé par les tests (TDD). Les résultats obtenus constituent une contribution significative au domaine de Développement Web.",Développement Web,Développement dirigé par les tests (TDD),Master 2,2021,Etudiant_0184,Dr. Professeur_11,14.46,afrique|docker|fastapi|javascript|react|rest-api,6,1
MEM-0185,Système de recommandation de cours personnalisés,Nous développons un moteur de recommandation hybride combinant filtrage collaboratif et content-based pour personnaliser les parcours d'apprentissage en ligne. L'évaluation montre 87% de pertinence sur des données réelles.,Nous développons un moteur de recommandation hybride combinant filtrage collaboratif et content-based pour personnaliser les parcours d'apprentissage en ligne. L'évaluation montre 87% de pertinence sur des données réelles. Ce travail s'inscrit dans le contexte de zones rurales. La méthodologie adoptée est Recherche-action. Les résultats obtenus constituent une contribution significative au domaine de IA / Machine Learning.,Système de recommandation de cours personnalisés. Nous développons un moteur de recommandation hybride combinant filtrage collaboratif et content-based pour personnaliser les parcours d'apprentissage en ligne. L'évaluation montre 87% de pertinence sur des données réelles. Nous développons un moteur de recommandation hybride combinant filtrage collaboratif et content-based pour personnaliser les parcours d'apprentissage en ligne. L'évaluation montre 87% de pertinence sur des données réelles. Ce travail s'inscrit dans le contexte de zones rurales. La méthodologie adoptée est Recherche-action. Les résultats obtenus constituent une contribution significative au domaine de IA / Machine Learning.,IA / Machine Learning,Recherche-action,Licence 3,2021,Etudiant_0185,Dr. Professeur_05,15.04,deep-learning|machine-learning|python|tensorflow,4,1
MEM-0186,Contrôle d'accès biométrique à faible coût,Système de contrôle d'accès par empreinte digitale et reconnaissance faciale pour sécuriser des locaux à budget limité. Coût matériel sous 50 000 FCFA. Déployé dans 3 établissements scolaires.,Système de contrôle d'accès par empreinte digitale et reconnaissance faciale pour sécuriser des locaux à budget limité. Coût matériel sous 50 000 FCFA. Déployé dans 3 établissements scolaires. Ce travail s'inscrit dans le contexte de mobile money. La méthodologie adoptée est Prototypage rapide. Les résultats obtenus constituent une contribution significative au domaine de Systèmes Embarqués.,Contrôle d'accès biométrique à faible coût. Système de contrôle d'accès par empreinte digitale et reconnaissance faciale pour sécuriser des locaux à budget limité. Coût matériel sous 50 000 FCFA. Déployé dans 3 établissements scolaires. Système de contrôle d'accès par empreinte digitale et reconnaissance faciale pour sécuriser des locaux à budget limité. Coût matériel sous 50 000 FCFA. Déployé dans 3 établissements scolaires. Ce travail s'inscrit dans le contexte de mobile money. La méthodologie adoptée est Prototypage rapide. Les résultats obtenus constituent une contribution significative au domaine de Systèmes Embarqués.,Systèmes Embarqués,Prototypage rapide,Master 2,2024,Etudiant_0186,Dr. Professeur_05,14.14,capteurs|iot|mqtt|raspberry-pi,4,0
MEM-0187,Sécurisation des applications mobile banking,Analyse des vulnérabilités des applications de paiement mobile au Togo selon OWASP Mobile Top 10. Implémentation des contre-mesures et chiffrement end-to-end des transactions.,Analyse des vulnérabilités des applications de paiement mobile au Togo selon OWASP Mobile Top 10. Implémentation des contre-mesures et chiffrement end-to-end des transactions. Ce travail s'inscrit dans le contexte de contexte africain. La méthodologie adoptée est Recherche-action. Les résultats obtenus constituent une contribution significative au domaine de Cybersécurité.,Sécurisation des applications mobile banking. Analyse des vulnérabilités des applications de paiement mobile au Togo selon OWASP Mobile Top 10. Implémentation des contre-mesures et chiffrement end-to-end des transactions. Analyse des vulnérabilités des applications de paiement mobile au Togo selon OWASP Mobile Top 10. Implémentation des contre-mesures et chiffrement end-to-end des transactions. Ce travail s'inscrit dans le contexte de contexte africain. La méthodologie adoptée est Recherche-action. Les résultats obtenus constituent une contribution significative au domaine de Cybersécurité.,Cybersécurité,Recherche-action,Master 1,2022,Etudiant_0187,Dr. Professeur_07,16.96,afrique|audit|cryptographie|owasp|pentesting,5,1
MEM-0188,Migration infrastructure on-premise vers AWS,"Planification et exécution complète de la migration cloud d'une PME locale. Architecture 3-tiers sur AWS avec auto-scaling, backup automatique et réduction des coûts d'infrastructure de 40%.","Planification et exécution complète de la migration cloud d'une PME locale. Architecture 3-tiers sur AWS avec auto-scaling, backup automatique et réduction des coûts d'infrastructure de 40%. Ce travail s'inscrit dans le contexte de zones rurales. La méthodologie adoptée est Développement dirigé par les tests (TDD). Les résultats obtenus constituent une contribution significative au domaine de Cloud / DevOps.","Migration infrastructure on-premise vers AWS. Planification et exécution complète de la migration cloud d'une PME locale. Architecture 3-tiers sur AWS avec auto-scaling, backup automatique et réduction des coûts d'infrastructure de 40%. Planification et exécution complète de la migration cloud d'une PME locale. Architecture 3-tiers sur AWS avec auto-scaling, backup automatique et réduction des coûts d'infrastructure de 40%. Ce travail s'inscrit dans le contexte de zones rurales. La méthodologie adoptée est Développement dirigé par les tests (TDD). Les résultats obtenus constituent une contribution significative au domaine de Cloud / DevOps.",Cloud / DevOps,Développement dirigé par les tests (TDD),Master 2,2021,Etudiant_0188,Dr. Professeur_15,18.06,aws|ci-cd|kubernetes|monitoring,4,0
MEM-0189,Pipeline CI/CD pour équipe de développement,"Mise en place d'un pipeline d'intégration et déploiement continus avec GitHub Actions, Docker et Kubernetes. Réduction du temps de déploiement de 2 jours à 15 minutes. 0 régression en production.","Mise en place d'un pipeline d'intégration et déploiement continus avec GitHub Actions, Docker et Kubernetes. Réduction du temps de déploiement de 2 jours à 15 minutes. 0 régression en production. Ce travail s'inscrit dans le contexte de Afrique de l'Ouest. La méthodologie adoptée est Prototypage rapide. Les résultats obtenus constituent une contribution significative au domaine de Cloud / DevOps.","Pipeline CI/CD pour équipe de développement. Mise en place d'un pipeline d'intégration et déploiement continus avec GitHub Actions, Docker et Kubernetes. Réduction du temps de déploiement de 2 jours à 15 minutes. 0 régression en production. Mise en place d'un pipeline d'intégration et déploiement continus avec GitHub Actions, Docker et Kubernetes. Réduction du temps de déploiement de 2 jours à 15 minutes. 0 régression en production. Ce travail s'inscrit dans le contexte de Afrique de l'Ouest. La méthodologie adoptée est Prototypage rapide. Les résultats obtenus constituent une contribution significative au domaine de Cloud / DevOps.",Cloud / DevOps,Prototypage rapide,Master 2,2019,Etudiant_0189,Dr. Professeur_14,19.22,ci-cd|docker|kubernetes|microservices,4,1
MEM-0190,Réseau WiFi communautaire à faible coût,"Conception et déploiement d'une infrastructure WiFi dans un quartier de Lomé avec équipements open source (OpenWRT). Couverture de 2km², 120 utilisateurs connectés simultanément, coût 40% inférieur au marché.","Conception et déploiement d'une infrastructure WiFi dans un quartier de Lomé avec équipements open source (OpenWRT). Couverture de 2km², 120 utilisateurs connectés simultanément, coût 40% inférieur au marché. Ce travail s'inscrit dans le contexte de PME africaine. La méthodologie adoptée est Recherche appliquée. Les résultats obtenus constituent une contribution significative au domaine de Réseaux.","Réseau WiFi communautaire à faible coût. Conception et déploiement d'une infrastructure WiFi dans un quartier de Lomé avec équipements open source (OpenWRT). Couverture de 2km², 120 utilisateurs connectés simultanément, coût 40% inférieur au marché. Conception et déploiement d'une infrastructure WiFi dans un quartier de Lomé avec équipements open source (OpenWRT). Couverture de 2km², 120 utilisateurs connectés simultanément, coût 40% inférieur au marché. Ce travail s'inscrit dans le contexte de PME africaine. La méthodologie adoptée est Recherche appliquée. Les résultats obtenus constituent une contribution significative au domaine de Réseaux.",Réseaux,Recherche appliquée,Master 1,2023,Etudiant_0190,Dr. Professeur_15,12.09,4g|afrique|ns3|protocole|tcp-ip|wifi,6,1
MEM-0191,Système de recommandation de cours personnalisés,Nous développons un moteur de recommandation hybride combinant filtrage collaboratif et content-based pour personnaliser les parcours d'apprentissage en ligne. L'évaluation montre 87% de pertinence sur des données réelles.,Nous développons un moteur de recommandation hybride combinant filtrage collaboratif et content-based pour personnaliser les parcours d'apprentissage en ligne. L'évaluation montre 87% de pertinence sur des données réelles. Ce travail s'inscrit dans le contexte de Lomé. La méthodologie adoptée est Recherche expérimentale. Les résultats obtenus constituent une contribution significative au domaine de IA / Machine Learning.,Système de recommandation de cours personnalisés. Nous développons un moteur de recommandation hybride combinant filtrage collaboratif et content-based pour personnaliser les parcours d'apprentissage en ligne. L'évaluation montre 87% de pertinence sur des données réelles. Nous développons un moteur de recommandation hybride combinant filtrage collaboratif et content-based pour personnaliser les parcours d'apprentissage en ligne. L'évaluation montre 87% de pertinence sur des données réelles. Ce travail s'inscrit dans le contexte de Lomé. La méthodologie adoptée est Recherche expérimentale. Les résultats obtenus constituent une contribution significative au domaine de IA / Machine Learning.,IA / Machine Learning,Recherche expérimentale,Master 2,2018,Etudiant_0191,Dr. Professeur_09,19.15,classification|deep-learning|neural-network|prediction|tensorflow,5,1
MEM-0192,Géolocalisation des transports en commun à Lomé,Système de suivi temps réel des bus et taxis-motos avec application mobile passager et dashboard chauffeur. Architecture microservices avec WebSockets pour les mises à jour en temps réel.,Système de suivi temps réel des bus et taxis-motos avec application mobile passager et dashboard chauffeur. Architecture microservices avec WebSockets pour les mises à jour en temps réel. Ce travail s'inscrit dans le contexte de PME africaine. La méthodologie adoptée est Étude de cas. Les résultats obtenus constituent une contribution significative au domaine de Mobile.,Géolocalisation des transports en commun à Lomé. Système de suivi temps réel des bus et taxis-motos avec application mobile passager et dashboard chauffeur. Architecture microservices avec WebSockets pour les mises à jour en temps réel. Système de suivi temps réel des bus et taxis-motos avec application mobile passager et dashboard chauffeur. Architecture microservices avec WebSockets pour les mises à jour en temps réel. Ce travail s'inscrit dans le contexte de PME africaine. La méthodologie adoptée est Étude de cas. Les résultats obtenus constituent une contribution significative au domaine de Mobile.,Mobile,Étude de cas,Master 2,2023,Etudiant_0192,Dr. Professeur_13,14.66,afrique|kotlin|microservices|offline|react-native|ux,6,1
MEM-0193,Optimisation performances BDD hospitalière,"Analyse et optimisation d'un système de gestion hospitalière sous PostgreSQL. Indexation, partitionnement et réécriture de requêtes. Réduction du temps de réponse moyen de 8s à 0.3s.","Analyse et optimisation d'un système de gestion hospitalière sous PostgreSQL. Indexation, partitionnement et réécriture de requêtes. Réduction du temps de réponse moyen de 8s à 0.3s. Ce travail s'inscrit dans le contexte de Togo. La méthodologie adoptée est Recherche expérimentale. Les résultats obtenus constituent une contribution significative au domaine de Bases de données.","Optimisation performances BDD hospitalière. Analyse et optimisation d'un système de gestion hospitalière sous PostgreSQL. Indexation, partitionnement et réécriture de requêtes. Réduction du temps de réponse moyen de 8s à 0.3s. Analyse et optimisation d'un système de gestion hospitalière sous PostgreSQL. Indexation, partitionnement et réécriture de requêtes. Réduction du temps de réponse moyen de 8s à 0.3s. Ce travail s'inscrit dans le contexte de Togo. La méthodologie adoptée est Recherche expérimentale. Les résultats obtenus constituent une contribution significative au domaine de Bases de données.",Bases de données,Recherche expérimentale,Master 1,2020,Etudiant_0193,Dr. Professeur_15,12.61,mongodb|nosql|postgresql|sql,4,1
MEM-0194,Pipeline CI/CD pour équipe de développement,"Mise en place d'un pipeline d'intégration et déploiement continus avec GitHub Actions, Docker et Kubernetes. Réduction du temps de déploiement de 2 jours à 15 minutes. 0 régression en production.","Mise en place d'un pipeline d'intégration et déploiement continus avec GitHub Actions, Docker et Kubernetes. Réduction du temps de déploiement de 2 jours à 15 minutes. 0 régression en production. Ce travail s'inscrit dans le contexte de PME africaine. La méthodologie adoptée est Recherche expérimentale. Les résultats obtenus constituent une contribution significative au domaine de Cloud / DevOps.","Pipeline CI/CD pour équipe de développement. Mise en place d'un pipeline d'intégration et déploiement continus avec GitHub Actions, Docker et Kubernetes. Réduction du temps de déploiement de 2 jours à 15 minutes. 0 régression en production. Mise en place d'un pipeline d'intégration et déploiement continus avec GitHub Actions, Docker et Kubernetes. Réduction du temps de déploiement de 2 jours à 15 minutes. 0 régression en production. Ce travail s'inscrit dans le contexte de PME africaine. La méthodologie adoptée est Recherche expérimentale. Les résultats obtenus constituent une contribution significative au domaine de Cloud / DevOps.",Cloud / DevOps,Recherche expérimentale,Licence 3,2020,Etudiant_0194,Dr. Professeur_11,15.51,docker|kubernetes|microservices|terraform,4,1
MEM-0195,Archivage numérique des actes d'état civil,"Base de données structurée pour la numérisation et l'archivage des actes de naissance, mariage et décès. OCR automatique sur documents scannés. 500 000 actes numérisés, recherche en temps réel.","Base de données structurée pour la numérisation et l'archivage des actes de naissance, mariage et décès. OCR automatique sur documents scannés. 500 000 actes numérisés, recherche en temps réel. Ce travail s'inscrit dans le contexte de zones rurales. La méthodologie adoptée est Recherche-action. Les résultats obtenus constituent une contribution significative au domaine de Bases de données.","Archivage numérique des actes d'état civil. Base de données structurée pour la numérisation et l'archivage des actes de naissance, mariage et décès. OCR automatique sur documents scannés. 500 000 actes numérisés, recherche en temps réel. Base de données structurée pour la numérisation et l'archivage des actes de naissance, mariage et décès. OCR automatique sur documents scannés. 500 000 actes numérisés, recherche en temps réel. Ce travail s'inscrit dans le contexte de zones rurales. La méthodologie adoptée est Recherche-action. Les résultats obtenus constituent une contribution significative au domaine de Bases de données.",Bases de données,Recherche-action,Master 2,2021,Etudiant_0195,Dr. Professeur_08,17.2,etl|indexation|mongodb|nosql,4,1
MEM-0196,Classification d'images agricoles par CNN,Système de détection automatique des maladies des cultures grâce à des réseaux convolutifs. Dataset de 15 000 images de plantes annotées. Précision de 94% sur la classification de 8 maladies principales.,Système de détection automatique des maladies des cultures grâce à des réseaux convolutifs. Dataset de 15 000 images de plantes annotées. Précision de 94% sur la classification de 8 maladies principales. Ce travail s'inscrit dans le contexte de mobile money. La méthodologie adoptée est Développement logiciel (SCRUM). Les résultats obtenus constituent une contribution significative au domaine de IA / Machine Learning.,Classification d'images agricoles par CNN. Système de détection automatique des maladies des cultures grâce à des réseaux convolutifs. Dataset de 15 000 images de plantes annotées. Précision de 94% sur la classification de 8 maladies principales. Système de détection automatique des maladies des cultures grâce à des réseaux convolutifs. Dataset de 15 000 images de plantes annotées. Précision de 94% sur la classification de 8 maladies principales. Ce travail s'inscrit dans le contexte de mobile money. La méthodologie adoptée est Développement logiciel (SCRUM). Les résultats obtenus constituent une contribution significative au domaine de IA / Machine Learning.,IA / Machine Learning,Développement logiciel (SCRUM),Licence 3,2024,Etudiant_0196,Dr. Professeur_03,10.68,classification|deep-learning|machine-learning|prediction|python,5,0
MEM-0197,Optimisation performances BDD hospitalière,"Analyse et optimisation d'un système de gestion hospitalière sous PostgreSQL. Indexation, partitionnement et réécriture de requêtes. Réduction du temps de réponse moyen de 8s à 0.3s.","Analyse et optimisation d'un système de gestion hospitalière sous PostgreSQL. Indexation, partitionnement et réécriture de requêtes. Réduction du temps de réponse moyen de 8s à 0.3s. Ce travail s'inscrit dans le contexte de Lomé. La méthodologie adoptée est Développement logiciel (SCRUM). Les résultats obtenus constituent une contribution significative au domaine de Bases de données.","Optimisation performances BDD hospitalière. Analyse et optimisation d'un système de gestion hospitalière sous PostgreSQL. Indexation, partitionnement et réécriture de requêtes. Réduction du temps de réponse moyen de 8s à 0.3s. Analyse et optimisation d'un système de gestion hospitalière sous PostgreSQL. Indexation, partitionnement et réécriture de requêtes. Réduction du temps de réponse moyen de 8s à 0.3s. Ce travail s'inscrit dans le contexte de Lomé. La méthodologie adoptée est Développement logiciel (SCRUM). Les résultats obtenus constituent une contribution significative au domaine de Bases de données.",Bases de données,Développement logiciel (SCRUM),Master 2,2023,Etudiant_0197,Dr. Professeur_09,10.12,datawarehouse|indexation|nosql|postgresql|sql,5,1
MEM-0198,Application de paiement mobile pour petits commerçants,App Android permettant aux commerçants informels d'accepter les paiements digitaux via NFC et QR code. Intégration mobile money. 500 commerçants pilotes dans 3 marchés de Lomé.,App Android permettant aux commerçants informels d'accepter les paiements digitaux via NFC et QR code. Intégration mobile money. 500 commerçants pilotes dans 3 marchés de Lomé. Ce travail s'inscrit dans le contexte de zones rurales. La méthodologie adoptée est Prototypage rapide. Les résultats obtenus constituent une contribution significative au domaine de Mobile.,Application de paiement mobile pour petits commerçants. App Android permettant aux commerçants informels d'accepter les paiements digitaux via NFC et QR code. Intégration mobile money. 500 commerçants pilotes dans 3 marchés de Lomé. App Android permettant aux commerçants informels d'accepter les paiements digitaux via NFC et QR code. Intégration mobile money. 500 commerçants pilotes dans 3 marchés de Lomé. Ce travail s'inscrit dans le contexte de zones rurales. La méthodologie adoptée est Prototypage rapide. Les résultats obtenus constituent une contribution significative au domaine de Mobile.,Mobile,Prototypage rapide,Master 2,2023,Etudiant_0198,Dr. Professeur_10,12.41,afrique|android|offline|react-native|ux,5,1
MEM-0199,Irrigation automatique intelligente,Système embarqué sur Arduino/Raspberry Pi pour l'irrigation selon l'humidité du sol et les prévisions météo. Économie d'eau de 35% mesurée sur 6 mois dans une exploitation agricole pilote.,Système embarqué sur Arduino/Raspberry Pi pour l'irrigation selon l'humidité du sol et les prévisions météo. Économie d'eau de 35% mesurée sur 6 mois dans une exploitation agricole pilote. Ce travail s'inscrit dans le contexte de mobile money. La méthodologie adoptée est Développement dirigé par les tests (TDD). Les résultats obtenus constituent une contribution significative au domaine de Systèmes Embarqués.,Irrigation automatique intelligente. Système embarqué sur Arduino/Raspberry Pi pour l'irrigation selon l'humidité du sol et les prévisions météo. Économie d'eau de 35% mesurée sur 6 mois dans une exploitation agricole pilote. Système embarqué sur Arduino/Raspberry Pi pour l'irrigation selon l'humidité du sol et les prévisions météo. Économie d'eau de 35% mesurée sur 6 mois dans une exploitation agricole pilote. Ce travail s'inscrit dans le contexte de mobile money. La méthodologie adoptée est Développement dirigé par les tests (TDD). Les résultats obtenus constituent une contribution significative au domaine de Systèmes Embarqués.,Systèmes Embarqués,Développement dirigé par les tests (TDD),Master 1,2018,Etudiant_0199,Dr. Professeur_14,13.0,arduino|capteurs|energie|mqtt|raspberry-pi,5,1
MEM-0200,Détection de fraude bancaire par deep learning,Ce travail propose un système de détection des transactions frauduleuses basé sur les réseaux LSTM. Les données proviennent d'une banque togolaise. Nous avons comparé plusieurs architectures deep learning sur 50 000 transactions.,Ce travail propose un système de détection des transactions frauduleuses basé sur les réseaux LSTM. Les données proviennent d'une banque togolaise. Nous avons comparé plusieurs architectures deep learning sur 50 000 transactions. Ce travail s'inscrit dans le contexte de Afrique de l'Ouest. La méthodologie adoptée est Étude de cas. Les résultats obtenus constituent une contribution significative au domaine de IA / Machine Learning.,Détection de fraude bancaire par deep learning. Ce travail propose un système de détection des transactions frauduleuses basé sur les réseaux LSTM. Les données proviennent d'une banque togolaise. Nous avons comparé plusieurs architectures deep learning sur 50 000 transactions. Ce travail propose un système de détection des transactions frauduleuses basé sur les réseaux LSTM. Les données proviennent d'une banque togolaise. Nous avons comparé plusieurs architectures deep learning sur 50 000 transactions. Ce travail s'inscrit dans le contexte de Afrique de l'Ouest. La méthodologie adoptée est Étude de cas. Les résultats obtenus constituent une contribution significative au domaine de IA / Machine Learning.,IA / Machine Learning,Étude de cas,Master 1,2021,Etudiant_0200,Dr. Professeur_07,15.0,afrique|classification|deep-learning|machine-learning|neural-network|prediction,6,1
MEM-0201,Contrôle d'accès biométrique à faible coût,Système de contrôle d'accès par empreinte digitale et reconnaissance faciale pour sécuriser des locaux à budget limité. Coût matériel sous 50 000 FCFA. Déployé dans 3 établissements scolaires.,Système de contrôle d'accès par empreinte digitale et reconnaissance faciale pour sécuriser des locaux à budget limité. Coût matériel sous 50 000 FCFA. Déployé dans 3 établissements scolaires. Ce travail s'inscrit dans le contexte de PME africaine. La méthodologie adoptée est Développement dirigé par les tests (TDD). Les résultats obtenus constituent une contribution significative au domaine de Systèmes Embarqués.,Contrôle d'accès biométrique à faible coût. Système de contrôle d'accès par empreinte digitale et reconnaissance faciale pour sécuriser des locaux à budget limité. Coût matériel sous 50 000 FCFA. Déployé dans 3 établissements scolaires. Système de contrôle d'accès par empreinte digitale et reconnaissance faciale pour sécuriser des locaux à budget limité. Coût matériel sous 50 000 FCFA. Déployé dans 3 établissements scolaires. Ce travail s'inscrit dans le contexte de PME africaine. La méthodologie adoptée est Développement dirigé par les tests (TDD). Les résultats obtenus constituent une contribution significative au domaine de Systèmes Embarqués.,Systèmes Embarqués,Développement dirigé par les tests (TDD),Licence 3,2022,Etudiant_0201,Dr. Professeur_15,12.71,capteurs|raspberry-pi|temps-reel,3,0
MEM-0202,Application de suivi de grossesse pour zones rurales,"App mobile hors-ligne pour le suivi médical des femmes enceintes sans connexion internet. Synchronisation différée des données. Déployée dans 12 centres de santé ruraux, 800 femmes suivies.","App mobile hors-ligne pour le suivi médical des femmes enceintes sans connexion internet. Synchronisation différée des données. Déployée dans 12 centres de santé ruraux, 800 femmes suivies. Ce travail s'inscrit dans le contexte de zones rurales. La méthodologie adoptée est Prototypage rapide. Les résultats obtenus constituent une contribution significative au domaine de Mobile.","Application de suivi de grossesse pour zones rurales. App mobile hors-ligne pour le suivi médical des femmes enceintes sans connexion internet. Synchronisation différée des données. Déployée dans 12 centres de santé ruraux, 800 femmes suivies. App mobile hors-ligne pour le suivi médical des femmes enceintes sans connexion internet. Synchronisation différée des données. Déployée dans 12 centres de santé ruraux, 800 femmes suivies. Ce travail s'inscrit dans le contexte de zones rurales. La méthodologie adoptée est Prototypage rapide. Les résultats obtenus constituent une contribution significative au domaine de Mobile.",Mobile,Prototypage rapide,Master 2,2018,Etudiant_0202,Dr. Professeur_12,17.52,android|flutter|geolocalisation,3,1
MEM-0203,Portail de télémédecine pour zones rurales,"Application web de consultation médicale à distance intégrant la géolocalisation des centres de santé, la prise de rendez-vous et le dossier médical numérique simplifié. Mode offline disponible.","Application web de consultation médicale à distance intégrant la géolocalisation des centres de santé, la prise de rendez-vous et le dossier médical numérique simplifié. Mode offline disponible. Ce travail s'inscrit dans le contexte de zones rurales. La méthodologie adoptée est Recherche expérimentale. Les résultats obtenus constituent une contribution significative au domaine de Développement Web.","Portail de télémédecine pour zones rurales. Application web de consultation médicale à distance intégrant la géolocalisation des centres de santé, la prise de rendez-vous et le dossier médical numérique simplifié. Mode offline disponible. Application web de consultation médicale à distance intégrant la géolocalisation des centres de santé, la prise de rendez-vous et le dossier médical numérique simplifié. Mode offline disponible. Ce travail s'inscrit dans le contexte de zones rurales. La méthodologie adoptée est Recherche expérimentale. Les résultats obtenus constituent une contribution significative au domaine de Développement Web.",Développement Web,Recherche expérimentale,Master 2,2019,Etudiant_0203,Dr. Professeur_12,17.9,django|docker|full-stack|postgresql|rest-api,5,1
MEM-0204,Système de surveillance de la qualité de l'air,"Réseau de capteurs IoT autonomes mesurant CO2, PM2.5, NO2 et température. Transmission MQTT vers dashboard Grafana. Autonomie 6 mois sur batterie avec panneau solaire. Déployé dans 5 quartiers de Lomé.","Réseau de capteurs IoT autonomes mesurant CO2, PM2.5, NO2 et température. Transmission MQTT vers dashboard Grafana. Autonomie 6 mois sur batterie avec panneau solaire. Déployé dans 5 quartiers de Lomé. Ce travail s'inscrit dans le contexte de Lomé. La méthodologie adoptée est Développement logiciel (SCRUM). Les résultats obtenus constituent une contribution significative au domaine de Systèmes Embarqués.","Système de surveillance de la qualité de l'air. Réseau de capteurs IoT autonomes mesurant CO2, PM2.5, NO2 et température. Transmission MQTT vers dashboard Grafana. Autonomie 6 mois sur batterie avec panneau solaire. Déployé dans 5 quartiers de Lomé. Réseau de capteurs IoT autonomes mesurant CO2, PM2.5, NO2 et température. Transmission MQTT vers dashboard Grafana. Autonomie 6 mois sur batterie avec panneau solaire. Déployé dans 5 quartiers de Lomé. Ce travail s'inscrit dans le contexte de Lomé. La méthodologie adoptée est Développement logiciel (SCRUM). Les résultats obtenus constituent une contribution significative au domaine de Systèmes Embarqués.",Systèmes Embarqués,Développement logiciel (SCRUM),Master 1,2019,Etudiant_0204,Dr. Professeur_06,19.69,afrique|energie|iot|mqtt|temps-reel,5,0
MEM-0205,Géolocalisation des transports en commun à Lomé,Système de suivi temps réel des bus et taxis-motos avec application mobile passager et dashboard chauffeur. Architecture microservices avec WebSockets pour les mises à jour en temps réel.,Système de suivi temps réel des bus et taxis-motos avec application mobile passager et dashboard chauffeur. Architecture microservices avec WebSockets pour les mises à jour en temps réel. Ce travail s'inscrit dans le contexte de Afrique de l'Ouest. La méthodologie adoptée est Étude de cas. Les résultats obtenus constituent une contribution significative au domaine de Mobile.,Géolocalisation des transports en commun à Lomé. Système de suivi temps réel des bus et taxis-motos avec application mobile passager et dashboard chauffeur. Architecture microservices avec WebSockets pour les mises à jour en temps réel. Système de suivi temps réel des bus et taxis-motos avec application mobile passager et dashboard chauffeur. Architecture microservices avec WebSockets pour les mises à jour en temps réel. Ce travail s'inscrit dans le contexte de Afrique de l'Ouest. La méthodologie adoptée est Étude de cas. Les résultats obtenus constituent une contribution significative au domaine de Mobile.,Mobile,Étude de cas,Licence 3,2020,Etudiant_0205,Dr. Professeur_05,17.72,afrique|flutter|kotlin|microservices|mobile-money|offline|react-native,7,1
MEM-0206,Plateforme de gestion des stages universitaires,"Application full-stack React/FastAPI permettant aux étudiants de postuler aux stages, aux entreprises de publier des offres et à l'université de suivre les conventions. Déployée sur 3 universités togolaises.","Application full-stack React/FastAPI permettant aux étudiants de postuler aux stages, aux entreprises de publier des offres et à l'université de suivre les conventions. Déployée sur 3 universités togolaises. Ce travail s'inscrit dans le contexte de Afrique de l'Ouest. La méthodologie adoptée est Recherche appliquée. Les résultats obtenus constituent une contribution significative au domaine de Développement Web.","Plateforme de gestion des stages universitaires. Application full-stack React/FastAPI permettant aux étudiants de postuler aux stages, aux entreprises de publier des offres et à l'université de suivre les conventions. Déployée sur 3 universités togolaises. Application full-stack React/FastAPI permettant aux étudiants de postuler aux stages, aux entreprises de publier des offres et à l'université de suivre les conventions. Déployée sur 3 universités togolaises. Ce travail s'inscrit dans le contexte de Afrique de l'Ouest. La méthodologie adoptée est Recherche appliquée. Les résultats obtenus constituent une contribution significative au domaine de Développement Web.",Développement Web,Recherche appliquée,Licence 3,2021,Etudiant_0206,Dr. Professeur_05,10.92,afrique|django|fastapi|full-stack|javascript|postgresql|react|rest-api,8,1
MEM-0207,Application de paiement mobile pour petits commerçants,App Android permettant aux commerçants informels d'accepter les paiements digitaux via NFC et QR code. Intégration mobile money. 500 commerçants pilotes dans 3 marchés de Lomé.,App Android permettant aux commerçants informels d'accepter les paiements digitaux via NFC et QR code. Intégration mobile money. 500 commerçants pilotes dans 3 marchés de Lomé. Ce travail s'inscrit dans le contexte de Lomé. La méthodologie adoptée est Recherche expérimentale. Les résultats obtenus constituent une contribution significative au domaine de Mobile.,Application de paiement mobile pour petits commerçants. App Android permettant aux commerçants informels d'accepter les paiements digitaux via NFC et QR code. Intégration mobile money. 500 commerçants pilotes dans 3 marchés de Lomé. App Android permettant aux commerçants informels d'accepter les paiements digitaux via NFC et QR code. Intégration mobile money. 500 commerçants pilotes dans 3 marchés de Lomé. Ce travail s'inscrit dans le contexte de Lomé. La méthodologie adoptée est Recherche expérimentale. Les résultats obtenus constituent une contribution significative au domaine de Mobile.,Mobile,Recherche expérimentale,Licence 3,2019,Etudiant_0207,Dr. Professeur_02,11.03,afrique|android|geolocalisation|kotlin|offline|react-native,6,1
MEM-0208,Portail de télémédecine pour zones rurales,"Application web de consultation médicale à distance intégrant la géolocalisation des centres de santé, la prise de rendez-vous et le dossier médical numérique simplifié. Mode offline disponible.","Application web de consultation médicale à distance intégrant la géolocalisation des centres de santé, la prise de rendez-vous et le dossier médical numérique simplifié. Mode offline disponible. Ce travail s'inscrit dans le contexte de mobile money. La méthodologie adoptée est Développement dirigé par les tests (TDD). Les résultats obtenus constituent une contribution significative au domaine de Développement Web.","Portail de télémédecine pour zones rurales. Application web de consultation médicale à distance intégrant la géolocalisation des centres de santé, la prise de rendez-vous et le dossier médical numérique simplifié. Mode offline disponible. Application web de consultation médicale à distance intégrant la géolocalisation des centres de santé, la prise de rendez-vous et le dossier médical numérique simplifié. Mode offline disponible. Ce travail s'inscrit dans le contexte de mobile money. La méthodologie adoptée est Développement dirigé par les tests (TDD). Les résultats obtenus constituent une contribution significative au domaine de Développement Web.",Développement Web,Développement dirigé par les tests (TDD),Master 1,2018,Etudiant_0208,Dr. Professeur_03,15.72,docker|full-stack|react|rest-api,4,1
MEM-0209,Audit de sécurité des infrastructures bancaires,"Évaluation complète de la posture de sécurité d'une banque locale par tests de pénétration, analyse de code et revue de configuration. Rapport de 47 vulnérabilités identifiées avec plan de remédiation.","Évaluation complète de la posture de sécurité d'une banque locale par tests de pénétration, analyse de code et revue de configuration. Rapport de 47 vulnérabilités identifiées avec plan de remédiation. Ce travail s'inscrit dans le contexte de langues locales. La méthodologie adoptée est Recherche appliquée. Les résultats obtenus constituent une contribution significative au domaine de Cybersécurité.","Audit de sécurité des infrastructures bancaires. Évaluation complète de la posture de sécurité d'une banque locale par tests de pénétration, analyse de code et revue de configuration. Rapport de 47 vulnérabilités identifiées avec plan de remédiation. Évaluation complète de la posture de sécurité d'une banque locale par tests de pénétration, analyse de code et revue de configuration. Rapport de 47 vulnérabilités identifiées avec plan de remédiation. Ce travail s'inscrit dans le contexte de langues locales. La méthodologie adoptée est Recherche appliquée. Les résultats obtenus constituent une contribution significative au domaine de Cybersécurité.",Cybersécurité,Recherche appliquée,Master 1,2020,Etudiant_0209,Dr. Professeur_08,14.21,cryptographie|owasp|pentesting|siem,4,1
MEM-0210,Irrigation automatique intelligente,Système embarqué sur Arduino/Raspberry Pi pour l'irrigation selon l'humidité du sol et les prévisions météo. Économie d'eau de 35% mesurée sur 6 mois dans une exploitation agricole pilote.,Système embarqué sur Arduino/Raspberry Pi pour l'irrigation selon l'humidité du sol et les prévisions météo. Économie d'eau de 35% mesurée sur 6 mois dans une exploitation agricole pilote. Ce travail s'inscrit dans le contexte de langues locales. La méthodologie adoptée est Recherche expérimentale. Les résultats obtenus constituent une contribution significative au domaine de Systèmes Embarqués.,Irrigation automatique intelligente. Système embarqué sur Arduino/Raspberry Pi pour l'irrigation selon l'humidité du sol et les prévisions météo. Économie d'eau de 35% mesurée sur 6 mois dans une exploitation agricole pilote. Système embarqué sur Arduino/Raspberry Pi pour l'irrigation selon l'humidité du sol et les prévisions météo. Économie d'eau de 35% mesurée sur 6 mois dans une exploitation agricole pilote. Ce travail s'inscrit dans le contexte de langues locales. La méthodologie adoptée est Recherche expérimentale. Les résultats obtenus constituent une contribution significative au domaine de Systèmes Embarqués.,Systèmes Embarqués,Recherche expérimentale,Master 2,2023,Etudiant_0210,Dr. Professeur_07,10.07,arduino|capteurs|embarque|raspberry-pi,4,1
MEM-0211,Pipeline CI/CD pour équipe de développement,"Mise en place d'un pipeline d'intégration et déploiement continus avec GitHub Actions, Docker et Kubernetes. Réduction du temps de déploiement de 2 jours à 15 minutes. 0 régression en production.","Mise en place d'un pipeline d'intégration et déploiement continus avec GitHub Actions, Docker et Kubernetes. Réduction du temps de déploiement de 2 jours à 15 minutes. 0 régression en production. Ce travail s'inscrit dans le contexte de PME africaine. La méthodologie adoptée est Étude de cas. Les résultats obtenus constituent une contribution significative au domaine de Cloud / DevOps.","Pipeline CI/CD pour équipe de développement. Mise en place d'un pipeline d'intégration et déploiement continus avec GitHub Actions, Docker et Kubernetes. Réduction du temps de déploiement de 2 jours à 15 minutes. 0 régression en production. Mise en place d'un pipeline d'intégration et déploiement continus avec GitHub Actions, Docker et Kubernetes. Réduction du temps de déploiement de 2 jours à 15 minutes. 0 régression en production. Ce travail s'inscrit dans le contexte de PME africaine. La méthodologie adoptée est Étude de cas. Les résultats obtenus constituent une contribution significative au domaine de Cloud / DevOps.",Cloud / DevOps,Étude de cas,Master 1,2021,Etudiant_0211,Dr. Professeur_07,13.14,devops|docker|kubernetes|microservices|terraform,5,1
MEM-0212,Application de suivi de grossesse pour zones rurales,"App mobile hors-ligne pour le suivi médical des femmes enceintes sans connexion internet. Synchronisation différée des données. Déployée dans 12 centres de santé ruraux, 800 femmes suivies.","App mobile hors-ligne pour le suivi médical des femmes enceintes sans connexion internet. Synchronisation différée des données. Déployée dans 12 centres de santé ruraux, 800 femmes suivies. Ce travail s'inscrit dans le contexte de contexte africain. La méthodologie adoptée est Recherche-action. Les résultats obtenus constituent une contribution significative au domaine de Mobile.","Application de suivi de grossesse pour zones rurales. App mobile hors-ligne pour le suivi médical des femmes enceintes sans connexion internet. Synchronisation différée des données. Déployée dans 12 centres de santé ruraux, 800 femmes suivies. App mobile hors-ligne pour le suivi médical des femmes enceintes sans connexion internet. Synchronisation différée des données. Déployée dans 12 centres de santé ruraux, 800 femmes suivies. Ce travail s'inscrit dans le contexte de contexte africain. La méthodologie adoptée est Recherche-action. Les résultats obtenus constituent une contribution significative au domaine de Mobile.",Mobile,Recherche-action,Master 2,2021,Etudiant_0212,Dr. Professeur_10,11.14,geolocalisation|kotlin|mobile-money|react-native|ux,5,1
MEM-0213,Sécurisation des applications mobile banking,Analyse des vulnérabilités des applications de paiement mobile au Togo selon OWASP Mobile Top 10. Implémentation des contre-mesures et chiffrement end-to-end des transactions.,Analyse des vulnérabilités des applications de paiement mobile au Togo selon OWASP Mobile Top 10. Implémentation des contre-mesures et chiffrement end-to-end des transactions. Ce travail s'inscrit dans le contexte de Afrique de l'Ouest. La méthodologie adoptée est Développement dirigé par les tests (TDD). Les résultats obtenus constituent une contribution significative au domaine de Cybersécurité.,Sécurisation des applications mobile banking. Analyse des vulnérabilités des applications de paiement mobile au Togo selon OWASP Mobile Top 10. Implémentation des contre-mesures et chiffrement end-to-end des transactions. Analyse des vulnérabilités des applications de paiement mobile au Togo selon OWASP Mobile Top 10. Implémentation des contre-mesures et chiffrement end-to-end des transactions. Ce travail s'inscrit dans le contexte de Afrique de l'Ouest. La méthodologie adoptée est Développement dirigé par les tests (TDD). Les résultats obtenus constituent une contribution significative au domaine de Cybersécurité.,Cybersécurité,Développement dirigé par les tests (TDD),Master 2,2018,Etudiant_0213,Dr. Professeur_13,18.19,afrique|audit|cryptographie|owasp|siem|vulnerabilite,6,1
MEM-0214,Entrepôt de données pour le Ministère de la Santé,"Conception d'un data warehouse selon modélisation en étoile pour centraliser les données épidémiologiques nationales. Pipeline ETL automatisé, 50M enregistrements, requêtes analytiques en < 2s.","Conception d'un data warehouse selon modélisation en étoile pour centraliser les données épidémiologiques nationales. Pipeline ETL automatisé, 50M enregistrements, requêtes analytiques en < 2s. Ce travail s'inscrit dans le contexte de Afrique de l'Ouest. La méthodologie adoptée est Recherche-action. Les résultats obtenus constituent une contribution significative au domaine de Bases de données.","Entrepôt de données pour le Ministère de la Santé. Conception d'un data warehouse selon modélisation en étoile pour centraliser les données épidémiologiques nationales. Pipeline ETL automatisé, 50M enregistrements, requêtes analytiques en < 2s. Conception d'un data warehouse selon modélisation en étoile pour centraliser les données épidémiologiques nationales. Pipeline ETL automatisé, 50M enregistrements, requêtes analytiques en < 2s. Ce travail s'inscrit dans le contexte de Afrique de l'Ouest. La méthodologie adoptée est Recherche-action. Les résultats obtenus constituent une contribution significative au domaine de Bases de données.",Bases de données,Recherche-action,Master 1,2019,Etudiant_0214,Dr. Professeur_10,14.49,datawarehouse|etl|nosql|optimisation,4,1
MEM-0215,Système de monitoring applicatif temps réel,"Déploiement d'une stack de monitoring avec Prometheus, Grafana et alerting automatique. Couverture de 15 microservices avec dashboards métier et techniques. MTTR réduit de 4h à 20min.","Déploiement d'une stack de monitoring avec Prometheus, Grafana et alerting automatique. Couverture de 15 microservices avec dashboards métier et techniques. MTTR réduit de 4h à 20min. Ce travail s'inscrit dans le contexte de Afrique de l'Ouest. La méthodologie adoptée est Prototypage rapide. Les résultats obtenus constituent une contribution significative au domaine de Cloud / DevOps.","Système de monitoring applicatif temps réel. Déploiement d'une stack de monitoring avec Prometheus, Grafana et alerting automatique. Couverture de 15 microservices avec dashboards métier et techniques. MTTR réduit de 4h à 20min. Déploiement d'une stack de monitoring avec Prometheus, Grafana et alerting automatique. Couverture de 15 microservices avec dashboards métier et techniques. MTTR réduit de 4h à 20min. Ce travail s'inscrit dans le contexte de Afrique de l'Ouest. La méthodologie adoptée est Prototypage rapide. Les résultats obtenus constituent une contribution significative au domaine de Cloud / DevOps.",Cloud / DevOps,Prototypage rapide,Master 2,2021,Etudiant_0215,Dr. Professeur_11,17.69,aws|devops|kubernetes|microservices|terraform,5,1
MEM-0216,Sécurisation des applications mobile banking,Analyse des vulnérabilités des applications de paiement mobile au Togo selon OWASP Mobile Top 10. Implémentation des contre-mesures et chiffrement end-to-end des transactions.,Analyse des vulnérabilités des applications de paiement mobile au Togo selon OWASP Mobile Top 10. Implémentation des contre-mesures et chiffrement end-to-end des transactions. Ce travail s'inscrit dans le contexte de Togo. La méthodologie adoptée est Prototypage rapide. Les résultats obtenus constituent une contribution significative au domaine de Cybersécurité.,Sécurisation des applications mobile banking. Analyse des vulnérabilités des applications de paiement mobile au Togo selon OWASP Mobile Top 10. Implémentation des contre-mesures et chiffrement end-to-end des transactions. Analyse des vulnérabilités des applications de paiement mobile au Togo selon OWASP Mobile Top 10. Implémentation des contre-mesures et chiffrement end-to-end des transactions. Ce travail s'inscrit dans le contexte de Togo. La méthodologie adoptée est Prototypage rapide. Les résultats obtenus constituent une contribution significative au domaine de Cybersécurité.,Cybersécurité,Prototypage rapide,Licence 3,2022,Etudiant_0216,Dr. Professeur_04,10.99,afrique|cryptographie|intrusion|owasp|pentesting|vulnerabilite,6,1
MEM-0217,Optimisation QoS dans les réseaux 4G,Étude et amélioration de la qualité de service pour les applications temps réel sur réseau mobile 4G/LTE. Simulation sous NS-3 et validation terrain avec mesures de latence et débit.,Étude et amélioration de la qualité de service pour les applications temps réel sur réseau mobile 4G/LTE. Simulation sous NS-3 et validation terrain avec mesures de latence et débit. Ce travail s'inscrit dans le contexte de langues locales. La méthodologie adoptée est Recherche appliquée. Les résultats obtenus constituent une contribution significative au domaine de Réseaux.,Optimisation QoS dans les réseaux 4G. Étude et amélioration de la qualité de service pour les applications temps réel sur réseau mobile 4G/LTE. Simulation sous NS-3 et validation terrain avec mesures de latence et débit. Étude et amélioration de la qualité de service pour les applications temps réel sur réseau mobile 4G/LTE. Simulation sous NS-3 et validation terrain avec mesures de latence et débit. Ce travail s'inscrit dans le contexte de langues locales. La méthodologie adoptée est Recherche appliquée. Les résultats obtenus constituent une contribution significative au domaine de Réseaux.,Réseaux,Recherche appliquée,Master 1,2021,Etudiant_0217,Dr. Professeur_02,14.16,cisco|iot|protocole|qos|wifi,5,1
MEM-0218,Implémentation d'un SIEM open source,Déploiement et configuration de Wazuh/ELK Stack pour la détection d'intrusions en temps réel. Définition de 120 règles de corrélation et procédures de réponse aux incidents pour une PME.,Déploiement et configuration de Wazuh/ELK Stack pour la détection d'intrusions en temps réel. Définition de 120 règles de corrélation et procédures de réponse aux incidents pour une PME. Ce travail s'inscrit dans le contexte de Afrique de l'Ouest. La méthodologie adoptée est Recherche appliquée. Les résultats obtenus constituent une contribution significative au domaine de Cybersécurité.,Implémentation d'un SIEM open source. Déploiement et configuration de Wazuh/ELK Stack pour la détection d'intrusions en temps réel. Définition de 120 règles de corrélation et procédures de réponse aux incidents pour une PME. Déploiement et configuration de Wazuh/ELK Stack pour la détection d'intrusions en temps réel. Définition de 120 règles de corrélation et procédures de réponse aux incidents pour une PME. Ce travail s'inscrit dans le contexte de Afrique de l'Ouest. La méthodologie adoptée est Recherche appliquée. Les résultats obtenus constituent une contribution significative au domaine de Cybersécurité.,Cybersécurité,Recherche appliquée,Master 1,2021,Etudiant_0218,Dr. Professeur_12,14.38,cryptographie|owasp|vulnerabilite,3,1
MEM-0219,Portail de télémédecine pour zones rurales,"Application web de consultation médicale à distance intégrant la géolocalisation des centres de santé, la prise de rendez-vous et le dossier médical numérique simplifié. Mode offline disponible.","Application web de consultation médicale à distance intégrant la géolocalisation des centres de santé, la prise de rendez-vous et le dossier médical numérique simplifié. Mode offline disponible. Ce travail s'inscrit dans le contexte de zones rurales. La méthodologie adoptée est Développement logiciel (SCRUM). Les résultats obtenus constituent une contribution significative au domaine de Développement Web.","Portail de télémédecine pour zones rurales. Application web de consultation médicale à distance intégrant la géolocalisation des centres de santé, la prise de rendez-vous et le dossier médical numérique simplifié. Mode offline disponible. Application web de consultation médicale à distance intégrant la géolocalisation des centres de santé, la prise de rendez-vous et le dossier médical numérique simplifié. Mode offline disponible. Ce travail s'inscrit dans le contexte de zones rurales. La méthodologie adoptée est Développement logiciel (SCRUM). Les résultats obtenus constituent une contribution significative au domaine de Développement Web.",Développement Web,Développement logiciel (SCRUM),Master 2,2018,Etudiant_0219,Dr. Professeur_12,19.3,javascript|postgresql|react,3,1
MEM-0220,Sécurisation des applications mobile banking,Analyse des vulnérabilités des applications de paiement mobile au Togo selon OWASP Mobile Top 10. Implémentation des contre-mesures et chiffrement end-to-end des transactions.,Analyse des vulnérabilités des applications de paiement mobile au Togo selon OWASP Mobile Top 10. Implémentation des contre-mesures et chiffrement end-to-end des transactions. Ce travail s'inscrit dans le contexte de zones rurales. La méthodologie adoptée est Recherche expérimentale. Les résultats obtenus constituent une contribution significative au domaine de Cybersécurité.,Sécurisation des applications mobile banking. Analyse des vulnérabilités des applications de paiement mobile au Togo selon OWASP Mobile Top 10. Implémentation des contre-mesures et chiffrement end-to-end des transactions. Analyse des vulnérabilités des applications de paiement mobile au Togo selon OWASP Mobile Top 10. Implémentation des contre-mesures et chiffrement end-to-end des transactions. Ce travail s'inscrit dans le contexte de zones rurales. La méthodologie adoptée est Recherche expérimentale. Les résultats obtenus constituent une contribution significative au domaine de Cybersécurité.,Cybersécurité,Recherche expérimentale,Master 1,2022,Etudiant_0220,Dr. Professeur_07,16.4,afrique|cryptographie|intrusion|siem|vulnerabilite,5,1
MEM-0221,Optimisation QoS dans les réseaux 4G,Étude et amélioration de la qualité de service pour les applications temps réel sur réseau mobile 4G/LTE. Simulation sous NS-3 et validation terrain avec mesures de latence et débit.,Étude et amélioration de la qualité de service pour les applications temps réel sur réseau mobile 4G/LTE. Simulation sous NS-3 et validation terrain avec mesures de latence et débit. Ce travail s'inscrit dans le contexte de Afrique de l'Ouest. La méthodologie adoptée est Prototypage rapide. Les résultats obtenus constituent une contribution significative au domaine de Réseaux.,Optimisation QoS dans les réseaux 4G. Étude et amélioration de la qualité de service pour les applications temps réel sur réseau mobile 4G/LTE. Simulation sous NS-3 et validation terrain avec mesures de latence et débit. Étude et amélioration de la qualité de service pour les applications temps réel sur réseau mobile 4G/LTE. Simulation sous NS-3 et validation terrain avec mesures de latence et débit. Ce travail s'inscrit dans le contexte de Afrique de l'Ouest. La méthodologie adoptée est Prototypage rapide. Les résultats obtenus constituent une contribution significative au domaine de Réseaux.,Réseaux,Prototypage rapide,Master 1,2021,Etudiant_0221,Dr. Professeur_13,15.77,4g|iot|qos,3,1
MEM-0222,Implémentation d'un SIEM open source,Déploiement et configuration de Wazuh/ELK Stack pour la détection d'intrusions en temps réel. Définition de 120 règles de corrélation et procédures de réponse aux incidents pour une PME.,Déploiement et configuration de Wazuh/ELK Stack pour la détection d'intrusions en temps réel. Définition de 120 règles de corrélation et procédures de réponse aux incidents pour une PME. Ce travail s'inscrit dans le contexte de contexte africain. La méthodologie adoptée est Recherche appliquée. Les résultats obtenus constituent une contribution significative au domaine de Cybersécurité.,Implémentation d'un SIEM open source. Déploiement et configuration de Wazuh/ELK Stack pour la détection d'intrusions en temps réel. Définition de 120 règles de corrélation et procédures de réponse aux incidents pour une PME. Déploiement et configuration de Wazuh/ELK Stack pour la détection d'intrusions en temps réel. Définition de 120 règles de corrélation et procédures de réponse aux incidents pour une PME. Ce travail s'inscrit dans le contexte de contexte africain. La méthodologie adoptée est Recherche appliquée. Les résultats obtenus constituent une contribution significative au domaine de Cybersécurité.,Cybersécurité,Recherche appliquée,Licence 3,2021,Etudiant_0222,Dr. Professeur_10,15.97,audit|cryptographie|forensics,3,1
MEM-0223,Portail de télémédecine pour zones rurales,"Application web de consultation médicale à distance intégrant la géolocalisation des centres de santé, la prise de rendez-vous et le dossier médical numérique simplifié. Mode offline disponible.","Application web de consultation médicale à distance intégrant la géolocalisation des centres de santé, la prise de rendez-vous et le dossier médical numérique simplifié. Mode offline disponible. Ce travail s'inscrit dans le contexte de Afrique de l'Ouest. La méthodologie adoptée est Recherche appliquée. Les résultats obtenus constituent une contribution significative au domaine de Développement Web.","Portail de télémédecine pour zones rurales. Application web de consultation médicale à distance intégrant la géolocalisation des centres de santé, la prise de rendez-vous et le dossier médical numérique simplifié. Mode offline disponible. Application web de consultation médicale à distance intégrant la géolocalisation des centres de santé, la prise de rendez-vous et le dossier médical numérique simplifié. Mode offline disponible. Ce travail s'inscrit dans le contexte de Afrique de l'Ouest. La méthodologie adoptée est Recherche appliquée. Les résultats obtenus constituent une contribution significative au domaine de Développement Web.",Développement Web,Recherche appliquée,Master 1,2022,Etudiant_0223,Dr. Professeur_06,16.72,docker|javascript|rest-api,3,1
MEM-0224,Application de paiement mobile pour petits commerçants,App Android permettant aux commerçants informels d'accepter les paiements digitaux via NFC et QR code. Intégration mobile money. 500 commerçants pilotes dans 3 marchés de Lomé.,App Android permettant aux commerçants informels d'accepter les paiements digitaux via NFC et QR code. Intégration mobile money. 500 commerçants pilotes dans 3 marchés de Lomé. Ce travail s'inscrit dans le contexte de zones rurales. La méthodologie adoptée est Recherche expérimentale. Les résultats obtenus constituent une contribution significative au domaine de Mobile.,Application de paiement mobile pour petits commerçants. App Android permettant aux commerçants informels d'accepter les paiements digitaux via NFC et QR code. Intégration mobile money. 500 commerçants pilotes dans 3 marchés de Lomé. App Android permettant aux commerçants informels d'accepter les paiements digitaux via NFC et QR code. Intégration mobile money. 500 commerçants pilotes dans 3 marchés de Lomé. Ce travail s'inscrit dans le contexte de zones rurales. La méthodologie adoptée est Recherche expérimentale. Les résultats obtenus constituent une contribution significative au domaine de Mobile.,Mobile,Recherche expérimentale,Master 1,2023,Etudiant_0224,Dr. Professeur_07,15.75,afrique|android|mobile-money|offline|react-native,5,1
MEM-0225,Sécurisation des applications mobile banking,Analyse des vulnérabilités des applications de paiement mobile au Togo selon OWASP Mobile Top 10. Implémentation des contre-mesures et chiffrement end-to-end des transactions.,Analyse des vulnérabilités des applications de paiement mobile au Togo selon OWASP Mobile Top 10. Implémentation des contre-mesures et chiffrement end-to-end des transactions. Ce travail s'inscrit dans le contexte de Togo. La méthodologie adoptée est Recherche expérimentale. Les résultats obtenus constituent une contribution significative au domaine de Cybersécurité.,Sécurisation des applications mobile banking. Analyse des vulnérabilités des applications de paiement mobile au Togo selon OWASP Mobile Top 10. Implémentation des contre-mesures et chiffrement end-to-end des transactions. Analyse des vulnérabilités des applications de paiement mobile au Togo selon OWASP Mobile Top 10. Implémentation des contre-mesures et chiffrement end-to-end des transactions. Ce travail s'inscrit dans le contexte de Togo. La méthodologie adoptée est Recherche expérimentale. Les résultats obtenus constituent une contribution significative au domaine de Cybersécurité.,Cybersécurité,Recherche expérimentale,Master 1,2020,Etudiant_0225,Dr. Professeur_01,18.66,afrique|cryptographie|owasp|vulnerabilite,4,1
MEM-0226,Optimisation QoS dans les réseaux 4G,Étude et amélioration de la qualité de service pour les applications temps réel sur réseau mobile 4G/LTE. Simulation sous NS-3 et validation terrain avec mesures de latence et débit.,Étude et amélioration de la qualité de service pour les applications temps réel sur réseau mobile 4G/LTE. Simulation sous NS-3 et validation terrain avec mesures de latence et débit. Ce travail s'inscrit dans le contexte de PME africaine. La méthodologie adoptée est Prototypage rapide. Les résultats obtenus constituent une contribution significative au domaine de Réseaux.,Optimisation QoS dans les réseaux 4G. Étude et amélioration de la qualité de service pour les applications temps réel sur réseau mobile 4G/LTE. Simulation sous NS-3 et validation terrain avec mesures de latence et débit. Étude et amélioration de la qualité de service pour les applications temps réel sur réseau mobile 4G/LTE. Simulation sous NS-3 et validation terrain avec mesures de latence et débit. Ce travail s'inscrit dans le contexte de PME africaine. La méthodologie adoptée est Prototypage rapide. Les résultats obtenus constituent une contribution significative au domaine de Réseaux.,Réseaux,Prototypage rapide,Master 2,2023,Etudiant_0226,Dr. Professeur_02,14.89,cisco|ns3|protocole|qos,4,1
MEM-0227,Optimisation QoS dans les réseaux 4G,Étude et amélioration de la qualité de service pour les applications temps réel sur réseau mobile 4G/LTE. Simulation sous NS-3 et validation terrain avec mesures de latence et débit.,Étude et amélioration de la qualité de service pour les applications temps réel sur réseau mobile 4G/LTE. Simulation sous NS-3 et validation terrain avec mesures de latence et débit. Ce travail s'inscrit dans le contexte de Afrique de l'Ouest. La méthodologie adoptée est Développement logiciel (SCRUM). Les résultats obtenus constituent une contribution significative au domaine de Réseaux.,Optimisation QoS dans les réseaux 4G. Étude et amélioration de la qualité de service pour les applications temps réel sur réseau mobile 4G/LTE. Simulation sous NS-3 et validation terrain avec mesures de latence et débit. Étude et amélioration de la qualité de service pour les applications temps réel sur réseau mobile 4G/LTE. Simulation sous NS-3 et validation terrain avec mesures de latence et débit. Ce travail s'inscrit dans le contexte de Afrique de l'Ouest. La méthodologie adoptée est Développement logiciel (SCRUM). Les résultats obtenus constituent une contribution significative au domaine de Réseaux.,Réseaux,Développement logiciel (SCRUM),Master 1,2019,Etudiant_0227,Dr. Professeur_05,15.73,4g|cisco|protocole|qos|tcp-ip,5,1
MEM-0228,Contrôle d'accès biométrique à faible coût,Système de contrôle d'accès par empreinte digitale et reconnaissance faciale pour sécuriser des locaux à budget limité. Coût matériel sous 50 000 FCFA. Déployé dans 3 établissements scolaires.,Système de contrôle d'accès par empreinte digitale et reconnaissance faciale pour sécuriser des locaux à budget limité. Coût matériel sous 50 000 FCFA. Déployé dans 3 établissements scolaires. Ce travail s'inscrit dans le contexte de mobile money. La méthodologie adoptée est Développement dirigé par les tests (TDD). Les résultats obtenus constituent une contribution significative au domaine de Systèmes Embarqués.,Contrôle d'accès biométrique à faible coût. Système de contrôle d'accès par empreinte digitale et reconnaissance faciale pour sécuriser des locaux à budget limité. Coût matériel sous 50 000 FCFA. Déployé dans 3 établissements scolaires. Système de contrôle d'accès par empreinte digitale et reconnaissance faciale pour sécuriser des locaux à budget limité. Coût matériel sous 50 000 FCFA. Déployé dans 3 établissements scolaires. Ce travail s'inscrit dans le contexte de mobile money. La méthodologie adoptée est Développement dirigé par les tests (TDD). Les résultats obtenus constituent une contribution significative au domaine de Systèmes Embarqués.,Systèmes Embarqués,Développement dirigé par les tests (TDD),Licence 3,2024,Etudiant_0228,Dr. Professeur_01,12.98,arduino|capteurs|embarque|mqtt|raspberry-pi,5,1
MEM-0229,Système de surveillance de la qualité de l'air,"Réseau de capteurs IoT autonomes mesurant CO2, PM2.5, NO2 et température. Transmission MQTT vers dashboard Grafana. Autonomie 6 mois sur batterie avec panneau solaire. Déployé dans 5 quartiers de Lomé.","Réseau de capteurs IoT autonomes mesurant CO2, PM2.5, NO2 et température. Transmission MQTT vers dashboard Grafana. Autonomie 6 mois sur batterie avec panneau solaire. Déployé dans 5 quartiers de Lomé. Ce travail s'inscrit dans le contexte de contexte africain. La méthodologie adoptée est Étude de cas. Les résultats obtenus constituent une contribution significative au domaine de Systèmes Embarqués.","Système de surveillance de la qualité de l'air. Réseau de capteurs IoT autonomes mesurant CO2, PM2.5, NO2 et température. Transmission MQTT vers dashboard Grafana. Autonomie 6 mois sur batterie avec panneau solaire. Déployé dans 5 quartiers de Lomé. Réseau de capteurs IoT autonomes mesurant CO2, PM2.5, NO2 et température. Transmission MQTT vers dashboard Grafana. Autonomie 6 mois sur batterie avec panneau solaire. Déployé dans 5 quartiers de Lomé. Ce travail s'inscrit dans le contexte de contexte africain. La méthodologie adoptée est Étude de cas. Les résultats obtenus constituent une contribution significative au domaine de Systèmes Embarqués.",Systèmes Embarqués,Étude de cas,Licence 3,2024,Etudiant_0229,Dr. Professeur_10,18.61,afrique|capteurs|energie|iot|temps-reel,5,1
MEM-0230,Sécurisation des applications mobile banking,Analyse des vulnérabilités des applications de paiement mobile au Togo selon OWASP Mobile Top 10. Implémentation des contre-mesures et chiffrement end-to-end des transactions.,Analyse des vulnérabilités des applications de paiement mobile au Togo selon OWASP Mobile Top 10. Implémentation des contre-mesures et chiffrement end-to-end des transactions. Ce travail s'inscrit dans le contexte de langues locales. La méthodologie adoptée est Recherche expérimentale. Les résultats obtenus constituent une contribution significative au domaine de Cybersécurité.,Sécurisation des applications mobile banking. Analyse des vulnérabilités des applications de paiement mobile au Togo selon OWASP Mobile Top 10. Implémentation des contre-mesures et chiffrement end-to-end des transactions. Analyse des vulnérabilités des applications de paiement mobile au Togo selon OWASP Mobile Top 10. Implémentation des contre-mesures et chiffrement end-to-end des transactions. Ce travail s'inscrit dans le contexte de langues locales. La méthodologie adoptée est Recherche expérimentale. Les résultats obtenus constituent une contribution significative au domaine de Cybersécurité.,Cybersécurité,Recherche expérimentale,Licence 3,2024,Etudiant_0230,Dr. Professeur_03,15.97,afrique|forensics|owasp|pentesting,4,1
MEM-0231,Géolocalisation des transports en commun à Lomé,Système de suivi temps réel des bus et taxis-motos avec application mobile passager et dashboard chauffeur. Architecture microservices avec WebSockets pour les mises à jour en temps réel.,Système de suivi temps réel des bus et taxis-motos avec application mobile passager et dashboard chauffeur. Architecture microservices avec WebSockets pour les mises à jour en temps réel. Ce travail s'inscrit dans le contexte de zones rurales. La méthodologie adoptée est Prototypage rapide. Les résultats obtenus constituent une contribution significative au domaine de Mobile.,Géolocalisation des transports en commun à Lomé. Système de suivi temps réel des bus et taxis-motos avec application mobile passager et dashboard chauffeur. Architecture microservices avec WebSockets pour les mises à jour en temps réel. Système de suivi temps réel des bus et taxis-motos avec application mobile passager et dashboard chauffeur. Architecture microservices avec WebSockets pour les mises à jour en temps réel. Ce travail s'inscrit dans le contexte de zones rurales. La méthodologie adoptée est Prototypage rapide. Les résultats obtenus constituent une contribution significative au domaine de Mobile.,Mobile,Prototypage rapide,Master 1,2024,Etudiant_0231,Dr. Professeur_03,17.01,afrique|android|flutter|kotlin|microservices|mobile-money|ux,7,1
MEM-0232,Système de surveillance de la qualité de l'air,"Réseau de capteurs IoT autonomes mesurant CO2, PM2.5, NO2 et température. Transmission MQTT vers dashboard Grafana. Autonomie 6 mois sur batterie avec panneau solaire. Déployé dans 5 quartiers de Lomé.","Réseau de capteurs IoT autonomes mesurant CO2, PM2.5, NO2 et température. Transmission MQTT vers dashboard Grafana. Autonomie 6 mois sur batterie avec panneau solaire. Déployé dans 5 quartiers de Lomé. Ce travail s'inscrit dans le contexte de Lomé. La méthodologie adoptée est Développement dirigé par les tests (TDD). Les résultats obtenus constituent une contribution significative au domaine de Systèmes Embarqués.","Système de surveillance de la qualité de l'air. Réseau de capteurs IoT autonomes mesurant CO2, PM2.5, NO2 et température. Transmission MQTT vers dashboard Grafana. Autonomie 6 mois sur batterie avec panneau solaire. Déployé dans 5 quartiers de Lomé. Réseau de capteurs IoT autonomes mesurant CO2, PM2.5, NO2 et température. Transmission MQTT vers dashboard Grafana. Autonomie 6 mois sur batterie avec panneau solaire. Déployé dans 5 quartiers de Lomé. Ce travail s'inscrit dans le contexte de Lomé. La méthodologie adoptée est Développement dirigé par les tests (TDD). Les résultats obtenus constituent une contribution significative au domaine de Systèmes Embarqués.",Systèmes Embarqués,Développement dirigé par les tests (TDD),Master 2,2021,Etudiant_0232,Dr. Professeur_02,13.75,afrique|embarque|iot|mqtt|temps-reel,5,1
MEM-0233,E-commerce pour artisans locaux togolais,"Marketplace permettant aux artisans de vendre en ligne avec intégration du paiement mobile money (Flooz, T-Money). Interface bilingue français/anglais. 120 artisans onboardés lors du lancement pilote.","Marketplace permettant aux artisans de vendre en ligne avec intégration du paiement mobile money (Flooz, T-Money). Interface bilingue français/anglais. 120 artisans onboardés lors du lancement pilote. Ce travail s'inscrit dans le contexte de Afrique de l'Ouest. La méthodologie adoptée est Prototypage rapide. Les résultats obtenus constituent une contribution significative au domaine de Développement Web.","E-commerce pour artisans locaux togolais. Marketplace permettant aux artisans de vendre en ligne avec intégration du paiement mobile money (Flooz, T-Money). Interface bilingue français/anglais. 120 artisans onboardés lors du lancement pilote. Marketplace permettant aux artisans de vendre en ligne avec intégration du paiement mobile money (Flooz, T-Money). Interface bilingue français/anglais. 120 artisans onboardés lors du lancement pilote. Ce travail s'inscrit dans le contexte de Afrique de l'Ouest. La méthodologie adoptée est Prototypage rapide. Les résultats obtenus constituent une contribution significative au domaine de Développement Web.",Développement Web,Prototypage rapide,Master 2,2020,Etudiant_0233,Dr. Professeur_08,17.31,afrique|django|docker|full-stack|postgresql|react,6,1
MEM-0234,Système de surveillance de la qualité de l'air,"Réseau de capteurs IoT autonomes mesurant CO2, PM2.5, NO2 et température. Transmission MQTT vers dashboard Grafana. Autonomie 6 mois sur batterie avec panneau solaire. Déployé dans 5 quartiers de Lomé.","Réseau de capteurs IoT autonomes mesurant CO2, PM2.5, NO2 et température. Transmission MQTT vers dashboard Grafana. Autonomie 6 mois sur batterie avec panneau solaire. Déployé dans 5 quartiers de Lomé. Ce travail s'inscrit dans le contexte de PME africaine. La méthodologie adoptée est Développement dirigé par les tests (TDD). Les résultats obtenus constituent une contribution significative au domaine de Systèmes Embarqués.","Système de surveillance de la qualité de l'air. Réseau de capteurs IoT autonomes mesurant CO2, PM2.5, NO2 et température. Transmission MQTT vers dashboard Grafana. Autonomie 6 mois sur batterie avec panneau solaire. Déployé dans 5 quartiers de Lomé. Réseau de capteurs IoT autonomes mesurant CO2, PM2.5, NO2 et température. Transmission MQTT vers dashboard Grafana. Autonomie 6 mois sur batterie avec panneau solaire. Déployé dans 5 quartiers de Lomé. Ce travail s'inscrit dans le contexte de PME africaine. La méthodologie adoptée est Développement dirigé par les tests (TDD). Les résultats obtenus constituent une contribution significative au domaine de Systèmes Embarqués.",Systèmes Embarqués,Développement dirigé par les tests (TDD),Master 2,2021,Etudiant_0234,Dr. Professeur_14,12.69,afrique|embarque|energie|iot|raspberry-pi,5,1
MEM-0235,Sécurisation des applications mobile banking,Analyse des vulnérabilités des applications de paiement mobile au Togo selon OWASP Mobile Top 10. Implémentation des contre-mesures et chiffrement end-to-end des transactions.,Analyse des vulnérabilités des applications de paiement mobile au Togo selon OWASP Mobile Top 10. Implémentation des contre-mesures et chiffrement end-to-end des transactions. Ce travail s'inscrit dans le contexte de Togo. La méthodologie adoptée est Développement dirigé par les tests (TDD). Les résultats obtenus constituent une contribution significative au domaine de Cybersécurité.,Sécurisation des applications mobile banking. Analyse des vulnérabilités des applications de paiement mobile au Togo selon OWASP Mobile Top 10. Implémentation des contre-mesures et chiffrement end-to-end des transactions. Analyse des vulnérabilités des applications de paiement mobile au Togo selon OWASP Mobile Top 10. Implémentation des contre-mesures et chiffrement end-to-end des transactions. Ce travail s'inscrit dans le contexte de Togo. La méthodologie adoptée est Développement dirigé par les tests (TDD). Les résultats obtenus constituent une contribution significative au domaine de Cybersécurité.,Cybersécurité,Développement dirigé par les tests (TDD),Master 1,2024,Etudiant_0235,Dr. Professeur_14,11.24,afrique|cryptographie|intrusion|pentesting|vulnerabilite,5,1
MEM-0236,Entrepôt de données pour le Ministère de la Santé,"Conception d'un data warehouse selon modélisation en étoile pour centraliser les données épidémiologiques nationales. Pipeline ETL automatisé, 50M enregistrements, requêtes analytiques en < 2s.","Conception d'un data warehouse selon modélisation en étoile pour centraliser les données épidémiologiques nationales. Pipeline ETL automatisé, 50M enregistrements, requêtes analytiques en < 2s. Ce travail s'inscrit dans le contexte de Afrique de l'Ouest. La méthodologie adoptée est Étude de cas. Les résultats obtenus constituent une contribution significative au domaine de Bases de données.","Entrepôt de données pour le Ministère de la Santé. Conception d'un data warehouse selon modélisation en étoile pour centraliser les données épidémiologiques nationales. Pipeline ETL automatisé, 50M enregistrements, requêtes analytiques en < 2s. Conception d'un data warehouse selon modélisation en étoile pour centraliser les données épidémiologiques nationales. Pipeline ETL automatisé, 50M enregistrements, requêtes analytiques en < 2s. Ce travail s'inscrit dans le contexte de Afrique de l'Ouest. La méthodologie adoptée est Étude de cas. Les résultats obtenus constituent une contribution significative au domaine de Bases de données.",Bases de données,Étude de cas,Licence 3,2023,Etudiant_0236,Dr. Professeur_05,16.55,etl|mongodb|sql,3,0
MEM-0237,Audit de sécurité des infrastructures bancaires,"Évaluation complète de la posture de sécurité d'une banque locale par tests de pénétration, analyse de code et revue de configuration. Rapport de 47 vulnérabilités identifiées avec plan de remédiation.","Évaluation complète de la posture de sécurité d'une banque locale par tests de pénétration, analyse de code et revue de configuration. Rapport de 47 vulnérabilités identifiées avec plan de remédiation. Ce travail s'inscrit dans le contexte de Togo. La méthodologie adoptée est Étude de cas. Les résultats obtenus constituent une contribution significative au domaine de Cybersécurité.","Audit de sécurité des infrastructures bancaires. Évaluation complète de la posture de sécurité d'une banque locale par tests de pénétration, analyse de code et revue de configuration. Rapport de 47 vulnérabilités identifiées avec plan de remédiation. Évaluation complète de la posture de sécurité d'une banque locale par tests de pénétration, analyse de code et revue de configuration. Rapport de 47 vulnérabilités identifiées avec plan de remédiation. Ce travail s'inscrit dans le contexte de Togo. La méthodologie adoptée est Étude de cas. Les résultats obtenus constituent une contribution significative au domaine de Cybersécurité.",Cybersécurité,Étude de cas,Master 2,2020,Etudiant_0237,Dr. Professeur_02,12.13,audit|cryptographie|forensics|pentesting|vulnerabilite,5,1
MEM-0238,Architecture réseau IoT pour smart city,"Conception d'une infrastructure de capteurs connectés pour la gestion intelligente des feux de circulation, de l'éclairage public et des déchets dans une ville de taille moyenne.","Conception d'une infrastructure de capteurs connectés pour la gestion intelligente des feux de circulation, de l'éclairage public et des déchets dans une ville de taille moyenne. Ce travail s'inscrit dans le contexte de Lomé. La méthodologie adoptée est Recherche-action. Les résultats obtenus constituent une contribution significative au domaine de Réseaux.","Architecture réseau IoT pour smart city. Conception d'une infrastructure de capteurs connectés pour la gestion intelligente des feux de circulation, de l'éclairage public et des déchets dans une ville de taille moyenne. Conception d'une infrastructure de capteurs connectés pour la gestion intelligente des feux de circulation, de l'éclairage public et des déchets dans une ville de taille moyenne. Ce travail s'inscrit dans le contexte de Lomé. La méthodologie adoptée est Recherche-action. Les résultats obtenus constituent une contribution significative au domaine de Réseaux.",Réseaux,Recherche-action,Master 1,2018,Etudiant_0238,Dr. Professeur_08,16.94,cisco|iot|ns3|wifi,4,0
MEM-0239,Migration infrastructure on-premise vers AWS,"Planification et exécution complète de la migration cloud d'une PME locale. Architecture 3-tiers sur AWS avec auto-scaling, backup automatique et réduction des coûts d'infrastructure de 40%.","Planification et exécution complète de la migration cloud d'une PME locale. Architecture 3-tiers sur AWS avec auto-scaling, backup automatique et réduction des coûts d'infrastructure de 40%. Ce travail s'inscrit dans le contexte de zones rurales. La méthodologie adoptée est Recherche-action. Les résultats obtenus constituent une contribution significative au domaine de Cloud / DevOps.","Migration infrastructure on-premise vers AWS. Planification et exécution complète de la migration cloud d'une PME locale. Architecture 3-tiers sur AWS avec auto-scaling, backup automatique et réduction des coûts d'infrastructure de 40%. Planification et exécution complète de la migration cloud d'une PME locale. Architecture 3-tiers sur AWS avec auto-scaling, backup automatique et réduction des coûts d'infrastructure de 40%. Ce travail s'inscrit dans le contexte de zones rurales. La méthodologie adoptée est Recherche-action. Les résultats obtenus constituent une contribution significative au domaine de Cloud / DevOps.",Cloud / DevOps,Recherche-action,Licence 3,2018,Etudiant_0239,Dr. Professeur_11,16.42,aws|ci-cd|docker|kubernetes|monitoring,5,1
MEM-0240,Classification d'images agricoles par CNN,Système de détection automatique des maladies des cultures grâce à des réseaux convolutifs. Dataset de 15 000 images de plantes annotées. Précision de 94% sur la classification de 8 maladies principales.,Système de détection automatique des maladies des cultures grâce à des réseaux convolutifs. Dataset de 15 000 images de plantes annotées. Précision de 94% sur la classification de 8 maladies principales. Ce travail s'inscrit dans le contexte de Lomé. La méthodologie adoptée est Recherche-action. Les résultats obtenus constituent une contribution significative au domaine de IA / Machine Learning.,Classification d'images agricoles par CNN. Système de détection automatique des maladies des cultures grâce à des réseaux convolutifs. Dataset de 15 000 images de plantes annotées. Précision de 94% sur la classification de 8 maladies principales. Système de détection automatique des maladies des cultures grâce à des réseaux convolutifs. Dataset de 15 000 images de plantes annotées. Précision de 94% sur la classification de 8 maladies principales. Ce travail s'inscrit dans le contexte de Lomé. La méthodologie adoptée est Recherche-action. Les résultats obtenus constituent une contribution significative au domaine de IA / Machine Learning.,IA / Machine Learning,Recherche-action,Licence 3,2021,Etudiant_0240,Dr. Professeur_08,16.16,classification|deep-learning|neural-network|python,4,1
MEM-0241,Plateforme de gestion des stages universitaires,"Application full-stack React/FastAPI permettant aux étudiants de postuler aux stages, aux entreprises de publier des offres et à l'université de suivre les conventions. Déployée sur 3 universités togolaises.","Application full-stack React/FastAPI permettant aux étudiants de postuler aux stages, aux entreprises de publier des offres et à l'université de suivre les conventions. Déployée sur 3 universités togolaises. Ce travail s'inscrit dans le contexte de mobile money. La méthodologie adoptée est Recherche expérimentale. Les résultats obtenus constituent une contribution significative au domaine de Développement Web.","Plateforme de gestion des stages universitaires. Application full-stack React/FastAPI permettant aux étudiants de postuler aux stages, aux entreprises de publier des offres et à l'université de suivre les conventions. Déployée sur 3 universités togolaises. Application full-stack React/FastAPI permettant aux étudiants de postuler aux stages, aux entreprises de publier des offres et à l'université de suivre les conventions. Déployée sur 3 universités togolaises. Ce travail s'inscrit dans le contexte de mobile money. La méthodologie adoptée est Recherche expérimentale. Les résultats obtenus constituent une contribution significative au domaine de Développement Web.",Développement Web,Recherche expérimentale,Licence 3,2022,Etudiant_0241,Dr. Professeur_02,12.77,afrique|django|docker|fastapi|full-stack|javascript|react,7,1
MEM-0242,Application de suivi de grossesse pour zones rurales,"App mobile hors-ligne pour le suivi médical des femmes enceintes sans connexion internet. Synchronisation différée des données. Déployée dans 12 centres de santé ruraux, 800 femmes suivies.","App mobile hors-ligne pour le suivi médical des femmes enceintes sans connexion internet. Synchronisation différée des données. Déployée dans 12 centres de santé ruraux, 800 femmes suivies. Ce travail s'inscrit dans le contexte de langues locales. La méthodologie adoptée est Développement logiciel (SCRUM). Les résultats obtenus constituent une contribution significative au domaine de Mobile.","Application de suivi de grossesse pour zones rurales. App mobile hors-ligne pour le suivi médical des femmes enceintes sans connexion internet. Synchronisation différée des données. Déployée dans 12 centres de santé ruraux, 800 femmes suivies. App mobile hors-ligne pour le suivi médical des femmes enceintes sans connexion internet. Synchronisation différée des données. Déployée dans 12 centres de santé ruraux, 800 femmes suivies. Ce travail s'inscrit dans le contexte de langues locales. La méthodologie adoptée est Développement logiciel (SCRUM). Les résultats obtenus constituent une contribution significative au domaine de Mobile.",Mobile,Développement logiciel (SCRUM),Master 2,2020,Etudiant_0242,Dr. Professeur_13,16.46,geolocalisation|kotlin|mobile-money,3,1
MEM-0243,Optimisation QoS dans les réseaux 4G,Étude et amélioration de la qualité de service pour les applications temps réel sur réseau mobile 4G/LTE. Simulation sous NS-3 et validation terrain avec mesures de latence et débit.,Étude et amélioration de la qualité de service pour les applications temps réel sur réseau mobile 4G/LTE. Simulation sous NS-3 et validation terrain avec mesures de latence et débit. Ce travail s'inscrit dans le contexte de contexte africain. La méthodologie adoptée est Étude de cas. Les résultats obtenus constituent une contribution significative au domaine de Réseaux.,Optimisation QoS dans les réseaux 4G. Étude et amélioration de la qualité de service pour les applications temps réel sur réseau mobile 4G/LTE. Simulation sous NS-3 et validation terrain avec mesures de latence et débit. Étude et amélioration de la qualité de service pour les applications temps réel sur réseau mobile 4G/LTE. Simulation sous NS-3 et validation terrain avec mesures de latence et débit. Ce travail s'inscrit dans le contexte de contexte africain. La méthodologie adoptée est Étude de cas. Les résultats obtenus constituent une contribution significative au domaine de Réseaux.,Réseaux,Étude de cas,Licence 3,2019,Etudiant_0243,Dr. Professeur_14,11.32,4g|iot|tcp-ip|wifi,4,1
MEM-0244,Pipeline CI/CD pour équipe de développement,"Mise en place d'un pipeline d'intégration et déploiement continus avec GitHub Actions, Docker et Kubernetes. Réduction du temps de déploiement de 2 jours à 15 minutes. 0 régression en production.","Mise en place d'un pipeline d'intégration et déploiement continus avec GitHub Actions, Docker et Kubernetes. Réduction du temps de déploiement de 2 jours à 15 minutes. 0 régression en production. Ce travail s'inscrit dans le contexte de Togo. La méthodologie adoptée est Prototypage rapide. Les résultats obtenus constituent une contribution significative au domaine de Cloud / DevOps.","Pipeline CI/CD pour équipe de développement. Mise en place d'un pipeline d'intégration et déploiement continus avec GitHub Actions, Docker et Kubernetes. Réduction du temps de déploiement de 2 jours à 15 minutes. 0 régression en production. Mise en place d'un pipeline d'intégration et déploiement continus avec GitHub Actions, Docker et Kubernetes. Réduction du temps de déploiement de 2 jours à 15 minutes. 0 régression en production. Ce travail s'inscrit dans le contexte de Togo. La méthodologie adoptée est Prototypage rapide. Les résultats obtenus constituent une contribution significative au domaine de Cloud / DevOps.",Cloud / DevOps,Prototypage rapide,Master 2,2019,Etudiant_0244,Dr. Professeur_01,12.62,aws|docker|kubernetes|microservices|terraform,5,1
MEM-0245,Système de monitoring applicatif temps réel,"Déploiement d'une stack de monitoring avec Prometheus, Grafana et alerting automatique. Couverture de 15 microservices avec dashboards métier et techniques. MTTR réduit de 4h à 20min.","Déploiement d'une stack de monitoring avec Prometheus, Grafana et alerting automatique. Couverture de 15 microservices avec dashboards métier et techniques. MTTR réduit de 4h à 20min. Ce travail s'inscrit dans le contexte de zones rurales. La méthodologie adoptée est Recherche appliquée. Les résultats obtenus constituent une contribution significative au domaine de Cloud / DevOps.","Système de monitoring applicatif temps réel. Déploiement d'une stack de monitoring avec Prometheus, Grafana et alerting automatique. Couverture de 15 microservices avec dashboards métier et techniques. MTTR réduit de 4h à 20min. Déploiement d'une stack de monitoring avec Prometheus, Grafana et alerting automatique. Couverture de 15 microservices avec dashboards métier et techniques. MTTR réduit de 4h à 20min. Ce travail s'inscrit dans le contexte de zones rurales. La méthodologie adoptée est Recherche appliquée. Les résultats obtenus constituent une contribution significative au domaine de Cloud / DevOps.",Cloud / DevOps,Recherche appliquée,Master 2,2023,Etudiant_0245,Dr. Professeur_05,12.77,aws|ci-cd|devops|microservices|monitoring,5,0
MEM-0246,Réseau WiFi communautaire à faible coût,"Conception et déploiement d'une infrastructure WiFi dans un quartier de Lomé avec équipements open source (OpenWRT). Couverture de 2km², 120 utilisateurs connectés simultanément, coût 40% inférieur au marché.","Conception et déploiement d'une infrastructure WiFi dans un quartier de Lomé avec équipements open source (OpenWRT). Couverture de 2km², 120 utilisateurs connectés simultanément, coût 40% inférieur au marché. Ce travail s'inscrit dans le contexte de Togo. La méthodologie adoptée est Prototypage rapide. Les résultats obtenus constituent une contribution significative au domaine de Réseaux.","Réseau WiFi communautaire à faible coût. Conception et déploiement d'une infrastructure WiFi dans un quartier de Lomé avec équipements open source (OpenWRT). Couverture de 2km², 120 utilisateurs connectés simultanément, coût 40% inférieur au marché. Conception et déploiement d'une infrastructure WiFi dans un quartier de Lomé avec équipements open source (OpenWRT). Couverture de 2km², 120 utilisateurs connectés simultanément, coût 40% inférieur au marché. Ce travail s'inscrit dans le contexte de Togo. La méthodologie adoptée est Prototypage rapide. Les résultats obtenus constituent une contribution significative au domaine de Réseaux.",Réseaux,Prototypage rapide,Master 1,2021,Etudiant_0246,Dr. Professeur_15,12.44,4g|afrique|cisco|iot|protocole|qos,6,1
MEM-0247,Archivage numérique des actes d'état civil,"Base de données structurée pour la numérisation et l'archivage des actes de naissance, mariage et décès. OCR automatique sur documents scannés. 500 000 actes numérisés, recherche en temps réel.","Base de données structurée pour la numérisation et l'archivage des actes de naissance, mariage et décès. OCR automatique sur documents scannés. 500 000 actes numérisés, recherche en temps réel. Ce travail s'inscrit dans le contexte de zones rurales. La méthodologie adoptée est Prototypage rapide. Les résultats obtenus constituent une contribution significative au domaine de Bases de données.","Archivage numérique des actes d'état civil. Base de données structurée pour la numérisation et l'archivage des actes de naissance, mariage et décès. OCR automatique sur documents scannés. 500 000 actes numérisés, recherche en temps réel. Base de données structurée pour la numérisation et l'archivage des actes de naissance, mariage et décès. OCR automatique sur documents scannés. 500 000 actes numérisés, recherche en temps réel. Ce travail s'inscrit dans le contexte de zones rurales. La méthodologie adoptée est Prototypage rapide. Les résultats obtenus constituent une contribution significative au domaine de Bases de données.",Bases de données,Prototypage rapide,Licence 3,2020,Etudiant_0247,Dr. Professeur_06,14.96,etl|mongodb|nosql|optimisation|postgresql,5,1
MEM-0248,Application de paiement mobile pour petits commerçants,App Android permettant aux commerçants informels d'accepter les paiements digitaux via NFC et QR code. Intégration mobile money. 500 commerçants pilotes dans 3 marchés de Lomé.,App Android permettant aux commerçants informels d'accepter les paiements digitaux via NFC et QR code. Intégration mobile money. 500 commerçants pilotes dans 3 marchés de Lomé. Ce travail s'inscrit dans le contexte de Lomé. La méthodologie adoptée est Recherche appliquée. Les résultats obtenus constituent une contribution significative au domaine de Mobile.,Application de paiement mobile pour petits commerçants. App Android permettant aux commerçants informels d'accepter les paiements digitaux via NFC et QR code. Intégration mobile money. 500 commerçants pilotes dans 3 marchés de Lomé. App Android permettant aux commerçants informels d'accepter les paiements digitaux via NFC et QR code. Intégration mobile money. 500 commerçants pilotes dans 3 marchés de Lomé. Ce travail s'inscrit dans le contexte de Lomé. La méthodologie adoptée est Recherche appliquée. Les résultats obtenus constituent une contribution significative au domaine de Mobile.,Mobile,Recherche appliquée,Licence 3,2023,Etudiant_0248,Dr. Professeur_02,12.72,afrique|android|flutter|react-native|ux,5,1
MEM-0249,E-commerce pour artisans locaux togolais,"Marketplace permettant aux artisans de vendre en ligne avec intégration du paiement mobile money (Flooz, T-Money). Interface bilingue français/anglais. 120 artisans onboardés lors du lancement pilote.","Marketplace permettant aux artisans de vendre en ligne avec intégration du paiement mobile money (Flooz, T-Money). Interface bilingue français/anglais. 120 artisans onboardés lors du lancement pilote. Ce travail s'inscrit dans le contexte de zones rurales. La méthodologie adoptée est Étude de cas. Les résultats obtenus constituent une contribution significative au domaine de Développement Web.","E-commerce pour artisans locaux togolais. Marketplace permettant aux artisans de vendre en ligne avec intégration du paiement mobile money (Flooz, T-Money). Interface bilingue français/anglais. 120 artisans onboardés lors du lancement pilote. Marketplace permettant aux artisans de vendre en ligne avec intégration du paiement mobile money (Flooz, T-Money). Interface bilingue français/anglais. 120 artisans onboardés lors du lancement pilote. Ce travail s'inscrit dans le contexte de zones rurales. La méthodologie adoptée est Étude de cas. Les résultats obtenus constituent une contribution significative au domaine de Développement Web.",Développement Web,Étude de cas,Master 2,2020,Etudiant_0249,Dr. Professeur_05,13.68,afrique|docker|javascript|rest-api,4,1
MEM-0250,Système de vote électronique sécurisé,"Plateforme de vote en ligne basée sur la cryptographie asymétrique RSA et la blockchain légère. Garantit l'anonymat, l'intégrité et la traçabilité des votes. Testé lors d'une élection étudiante réelle.","Plateforme de vote en ligne basée sur la cryptographie asymétrique RSA et la blockchain légère. Garantit l'anonymat, l'intégrité et la traçabilité des votes. Testé lors d'une élection étudiante réelle. Ce travail s'inscrit dans le contexte de PME africaine. La méthodologie adoptée est Recherche-action. Les résultats obtenus constituent une contribution significative au domaine de Développement Web.","Système de vote électronique sécurisé. Plateforme de vote en ligne basée sur la cryptographie asymétrique RSA et la blockchain légère. Garantit l'anonymat, l'intégrité et la traçabilité des votes. Testé lors d'une élection étudiante réelle. Plateforme de vote en ligne basée sur la cryptographie asymétrique RSA et la blockchain légère. Garantit l'anonymat, l'intégrité et la traçabilité des votes. Testé lors d'une élection étudiante réelle. Ce travail s'inscrit dans le contexte de PME africaine. La méthodologie adoptée est Recherche-action. Les résultats obtenus constituent une contribution significative au domaine de Développement Web.",Développement Web,Recherche-action,Master 2,2018,Etudiant_0250,Dr. Professeur_15,13.64,blockchain|fastapi|javascript|react,4,1
MEM-0251,Classification d'images agricoles par CNN,Système de détection automatique des maladies des cultures grâce à des réseaux convolutifs. Dataset de 15 000 images de plantes annotées. Précision de 94% sur la classification de 8 maladies principales.,Système de détection automatique des maladies des cultures grâce à des réseaux convolutifs. Dataset de 15 000 images de plantes annotées. Précision de 94% sur la classification de 8 maladies principales. Ce travail s'inscrit dans le contexte de contexte africain. La méthodologie adoptée est Développement dirigé par les tests (TDD). Les résultats obtenus constituent une contribution significative au domaine de IA / Machine Learning.,Classification d'images agricoles par CNN. Système de détection automatique des maladies des cultures grâce à des réseaux convolutifs. Dataset de 15 000 images de plantes annotées. Précision de 94% sur la classification de 8 maladies principales. Système de détection automatique des maladies des cultures grâce à des réseaux convolutifs. Dataset de 15 000 images de plantes annotées. Précision de 94% sur la classification de 8 maladies principales. Ce travail s'inscrit dans le contexte de contexte africain. La méthodologie adoptée est Développement dirigé par les tests (TDD). Les résultats obtenus constituent une contribution significative au domaine de IA / Machine Learning.,IA / Machine Learning,Développement dirigé par les tests (TDD),Master 2,2023,Etudiant_0251,Dr. Professeur_02,12.71,classification|deep-learning|nlp|prediction|python,5,1
MEM-0252,Plateforme de gestion des stages universitaires,"Application full-stack React/FastAPI permettant aux étudiants de postuler aux stages, aux entreprises de publier des offres et à l'université de suivre les conventions. Déployée sur 3 universités togolaises.","Application full-stack React/FastAPI permettant aux étudiants de postuler aux stages, aux entreprises de publier des offres et à l'université de suivre les conventions. Déployée sur 3 universités togolaises. Ce travail s'inscrit dans le contexte de langues locales. La méthodologie adoptée est Recherche expérimentale. Les résultats obtenus constituent une contribution significative au domaine de Développement Web.","Plateforme de gestion des stages universitaires. Application full-stack React/FastAPI permettant aux étudiants de postuler aux stages, aux entreprises de publier des offres et à l'université de suivre les conventions. Déployée sur 3 universités togolaises. Application full-stack React/FastAPI permettant aux étudiants de postuler aux stages, aux entreprises de publier des offres et à l'université de suivre les conventions. Déployée sur 3 universités togolaises. Ce travail s'inscrit dans le contexte de langues locales. La méthodologie adoptée est Recherche expérimentale. Les résultats obtenus constituent une contribution significative au domaine de Développement Web.",Développement Web,Recherche expérimentale,Licence 3,2024,Etudiant_0252,Dr. Professeur_09,13.27,afrique|django|docker|fastapi|full-stack|javascript|react,7,1
MEM-0253,Système de surveillance de la qualité de l'air,"Réseau de capteurs IoT autonomes mesurant CO2, PM2.5, NO2 et température. Transmission MQTT vers dashboard Grafana. Autonomie 6 mois sur batterie avec panneau solaire. Déployé dans 5 quartiers de Lomé.","Réseau de capteurs IoT autonomes mesurant CO2, PM2.5, NO2 et température. Transmission MQTT vers dashboard Grafana. Autonomie 6 mois sur batterie avec panneau solaire. Déployé dans 5 quartiers de Lomé. Ce travail s'inscrit dans le contexte de PME africaine. La méthodologie adoptée est Recherche appliquée. Les résultats obtenus constituent une contribution significative au domaine de Systèmes Embarqués.","Système de surveillance de la qualité de l'air. Réseau de capteurs IoT autonomes mesurant CO2, PM2.5, NO2 et température. Transmission MQTT vers dashboard Grafana. Autonomie 6 mois sur batterie avec panneau solaire. Déployé dans 5 quartiers de Lomé. Réseau de capteurs IoT autonomes mesurant CO2, PM2.5, NO2 et température. Transmission MQTT vers dashboard Grafana. Autonomie 6 mois sur batterie avec panneau solaire. Déployé dans 5 quartiers de Lomé. Ce travail s'inscrit dans le contexte de PME africaine. La méthodologie adoptée est Recherche appliquée. Les résultats obtenus constituent une contribution significative au domaine de Systèmes Embarqués.",Systèmes Embarqués,Recherche appliquée,Master 2,2024,Etudiant_0253,Dr. Professeur_13,19.98,afrique|capteurs|embarque|iot|mqtt,5,1
MEM-0254,Réseau WiFi communautaire à faible coût,"Conception et déploiement d'une infrastructure WiFi dans un quartier de Lomé avec équipements open source (OpenWRT). Couverture de 2km², 120 utilisateurs connectés simultanément, coût 40% inférieur au marché.","Conception et déploiement d'une infrastructure WiFi dans un quartier de Lomé avec équipements open source (OpenWRT). Couverture de 2km², 120 utilisateurs connectés simultanément, coût 40% inférieur au marché. Ce travail s'inscrit dans le contexte de Togo. La méthodologie adoptée est Développement logiciel (SCRUM). Les résultats obtenus constituent une contribution significative au domaine de Réseaux.","Réseau WiFi communautaire à faible coût. Conception et déploiement d'une infrastructure WiFi dans un quartier de Lomé avec équipements open source (OpenWRT). Couverture de 2km², 120 utilisateurs connectés simultanément, coût 40% inférieur au marché. Conception et déploiement d'une infrastructure WiFi dans un quartier de Lomé avec équipements open source (OpenWRT). Couverture de 2km², 120 utilisateurs connectés simultanément, coût 40% inférieur au marché. Ce travail s'inscrit dans le contexte de Togo. La méthodologie adoptée est Développement logiciel (SCRUM). Les résultats obtenus constituent une contribution significative au domaine de Réseaux.",Réseaux,Développement logiciel (SCRUM),Master 1,2018,Etudiant_0254,Dr. Professeur_01,19.51,afrique|cisco|ns3|protocole,4,1
MEM-0255,Système de monitoring applicatif temps réel,"Déploiement d'une stack de monitoring avec Prometheus, Grafana et alerting automatique. Couverture de 15 microservices avec dashboards métier et techniques. MTTR réduit de 4h à 20min.","Déploiement d'une stack de monitoring avec Prometheus, Grafana et alerting automatique. Couverture de 15 microservices avec dashboards métier et techniques. MTTR réduit de 4h à 20min. Ce travail s'inscrit dans le contexte de Togo. La méthodologie adoptée est Recherche-action. Les résultats obtenus constituent une contribution significative au domaine de Cloud / DevOps.","Système de monitoring applicatif temps réel. Déploiement d'une stack de monitoring avec Prometheus, Grafana et alerting automatique. Couverture de 15 microservices avec dashboards métier et techniques. MTTR réduit de 4h à 20min. Déploiement d'une stack de monitoring avec Prometheus, Grafana et alerting automatique. Couverture de 15 microservices avec dashboards métier et techniques. MTTR réduit de 4h à 20min. Ce travail s'inscrit dans le contexte de Togo. La méthodologie adoptée est Recherche-action. Les résultats obtenus constituent une contribution significative au domaine de Cloud / DevOps.",Cloud / DevOps,Recherche-action,Master 1,2018,Etudiant_0255,Dr. Professeur_03,19.73,ci-cd|devops|microservices,3,1
MEM-0256,Plateforme de gestion des stages universitaires,"Application full-stack React/FastAPI permettant aux étudiants de postuler aux stages, aux entreprises de publier des offres et à l'université de suivre les conventions. Déployée sur 3 universités togolaises.","Application full-stack React/FastAPI permettant aux étudiants de postuler aux stages, aux entreprises de publier des offres et à l'université de suivre les conventions. Déployée sur 3 universités togolaises. Ce travail s'inscrit dans le contexte de zones rurales. La méthodologie adoptée est Recherche expérimentale. Les résultats obtenus constituent une contribution significative au domaine de Développement Web.","Plateforme de gestion des stages universitaires. Application full-stack React/FastAPI permettant aux étudiants de postuler aux stages, aux entreprises de publier des offres et à l'université de suivre les conventions. Déployée sur 3 universités togolaises. Application full-stack React/FastAPI permettant aux étudiants de postuler aux stages, aux entreprises de publier des offres et à l'université de suivre les conventions. Déployée sur 3 universités togolaises. Ce travail s'inscrit dans le contexte de zones rurales. La méthodologie adoptée est Recherche expérimentale. Les résultats obtenus constituent une contribution significative au domaine de Développement Web.",Développement Web,Recherche expérimentale,Master 2,2021,Etudiant_0256,Dr. Professeur_07,16.37,afrique|fastapi|full-stack|javascript|postgresql|react|rest-api,7,0
MEM-0257,Chatbot médical en langues locales africaines,Développement d'un assistant conversationnel pour orienter les patients en français et en Ewé. Utilisation de BERT fine-tuné et d'une base de connaissances médicales validée par des professionnels de santé.,Développement d'un assistant conversationnel pour orienter les patients en français et en Ewé. Utilisation de BERT fine-tuné et d'une base de connaissances médicales validée par des professionnels de santé. Ce travail s'inscrit dans le contexte de contexte africain. La méthodologie adoptée est Recherche-action. Les résultats obtenus constituent une contribution significative au domaine de IA / Machine Learning.,Chatbot médical en langues locales africaines. Développement d'un assistant conversationnel pour orienter les patients en français et en Ewé. Utilisation de BERT fine-tuné et d'une base de connaissances médicales validée par des professionnels de santé. Développement d'un assistant conversationnel pour orienter les patients en français et en Ewé. Utilisation de BERT fine-tuné et d'une base de connaissances médicales validée par des professionnels de santé. Ce travail s'inscrit dans le contexte de contexte africain. La méthodologie adoptée est Recherche-action. Les résultats obtenus constituent une contribution significative au domaine de IA / Machine Learning.,IA / Machine Learning,Recherche-action,Licence 3,2019,Etudiant_0257,Dr. Professeur_05,13.18,afrique|bert|classification|nlp|python|tensorflow,6,1
MEM-0258,Réseau WiFi communautaire à faible coût,"Conception et déploiement d'une infrastructure WiFi dans un quartier de Lomé avec équipements open source (OpenWRT). Couverture de 2km², 120 utilisateurs connectés simultanément, coût 40% inférieur au marché.","Conception et déploiement d'une infrastructure WiFi dans un quartier de Lomé avec équipements open source (OpenWRT). Couverture de 2km², 120 utilisateurs connectés simultanément, coût 40% inférieur au marché. Ce travail s'inscrit dans le contexte de PME africaine. La méthodologie adoptée est Développement dirigé par les tests (TDD). Les résultats obtenus constituent une contribution significative au domaine de Réseaux.","Réseau WiFi communautaire à faible coût. Conception et déploiement d'une infrastructure WiFi dans un quartier de Lomé avec équipements open source (OpenWRT). Couverture de 2km², 120 utilisateurs connectés simultanément, coût 40% inférieur au marché. Conception et déploiement d'une infrastructure WiFi dans un quartier de Lomé avec équipements open source (OpenWRT). Couverture de 2km², 120 utilisateurs connectés simultanément, coût 40% inférieur au marché. Ce travail s'inscrit dans le contexte de PME africaine. La méthodologie adoptée est Développement dirigé par les tests (TDD). Les résultats obtenus constituent une contribution significative au domaine de Réseaux.",Réseaux,Développement dirigé par les tests (TDD),Master 2,2018,Etudiant_0258,Dr. Professeur_02,13.14,4g|afrique|protocole|qos,4,1
MEM-0259,Optimisation QoS dans les réseaux 4G,Étude et amélioration de la qualité de service pour les applications temps réel sur réseau mobile 4G/LTE. Simulation sous NS-3 et validation terrain avec mesures de latence et débit.,Étude et amélioration de la qualité de service pour les applications temps réel sur réseau mobile 4G/LTE. Simulation sous NS-3 et validation terrain avec mesures de latence et débit. Ce travail s'inscrit dans le contexte de langues locales. La méthodologie adoptée est Recherche appliquée. Les résultats obtenus constituent une contribution significative au domaine de Réseaux.,Optimisation QoS dans les réseaux 4G. Étude et amélioration de la qualité de service pour les applications temps réel sur réseau mobile 4G/LTE. Simulation sous NS-3 et validation terrain avec mesures de latence et débit. Étude et amélioration de la qualité de service pour les applications temps réel sur réseau mobile 4G/LTE. Simulation sous NS-3 et validation terrain avec mesures de latence et débit. Ce travail s'inscrit dans le contexte de langues locales. La méthodologie adoptée est Recherche appliquée. Les résultats obtenus constituent une contribution significative au domaine de Réseaux.,Réseaux,Recherche appliquée,Master 1,2020,Etudiant_0259,Dr. Professeur_12,18.26,4g|cisco|protocole,3,1
MEM-0260,Optimisation QoS dans les réseaux 4G,Étude et amélioration de la qualité de service pour les applications temps réel sur réseau mobile 4G/LTE. Simulation sous NS-3 et validation terrain avec mesures de latence et débit.,Étude et amélioration de la qualité de service pour les applications temps réel sur réseau mobile 4G/LTE. Simulation sous NS-3 et validation terrain avec mesures de latence et débit. Ce travail s'inscrit dans le contexte de Togo. La méthodologie adoptée est Recherche expérimentale. Les résultats obtenus constituent une contribution significative au domaine de Réseaux.,Optimisation QoS dans les réseaux 4G. Étude et amélioration de la qualité de service pour les applications temps réel sur réseau mobile 4G/LTE. Simulation sous NS-3 et validation terrain avec mesures de latence et débit. Étude et amélioration de la qualité de service pour les applications temps réel sur réseau mobile 4G/LTE. Simulation sous NS-3 et validation terrain avec mesures de latence et débit. Ce travail s'inscrit dans le contexte de Togo. La méthodologie adoptée est Recherche expérimentale. Les résultats obtenus constituent une contribution significative au domaine de Réseaux.,Réseaux,Recherche expérimentale,Licence 3,2023,Etudiant_0260,Dr. Professeur_05,16.77,cisco|qos|tcp-ip,3,1
MEM-0261,Audit de sécurité des infrastructures bancaires,"Évaluation complète de la posture de sécurité d'une banque locale par tests de pénétration, analyse de code et revue de configuration. Rapport de 47 vulnérabilités identifiées avec plan de remédiation.","Évaluation complète de la posture de sécurité d'une banque locale par tests de pénétration, analyse de code et revue de configuration. Rapport de 47 vulnérabilités identifiées avec plan de remédiation. Ce travail s'inscrit dans le contexte de Afrique de l'Ouest. La méthodologie adoptée est Étude de cas. Les résultats obtenus constituent une contribution significative au domaine de Cybersécurité.","Audit de sécurité des infrastructures bancaires. Évaluation complète de la posture de sécurité d'une banque locale par tests de pénétration, analyse de code et revue de configuration. Rapport de 47 vulnérabilités identifiées avec plan de remédiation. Évaluation complète de la posture de sécurité d'une banque locale par tests de pénétration, analyse de code et revue de configuration. Rapport de 47 vulnérabilités identifiées avec plan de remédiation. Ce travail s'inscrit dans le contexte de Afrique de l'Ouest. La méthodologie adoptée est Étude de cas. Les résultats obtenus constituent une contribution significative au domaine de Cybersécurité.",Cybersécurité,Étude de cas,Master 1,2022,Etudiant_0261,Dr. Professeur_14,10.12,cryptographie|intrusion|pentesting|siem|vulnerabilite,5,1
MEM-0262,Réseau WiFi communautaire à faible coût,"Conception et déploiement d'une infrastructure WiFi dans un quartier de Lomé avec équipements open source (OpenWRT). Couverture de 2km², 120 utilisateurs connectés simultanément, coût 40% inférieur au marché.","Conception et déploiement d'une infrastructure WiFi dans un quartier de Lomé avec équipements open source (OpenWRT). Couverture de 2km², 120 utilisateurs connectés simultanément, coût 40% inférieur au marché. Ce travail s'inscrit dans le contexte de Togo. La méthodologie adoptée est Recherche expérimentale. Les résultats obtenus constituent une contribution significative au domaine de Réseaux.","Réseau WiFi communautaire à faible coût. Conception et déploiement d'une infrastructure WiFi dans un quartier de Lomé avec équipements open source (OpenWRT). Couverture de 2km², 120 utilisateurs connectés simultanément, coût 40% inférieur au marché. Conception et déploiement d'une infrastructure WiFi dans un quartier de Lomé avec équipements open source (OpenWRT). Couverture de 2km², 120 utilisateurs connectés simultanément, coût 40% inférieur au marché. Ce travail s'inscrit dans le contexte de Togo. La méthodologie adoptée est Recherche expérimentale. Les résultats obtenus constituent une contribution significative au domaine de Réseaux.",Réseaux,Recherche expérimentale,Master 1,2020,Etudiant_0262,Dr. Professeur_04,19.97,4g|afrique|iot|ns3|tcp-ip|wifi,6,1
MEM-0263,Entrepôt de données pour le Ministère de la Santé,"Conception d'un data warehouse selon modélisation en étoile pour centraliser les données épidémiologiques nationales. Pipeline ETL automatisé, 50M enregistrements, requêtes analytiques en < 2s.","Conception d'un data warehouse selon modélisation en étoile pour centraliser les données épidémiologiques nationales. Pipeline ETL automatisé, 50M enregistrements, requêtes analytiques en < 2s. Ce travail s'inscrit dans le contexte de Lomé. La méthodologie adoptée est Développement logiciel (SCRUM). Les résultats obtenus constituent une contribution significative au domaine de Bases de données.","Entrepôt de données pour le Ministère de la Santé. Conception d'un data warehouse selon modélisation en étoile pour centraliser les données épidémiologiques nationales. Pipeline ETL automatisé, 50M enregistrements, requêtes analytiques en < 2s. Conception d'un data warehouse selon modélisation en étoile pour centraliser les données épidémiologiques nationales. Pipeline ETL automatisé, 50M enregistrements, requêtes analytiques en < 2s. Ce travail s'inscrit dans le contexte de Lomé. La méthodologie adoptée est Développement logiciel (SCRUM). Les résultats obtenus constituent une contribution significative au domaine de Bases de données.",Bases de données,Développement logiciel (SCRUM),Master 1,2018,Etudiant_0263,Dr. Professeur_07,18.22,indexation|mongodb|postgresql,3,1
MEM-0264,Système de monitoring applicatif temps réel,"Déploiement d'une stack de monitoring avec Prometheus, Grafana et alerting automatique. Couverture de 15 microservices avec dashboards métier et techniques. MTTR réduit de 4h à 20min.","Déploiement d'une stack de monitoring avec Prometheus, Grafana et alerting automatique. Couverture de 15 microservices avec dashboards métier et techniques. MTTR réduit de 4h à 20min. Ce travail s'inscrit dans le contexte de PME africaine. La méthodologie adoptée est Étude de cas. Les résultats obtenus constituent une contribution significative au domaine de Cloud / DevOps.","Système de monitoring applicatif temps réel. Déploiement d'une stack de monitoring avec Prometheus, Grafana et alerting automatique. Couverture de 15 microservices avec dashboards métier et techniques. MTTR réduit de 4h à 20min. Déploiement d'une stack de monitoring avec Prometheus, Grafana et alerting automatique. Couverture de 15 microservices avec dashboards métier et techniques. MTTR réduit de 4h à 20min. Ce travail s'inscrit dans le contexte de PME africaine. La méthodologie adoptée est Étude de cas. Les résultats obtenus constituent une contribution significative au domaine de Cloud / DevOps.",Cloud / DevOps,Étude de cas,Licence 3,2020,Etudiant_0264,Dr. Professeur_01,18.83,devops|kubernetes|microservices,3,1
MEM-0265,Architecture réseau IoT pour smart city,"Conception d'une infrastructure de capteurs connectés pour la gestion intelligente des feux de circulation, de l'éclairage public et des déchets dans une ville de taille moyenne.","Conception d'une infrastructure de capteurs connectés pour la gestion intelligente des feux de circulation, de l'éclairage public et des déchets dans une ville de taille moyenne. Ce travail s'inscrit dans le contexte de zones rurales. La méthodologie adoptée est Recherche appliquée. Les résultats obtenus constituent une contribution significative au domaine de Réseaux.","Architecture réseau IoT pour smart city. Conception d'une infrastructure de capteurs connectés pour la gestion intelligente des feux de circulation, de l'éclairage public et des déchets dans une ville de taille moyenne. Conception d'une infrastructure de capteurs connectés pour la gestion intelligente des feux de circulation, de l'éclairage public et des déchets dans une ville de taille moyenne. Ce travail s'inscrit dans le contexte de zones rurales. La méthodologie adoptée est Recherche appliquée. Les résultats obtenus constituent une contribution significative au domaine de Réseaux.",Réseaux,Recherche appliquée,Master 1,2021,Etudiant_0265,Dr. Professeur_11,14.19,iot|ns3|protocole|qos|wifi,5,1
MEM-0266,Architecture réseau IoT pour smart city,"Conception d'une infrastructure de capteurs connectés pour la gestion intelligente des feux de circulation, de l'éclairage public et des déchets dans une ville de taille moyenne.","Conception d'une infrastructure de capteurs connectés pour la gestion intelligente des feux de circulation, de l'éclairage public et des déchets dans une ville de taille moyenne. Ce travail s'inscrit dans le contexte de contexte africain. La méthodologie adoptée est Développement dirigé par les tests (TDD). Les résultats obtenus constituent une contribution significative au domaine de Réseaux.","Architecture réseau IoT pour smart city. Conception d'une infrastructure de capteurs connectés pour la gestion intelligente des feux de circulation, de l'éclairage public et des déchets dans une ville de taille moyenne. Conception d'une infrastructure de capteurs connectés pour la gestion intelligente des feux de circulation, de l'éclairage public et des déchets dans une ville de taille moyenne. Ce travail s'inscrit dans le contexte de contexte africain. La méthodologie adoptée est Développement dirigé par les tests (TDD). Les résultats obtenus constituent une contribution significative au domaine de Réseaux.",Réseaux,Développement dirigé par les tests (TDD),Master 2,2024,Etudiant_0266,Dr. Professeur_13,14.8,cisco|iot|ns3|protocole,4,1
MEM-0267,Irrigation automatique intelligente,Système embarqué sur Arduino/Raspberry Pi pour l'irrigation selon l'humidité du sol et les prévisions météo. Économie d'eau de 35% mesurée sur 6 mois dans une exploitation agricole pilote.,Système embarqué sur Arduino/Raspberry Pi pour l'irrigation selon l'humidité du sol et les prévisions météo. Économie d'eau de 35% mesurée sur 6 mois dans une exploitation agricole pilote. Ce travail s'inscrit dans le contexte de PME africaine. La méthodologie adoptée est Recherche appliquée. Les résultats obtenus constituent une contribution significative au domaine de Systèmes Embarqués.,Irrigation automatique intelligente. Système embarqué sur Arduino/Raspberry Pi pour l'irrigation selon l'humidité du sol et les prévisions météo. Économie d'eau de 35% mesurée sur 6 mois dans une exploitation agricole pilote. Système embarqué sur Arduino/Raspberry Pi pour l'irrigation selon l'humidité du sol et les prévisions météo. Économie d'eau de 35% mesurée sur 6 mois dans une exploitation agricole pilote. Ce travail s'inscrit dans le contexte de PME africaine. La méthodologie adoptée est Recherche appliquée. Les résultats obtenus constituent une contribution significative au domaine de Systèmes Embarqués.,Systèmes Embarqués,Recherche appliquée,Licence 3,2018,Etudiant_0267,Dr. Professeur_13,15.29,arduino|capteurs|energie|iot,4,1
MEM-0268,Réseau WiFi communautaire à faible coût,"Conception et déploiement d'une infrastructure WiFi dans un quartier de Lomé avec équipements open source (OpenWRT). Couverture de 2km², 120 utilisateurs connectés simultanément, coût 40% inférieur au marché.","Conception et déploiement d'une infrastructure WiFi dans un quartier de Lomé avec équipements open source (OpenWRT). Couverture de 2km², 120 utilisateurs connectés simultanément, coût 40% inférieur au marché. Ce travail s'inscrit dans le contexte de Togo. La méthodologie adoptée est Développement logiciel (SCRUM). Les résultats obtenus constituent une contribution significative au domaine de Réseaux.","Réseau WiFi communautaire à faible coût. Conception et déploiement d'une infrastructure WiFi dans un quartier de Lomé avec équipements open source (OpenWRT). Couverture de 2km², 120 utilisateurs connectés simultanément, coût 40% inférieur au marché. Conception et déploiement d'une infrastructure WiFi dans un quartier de Lomé avec équipements open source (OpenWRT). Couverture de 2km², 120 utilisateurs connectés simultanément, coût 40% inférieur au marché. Ce travail s'inscrit dans le contexte de Togo. La méthodologie adoptée est Développement logiciel (SCRUM). Les résultats obtenus constituent une contribution significative au domaine de Réseaux.",Réseaux,Développement logiciel (SCRUM),Licence 3,2023,Etudiant_0268,Dr. Professeur_04,17.64,afrique|cisco|protocole|tcp-ip,4,1
MEM-0269,Pipeline CI/CD pour équipe de développement,"Mise en place d'un pipeline d'intégration et déploiement continus avec GitHub Actions, Docker et Kubernetes. Réduction du temps de déploiement de 2 jours à 15 minutes. 0 régression en production.","Mise en place d'un pipeline d'intégration et déploiement continus avec GitHub Actions, Docker et Kubernetes. Réduction du temps de déploiement de 2 jours à 15 minutes. 0 régression en production. Ce travail s'inscrit dans le contexte de contexte africain. La méthodologie adoptée est Développement dirigé par les tests (TDD). Les résultats obtenus constituent une contribution significative au domaine de Cloud / DevOps.","Pipeline CI/CD pour équipe de développement. Mise en place d'un pipeline d'intégration et déploiement continus avec GitHub Actions, Docker et Kubernetes. Réduction du temps de déploiement de 2 jours à 15 minutes. 0 régression en production. Mise en place d'un pipeline d'intégration et déploiement continus avec GitHub Actions, Docker et Kubernetes. Réduction du temps de déploiement de 2 jours à 15 minutes. 0 régression en production. Ce travail s'inscrit dans le contexte de contexte africain. La méthodologie adoptée est Développement dirigé par les tests (TDD). Les résultats obtenus constituent une contribution significative au domaine de Cloud / DevOps.",Cloud / DevOps,Développement dirigé par les tests (TDD),Licence 3,2019,Etudiant_0269,Dr. Professeur_01,19.14,devops|docker|kubernetes|microservices|monitoring,5,1
MEM-0270,Contrôle d'accès biométrique à faible coût,Système de contrôle d'accès par empreinte digitale et reconnaissance faciale pour sécuriser des locaux à budget limité. Coût matériel sous 50 000 FCFA. Déployé dans 3 établissements scolaires.,Système de contrôle d'accès par empreinte digitale et reconnaissance faciale pour sécuriser des locaux à budget limité. Coût matériel sous 50 000 FCFA. Déployé dans 3 établissements scolaires. Ce travail s'inscrit dans le contexte de zones rurales. La méthodologie adoptée est Prototypage rapide. Les résultats obtenus constituent une contribution significative au domaine de Systèmes Embarqués.,Contrôle d'accès biométrique à faible coût. Système de contrôle d'accès par empreinte digitale et reconnaissance faciale pour sécuriser des locaux à budget limité. Coût matériel sous 50 000 FCFA. Déployé dans 3 établissements scolaires. Système de contrôle d'accès par empreinte digitale et reconnaissance faciale pour sécuriser des locaux à budget limité. Coût matériel sous 50 000 FCFA. Déployé dans 3 établissements scolaires. Ce travail s'inscrit dans le contexte de zones rurales. La méthodologie adoptée est Prototypage rapide. Les résultats obtenus constituent une contribution significative au domaine de Systèmes Embarqués.,Systèmes Embarqués,Prototypage rapide,Licence 3,2022,Etudiant_0270,Dr. Professeur_02,14.9,embarque|iot|mqtt,3,0
MEM-0271,Réseau WiFi communautaire à faible coût,"Conception et déploiement d'une infrastructure WiFi dans un quartier de Lomé avec équipements open source (OpenWRT). Couverture de 2km², 120 utilisateurs connectés simultanément, coût 40% inférieur au marché.","Conception et déploiement d'une infrastructure WiFi dans un quartier de Lomé avec équipements open source (OpenWRT). Couverture de 2km², 120 utilisateurs connectés simultanément, coût 40% inférieur au marché. Ce travail s'inscrit dans le contexte de zones rurales. La méthodologie adoptée est Prototypage rapide. Les résultats obtenus constituent une contribution significative au domaine de Réseaux.","Réseau WiFi communautaire à faible coût. Conception et déploiement d'une infrastructure WiFi dans un quartier de Lomé avec équipements open source (OpenWRT). Couverture de 2km², 120 utilisateurs connectés simultanément, coût 40% inférieur au marché. Conception et déploiement d'une infrastructure WiFi dans un quartier de Lomé avec équipements open source (OpenWRT). Couverture de 2km², 120 utilisateurs connectés simultanément, coût 40% inférieur au marché. Ce travail s'inscrit dans le contexte de zones rurales. La méthodologie adoptée est Prototypage rapide. Les résultats obtenus constituent une contribution significative au domaine de Réseaux.",Réseaux,Prototypage rapide,Master 1,2018,Etudiant_0271,Dr. Professeur_14,19.19,4g|afrique|iot|ns3|qos,5,1
MEM-0272,Détection de fraude bancaire par deep learning,Ce travail propose un système de détection des transactions frauduleuses basé sur les réseaux LSTM. Les données proviennent d'une banque togolaise. Nous avons comparé plusieurs architectures deep learning sur 50 000 transactions.,Ce travail propose un système de détection des transactions frauduleuses basé sur les réseaux LSTM. Les données proviennent d'une banque togolaise. Nous avons comparé plusieurs architectures deep learning sur 50 000 transactions. Ce travail s'inscrit dans le contexte de contexte africain. La méthodologie adoptée est Recherche expérimentale. Les résultats obtenus constituent une contribution significative au domaine de IA / Machine Learning.,Détection de fraude bancaire par deep learning. Ce travail propose un système de détection des transactions frauduleuses basé sur les réseaux LSTM. Les données proviennent d'une banque togolaise. Nous avons comparé plusieurs architectures deep learning sur 50 000 transactions. Ce travail propose un système de détection des transactions frauduleuses basé sur les réseaux LSTM. Les données proviennent d'une banque togolaise. Nous avons comparé plusieurs architectures deep learning sur 50 000 transactions. Ce travail s'inscrit dans le contexte de contexte africain. La méthodologie adoptée est Recherche expérimentale. Les résultats obtenus constituent une contribution significative au domaine de IA / Machine Learning.,IA / Machine Learning,Recherche expérimentale,Master 2,2023,Etudiant_0272,Dr. Professeur_06,19.61,afrique|classification|deep-learning|tensorflow,4,1
MEM-0273,Système de monitoring applicatif temps réel,"Déploiement d'une stack de monitoring avec Prometheus, Grafana et alerting automatique. Couverture de 15 microservices avec dashboards métier et techniques. MTTR réduit de 4h à 20min.","Déploiement d'une stack de monitoring avec Prometheus, Grafana et alerting automatique. Couverture de 15 microservices avec dashboards métier et techniques. MTTR réduit de 4h à 20min. Ce travail s'inscrit dans le contexte de PME africaine. La méthodologie adoptée est Développement logiciel (SCRUM). Les résultats obtenus constituent une contribution significative au domaine de Cloud / DevOps.","Système de monitoring applicatif temps réel. Déploiement d'une stack de monitoring avec Prometheus, Grafana et alerting automatique. Couverture de 15 microservices avec dashboards métier et techniques. MTTR réduit de 4h à 20min. Déploiement d'une stack de monitoring avec Prometheus, Grafana et alerting automatique. Couverture de 15 microservices avec dashboards métier et techniques. MTTR réduit de 4h à 20min. Ce travail s'inscrit dans le contexte de PME africaine. La méthodologie adoptée est Développement logiciel (SCRUM). Les résultats obtenus constituent une contribution significative au domaine de Cloud / DevOps.",Cloud / DevOps,Développement logiciel (SCRUM),Master 1,2020,Etudiant_0273,Dr. Professeur_03,16.49,ci-cd|docker|kubernetes|microservices|monitoring,5,1
MEM-0274,Système de surveillance de la qualité de l'air,"Réseau de capteurs IoT autonomes mesurant CO2, PM2.5, NO2 et température. Transmission MQTT vers dashboard Grafana. Autonomie 6 mois sur batterie avec panneau solaire. Déployé dans 5 quartiers de Lomé.","Réseau de capteurs IoT autonomes mesurant CO2, PM2.5, NO2 et température. Transmission MQTT vers dashboard Grafana. Autonomie 6 mois sur batterie avec panneau solaire. Déployé dans 5 quartiers de Lomé. Ce travail s'inscrit dans le contexte de langues locales. La méthodologie adoptée est Recherche-action. Les résultats obtenus constituent une contribution significative au domaine de Systèmes Embarqués.","Système de surveillance de la qualité de l'air. Réseau de capteurs IoT autonomes mesurant CO2, PM2.5, NO2 et température. Transmission MQTT vers dashboard Grafana. Autonomie 6 mois sur batterie avec panneau solaire. Déployé dans 5 quartiers de Lomé. Réseau de capteurs IoT autonomes mesurant CO2, PM2.5, NO2 et température. Transmission MQTT vers dashboard Grafana. Autonomie 6 mois sur batterie avec panneau solaire. Déployé dans 5 quartiers de Lomé. Ce travail s'inscrit dans le contexte de langues locales. La méthodologie adoptée est Recherche-action. Les résultats obtenus constituent une contribution significative au domaine de Systèmes Embarqués.",Systèmes Embarqués,Recherche-action,Master 2,2024,Etudiant_0274,Dr. Professeur_12,11.27,afrique|energie|iot|temps-reel,4,0
MEM-0275,Système de monitoring applicatif temps réel,"Déploiement d'une stack de monitoring avec Prometheus, Grafana et alerting automatique. Couverture de 15 microservices avec dashboards métier et techniques. MTTR réduit de 4h à 20min.","Déploiement d'une stack de monitoring avec Prometheus, Grafana et alerting automatique. Couverture de 15 microservices avec dashboards métier et techniques. MTTR réduit de 4h à 20min. Ce travail s'inscrit dans le contexte de PME africaine. La méthodologie adoptée est Développement logiciel (SCRUM). Les résultats obtenus constituent une contribution significative au domaine de Cloud / DevOps.","Système de monitoring applicatif temps réel. Déploiement d'une stack de monitoring avec Prometheus, Grafana et alerting automatique. Couverture de 15 microservices avec dashboards métier et techniques. MTTR réduit de 4h à 20min. Déploiement d'une stack de monitoring avec Prometheus, Grafana et alerting automatique. Couverture de 15 microservices avec dashboards métier et techniques. MTTR réduit de 4h à 20min. Ce travail s'inscrit dans le contexte de PME africaine. La méthodologie adoptée est Développement logiciel (SCRUM). Les résultats obtenus constituent une contribution significative au domaine de Cloud / DevOps.",Cloud / DevOps,Développement logiciel (SCRUM),Licence 3,2022,Etudiant_0275,Dr. Professeur_12,11.41,aws|ci-cd|microservices|monitoring|terraform,5,0
MEM-0276,Irrigation automatique intelligente,Système embarqué sur Arduino/Raspberry Pi pour l'irrigation selon l'humidité du sol et les prévisions météo. Économie d'eau de 35% mesurée sur 6 mois dans une exploitation agricole pilote.,Système embarqué sur Arduino/Raspberry Pi pour l'irrigation selon l'humidité du sol et les prévisions météo. Économie d'eau de 35% mesurée sur 6 mois dans une exploitation agricole pilote. Ce travail s'inscrit dans le contexte de mobile money. La méthodologie adoptée est Recherche expérimentale. Les résultats obtenus constituent une contribution significative au domaine de Systèmes Embarqués.,Irrigation automatique intelligente. Système embarqué sur Arduino/Raspberry Pi pour l'irrigation selon l'humidité du sol et les prévisions météo. Économie d'eau de 35% mesurée sur 6 mois dans une exploitation agricole pilote. Système embarqué sur Arduino/Raspberry Pi pour l'irrigation selon l'humidité du sol et les prévisions météo. Économie d'eau de 35% mesurée sur 6 mois dans une exploitation agricole pilote. Ce travail s'inscrit dans le contexte de mobile money. La méthodologie adoptée est Recherche expérimentale. Les résultats obtenus constituent une contribution significative au domaine de Systèmes Embarqués.,Systèmes Embarqués,Recherche expérimentale,Master 2,2018,Etudiant_0276,Dr. Professeur_06,16.93,arduino|capteurs|iot|raspberry-pi|temps-reel,5,1
MEM-0277,Plateforme de gestion des stages universitaires,"Application full-stack React/FastAPI permettant aux étudiants de postuler aux stages, aux entreprises de publier des offres et à l'université de suivre les conventions. Déployée sur 3 universités togolaises.","Application full-stack React/FastAPI permettant aux étudiants de postuler aux stages, aux entreprises de publier des offres et à l'université de suivre les conventions. Déployée sur 3 universités togolaises. Ce travail s'inscrit dans le contexte de contexte africain. La méthodologie adoptée est Développement logiciel (SCRUM). Les résultats obtenus constituent une contribution significative au domaine de Développement Web.","Plateforme de gestion des stages universitaires. Application full-stack React/FastAPI permettant aux étudiants de postuler aux stages, aux entreprises de publier des offres et à l'université de suivre les conventions. Déployée sur 3 universités togolaises. Application full-stack React/FastAPI permettant aux étudiants de postuler aux stages, aux entreprises de publier des offres et à l'université de suivre les conventions. Déployée sur 3 universités togolaises. Ce travail s'inscrit dans le contexte de contexte africain. La méthodologie adoptée est Développement logiciel (SCRUM). Les résultats obtenus constituent une contribution significative au domaine de Développement Web.",Développement Web,Développement logiciel (SCRUM),Master 1,2021,Etudiant_0277,Dr. Professeur_02,15.46,afrique|docker|fastapi|full-stack|postgresql|react|rest-api,7,1
MEM-0278,Réseau WiFi communautaire à faible coût,"Conception et déploiement d'une infrastructure WiFi dans un quartier de Lomé avec équipements open source (OpenWRT). Couverture de 2km², 120 utilisateurs connectés simultanément, coût 40% inférieur au marché.","Conception et déploiement d'une infrastructure WiFi dans un quartier de Lomé avec équipements open source (OpenWRT). Couverture de 2km², 120 utilisateurs connectés simultanément, coût 40% inférieur au marché. Ce travail s'inscrit dans le contexte de langues locales. La méthodologie adoptée est Étude de cas. Les résultats obtenus constituent une contribution significative au domaine de Réseaux.","Réseau WiFi communautaire à faible coût. Conception et déploiement d'une infrastructure WiFi dans un quartier de Lomé avec équipements open source (OpenWRT). Couverture de 2km², 120 utilisateurs connectés simultanément, coût 40% inférieur au marché. Conception et déploiement d'une infrastructure WiFi dans un quartier de Lomé avec équipements open source (OpenWRT). Couverture de 2km², 120 utilisateurs connectés simultanément, coût 40% inférieur au marché. Ce travail s'inscrit dans le contexte de langues locales. La méthodologie adoptée est Étude de cas. Les résultats obtenus constituent une contribution significative au domaine de Réseaux.",Réseaux,Étude de cas,Licence 3,2024,Etudiant_0278,Dr. Professeur_02,19.52,afrique|iot|tcp-ip|wifi,4,1
MEM-0279,Migration infrastructure on-premise vers AWS,"Planification et exécution complète de la migration cloud d'une PME locale. Architecture 3-tiers sur AWS avec auto-scaling, backup automatique et réduction des coûts d'infrastructure de 40%.","Planification et exécution complète de la migration cloud d'une PME locale. Architecture 3-tiers sur AWS avec auto-scaling, backup automatique et réduction des coûts d'infrastructure de 40%. Ce travail s'inscrit dans le contexte de PME africaine. La méthodologie adoptée est Recherche-action. Les résultats obtenus constituent une contribution significative au domaine de Cloud / DevOps.","Migration infrastructure on-premise vers AWS. Planification et exécution complète de la migration cloud d'une PME locale. Architecture 3-tiers sur AWS avec auto-scaling, backup automatique et réduction des coûts d'infrastructure de 40%. Planification et exécution complète de la migration cloud d'une PME locale. Architecture 3-tiers sur AWS avec auto-scaling, backup automatique et réduction des coûts d'infrastructure de 40%. Ce travail s'inscrit dans le contexte de PME africaine. La méthodologie adoptée est Recherche-action. Les résultats obtenus constituent une contribution significative au domaine de Cloud / DevOps.",Cloud / DevOps,Recherche-action,Licence 3,2022,Etudiant_0279,Dr. Professeur_07,17.05,aws|microservices|monitoring|terraform,4,1
MEM-0280,Sécurisation des applications mobile banking,Analyse des vulnérabilités des applications de paiement mobile au Togo selon OWASP Mobile Top 10. Implémentation des contre-mesures et chiffrement end-to-end des transactions.,Analyse des vulnérabilités des applications de paiement mobile au Togo selon OWASP Mobile Top 10. Implémentation des contre-mesures et chiffrement end-to-end des transactions. Ce travail s'inscrit dans le contexte de Lomé. La méthodologie adoptée est Étude de cas. Les résultats obtenus constituent une contribution significative au domaine de Cybersécurité.,Sécurisation des applications mobile banking. Analyse des vulnérabilités des applications de paiement mobile au Togo selon OWASP Mobile Top 10. Implémentation des contre-mesures et chiffrement end-to-end des transactions. Analyse des vulnérabilités des applications de paiement mobile au Togo selon OWASP Mobile Top 10. Implémentation des contre-mesures et chiffrement end-to-end des transactions. Ce travail s'inscrit dans le contexte de Lomé. La méthodologie adoptée est Étude de cas. Les résultats obtenus constituent une contribution significative au domaine de Cybersécurité.,Cybersécurité,Étude de cas,Licence 3,2018,Etudiant_0280,Dr. Professeur_12,16.97,afrique|audit|intrusion|siem,4,1
MEM-0281,Application de suivi de grossesse pour zones rurales,"App mobile hors-ligne pour le suivi médical des femmes enceintes sans connexion internet. Synchronisation différée des données. Déployée dans 12 centres de santé ruraux, 800 femmes suivies.","App mobile hors-ligne pour le suivi médical des femmes enceintes sans connexion internet. Synchronisation différée des données. Déployée dans 12 centres de santé ruraux, 800 femmes suivies. Ce travail s'inscrit dans le contexte de PME africaine. La méthodologie adoptée est Recherche appliquée. Les résultats obtenus constituent une contribution significative au domaine de Mobile.","Application de suivi de grossesse pour zones rurales. App mobile hors-ligne pour le suivi médical des femmes enceintes sans connexion internet. Synchronisation différée des données. Déployée dans 12 centres de santé ruraux, 800 femmes suivies. App mobile hors-ligne pour le suivi médical des femmes enceintes sans connexion internet. Synchronisation différée des données. Déployée dans 12 centres de santé ruraux, 800 femmes suivies. Ce travail s'inscrit dans le contexte de PME africaine. La méthodologie adoptée est Recherche appliquée. Les résultats obtenus constituent une contribution significative au domaine de Mobile.",Mobile,Recherche appliquée,Master 1,2019,Etudiant_0281,Dr. Professeur_06,11.54,android|mobile-money|offline,3,0
MEM-0282,Portail de télémédecine pour zones rurales,"Application web de consultation médicale à distance intégrant la géolocalisation des centres de santé, la prise de rendez-vous et le dossier médical numérique simplifié. Mode offline disponible.","Application web de consultation médicale à distance intégrant la géolocalisation des centres de santé, la prise de rendez-vous et le dossier médical numérique simplifié. Mode offline disponible. Ce travail s'inscrit dans le contexte de zones rurales. La méthodologie adoptée est Développement dirigé par les tests (TDD). Les résultats obtenus constituent une contribution significative au domaine de Développement Web.","Portail de télémédecine pour zones rurales. Application web de consultation médicale à distance intégrant la géolocalisation des centres de santé, la prise de rendez-vous et le dossier médical numérique simplifié. Mode offline disponible. Application web de consultation médicale à distance intégrant la géolocalisation des centres de santé, la prise de rendez-vous et le dossier médical numérique simplifié. Mode offline disponible. Ce travail s'inscrit dans le contexte de zones rurales. La méthodologie adoptée est Développement dirigé par les tests (TDD). Les résultats obtenus constituent une contribution significative au domaine de Développement Web.",Développement Web,Développement dirigé par les tests (TDD),Master 2,2023,Etudiant_0282,Dr. Professeur_02,16.38,docker|fastapi|javascript|postgresql|react,5,1
MEM-0283,Portail de télémédecine pour zones rurales,"Application web de consultation médicale à distance intégrant la géolocalisation des centres de santé, la prise de rendez-vous et le dossier médical numérique simplifié. Mode offline disponible.","Application web de consultation médicale à distance intégrant la géolocalisation des centres de santé, la prise de rendez-vous et le dossier médical numérique simplifié. Mode offline disponible. Ce travail s'inscrit dans le contexte de Lomé. La méthodologie adoptée est Développement dirigé par les tests (TDD). Les résultats obtenus constituent une contribution significative au domaine de Développement Web.","Portail de télémédecine pour zones rurales. Application web de consultation médicale à distance intégrant la géolocalisation des centres de santé, la prise de rendez-vous et le dossier médical numérique simplifié. Mode offline disponible. Application web de consultation médicale à distance intégrant la géolocalisation des centres de santé, la prise de rendez-vous et le dossier médical numérique simplifié. Mode offline disponible. Ce travail s'inscrit dans le contexte de Lomé. La méthodologie adoptée est Développement dirigé par les tests (TDD). Les résultats obtenus constituent une contribution significative au domaine de Développement Web.",Développement Web,Développement dirigé par les tests (TDD),Master 1,2021,Etudiant_0283,Dr. Professeur_15,11.85,javascript|postgresql|react|rest-api,4,1
MEM-0284,Implémentation d'un SIEM open source,Déploiement et configuration de Wazuh/ELK Stack pour la détection d'intrusions en temps réel. Définition de 120 règles de corrélation et procédures de réponse aux incidents pour une PME.,Déploiement et configuration de Wazuh/ELK Stack pour la détection d'intrusions en temps réel. Définition de 120 règles de corrélation et procédures de réponse aux incidents pour une PME. Ce travail s'inscrit dans le contexte de Togo. La méthodologie adoptée est Développement logiciel (SCRUM). Les résultats obtenus constituent une contribution significative au domaine de Cybersécurité.,Implémentation d'un SIEM open source. Déploiement et configuration de Wazuh/ELK Stack pour la détection d'intrusions en temps réel. Définition de 120 règles de corrélation et procédures de réponse aux incidents pour une PME. Déploiement et configuration de Wazuh/ELK Stack pour la détection d'intrusions en temps réel. Définition de 120 règles de corrélation et procédures de réponse aux incidents pour une PME. Ce travail s'inscrit dans le contexte de Togo. La méthodologie adoptée est Développement logiciel (SCRUM). Les résultats obtenus constituent une contribution significative au domaine de Cybersécurité.,Cybersécurité,Développement logiciel (SCRUM),Master 1,2021,Etudiant_0284,Dr. Professeur_12,11.51,forensics|owasp|siem|vulnerabilite,4,1
MEM-0285,Portail de télémédecine pour zones rurales,"Application web de consultation médicale à distance intégrant la géolocalisation des centres de santé, la prise de rendez-vous et le dossier médical numérique simplifié. Mode offline disponible.","Application web de consultation médicale à distance intégrant la géolocalisation des centres de santé, la prise de rendez-vous et le dossier médical numérique simplifié. Mode offline disponible. Ce travail s'inscrit dans le contexte de PME africaine. La méthodologie adoptée est Développement dirigé par les tests (TDD). Les résultats obtenus constituent une contribution significative au domaine de Développement Web.","Portail de télémédecine pour zones rurales. Application web de consultation médicale à distance intégrant la géolocalisation des centres de santé, la prise de rendez-vous et le dossier médical numérique simplifié. Mode offline disponible. Application web de consultation médicale à distance intégrant la géolocalisation des centres de santé, la prise de rendez-vous et le dossier médical numérique simplifié. Mode offline disponible. Ce travail s'inscrit dans le contexte de PME africaine. La méthodologie adoptée est Développement dirigé par les tests (TDD). Les résultats obtenus constituent une contribution significative au domaine de Développement Web.",Développement Web,Développement dirigé par les tests (TDD),Master 2,2021,Etudiant_0285,Dr. Professeur_04,15.73,docker|full-stack|javascript|react|rest-api,5,1
MEM-0286,E-commerce pour artisans locaux togolais,"Marketplace permettant aux artisans de vendre en ligne avec intégration du paiement mobile money (Flooz, T-Money). Interface bilingue français/anglais. 120 artisans onboardés lors du lancement pilote.","Marketplace permettant aux artisans de vendre en ligne avec intégration du paiement mobile money (Flooz, T-Money). Interface bilingue français/anglais. 120 artisans onboardés lors du lancement pilote. Ce travail s'inscrit dans le contexte de mobile money. La méthodologie adoptée est Développement dirigé par les tests (TDD). Les résultats obtenus constituent une contribution significative au domaine de Développement Web.","E-commerce pour artisans locaux togolais. Marketplace permettant aux artisans de vendre en ligne avec intégration du paiement mobile money (Flooz, T-Money). Interface bilingue français/anglais. 120 artisans onboardés lors du lancement pilote. Marketplace permettant aux artisans de vendre en ligne avec intégration du paiement mobile money (Flooz, T-Money). Interface bilingue français/anglais. 120 artisans onboardés lors du lancement pilote. Ce travail s'inscrit dans le contexte de mobile money. La méthodologie adoptée est Développement dirigé par les tests (TDD). Les résultats obtenus constituent une contribution significative au domaine de Développement Web.",Développement Web,Développement dirigé par les tests (TDD),Master 2,2018,Etudiant_0286,Dr. Professeur_03,18.08,afrique|django|fastapi|full-stack|react|rest-api,6,0
MEM-0287,E-commerce pour artisans locaux togolais,"Marketplace permettant aux artisans de vendre en ligne avec intégration du paiement mobile money (Flooz, T-Money). Interface bilingue français/anglais. 120 artisans onboardés lors du lancement pilote.","Marketplace permettant aux artisans de vendre en ligne avec intégration du paiement mobile money (Flooz, T-Money). Interface bilingue français/anglais. 120 artisans onboardés lors du lancement pilote. Ce travail s'inscrit dans le contexte de Lomé. La méthodologie adoptée est Recherche expérimentale. Les résultats obtenus constituent une contribution significative au domaine de Développement Web.","E-commerce pour artisans locaux togolais. Marketplace permettant aux artisans de vendre en ligne avec intégration du paiement mobile money (Flooz, T-Money). Interface bilingue français/anglais. 120 artisans onboardés lors du lancement pilote. Marketplace permettant aux artisans de vendre en ligne avec intégration du paiement mobile money (Flooz, T-Money). Interface bilingue français/anglais. 120 artisans onboardés lors du lancement pilote. Ce travail s'inscrit dans le contexte de Lomé. La méthodologie adoptée est Recherche expérimentale. Les résultats obtenus constituent une contribution significative au domaine de Développement Web.",Développement Web,Recherche expérimentale,Master 2,2019,Etudiant_0287,Dr. Professeur_09,15.56,afrique|django|javascript|postgresql|react|rest-api,6,1
MEM-0288,Application de suivi de grossesse pour zones rurales,"App mobile hors-ligne pour le suivi médical des femmes enceintes sans connexion internet. Synchronisation différée des données. Déployée dans 12 centres de santé ruraux, 800 femmes suivies.","App mobile hors-ligne pour le suivi médical des femmes enceintes sans connexion internet. Synchronisation différée des données. Déployée dans 12 centres de santé ruraux, 800 femmes suivies. Ce travail s'inscrit dans le contexte de Afrique de l'Ouest. La méthodologie adoptée est Étude de cas. Les résultats obtenus constituent une contribution significative au domaine de Mobile.","Application de suivi de grossesse pour zones rurales. App mobile hors-ligne pour le suivi médical des femmes enceintes sans connexion internet. Synchronisation différée des données. Déployée dans 12 centres de santé ruraux, 800 femmes suivies. App mobile hors-ligne pour le suivi médical des femmes enceintes sans connexion internet. Synchronisation différée des données. Déployée dans 12 centres de santé ruraux, 800 femmes suivies. Ce travail s'inscrit dans le contexte de Afrique de l'Ouest. La méthodologie adoptée est Étude de cas. Les résultats obtenus constituent une contribution significative au domaine de Mobile.",Mobile,Étude de cas,Licence 3,2024,Etudiant_0288,Dr. Professeur_10,19.25,android|flutter|mobile-money|offline|react-native,5,1
MEM-0289,Application de suivi de grossesse pour zones rurales,"App mobile hors-ligne pour le suivi médical des femmes enceintes sans connexion internet. Synchronisation différée des données. Déployée dans 12 centres de santé ruraux, 800 femmes suivies.","App mobile hors-ligne pour le suivi médical des femmes enceintes sans connexion internet. Synchronisation différée des données. Déployée dans 12 centres de santé ruraux, 800 femmes suivies. Ce travail s'inscrit dans le contexte de Togo. La méthodologie adoptée est Recherche appliquée. Les résultats obtenus constituent une contribution significative au domaine de Mobile.","Application de suivi de grossesse pour zones rurales. App mobile hors-ligne pour le suivi médical des femmes enceintes sans connexion internet. Synchronisation différée des données. Déployée dans 12 centres de santé ruraux, 800 femmes suivies. App mobile hors-ligne pour le suivi médical des femmes enceintes sans connexion internet. Synchronisation différée des données. Déployée dans 12 centres de santé ruraux, 800 femmes suivies. Ce travail s'inscrit dans le contexte de Togo. La méthodologie adoptée est Recherche appliquée. Les résultats obtenus constituent une contribution significative au domaine de Mobile.",Mobile,Recherche appliquée,Master 1,2020,Etudiant_0289,Dr. Professeur_07,11.72,kotlin|mobile-money|offline|react-native,4,1
MEM-0290,Migration infrastructure on-premise vers AWS,"Planification et exécution complète de la migration cloud d'une PME locale. Architecture 3-tiers sur AWS avec auto-scaling, backup automatique et réduction des coûts d'infrastructure de 40%.","Planification et exécution complète de la migration cloud d'une PME locale. Architecture 3-tiers sur AWS avec auto-scaling, backup automatique et réduction des coûts d'infrastructure de 40%. Ce travail s'inscrit dans le contexte de langues locales. La méthodologie adoptée est Étude de cas. Les résultats obtenus constituent une contribution significative au domaine de Cloud / DevOps.","Migration infrastructure on-premise vers AWS. Planification et exécution complète de la migration cloud d'une PME locale. Architecture 3-tiers sur AWS avec auto-scaling, backup automatique et réduction des coûts d'infrastructure de 40%. Planification et exécution complète de la migration cloud d'une PME locale. Architecture 3-tiers sur AWS avec auto-scaling, backup automatique et réduction des coûts d'infrastructure de 40%. Ce travail s'inscrit dans le contexte de langues locales. La méthodologie adoptée est Étude de cas. Les résultats obtenus constituent une contribution significative au domaine de Cloud / DevOps.",Cloud / DevOps,Étude de cas,Master 1,2023,Etudiant_0290,Dr. Professeur_01,18.97,aws|ci-cd|monitoring,3,1
MEM-0291,Géolocalisation des transports en commun à Lomé,Système de suivi temps réel des bus et taxis-motos avec application mobile passager et dashboard chauffeur. Architecture microservices avec WebSockets pour les mises à jour en temps réel.,Système de suivi temps réel des bus et taxis-motos avec application mobile passager et dashboard chauffeur. Architecture microservices avec WebSockets pour les mises à jour en temps réel. Ce travail s'inscrit dans le contexte de PME africaine. La méthodologie adoptée est Recherche appliquée. Les résultats obtenus constituent une contribution significative au domaine de Mobile.,Géolocalisation des transports en commun à Lomé. Système de suivi temps réel des bus et taxis-motos avec application mobile passager et dashboard chauffeur. Architecture microservices avec WebSockets pour les mises à jour en temps réel. Système de suivi temps réel des bus et taxis-motos avec application mobile passager et dashboard chauffeur. Architecture microservices avec WebSockets pour les mises à jour en temps réel. Ce travail s'inscrit dans le contexte de PME africaine. La méthodologie adoptée est Recherche appliquée. Les résultats obtenus constituent une contribution significative au domaine de Mobile.,Mobile,Recherche appliquée,Master 1,2024,Etudiant_0291,Dr. Professeur_06,17.74,afrique|flutter|geolocalisation|kotlin|microservices|react-native|ux,7,1
MEM-0292,Système de monitoring applicatif temps réel,"Déploiement d'une stack de monitoring avec Prometheus, Grafana et alerting automatique. Couverture de 15 microservices avec dashboards métier et techniques. MTTR réduit de 4h à 20min.","Déploiement d'une stack de monitoring avec Prometheus, Grafana et alerting automatique. Couverture de 15 microservices avec dashboards métier et techniques. MTTR réduit de 4h à 20min. Ce travail s'inscrit dans le contexte de contexte africain. La méthodologie adoptée est Recherche-action. Les résultats obtenus constituent une contribution significative au domaine de Cloud / DevOps.","Système de monitoring applicatif temps réel. Déploiement d'une stack de monitoring avec Prometheus, Grafana et alerting automatique. Couverture de 15 microservices avec dashboards métier et techniques. MTTR réduit de 4h à 20min. Déploiement d'une stack de monitoring avec Prometheus, Grafana et alerting automatique. Couverture de 15 microservices avec dashboards métier et techniques. MTTR réduit de 4h à 20min. Ce travail s'inscrit dans le contexte de contexte africain. La méthodologie adoptée est Recherche-action. Les résultats obtenus constituent une contribution significative au domaine de Cloud / DevOps.",Cloud / DevOps,Recherche-action,Licence 3,2019,Etudiant_0292,Dr. Professeur_09,18.21,ci-cd|devops|microservices|monitoring,4,1
MEM-0293,Portail de télémédecine pour zones rurales,"Application web de consultation médicale à distance intégrant la géolocalisation des centres de santé, la prise de rendez-vous et le dossier médical numérique simplifié. Mode offline disponible.","Application web de consultation médicale à distance intégrant la géolocalisation des centres de santé, la prise de rendez-vous et le dossier médical numérique simplifié. Mode offline disponible. Ce travail s'inscrit dans le contexte de mobile money. La méthodologie adoptée est Recherche-action. Les résultats obtenus constituent une contribution significative au domaine de Développement Web.","Portail de télémédecine pour zones rurales. Application web de consultation médicale à distance intégrant la géolocalisation des centres de santé, la prise de rendez-vous et le dossier médical numérique simplifié. Mode offline disponible. Application web de consultation médicale à distance intégrant la géolocalisation des centres de santé, la prise de rendez-vous et le dossier médical numérique simplifié. Mode offline disponible. Ce travail s'inscrit dans le contexte de mobile money. La méthodologie adoptée est Recherche-action. Les résultats obtenus constituent une contribution significative au domaine de Développement Web.",Développement Web,Recherche-action,Master 2,2021,Etudiant_0293,Dr. Professeur_04,18.37,docker|fastapi|react,3,0
MEM-0294,Prédiction du décrochage scolaire par machine learning,Ce projet applique Random Forest et XGBoost pour identifier les étudiants à risque de décrochage à partir de données académiques et comportementales. Un tableau de bord de visualisation est développé pour les responsables.,Ce projet applique Random Forest et XGBoost pour identifier les étudiants à risque de décrochage à partir de données académiques et comportementales. Un tableau de bord de visualisation est développé pour les responsables. Ce travail s'inscrit dans le contexte de Togo. La méthodologie adoptée est Recherche-action. Les résultats obtenus constituent une contribution significative au domaine de IA / Machine Learning.,Prédiction du décrochage scolaire par machine learning. Ce projet applique Random Forest et XGBoost pour identifier les étudiants à risque de décrochage à partir de données académiques et comportementales. Un tableau de bord de visualisation est développé pour les responsables. Ce projet applique Random Forest et XGBoost pour identifier les étudiants à risque de décrochage à partir de données académiques et comportementales. Un tableau de bord de visualisation est développé pour les responsables. Ce travail s'inscrit dans le contexte de Togo. La méthodologie adoptée est Recherche-action. Les résultats obtenus constituent une contribution significative au domaine de IA / Machine Learning.,IA / Machine Learning,Recherche-action,Licence 3,2020,Etudiant_0294,Dr. Professeur_08,12.42,machine-learning|prediction|python|tensorflow,4,1
MEM-0295,Implémentation d'un SIEM open source,Déploiement et configuration de Wazuh/ELK Stack pour la détection d'intrusions en temps réel. Définition de 120 règles de corrélation et procédures de réponse aux incidents pour une PME.,Déploiement et configuration de Wazuh/ELK Stack pour la détection d'intrusions en temps réel. Définition de 120 règles de corrélation et procédures de réponse aux incidents pour une PME. Ce travail s'inscrit dans le contexte de langues locales. La méthodologie adoptée est Prototypage rapide. Les résultats obtenus constituent une contribution significative au domaine de Cybersécurité.,Implémentation d'un SIEM open source. Déploiement et configuration de Wazuh/ELK Stack pour la détection d'intrusions en temps réel. Définition de 120 règles de corrélation et procédures de réponse aux incidents pour une PME. Déploiement et configuration de Wazuh/ELK Stack pour la détection d'intrusions en temps réel. Définition de 120 règles de corrélation et procédures de réponse aux incidents pour une PME. Ce travail s'inscrit dans le contexte de langues locales. La méthodologie adoptée est Prototypage rapide. Les résultats obtenus constituent une contribution significative au domaine de Cybersécurité.,Cybersécurité,Prototypage rapide,Master 2,2020,Etudiant_0295,Dr. Professeur_01,10.27,intrusion|owasp|pentesting|vulnerabilite,4,1
MEM-0296,Réseau WiFi communautaire à faible coût,"Conception et déploiement d'une infrastructure WiFi dans un quartier de Lomé avec équipements open source (OpenWRT). Couverture de 2km², 120 utilisateurs connectés simultanément, coût 40% inférieur au marché.","Conception et déploiement d'une infrastructure WiFi dans un quartier de Lomé avec équipements open source (OpenWRT). Couverture de 2km², 120 utilisateurs connectés simultanément, coût 40% inférieur au marché. Ce travail s'inscrit dans le contexte de Togo. La méthodologie adoptée est Recherche-action. Les résultats obtenus constituent une contribution significative au domaine de Réseaux.","Réseau WiFi communautaire à faible coût. Conception et déploiement d'une infrastructure WiFi dans un quartier de Lomé avec équipements open source (OpenWRT). Couverture de 2km², 120 utilisateurs connectés simultanément, coût 40% inférieur au marché. Conception et déploiement d'une infrastructure WiFi dans un quartier de Lomé avec équipements open source (OpenWRT). Couverture de 2km², 120 utilisateurs connectés simultanément, coût 40% inférieur au marché. Ce travail s'inscrit dans le contexte de Togo. La méthodologie adoptée est Recherche-action. Les résultats obtenus constituent une contribution significative au domaine de Réseaux.",Réseaux,Recherche-action,Licence 3,2023,Etudiant_0296,Dr. Professeur_13,18.65,afrique|cisco|qos|tcp-ip,4,1
MEM-0297,Entrepôt de données pour le Ministère de la Santé,"Conception d'un data warehouse selon modélisation en étoile pour centraliser les données épidémiologiques nationales. Pipeline ETL automatisé, 50M enregistrements, requêtes analytiques en < 2s.","Conception d'un data warehouse selon modélisation en étoile pour centraliser les données épidémiologiques nationales. Pipeline ETL automatisé, 50M enregistrements, requêtes analytiques en < 2s. Ce travail s'inscrit dans le contexte de langues locales. La méthodologie adoptée est Recherche-action. Les résultats obtenus constituent une contribution significative au domaine de Bases de données.","Entrepôt de données pour le Ministère de la Santé. Conception d'un data warehouse selon modélisation en étoile pour centraliser les données épidémiologiques nationales. Pipeline ETL automatisé, 50M enregistrements, requêtes analytiques en < 2s. Conception d'un data warehouse selon modélisation en étoile pour centraliser les données épidémiologiques nationales. Pipeline ETL automatisé, 50M enregistrements, requêtes analytiques en < 2s. Ce travail s'inscrit dans le contexte de langues locales. La méthodologie adoptée est Recherche-action. Les résultats obtenus constituent une contribution significative au domaine de Bases de données.",Bases de données,Recherche-action,Licence 3,2022,Etudiant_0297,Dr. Professeur_12,17.13,datawarehouse|etl|sql,3,1
MEM-0298,Pipeline CI/CD pour équipe de développement,"Mise en place d'un pipeline d'intégration et déploiement continus avec GitHub Actions, Docker et Kubernetes. Réduction du temps de déploiement de 2 jours à 15 minutes. 0 régression en production.","Mise en place d'un pipeline d'intégration et déploiement continus avec GitHub Actions, Docker et Kubernetes. Réduction du temps de déploiement de 2 jours à 15 minutes. 0 régression en production. Ce travail s'inscrit dans le contexte de Lomé. La méthodologie adoptée est Développement dirigé par les tests (TDD). Les résultats obtenus constituent une contribution significative au domaine de Cloud / DevOps.","Pipeline CI/CD pour équipe de développement. Mise en place d'un pipeline d'intégration et déploiement continus avec GitHub Actions, Docker et Kubernetes. Réduction du temps de déploiement de 2 jours à 15 minutes. 0 régression en production. Mise en place d'un pipeline d'intégration et déploiement continus avec GitHub Actions, Docker et Kubernetes. Réduction du temps de déploiement de 2 jours à 15 minutes. 0 régression en production. Ce travail s'inscrit dans le contexte de Lomé. La méthodologie adoptée est Développement dirigé par les tests (TDD). Les résultats obtenus constituent une contribution significative au domaine de Cloud / DevOps.",Cloud / DevOps,Développement dirigé par les tests (TDD),Master 1,2021,Etudiant_0298,Dr. Professeur_01,15.84,ci-cd|devops|docker|kubernetes|terraform,5,1
MEM-0299,Contrôle d'accès biométrique à faible coût,Système de contrôle d'accès par empreinte digitale et reconnaissance faciale pour sécuriser des locaux à budget limité. Coût matériel sous 50 000 FCFA. Déployé dans 3 établissements scolaires.,Système de contrôle d'accès par empreinte digitale et reconnaissance faciale pour sécuriser des locaux à budget limité. Coût matériel sous 50 000 FCFA. Déployé dans 3 établissements scolaires. Ce travail s'inscrit dans le contexte de Afrique de l'Ouest. La méthodologie adoptée est Recherche-action. Les résultats obtenus constituent une contribution significative au domaine de Systèmes Embarqués.,Contrôle d'accès biométrique à faible coût. Système de contrôle d'accès par empreinte digitale et reconnaissance faciale pour sécuriser des locaux à budget limité. Coût matériel sous 50 000 FCFA. Déployé dans 3 établissements scolaires. Système de contrôle d'accès par empreinte digitale et reconnaissance faciale pour sécuriser des locaux à budget limité. Coût matériel sous 50 000 FCFA. Déployé dans 3 établissements scolaires. Ce travail s'inscrit dans le contexte de Afrique de l'Ouest. La méthodologie adoptée est Recherche-action. Les résultats obtenus constituent une contribution significative au domaine de Systèmes Embarqués.,Systèmes Embarqués,Recherche-action,Master 2,2022,Etudiant_0299,Dr. Professeur_05,13.36,arduino|capteurs|mqtt|temps-reel,4,1
MEM-0300,Géolocalisation des transports en commun à Lomé,Système de suivi temps réel des bus et taxis-motos avec application mobile passager et dashboard chauffeur. Architecture microservices avec WebSockets pour les mises à jour en temps réel.,Système de suivi temps réel des bus et taxis-motos avec application mobile passager et dashboard chauffeur. Architecture microservices avec WebSockets pour les mises à jour en temps réel. Ce travail s'inscrit dans le contexte de Togo. La méthodologie adoptée est Recherche-action. Les résultats obtenus constituent une contribution significative au domaine de Mobile.,Géolocalisation des transports en commun à Lomé. Système de suivi temps réel des bus et taxis-motos avec application mobile passager et dashboard chauffeur. Architecture microservices avec WebSockets pour les mises à jour en temps réel. Système de suivi temps réel des bus et taxis-motos avec application mobile passager et dashboard chauffeur. Architecture microservices avec WebSockets pour les mises à jour en temps réel. Ce travail s'inscrit dans le contexte de Togo. La méthodologie adoptée est Recherche-action. Les résultats obtenus constituent une contribution significative au domaine de Mobile.,Mobile,Recherche-action,Master 2,2023,Etudiant_0300,Dr. Professeur_13,18.05,afrique|flutter|microservices|mobile-money|offline|react-native,6,1
