id_memoire,titre,description,resume,texte_complet,domaine,methodologie,niveau,annee,auteur,directeur,note_soutenance,tags,nb_tags,est_public,cluster_id,cluster_nom,tags_enrichis
MEM-0001,Plateforme de gestion des stages universitaires,"Application full-stack React/FastAPI permettant aux tudiants de postuler aux stages, aux entreprises de publier des offres et  l'universit de suivre les conventions. Dploye sur 3 universits togolaises.","Application full-stack React/FastAPI permettant aux tudiants de postuler aux stages, aux entreprises de publier des offres et  l'universit de suivre les conventions. Dploye sur 3 universits togolaises. Ce travail s'inscrit dans le contexte de Afrique de l'Ouest. La mthodologie adopte est Recherche-action. Les rsultats obtenus constituent une contribution significative au domaine de Dveloppement Web.","Plateforme de gestion des stages universitaires. Application full-stack React/FastAPI permettant aux tudiants de postuler aux stages, aux entreprises de publier des offres et  l'universit de suivre les conventions. Dploye sur 3 universits togolaises. Application full-stack React/FastAPI permettant aux tudiants de postuler aux stages, aux entreprises de publier des offres et  l'universit de suivre les conventions. Dploye sur 3 universits togolaises. Ce travail s'inscrit dans le contexte de Afrique de l'Ouest. La mthodologie adopte est Recherche-action. Les rsultats obtenus constituent une contribution significative au domaine de Dveloppement Web.",Dveloppement Web,Recherche-action,Master 1,2019,Etudiant_0001,Dr. Professeur_01,15.9,afrique|django|fastapi|postgresql|react,5,0,3,Dveloppement Web,afrique|aux|django|fastapi|fastapi permettant|offres|postgresql|postuler|react|stages
MEM-0002,Rseau WiFi communautaire  faible cot,"Conception et dploiement d'une infrastructure WiFi dans un quartier de Lom avec quipements open source (OpenWRT). Couverture de 2km, 120 utilisateurs connects simultanment, cot 40% infrieur au march.","Conception et dploiement d'une infrastructure WiFi dans un quartier de Lom avec quipements open source (OpenWRT). Couverture de 2km, 120 utilisateurs connects simultanment, cot 40% infrieur au march. Ce travail s'inscrit dans le contexte de mobile money. La mthodologie adopte est Prototypage rapide. Les rsultats obtenus constituent une contribution significative au domaine de Rseaux.","Rseau WiFi communautaire  faible cot. Conception et dploiement d'une infrastructure WiFi dans un quartier de Lom avec quipements open source (OpenWRT). Couverture de 2km, 120 utilisateurs connects simultanment, cot 40% infrieur au march. Conception et dploiement d'une infrastructure WiFi dans un quartier de Lom avec quipements open source (OpenWRT). Couverture de 2km, 120 utilisateurs connects simultanment, cot 40% infrieur au march. Ce travail s'inscrit dans le contexte de mobile money. La mthodologie adopte est Prototypage rapide. Les rsultats obtenus constituent une contribution significative au domaine de Rseaux.",Rseaux,Prototypage rapide,Master 2,2018,Etudiant_0002,Dr. Professeur_05,14.49,afrique|cisco|ns3|protocole|qos|tcp-ip,6,1,5,Rseaux,2km|2km 120|afrique|cisco|cot|ns3|protocole|qos|simultanment|tcp-ip|wifi
MEM-0003,Systme de recommandation de cours personnaliss,Nous dveloppons un moteur de recommandation hybride combinant filtrage collaboratif et content-based pour personnaliser les parcours d'apprentissage en ligne. L'valuation montre 87% de pertinence sur des donnes relles.,Nous dveloppons un moteur de recommandation hybride combinant filtrage collaboratif et content-based pour personnaliser les parcours d'apprentissage en ligne. L'valuation montre 87% de pertinence sur des donnes relles. Ce travail s'inscrit dans le contexte de Afrique de l'Ouest. La mthodologie adopte est Recherche-action. Les rsultats obtenus constituent une contribution significative au domaine de IA / Machine Learning.,Systme de recommandation de cours personnaliss. Nous dveloppons un moteur de recommandation hybride combinant filtrage collaboratif et content-based pour personnaliser les parcours d'apprentissage en ligne. L'valuation montre 87% de pertinence sur des donnes relles. Nous dveloppons un moteur de recommandation hybride combinant filtrage collaboratif et content-based pour personnaliser les parcours d'apprentissage en ligne. L'valuation montre 87% de pertinence sur des donnes relles. Ce travail s'inscrit dans le contexte de Afrique de l'Ouest. La mthodologie adopte est Recherche-action. Les rsultats obtenus constituent une contribution significative au domaine de IA / Machine Learning.,IA / Machine Learning,Recherche-action,Master 1,2020,Etudiant_0003,Dr. Professeur_06,13.8,deep-learning|machine-learning|nlp|prediction,4,1,7,Mobile,de recommandation|deep-learning|ligne valuation|machine-learning|nlp|parcours|prediction|recommandation|sur des
MEM-0004,Application de paiement mobile pour petits commerants,App Android permettant aux commerants informels d'accepter les paiements digitaux via NFC et QR code. Intgration mobile money. 500 commerants pilotes dans 3 marchs de Lom.,App Android permettant aux commerants informels d'accepter les paiements digitaux via NFC et QR code. Intgration mobile money. 500 commerants pilotes dans 3 marchs de Lom. Ce travail s'inscrit dans le contexte de langues locales. La mthodologie adopte est Recherche-action. Les rsultats obtenus constituent une contribution significative au domaine de Mobile.,Application de paiement mobile pour petits commerants. App Android permettant aux commerants informels d'accepter les paiements digitaux via NFC et QR code. Intgration mobile money. 500 commerants pilotes dans 3 marchs de Lom. App Android permettant aux commerants informels d'accepter les paiements digitaux via NFC et QR code. Intgration mobile money. 500 commerants pilotes dans 3 marchs de Lom. Ce travail s'inscrit dans le contexte de langues locales. La mthodologie adopte est Recherche-action. Les rsultats obtenus constituent une contribution significative au domaine de Mobile.,Mobile,Recherche-action,Master 1,2022,Etudiant_0004,Dr. Professeur_10,18.29,afrique|android|offline|react-native,4,1,2,Cyberscurit,500 commerants|afrique|android|commerants|marchs|marchs de|offline|qr code|react-native
MEM-0005,Contrle d'accs biomtrique  faible cot,Systme de contrle d'accs par empreinte digitale et reconnaissance faciale pour scuriser des locaux  budget limit. Cot matriel sous 50 000 FCFA. Dploy dans 3 tablissements scolaires.,Systme de contrle d'accs par empreinte digitale et reconnaissance faciale pour scuriser des locaux  budget limit. Cot matriel sous 50 000 FCFA. Dploy dans 3 tablissements scolaires. Ce travail s'inscrit dans le contexte de Afrique de l'Ouest. La mthodologie adopte est Recherche exprimentale. Les rsultats obtenus constituent une contribution significative au domaine de Systmes Embarqus.,Contrle d'accs biomtrique  faible cot. Systme de contrle d'accs par empreinte digitale et reconnaissance faciale pour scuriser des locaux  budget limit. Cot matriel sous 50 000 FCFA. Dploy dans 3 tablissements scolaires. Systme de contrle d'accs par empreinte digitale et reconnaissance faciale pour scuriser des locaux  budget limit. Cot matriel sous 50 000 FCFA. Dploy dans 3 tablissements scolaires. Ce travail s'inscrit dans le contexte de Afrique de l'Ouest. La mthodologie adopte est Recherche exprimentale. Les rsultats obtenus constituent une contribution significative au domaine de Systmes Embarqus.,Systmes Embarqus,Recherche exprimentale,Master 2,2018,Etudiant_0005,Dr. Professeur_14,18.55,capteurs|energie|iot,3,1,0,Systmes Embarqus,accs|accs par|capteurs|contrle|contrle accs|cot|energie|iot
MEM-0006,Golocalisation des transports en commun  Lom,Systme de suivi temps rel des bus et taxis-motos avec application mobile passager et dashboard chauffeur. Architecture microservices avec WebSockets pour les mises  jour en temps rel.,Systme de suivi temps rel des bus et taxis-motos avec application mobile passager et dashboard chauffeur. Architecture microservices avec WebSockets pour les mises  jour en temps rel. Ce travail s'inscrit dans le contexte de Afrique de l'Ouest. La mthodologie adopte est Recherche-action. Les rsultats obtenus constituent une contribution significative au domaine de Mobile.,Golocalisation des transports en commun  Lom. Systme de suivi temps rel des bus et taxis-motos avec application mobile passager et dashboard chauffeur. Architecture microservices avec WebSockets pour les mises  jour en temps rel. Systme de suivi temps rel des bus et taxis-motos avec application mobile passager et dashboard chauffeur. Architecture microservices avec WebSockets pour les mises  jour en temps rel. Ce travail s'inscrit dans le contexte de Afrique de l'Ouest. La mthodologie adopte est Recherche-action. Les rsultats obtenus constituent une contribution significative au domaine de Mobile.,Mobile,Recherche-action,Master 1,2019,Etudiant_0006,Dr. Professeur_03,16.09,afrique|flutter|geolocalisation|kotlin|microservices|ux,6,1,3,Dveloppement Web,afrique|flutter|geolocalisation|kotlin|microservices|motos avec|passager et|rel|temps rel|ux|websockets pour
MEM-0007,Rseau WiFi communautaire  faible cot,"Conception et dploiement d'une infrastructure WiFi dans un quartier de Lom avec quipements open source (OpenWRT). Couverture de 2km, 120 utilisateurs connects simultanment, cot 40% infrieur au march.","Conception et dploiement d'une infrastructure WiFi dans un quartier de Lom avec quipements open source (OpenWRT). Couverture de 2km, 120 utilisateurs connects simultanment, cot 40% infrieur au march. Ce travail s'inscrit dans le contexte de Togo. La mthodologie adopte est tude de cas. Les rsultats obtenus constituent une contribution significative au domaine de Rseaux.","Rseau WiFi communautaire  faible cot. Conception et dploiement d'une infrastructure WiFi dans un quartier de Lom avec quipements open source (OpenWRT). Couverture de 2km, 120 utilisateurs connects simultanment, cot 40% infrieur au march. Conception et dploiement d'une infrastructure WiFi dans un quartier de Lom avec quipements open source (OpenWRT). Couverture de 2km, 120 utilisateurs connects simultanment, cot 40% infrieur au march. Ce travail s'inscrit dans le contexte de Togo. La mthodologie adopte est tude de cas. Les rsultats obtenus constituent une contribution significative au domaine de Rseaux.",Rseaux,tude de cas,Master 1,2020,Etudiant_0007,Dr. Professeur_07,18.05,4g|afrique|cisco|iot|qos|wifi,6,1,5,Rseaux,4g|afrique|cisco|cot|iot|openwrt|openwrt couverture|qos|quartier de|wifi
MEM-0008,Architecture rseau IoT pour smart city,"Conception d'une infrastructure de capteurs connects pour la gestion intelligente des feux de circulation, de l'clairage public et des dchets dans une ville de taille moyenne.","Conception d'une infrastructure de capteurs connects pour la gestion intelligente des feux de circulation, de l'clairage public et des dchets dans une ville de taille moyenne. Ce travail s'inscrit dans le contexte de langues locales. La mthodologie adopte est Recherche-action. Les rsultats obtenus constituent une contribution significative au domaine de Rseaux.","Architecture rseau IoT pour smart city. Conception d'une infrastructure de capteurs connects pour la gestion intelligente des feux de circulation, de l'clairage public et des dchets dans une ville de taille moyenne. Conception d'une infrastructure de capteurs connects pour la gestion intelligente des feux de circulation, de l'clairage public et des dchets dans une ville de taille moyenne. Ce travail s'inscrit dans le contexte de langues locales. La mthodologie adopte est Recherche-action. Les rsultats obtenus constituent une contribution significative au domaine de Rseaux.",Rseaux,Recherche-action,Master 1,2019,Etudiant_0008,Dr. Professeur_12,11.4,4g|cisco|iot|ns3|protocole|qos,6,1,5,Rseaux,4g|cisco|de circulation|de clairage|de taille|iot|ns3|protocole|qos|une ville|ville
MEM-0009,Application de suivi de grossesse pour zones rurales,"App mobile hors-ligne pour le suivi mdical des femmes enceintes sans connexion internet. Synchronisation diffre des donnes. Dploye dans 12 centres de sant ruraux, 800 femmes suivies.","App mobile hors-ligne pour le suivi mdical des femmes enceintes sans connexion internet. Synchronisation diffre des donnes. Dploye dans 12 centres de sant ruraux, 800 femmes suivies. Ce travail s'inscrit dans le contexte de PME africaine. La mthodologie adopte est Prototypage rapide. Les rsultats obtenus constituent une contribution significative au domaine de Mobile.","Application de suivi de grossesse pour zones rurales. App mobile hors-ligne pour le suivi mdical des femmes enceintes sans connexion internet. Synchronisation diffre des donnes. Dploye dans 12 centres de sant ruraux, 800 femmes suivies. App mobile hors-ligne pour le suivi mdical des femmes enceintes sans connexion internet. Synchronisation diffre des donnes. Dploye dans 12 centres de sant ruraux, 800 femmes suivies. Ce travail s'inscrit dans le contexte de PME africaine. La mthodologie adopte est Prototypage rapide. Les rsultats obtenus constituent une contribution significative au domaine de Mobile.",Mobile,Prototypage rapide,Master 1,2022,Etudiant_0009,Dr. Professeur_01,10.91,flutter|geolocalisation|offline|react-native,4,1,7,Mobile,12|12 centres|app mobile|femmes|flutter|geolocalisation|offline|react-native|suivi
MEM-0010,Scurisation des applications mobile banking,Analyse des vulnrabilits des applications de paiement mobile au Togo selon OWASP Mobile Top 10. Implmentation des contre-mesures et chiffrement end-to-end des transactions.,Analyse des vulnrabilits des applications de paiement mobile au Togo selon OWASP Mobile Top 10. Implmentation des contre-mesures et chiffrement end-to-end des transactions. Ce travail s'inscrit dans le contexte de langues locales. La mthodologie adopte est Recherche exprimentale. Les rsultats obtenus constituent une contribution significative au domaine de Cyberscurit.,Scurisation des applications mobile banking. Analyse des vulnrabilits des applications de paiement mobile au Togo selon OWASP Mobile Top 10. Implmentation des contre-mesures et chiffrement end-to-end des transactions. Analyse des vulnrabilits des applications de paiement mobile au Togo selon OWASP Mobile Top 10. Implmentation des contre-mesures et chiffrement end-to-end des transactions. Ce travail s'inscrit dans le contexte de langues locales. La mthodologie adopte est Recherche exprimentale. Les rsultats obtenus constituent une contribution significative au domaine de Cyberscurit.,Cyberscurit,Recherche exprimentale,Master 2,2021,Etudiant_0010,Dr. Professeur_14,19.71,afrique|audit|cryptographie|forensics|intrusion|siem,6,1,2,Cyberscurit,afrique|applications|audit|cryptographie|des|des applications|end|forensics|intrusion|mobile|siem
MEM-0011,Portail de tlmdecine pour zones rurales,"Application web de consultation mdicale  distance intgrant la golocalisation des centres de sant, la prise de rendez-vous et le dossier mdical numrique simplifi. Mode offline disponible.","Application web de consultation mdicale  distance intgrant la golocalisation des centres de sant, la prise de rendez-vous et le dossier mdical numrique simplifi. Mode offline disponible. Ce travail s'inscrit dans le contexte de PME africaine. La mthodologie adopte est Dveloppement dirig par les tests (TDD). Les rsultats obtenus constituent une contribution significative au domaine de Dveloppement Web.","Portail de tlmdecine pour zones rurales. Application web de consultation mdicale  distance intgrant la golocalisation des centres de sant, la prise de rendez-vous et le dossier mdical numrique simplifi. Mode offline disponible. Application web de consultation mdicale  distance intgrant la golocalisation des centres de sant, la prise de rendez-vous et le dossier mdical numrique simplifi. Mode offline disponible. Ce travail s'inscrit dans le contexte de PME africaine. La mthodologie adopte est Dveloppement dirig par les tests (TDD). Les rsultats obtenus constituent une contribution significative au domaine de Dveloppement Web.",Dveloppement Web,Dveloppement dirig par les tests (TDD),Master 2,2020,Etudiant_0011,Dr. Professeur_12,10.03,fastapi|full-stack|rest-api,3,1,7,Mobile,application web|distance|fastapi|full-stack|rest-api|vous|web|web de
MEM-0012,Application de suivi de grossesse pour zones rurales,"App mobile hors-ligne pour le suivi mdical des femmes enceintes sans connexion internet. Synchronisation diffre des donnes. Dploye dans 12 centres de sant ruraux, 800 femmes suivies.","App mobile hors-ligne pour le suivi mdical des femmes enceintes sans connexion internet. Synchronisation diffre des donnes. Dploye dans 12 centres de sant ruraux, 800 femmes suivies. Ce travail s'inscrit dans le contexte de mobile money. La mthodologie adopte est Dveloppement dirig par les tests (TDD). Les rsultats obtenus constituent une contribution significative au domaine de Mobile.","Application de suivi de grossesse pour zones rurales. App mobile hors-ligne pour le suivi mdical des femmes enceintes sans connexion internet. Synchronisation diffre des donnes. Dploye dans 12 centres de sant ruraux, 800 femmes suivies. App mobile hors-ligne pour le suivi mdical des femmes enceintes sans connexion internet. Synchronisation diffre des donnes. Dploye dans 12 centres de sant ruraux, 800 femmes suivies. Ce travail s'inscrit dans le contexte de mobile money. La mthodologie adopte est Dveloppement dirig par les tests (TDD). Les rsultats obtenus constituent une contribution significative au domaine de Mobile.",Mobile,Dveloppement dirig par les tests (TDD),Licence 3,2022,Etudiant_0012,Dr. Professeur_13,11.53,geolocalisation|offline|react-native,3,1,7,Mobile,femmes|geolocalisation|ligne pour|mobile|mobile hors|offline|react-native|suivi
MEM-0013,Classification d'images agricoles par CNN,Systme de dtection automatique des maladies des cultures grce  des rseaux convolutifs. Dataset de 15 000 images de plantes annotes. Prcision de 94% sur la classification de 8 maladies principales.,Systme de dtection automatique des maladies des cultures grce  des rseaux convolutifs. Dataset de 15 000 images de plantes annotes. Prcision de 94% sur la classification de 8 maladies principales. Ce travail s'inscrit dans le contexte de mobile money. La mthodologie adopte est Recherche applique. Les rsultats obtenus constituent une contribution significative au domaine de IA / Machine Learning.,Classification d'images agricoles par CNN. Systme de dtection automatique des maladies des cultures grce  des rseaux convolutifs. Dataset de 15 000 images de plantes annotes. Prcision de 94% sur la classification de 8 maladies principales. Systme de dtection automatique des maladies des cultures grce  des rseaux convolutifs. Dataset de 15 000 images de plantes annotes. Prcision de 94% sur la classification de 8 maladies principales. Ce travail s'inscrit dans le contexte de mobile money. La mthodologie adopte est Recherche applique. Les rsultats obtenus constituent une contribution significative au domaine de IA / Machine Learning.,IA / Machine Learning,Recherche applique,Master 1,2018,Etudiant_0013,Dr. Professeur_15,10.58,classification|deep-learning|neural-network|nlp,4,1,2,Cyberscurit,annotes|classification|deep-learning|des|images|maladies|neural-network|nlp
MEM-0014,Plateforme de gestion des stages universitaires,"Application full-stack React/FastAPI permettant aux tudiants de postuler aux stages, aux entreprises de publier des offres et  l'universit de suivre les conventions. Dploye sur 3 universits togolaises.","Application full-stack React/FastAPI permettant aux tudiants de postuler aux stages, aux entreprises de publier des offres et  l'universit de suivre les conventions. Dploye sur 3 universits togolaises. Ce travail s'inscrit dans le contexte de PME africaine. La mthodologie adopte est Recherche-action. Les rsultats obtenus constituent une contribution significative au domaine de Dveloppement Web.","Plateforme de gestion des stages universitaires. Application full-stack React/FastAPI permettant aux tudiants de postuler aux stages, aux entreprises de publier des offres et  l'universit de suivre les conventions. Dploye sur 3 universits togolaises. Application full-stack React/FastAPI permettant aux tudiants de postuler aux stages, aux entreprises de publier des offres et  l'universit de suivre les conventions. Dploye sur 3 universits togolaises. Ce travail s'inscrit dans le contexte de PME africaine. La mthodologie adopte est Recherche-action. Les rsultats obtenus constituent une contribution significative au domaine de Dveloppement Web.",Dveloppement Web,Recherche-action,Master 1,2024,Etudiant_0014,Dr. Professeur_03,19.47,afrique|django|fastapi|postgresql|react,5,1,3,Dveloppement Web,afrique|aux|django|fastapi|fastapi permettant|offres et|postgresql|postuler|react|stages
MEM-0015,Migration infrastructure on-premise vers AWS,"Planification et excution complte de la migration cloud d'une PME locale. Architecture 3-tiers sur AWS avec auto-scaling, backup automatique et rduction des cots d'infrastructure de 40%.","Planification et excution complte de la migration cloud d'une PME locale. Architecture 3-tiers sur AWS avec auto-scaling, backup automatique et rduction des cots d'infrastructure de 40%. Ce travail s'inscrit dans le contexte de contexte africain. La mthodologie adopte est Prototypage rapide. Les rsultats obtenus constituent une contribution significative au domaine de Cloud / DevOps.","Migration infrastructure on-premise vers AWS. Planification et excution complte de la migration cloud d'une PME locale. Architecture 3-tiers sur AWS avec auto-scaling, backup automatique et rduction des cots d'infrastructure de 40%. Planification et excution complte de la migration cloud d'une PME locale. Architecture 3-tiers sur AWS avec auto-scaling, backup automatique et rduction des cots d'infrastructure de 40%. Ce travail s'inscrit dans le contexte de contexte africain. La mthodologie adopte est Prototypage rapide. Les rsultats obtenus constituent une contribution significative au domaine de Cloud / DevOps.",Cloud / DevOps,Prototypage rapide,Master 2,2023,Etudiant_0015,Dr. Professeur_09,14.38,aws|ci-cd|monitoring|terraform,4,1,5,Rseaux,aws|ci-cd|infrastructure|migration|monitoring|rduction des|sur aws|terraform
MEM-0016,Rseau WiFi communautaire  faible cot,"Conception et dploiement d'une infrastructure WiFi dans un quartier de Lom avec quipements open source (OpenWRT). Couverture de 2km, 120 utilisateurs connects simultanment, cot 40% infrieur au march.","Conception et dploiement d'une infrastructure WiFi dans un quartier de Lom avec quipements open source (OpenWRT). Couverture de 2km, 120 utilisateurs connects simultanment, cot 40% infrieur au march. Ce travail s'inscrit dans le contexte de Togo. La mthodologie adopte est Dveloppement logiciel (SCRUM). Les rsultats obtenus constituent une contribution significative au domaine de Rseaux.","Rseau WiFi communautaire  faible cot. Conception et dploiement d'une infrastructure WiFi dans un quartier de Lom avec quipements open source (OpenWRT). Couverture de 2km, 120 utilisateurs connects simultanment, cot 40% infrieur au march. Conception et dploiement d'une infrastructure WiFi dans un quartier de Lom avec quipements open source (OpenWRT). Couverture de 2km, 120 utilisateurs connects simultanment, cot 40% infrieur au march. Ce travail s'inscrit dans le contexte de Togo. La mthodologie adopte est Dveloppement logiciel (SCRUM). Les rsultats obtenus constituent une contribution significative au domaine de Rseaux.",Rseaux,Dveloppement logiciel (SCRUM),Master 1,2018,Etudiant_0016,Dr. Professeur_15,12.29,4g|afrique|ns3|qos|tcp-ip|wifi,6,0,5,Rseaux,4g|afrique|cot|ns3|qos|quartier de|simultanment|source openwrt|tcp-ip|wifi
MEM-0017,Systme de surveillance de la qualit de l'air,"Rseau de capteurs IoT autonomes mesurant CO2, PM2.5, NO2 et temprature. Transmission MQTT vers dashboard Grafana. Autonomie 6 mois sur batterie avec panneau solaire. Dploy dans 5 quartiers de Lom.","Rseau de capteurs IoT autonomes mesurant CO2, PM2.5, NO2 et temprature. Transmission MQTT vers dashboard Grafana. Autonomie 6 mois sur batterie avec panneau solaire. Dploy dans 5 quartiers de Lom. Ce travail s'inscrit dans le contexte de mobile money. La mthodologie adopte est Prototypage rapide. Les rsultats obtenus constituent une contribution significative au domaine de Systmes Embarqus.","Systme de surveillance de la qualit de l'air. Rseau de capteurs IoT autonomes mesurant CO2, PM2.5, NO2 et temprature. Transmission MQTT vers dashboard Grafana. Autonomie 6 mois sur batterie avec panneau solaire. Dploy dans 5 quartiers de Lom. Rseau de capteurs IoT autonomes mesurant CO2, PM2.5, NO2 et temprature. Transmission MQTT vers dashboard Grafana. Autonomie 6 mois sur batterie avec panneau solaire. Dploy dans 5 quartiers de Lom. Ce travail s'inscrit dans le contexte de mobile money. La mthodologie adopte est Prototypage rapide. Les rsultats obtenus constituent une contribution significative au domaine de Systmes Embarqus.",Systmes Embarqus,Prototypage rapide,Licence 3,2020,Etudiant_0017,Dr. Professeur_13,17.85,afrique|capteurs|embarque|energie|iot|mqtt|raspberry-pi,7,1,4,Rseaux,afrique|autonomes|autonomes mesurant|autonomie|autonomie mois|capteurs|embarque|energie|iot|mqtt|raspberry-pi|vers dashboard
MEM-0018,Plateforme de gestion des stages universitaires,"Application full-stack React/FastAPI permettant aux tudiants de postuler aux stages, aux entreprises de publier des offres et  l'universit de suivre les conventions. Dploye sur 3 universits togolaises.","Application full-stack React/FastAPI permettant aux tudiants de postuler aux stages, aux entreprises de publier des offres et  l'universit de suivre les conventions. Dploye sur 3 universits togolaises. Ce travail s'inscrit dans le contexte de Afrique de l'Ouest. La mthodologie adopte est Recherche-action. Les rsultats obtenus constituent une contribution significative au domaine de Dveloppement Web.","Plateforme de gestion des stages universitaires. Application full-stack React/FastAPI permettant aux tudiants de postuler aux stages, aux entreprises de publier des offres et  l'universit de suivre les conventions. Dploye sur 3 universits togolaises. Application full-stack React/FastAPI permettant aux tudiants de postuler aux stages, aux entreprises de publier des offres et  l'universit de suivre les conventions. Dploye sur 3 universits togolaises. Ce travail s'inscrit dans le contexte de Afrique de l'Ouest. La mthodologie adopte est Recherche-action. Les rsultats obtenus constituent une contribution significative au domaine de Dveloppement Web.",Dveloppement Web,Recherche-action,Master 1,2020,Etudiant_0018,Dr. Professeur_12,10.61,afrique|docker|fastapi|full-stack|postgresql|react,6,1,3,Dveloppement Web,afrique|aux|docker|fastapi|fastapi permettant|full-stack|offres|postgresql|postuler|react|stages
MEM-0019,Systme de vote lectronique scuris,"Plateforme de vote en ligne base sur la cryptographie asymtrique RSA et la blockchain lgre. Garantit l'anonymat, l'intgrit et la traabilit des votes. Test lors d'une lection tudiante relle.","Plateforme de vote en ligne base sur la cryptographie asymtrique RSA et la blockchain lgre. Garantit l'anonymat, l'intgrit et la traabilit des votes. Test lors d'une lection tudiante relle. Ce travail s'inscrit dans le contexte de PME africaine. La mthodologie adopte est Recherche exprimentale. Les rsultats obtenus constituent une contribution significative au domaine de Dveloppement Web.","Systme de vote lectronique scuris. Plateforme de vote en ligne base sur la cryptographie asymtrique RSA et la blockchain lgre. Garantit l'anonymat, l'intgrit et la traabilit des votes. Test lors d'une lection tudiante relle. Plateforme de vote en ligne base sur la cryptographie asymtrique RSA et la blockchain lgre. Garantit l'anonymat, l'intgrit et la traabilit des votes. Test lors d'une lection tudiante relle. Ce travail s'inscrit dans le contexte de PME africaine. La mthodologie adopte est Recherche exprimentale. Les rsultats obtenus constituent une contribution significative au domaine de Dveloppement Web.",Dveloppement Web,Recherche exprimentale,Licence 3,2022,Etudiant_0019,Dr. Professeur_15,12.5,blockchain|django|fastapi|full-stack|javascript,5,0,2,Cyberscurit,blockchain|de vote|des votes|django|et la|fastapi|full-stack|javascript|test|vote
MEM-0020,Plateforme de gestion des stages universitaires,"Application full-stack React/FastAPI permettant aux tudiants de postuler aux stages, aux entreprises de publier des offres et  l'universit de suivre les conventions. Dploye sur 3 universits togolaises.","Application full-stack React/FastAPI permettant aux tudiants de postuler aux stages, aux entreprises de publier des offres et  l'universit de suivre les conventions. Dploye sur 3 universits togolaises. Ce travail s'inscrit dans le contexte de zones rurales. La mthodologie adopte est Recherche-action. Les rsultats obtenus constituent une contribution significative au domaine de Dveloppement Web.","Plateforme de gestion des stages universitaires. Application full-stack React/FastAPI permettant aux tudiants de postuler aux stages, aux entreprises de publier des offres et  l'universit de suivre les conventions. Dploye sur 3 universits togolaises. Application full-stack React/FastAPI permettant aux tudiants de postuler aux stages, aux entreprises de publier des offres et  l'universit de suivre les conventions. Dploye sur 3 universits togolaises. Ce travail s'inscrit dans le contexte de zones rurales. La mthodologie adopte est Recherche-action. Les rsultats obtenus constituent une contribution significative au domaine de Dveloppement Web.",Dveloppement Web,Recherche-action,Master 2,2024,Etudiant_0020,Dr. Professeur_08,14.06,afrique|docker|fastapi|javascript|react,5,1,3,Dveloppement Web,afrique|aux|docker|fastapi|fastapi permettant|javascript|offres|offres et|react|stages
MEM-0021,Migration infrastructure on-premise vers AWS,"Planification et excution complte de la migration cloud d'une PME locale. Architecture 3-tiers sur AWS avec auto-scaling, backup automatique et rduction des cots d'infrastructure de 40%.","Planification et excution complte de la migration cloud d'une PME locale. Architecture 3-tiers sur AWS avec auto-scaling, backup automatique et rduction des cots d'infrastructure de 40%. Ce travail s'inscrit dans le contexte de Lom. La mthodologie adopte est Recherche exprimentale. Les rsultats obtenus constituent une contribution significative au domaine de Cloud / DevOps.","Migration infrastructure on-premise vers AWS. Planification et excution complte de la migration cloud d'une PME locale. Architecture 3-tiers sur AWS avec auto-scaling, backup automatique et rduction des cots d'infrastructure de 40%. Planification et excution complte de la migration cloud d'une PME locale. Architecture 3-tiers sur AWS avec auto-scaling, backup automatique et rduction des cots d'infrastructure de 40%. Ce travail s'inscrit dans le contexte de Lom. La mthodologie adopte est Recherche exprimentale. Les rsultats obtenus constituent une contribution significative au domaine de Cloud / DevOps.",Cloud / DevOps,Recherche exprimentale,Master 1,2018,Etudiant_0021,Dr. Professeur_12,16.97,aws|ci-cd|kubernetes|microservices|terraform,5,1,5,Rseaux,aws|ci-cd|infrastructure|kubernetes|microservices|migration|scaling backup|terraform|tiers
MEM-0022,Entrept de donnes pour le Ministre de la Sant,"Conception d'un data warehouse selon modlisation en toile pour centraliser les donnes pidmiologiques nationales. Pipeline ETL automatis, 50M enregistrements, requtes analytiques en < 2s.","Conception d'un data warehouse selon modlisation en toile pour centraliser les donnes pidmiologiques nationales. Pipeline ETL automatis, 50M enregistrements, requtes analytiques en < 2s. Ce travail s'inscrit dans le contexte de Togo. La mthodologie adopte est Recherche exprimentale. Les rsultats obtenus constituent une contribution significative au domaine de Bases de donnes.","Entrept de donnes pour le Ministre de la Sant. Conception d'un data warehouse selon modlisation en toile pour centraliser les donnes pidmiologiques nationales. Pipeline ETL automatis, 50M enregistrements, requtes analytiques en < 2s. Conception d'un data warehouse selon modlisation en toile pour centraliser les donnes pidmiologiques nationales. Pipeline ETL automatis, 50M enregistrements, requtes analytiques en < 2s. Ce travail s'inscrit dans le contexte de Togo. La mthodologie adopte est Recherche exprimentale. Les rsultats obtenus constituent une contribution significative au domaine de Bases de donnes.",Bases de donnes,Recherche exprimentale,Master 1,2019,Etudiant_0022,Dr. Professeur_08,10.5,etl|nosql|postgresql,3,1,1,Bases de donnes,donnes|en|en 2s|en toile|etl|nationales|nosql|postgresql
MEM-0023,Audit de scurit des infrastructures bancaires,"valuation complte de la posture de scurit d'une banque locale par tests de pntration, analyse de code et revue de configuration. Rapport de 47 vulnrabilits identifies avec plan de remdiation.","valuation complte de la posture de scurit d'une banque locale par tests de pntration, analyse de code et revue de configuration. Rapport de 47 vulnrabilits identifies avec plan de remdiation. Ce travail s'inscrit dans le contexte de mobile money. La mthodologie adopte est Prototypage rapide. Les rsultats obtenus constituent une contribution significative au domaine de Cyberscurit.","Audit de scurit des infrastructures bancaires. valuation complte de la posture de scurit d'une banque locale par tests de pntration, analyse de code et revue de configuration. Rapport de 47 vulnrabilits identifies avec plan de remdiation. valuation complte de la posture de scurit d'une banque locale par tests de pntration, analyse de code et revue de configuration. Rapport de 47 vulnrabilits identifies avec plan de remdiation. Ce travail s'inscrit dans le contexte de mobile money. La mthodologie adopte est Prototypage rapide. Les rsultats obtenus constituent une contribution significative au domaine de Cyberscurit.",Cyberscurit,Prototypage rapide,Licence 3,2024,Etudiant_0023,Dr. Professeur_15,14.04,forensics|pentesting|siem,3,1,2,Cyberscurit,47|de scurit|forensics|pentesting|scurit|siem|valuation complte|vulnrabilits identifies
MEM-0024,Classification d'images agricoles par CNN,Systme de dtection automatique des maladies des cultures grce  des rseaux convolutifs. Dataset de 15 000 images de plantes annotes. Prcision de 94% sur la classification de 8 maladies principales.,Systme de dtection automatique des maladies des cultures grce  des rseaux convolutifs. Dataset de 15 000 images de plantes annotes. Prcision de 94% sur la classification de 8 maladies principales. Ce travail s'inscrit dans le contexte de langues locales. La mthodologie adopte est Dveloppement logiciel (SCRUM). Les rsultats obtenus constituent une contribution significative au domaine de IA / Machine Learning.,Classification d'images agricoles par CNN. Systme de dtection automatique des maladies des cultures grce  des rseaux convolutifs. Dataset de 15 000 images de plantes annotes. Prcision de 94% sur la classification de 8 maladies principales. Systme de dtection automatique des maladies des cultures grce  des rseaux convolutifs. Dataset de 15 000 images de plantes annotes. Prcision de 94% sur la classification de 8 maladies principales. Ce travail s'inscrit dans le contexte de langues locales. La mthodologie adopte est Dveloppement logiciel (SCRUM). Les rsultats obtenus constituent une contribution significative au domaine de IA / Machine Learning.,IA / Machine Learning,Dveloppement logiciel (SCRUM),Master 1,2023,Etudiant_0024,Dr. Professeur_11,13.96,classification|deep-learning|neural-network|nlp|prediction,5,1,2,Cyberscurit,classification|deep-learning|des|images|la classification|maladies|neural-network|nlp|prediction
MEM-0025,Optimisation performances BDD hospitalire,"Analyse et optimisation d'un systme de gestion hospitalire sous PostgreSQL. Indexation, partitionnement et rcriture de requtes. Rduction du temps de rponse moyen de 8s  0.3s.","Analyse et optimisation d'un systme de gestion hospitalire sous PostgreSQL. Indexation, partitionnement et rcriture de requtes. Rduction du temps de rponse moyen de 8s  0.3s. Ce travail s'inscrit dans le contexte de langues locales. La mthodologie adopte est Dveloppement dirig par les tests (TDD). Les rsultats obtenus constituent une contribution significative au domaine de Bases de donnes.","Optimisation performances BDD hospitalire. Analyse et optimisation d'un systme de gestion hospitalire sous PostgreSQL. Indexation, partitionnement et rcriture de requtes. Rduction du temps de rponse moyen de 8s  0.3s. Analyse et optimisation d'un systme de gestion hospitalire sous PostgreSQL. Indexation, partitionnement et rcriture de requtes. Rduction du temps de rponse moyen de 8s  0.3s. Ce travail s'inscrit dans le contexte de langues locales. La mthodologie adopte est Dveloppement dirig par les tests (TDD). Les rsultats obtenus constituent une contribution significative au domaine de Bases de donnes.",Bases de donnes,Dveloppement dirig par les tests (TDD),Licence 3,2018,Etudiant_0025,Dr. Professeur_06,11.32,indexation|mongodb|postgresql|sql,4,1,1,Bases de donnes,hospitalire|indexation|mongodb|optimisation|postgresql|rcriture|rcriture de|sous postgresql|sql
MEM-0026,Optimisation QoS dans les rseaux 4G,tude et amlioration de la qualit de service pour les applications temps rel sur rseau mobile 4G/LTE. Simulation sous NS-3 et validation terrain avec mesures de latence et dbit.,tude et amlioration de la qualit de service pour les applications temps rel sur rseau mobile 4G/LTE. Simulation sous NS-3 et validation terrain avec mesures de latence et dbit. Ce travail s'inscrit dans le contexte de langues locales. La mthodologie adopte est Recherche applique. Les rsultats obtenus constituent une contribution significative au domaine de Rseaux.,Optimisation QoS dans les rseaux 4G. tude et amlioration de la qualit de service pour les applications temps rel sur rseau mobile 4G/LTE. Simulation sous NS-3 et validation terrain avec mesures de latence et dbit. tude et amlioration de la qualit de service pour les applications temps rel sur rseau mobile 4G/LTE. Simulation sous NS-3 et validation terrain avec mesures de latence et dbit. Ce travail s'inscrit dans le contexte de langues locales. La mthodologie adopte est Recherche applique. Les rsultats obtenus constituent une contribution significative au domaine de Rseaux.,Rseaux,Recherche applique,Licence 3,2021,Etudiant_0026,Dr. Professeur_02,19.32,cisco|ns3|protocole|tcp-ip|wifi,5,1,4,Rseaux,4g|amlioration|cisco|latence|mobile 4g|ns3|protocole|rel sur|tcp-ip|wifi
MEM-0027,Implmentation d'un SIEM open source,Dploiement et configuration de Wazuh/ELK Stack pour la dtection d'intrusions en temps rel. Dfinition de 120 rgles de corrlation et procdures de rponse aux incidents pour une PME.,Dploiement et configuration de Wazuh/ELK Stack pour la dtection d'intrusions en temps rel. Dfinition de 120 rgles de corrlation et procdures de rponse aux incidents pour une PME. Ce travail s'inscrit dans le contexte de contexte africain. La mthodologie adopte est Dveloppement logiciel (SCRUM). Les rsultats obtenus constituent une contribution significative au domaine de Cyberscurit.,Implmentation d'un SIEM open source. Dploiement et configuration de Wazuh/ELK Stack pour la dtection d'intrusions en temps rel. Dfinition de 120 rgles de corrlation et procdures de rponse aux incidents pour une PME. Dploiement et configuration de Wazuh/ELK Stack pour la dtection d'intrusions en temps rel. Dfinition de 120 rgles de corrlation et procdures de rponse aux incidents pour une PME. Ce travail s'inscrit dans le contexte de contexte africain. La mthodologie adopte est Dveloppement logiciel (SCRUM). Les rsultats obtenus constituent une contribution significative au domaine de Cyberscurit.,Cyberscurit,Dveloppement logiciel (SCRUM),Licence 3,2023,Etudiant_0027,Dr. Professeur_11,12.04,forensics|intrusion|owasp|siem|vulnerabilite,5,1,3,Dveloppement Web,aux incidents|forensics|intrusion|intrusions en|owasp|procdures de|rgles|rgles de|siem|vulnerabilite
MEM-0028,Optimisation performances BDD hospitalire,"Analyse et optimisation d'un systme de gestion hospitalire sous PostgreSQL. Indexation, partitionnement et rcriture de requtes. Rduction du temps de rponse moyen de 8s  0.3s.","Analyse et optimisation d'un systme de gestion hospitalire sous PostgreSQL. Indexation, partitionnement et rcriture de requtes. Rduction du temps de rponse moyen de 8s  0.3s. Ce travail s'inscrit dans le contexte de contexte africain. La mthodologie adopte est Dveloppement dirig par les tests (TDD). Les rsultats obtenus constituent une contribution significative au domaine de Bases de donnes.","Optimisation performances BDD hospitalire. Analyse et optimisation d'un systme de gestion hospitalire sous PostgreSQL. Indexation, partitionnement et rcriture de requtes. Rduction du temps de rponse moyen de 8s  0.3s. Analyse et optimisation d'un systme de gestion hospitalire sous PostgreSQL. Indexation, partitionnement et rcriture de requtes. Rduction du temps de rponse moyen de 8s  0.3s. Ce travail s'inscrit dans le contexte de contexte africain. La mthodologie adopte est Dveloppement dirig par les tests (TDD). Les rsultats obtenus constituent une contribution significative au domaine de Bases de donnes.",Bases de donnes,Dveloppement dirig par les tests (TDD),Licence 3,2018,Etudiant_0028,Dr. Professeur_11,17.71,etl|indexation|optimisation|postgresql|sql,5,1,1,Bases de donnes,etl|hospitalire|indexation|moyen de|optimisation|postgresql|rponse moyen|sous postgresql|sql
MEM-0029,Scurisation des applications mobile banking,Analyse des vulnrabilits des applications de paiement mobile au Togo selon OWASP Mobile Top 10. Implmentation des contre-mesures et chiffrement end-to-end des transactions.,Analyse des vulnrabilits des applications de paiement mobile au Togo selon OWASP Mobile Top 10. Implmentation des contre-mesures et chiffrement end-to-end des transactions. Ce travail s'inscrit dans le contexte de Togo. La mthodologie adopte est tude de cas. Les rsultats obtenus constituent une contribution significative au domaine de Cyberscurit.,Scurisation des applications mobile banking. Analyse des vulnrabilits des applications de paiement mobile au Togo selon OWASP Mobile Top 10. Implmentation des contre-mesures et chiffrement end-to-end des transactions. Analyse des vulnrabilits des applications de paiement mobile au Togo selon OWASP Mobile Top 10. Implmentation des contre-mesures et chiffrement end-to-end des transactions. Ce travail s'inscrit dans le contexte de Togo. La mthodologie adopte est tude de cas. Les rsultats obtenus constituent une contribution significative au domaine de Cyberscurit.,Cyberscurit,tude de cas,Master 2,2023,Etudiant_0029,Dr. Professeur_10,18.35,afrique|intrusion|pentesting|siem|vulnerabilite,5,1,2,Cyberscurit,afrique|applications|des|des applications|end|intrusion|mobile|pentesting|siem|vulnerabilite
MEM-0030,Migration infrastructure on-premise vers AWS,"Planification et excution complte de la migration cloud d'une PME locale. Architecture 3-tiers sur AWS avec auto-scaling, backup automatique et rduction des cots d'infrastructure de 40%.","Planification et excution complte de la migration cloud d'une PME locale. Architecture 3-tiers sur AWS avec auto-scaling, backup automatique et rduction des cots d'infrastructure de 40%. Ce travail s'inscrit dans le contexte de mobile money. La mthodologie adopte est Dveloppement logiciel (SCRUM). Les rsultats obtenus constituent une contribution significative au domaine de Cloud / DevOps.","Migration infrastructure on-premise vers AWS. Planification et excution complte de la migration cloud d'une PME locale. Architecture 3-tiers sur AWS avec auto-scaling, backup automatique et rduction des cots d'infrastructure de 40%. Planification et excution complte de la migration cloud d'une PME locale. Architecture 3-tiers sur AWS avec auto-scaling, backup automatique et rduction des cots d'infrastructure de 40%. Ce travail s'inscrit dans le contexte de mobile money. La mthodologie adopte est Dveloppement logiciel (SCRUM). Les rsultats obtenus constituent une contribution significative au domaine de Cloud / DevOps.",Cloud / DevOps,Dveloppement logiciel (SCRUM),Master 1,2020,Etudiant_0030,Dr. Professeur_06,16.67,aws|devops|docker|monitoring,4,1,5,Rseaux,auto scaling|aws|devops|docker|infrastructure|migration|migration cloud|monitoring
MEM-0031,Systme de monitoring applicatif temps rel,"Dploiement d'une stack de monitoring avec Prometheus, Grafana et alerting automatique. Couverture de 15 microservices avec dashboards mtier et techniques. MTTR rduit de 4h  20min.","Dploiement d'une stack de monitoring avec Prometheus, Grafana et alerting automatique. Couverture de 15 microservices avec dashboards mtier et techniques. MTTR rduit de 4h  20min. Ce travail s'inscrit dans le contexte de zones rurales. La mthodologie adopte est Recherche-action. Les rsultats obtenus constituent une contribution significative au domaine de Cloud / DevOps.","Systme de monitoring applicatif temps rel. Dploiement d'une stack de monitoring avec Prometheus, Grafana et alerting automatique. Couverture de 15 microservices avec dashboards mtier et techniques. MTTR rduit de 4h  20min. Dploiement d'une stack de monitoring avec Prometheus, Grafana et alerting automatique. Couverture de 15 microservices avec dashboards mtier et techniques. MTTR rduit de 4h  20min. Ce travail s'inscrit dans le contexte de zones rurales. La mthodologie adopte est Recherche-action. Les rsultats obtenus constituent une contribution significative au domaine de Cloud / DevOps.",Cloud / DevOps,Recherche-action,Licence 3,2019,Etudiant_0031,Dr. Professeur_06,17.37,aws|ci-cd|kubernetes|microservices,4,1,6,Cloud / DevOps,4h|4h 20min|alerting automatique|aws|ci-cd|de monitoring|kubernetes|microservices|monitoring
MEM-0032,Systme de monitoring applicatif temps rel,"Dploiement d'une stack de monitoring avec Prometheus, Grafana et alerting automatique. Couverture de 15 microservices avec dashboards mtier et techniques. MTTR rduit de 4h  20min.","Dploiement d'une stack de monitoring avec Prometheus, Grafana et alerting automatique. Couverture de 15 microservices avec dashboards mtier et techniques. MTTR rduit de 4h  20min. Ce travail s'inscrit dans le contexte de Afrique de l'Ouest. La mthodologie adopte est Dveloppement dirig par les tests (TDD). Les rsultats obtenus constituent une contribution significative au domaine de Cloud / DevOps.","Systme de monitoring applicatif temps rel. Dploiement d'une stack de monitoring avec Prometheus, Grafana et alerting automatique. Couverture de 15 microservices avec dashboards mtier et techniques. MTTR rduit de 4h  20min. Dploiement d'une stack de monitoring avec Prometheus, Grafana et alerting automatique. Couverture de 15 microservices avec dashboards mtier et techniques. MTTR rduit de 4h  20min. Ce travail s'inscrit dans le contexte de Afrique de l'Ouest. La mthodologie adopte est Dveloppement dirig par les tests (TDD). Les rsultats obtenus constituent une contribution significative au domaine de Cloud / DevOps.",Cloud / DevOps,Dveloppement dirig par les tests (TDD),Master 2,2024,Etudiant_0032,Dr. Professeur_01,13.83,docker|microservices|monitoring|terraform,4,1,6,Cloud / DevOps,de monitoring|docker|microservices|monitoring|prometheus|prometheus grafana|rduit de|terraform
MEM-0033,Rseau WiFi communautaire  faible cot,"Conception et dploiement d'une infrastructure WiFi dans un quartier de Lom avec quipements open source (OpenWRT). Couverture de 2km, 120 utilisateurs connects simultanment, cot 40% infrieur au march.","Conception et dploiement d'une infrastructure WiFi dans un quartier de Lom avec quipements open source (OpenWRT). Couverture de 2km, 120 utilisateurs connects simultanment, cot 40% infrieur au march. Ce travail s'inscrit dans le contexte de Lom. La mthodologie adopte est Dveloppement dirig par les tests (TDD). Les rsultats obtenus constituent une contribution significative au domaine de Rseaux.","Rseau WiFi communautaire  faible cot. Conception et dploiement d'une infrastructure WiFi dans un quartier de Lom avec quipements open source (OpenWRT). Couverture de 2km, 120 utilisateurs connects simultanment, cot 40% infrieur au march. Conception et dploiement d'une infrastructure WiFi dans un quartier de Lom avec quipements open source (OpenWRT). Couverture de 2km, 120 utilisateurs connects simultanment, cot 40% infrieur au march. Ce travail s'inscrit dans le contexte de Lom. La mthodologie adopte est Dveloppement dirig par les tests (TDD). Les rsultats obtenus constituent une contribution significative au domaine de Rseaux.",Rseaux,Dveloppement dirig par les tests (TDD),Master 1,2020,Etudiant_0033,Dr. Professeur_14,13.28,4g|afrique|ns3|qos|wifi,5,0,5,Rseaux,40 infrieur|4g|afrique|cot|ns3|qos|source openwrt|wifi|wifi dans
MEM-0034,Golocalisation des transports en commun  Lom,Systme de suivi temps rel des bus et taxis-motos avec application mobile passager et dashboard chauffeur. Architecture microservices avec WebSockets pour les mises  jour en temps rel.,Systme de suivi temps rel des bus et taxis-motos avec application mobile passager et dashboard chauffeur. Architecture microservices avec WebSockets pour les mises  jour en temps rel. Ce travail s'inscrit dans le contexte de langues locales. La mthodologie adopte est Recherche-action. Les rsultats obtenus constituent une contribution significative au domaine de Mobile.,Golocalisation des transports en commun  Lom. Systme de suivi temps rel des bus et taxis-motos avec application mobile passager et dashboard chauffeur. Architecture microservices avec WebSockets pour les mises  jour en temps rel. Systme de suivi temps rel des bus et taxis-motos avec application mobile passager et dashboard chauffeur. Architecture microservices avec WebSockets pour les mises  jour en temps rel. Ce travail s'inscrit dans le contexte de langues locales. La mthodologie adopte est Recherche-action. Les rsultats obtenus constituent une contribution significative au domaine de Mobile.,Mobile,Recherche-action,Master 2,2021,Etudiant_0034,Dr. Professeur_10,10.38,afrique|android|flutter|geolocalisation|microservices|react-native|ux,7,1,3,Dveloppement Web,afrique|android|avec websockets|bus|flutter|geolocalisation|microservices|react-native|rel|rel des|temps rel|ux
MEM-0035,Irrigation automatique intelligente,Systme embarqu sur Arduino/Raspberry Pi pour l'irrigation selon l'humidit du sol et les prvisions mto. conomie d'eau de 35% mesure sur 6 mois dans une exploitation agricole pilote.,Systme embarqu sur Arduino/Raspberry Pi pour l'irrigation selon l'humidit du sol et les prvisions mto. conomie d'eau de 35% mesure sur 6 mois dans une exploitation agricole pilote. Ce travail s'inscrit dans le contexte de Togo. La mthodologie adopte est Prototypage rapide. Les rsultats obtenus constituent une contribution significative au domaine de Systmes Embarqus.,Irrigation automatique intelligente. Systme embarqu sur Arduino/Raspberry Pi pour l'irrigation selon l'humidit du sol et les prvisions mto. conomie d'eau de 35% mesure sur 6 mois dans une exploitation agricole pilote. Systme embarqu sur Arduino/Raspberry Pi pour l'irrigation selon l'humidit du sol et les prvisions mto. conomie d'eau de 35% mesure sur 6 mois dans une exploitation agricole pilote. Ce travail s'inscrit dans le contexte de Togo. La mthodologie adopte est Prototypage rapide. Les rsultats obtenus constituent une contribution significative au domaine de Systmes Embarqus.,Systmes Embarqus,Prototypage rapide,Master 2,2018,Etudiant_0035,Dr. Professeur_13,15.2,arduino|capteurs|embarque|iot,4,1,0,Systmes Embarqus,arduino|capteurs|embarqu|embarque|iot|irrigation|mois dans|sol et|sur
MEM-0036,Optimisation QoS dans les rseaux 4G,tude et amlioration de la qualit de service pour les applications temps rel sur rseau mobile 4G/LTE. Simulation sous NS-3 et validation terrain avec mesures de latence et dbit.,tude et amlioration de la qualit de service pour les applications temps rel sur rseau mobile 4G/LTE. Simulation sous NS-3 et validation terrain avec mesures de latence et dbit. Ce travail s'inscrit dans le contexte de langues locales. La mthodologie adopte est tude de cas. Les rsultats obtenus constituent une contribution significative au domaine de Rseaux.,Optimisation QoS dans les rseaux 4G. tude et amlioration de la qualit de service pour les applications temps rel sur rseau mobile 4G/LTE. Simulation sous NS-3 et validation terrain avec mesures de latence et dbit. tude et amlioration de la qualit de service pour les applications temps rel sur rseau mobile 4G/LTE. Simulation sous NS-3 et validation terrain avec mesures de latence et dbit. Ce travail s'inscrit dans le contexte de langues locales. La mthodologie adopte est tude de cas. Les rsultats obtenus constituent une contribution significative au domaine de Rseaux.,Rseaux,tude de cas,Licence 3,2023,Etudiant_0036,Dr. Professeur_06,16.67,cisco|iot|protocole|wifi,4,1,4,Rseaux,4g|cisco|iot|lte simulation|mesures de|protocole|sous ns|tude|wifi
MEM-0037,Application de suivi de grossesse pour zones rurales,"App mobile hors-ligne pour le suivi mdical des femmes enceintes sans connexion internet. Synchronisation diffre des donnes. Dploye dans 12 centres de sant ruraux, 800 femmes suivies.","App mobile hors-ligne pour le suivi mdical des femmes enceintes sans connexion internet. Synchronisation diffre des donnes. Dploye dans 12 centres de sant ruraux, 800 femmes suivies. Ce travail s'inscrit dans le contexte de Lom. La mthodologie adopte est Recherche exprimentale. Les rsultats obtenus constituent une contribution significative au domaine de Mobile.","Application de suivi de grossesse pour zones rurales. App mobile hors-ligne pour le suivi mdical des femmes enceintes sans connexion internet. Synchronisation diffre des donnes. Dploye dans 12 centres de sant ruraux, 800 femmes suivies. App mobile hors-ligne pour le suivi mdical des femmes enceintes sans connexion internet. Synchronisation diffre des donnes. Dploye dans 12 centres de sant ruraux, 800 femmes suivies. Ce travail s'inscrit dans le contexte de Lom. La mthodologie adopte est Recherche exprimentale. Les rsultats obtenus constituent une contribution significative au domaine de Mobile.",Mobile,Recherche exprimentale,Licence 3,2021,Etudiant_0037,Dr. Professeur_01,15.48,flutter|geolocalisation|kotlin|react-native|ux,5,1,7,Mobile,femmes|flutter|geolocalisation|hors|kotlin|mdical des|react-native|suivi|suivi mdical|ux
MEM-0038,Optimisation QoS dans les rseaux 4G,tude et amlioration de la qualit de service pour les applications temps rel sur rseau mobile 4G/LTE. Simulation sous NS-3 et validation terrain avec mesures de latence et dbit.,tude et amlioration de la qualit de service pour les applications temps rel sur rseau mobile 4G/LTE. Simulation sous NS-3 et validation terrain avec mesures de latence et dbit. Ce travail s'inscrit dans le contexte de PME africaine. La mthodologie adopte est Dveloppement dirig par les tests (TDD). Les rsultats obtenus constituent une contribution significative au domaine de Rseaux.,Optimisation QoS dans les rseaux 4G. tude et amlioration de la qualit de service pour les applications temps rel sur rseau mobile 4G/LTE. Simulation sous NS-3 et validation terrain avec mesures de latence et dbit. tude et amlioration de la qualit de service pour les applications temps rel sur rseau mobile 4G/LTE. Simulation sous NS-3 et validation terrain avec mesures de latence et dbit. Ce travail s'inscrit dans le contexte de PME africaine. La mthodologie adopte est Dveloppement dirig par les tests (TDD). Les rsultats obtenus constituent une contribution significative au domaine de Rseaux.,Rseaux,Dveloppement dirig par les tests (TDD),Master 2,2022,Etudiant_0038,Dr. Professeur_13,17.94,4g|cisco|ns3|protocole|qos,5,1,4,Rseaux,4g|cisco|latence et|lte|ns3|protocole|qos|simulation|simulation sous
MEM-0039,Portail de tlmdecine pour zones rurales,"Application web de consultation mdicale  distance intgrant la golocalisation des centres de sant, la prise de rendez-vous et le dossier mdical numrique simplifi. Mode offline disponible.","Application web de consultation mdicale  distance intgrant la golocalisation des centres de sant, la prise de rendez-vous et le dossier mdical numrique simplifi. Mode offline disponible. Ce travail s'inscrit dans le contexte de mobile money. La mthodologie adopte est Prototypage rapide. Les rsultats obtenus constituent une contribution significative au domaine de Dveloppement Web.","Portail de tlmdecine pour zones rurales. Application web de consultation mdicale  distance intgrant la golocalisation des centres de sant, la prise de rendez-vous et le dossier mdical numrique simplifi. Mode offline disponible. Application web de consultation mdicale  distance intgrant la golocalisation des centres de sant, la prise de rendez-vous et le dossier mdical numrique simplifi. Mode offline disponible. Ce travail s'inscrit dans le contexte de mobile money. La mthodologie adopte est Prototypage rapide. Les rsultats obtenus constituent une contribution significative au domaine de Dveloppement Web.",Dveloppement Web,Prototypage rapide,Master 2,2023,Etudiant_0039,Dr. Professeur_01,11.47,django|fastapi|javascript|postgresql|react,5,1,7,Mobile,application web|consultation mdicale|de consultation|django|fastapi|javascript|postgresql|react|rendez|web
MEM-0040,Archivage numrique des actes d'tat civil,"Base de donnes structure pour la numrisation et l'archivage des actes de naissance, mariage et dcs. OCR automatique sur documents scanns. 500 000 actes numriss, recherche en temps rel.","Base de donnes structure pour la numrisation et l'archivage des actes de naissance, mariage et dcs. OCR automatique sur documents scanns. 500 000 actes numriss, recherche en temps rel. Ce travail s'inscrit dans le contexte de PME africaine. La mthodologie adopte est Dveloppement dirig par les tests (TDD). Les rsultats obtenus constituent une contribution significative au domaine de Bases de donnes.","Archivage numrique des actes d'tat civil. Base de donnes structure pour la numrisation et l'archivage des actes de naissance, mariage et dcs. OCR automatique sur documents scanns. 500 000 actes numriss, recherche en temps rel. Base de donnes structure pour la numrisation et l'archivage des actes de naissance, mariage et dcs. OCR automatique sur documents scanns. 500 000 actes numriss, recherche en temps rel. Ce travail s'inscrit dans le contexte de PME africaine. La mthodologie adopte est Dveloppement dirig par les tests (TDD). Les rsultats obtenus constituent une contribution significative au domaine de Bases de donnes.",Bases de donnes,Dveloppement dirig par les tests (TDD),Licence 3,2021,Etudiant_0040,Dr. Professeur_03,14.0,datawarehouse|indexation|nosql|optimisation,4,1,3,Dveloppement Web,actes|archivage|datawarehouse|de donnes|des actes|indexation|mariage et|nosql|optimisation
MEM-0041,Dtection de fraude bancaire par deep learning,Ce travail propose un systme de dtection des transactions frauduleuses bas sur les rseaux LSTM. Les donnes proviennent d'une banque togolaise. Nous avons compar plusieurs architectures deep learning sur 50 000 transactions.,Ce travail propose un systme de dtection des transactions frauduleuses bas sur les rseaux LSTM. Les donnes proviennent d'une banque togolaise. Nous avons compar plusieurs architectures deep learning sur 50 000 transactions. Ce travail s'inscrit dans le contexte de mobile money. La mthodologie adopte est Dveloppement dirig par les tests (TDD). Les rsultats obtenus constituent une contribution significative au domaine de IA / Machine Learning.,Dtection de fraude bancaire par deep learning. Ce travail propose un systme de dtection des transactions frauduleuses bas sur les rseaux LSTM. Les donnes proviennent d'une banque togolaise. Nous avons compar plusieurs architectures deep learning sur 50 000 transactions. Ce travail propose un systme de dtection des transactions frauduleuses bas sur les rseaux LSTM. Les donnes proviennent d'une banque togolaise. Nous avons compar plusieurs architectures deep learning sur 50 000 transactions. Ce travail s'inscrit dans le contexte de mobile money. La mthodologie adopte est Dveloppement dirig par les tests (TDD). Les rsultats obtenus constituent une contribution significative au domaine de IA / Machine Learning.,IA / Machine Learning,Dveloppement dirig par les tests (TDD),Master 1,2019,Etudiant_0041,Dr. Professeur_02,19.17,afrique|deep-learning|machine-learning|prediction|tensorflow,5,1,2,Cyberscurit,afrique|deep|deep learning|deep-learning|dtection|learning|machine-learning|prediction|tensorflow|transactions
MEM-0042,Archivage numrique des actes d'tat civil,"Base de donnes structure pour la numrisation et l'archivage des actes de naissance, mariage et dcs. OCR automatique sur documents scanns. 500 000 actes numriss, recherche en temps rel.","Base de donnes structure pour la numrisation et l'archivage des actes de naissance, mariage et dcs. OCR automatique sur documents scanns. 500 000 actes numriss, recherche en temps rel. Ce travail s'inscrit dans le contexte de Lom. La mthodologie adopte est Prototypage rapide. Les rsultats obtenus constituent une contribution significative au domaine de Bases de donnes.","Archivage numrique des actes d'tat civil. Base de donnes structure pour la numrisation et l'archivage des actes de naissance, mariage et dcs. OCR automatique sur documents scanns. 500 000 actes numriss, recherche en temps rel. Base de donnes structure pour la numrisation et l'archivage des actes de naissance, mariage et dcs. OCR automatique sur documents scanns. 500 000 actes numriss, recherche en temps rel. Ce travail s'inscrit dans le contexte de Lom. La mthodologie adopte est Prototypage rapide. Les rsultats obtenus constituent une contribution significative au domaine de Bases de donnes.",Bases de donnes,Prototypage rapide,Master 2,2022,Etudiant_0042,Dr. Professeur_09,18.31,indexation|nosql|optimisation|sql,4,1,3,Dveloppement Web,actes|actes de|archivage|de donnes|des actes|indexation|nosql|optimisation|sql
MEM-0043,Scurisation des applications mobile banking,Analyse des vulnrabilits des applications de paiement mobile au Togo selon OWASP Mobile Top 10. Implmentation des contre-mesures et chiffrement end-to-end des transactions.,Analyse des vulnrabilits des applications de paiement mobile au Togo selon OWASP Mobile Top 10. Implmentation des contre-mesures et chiffrement end-to-end des transactions. Ce travail s'inscrit dans le contexte de PME africaine. La mthodologie adopte est Dveloppement dirig par les tests (TDD). Les rsultats obtenus constituent une contribution significative au domaine de Cyberscurit.,Scurisation des applications mobile banking. Analyse des vulnrabilits des applications de paiement mobile au Togo selon OWASP Mobile Top 10. Implmentation des contre-mesures et chiffrement end-to-end des transactions. Analyse des vulnrabilits des applications de paiement mobile au Togo selon OWASP Mobile Top 10. Implmentation des contre-mesures et chiffrement end-to-end des transactions. Ce travail s'inscrit dans le contexte de PME africaine. La mthodologie adopte est Dveloppement dirig par les tests (TDD). Les rsultats obtenus constituent une contribution significative au domaine de Cyberscurit.,Cyberscurit,Dveloppement dirig par les tests (TDD),Master 1,2021,Etudiant_0043,Dr. Professeur_05,16.27,afrique|audit|cryptographie|intrusion|owasp,5,1,2,Cyberscurit,afrique|applications|audit|cryptographie|des|des applications|end|intrusion|mobile|owasp
MEM-0044,Application de paiement mobile pour petits commerants,App Android permettant aux commerants informels d'accepter les paiements digitaux via NFC et QR code. Intgration mobile money. 500 commerants pilotes dans 3 marchs de Lom.,App Android permettant aux commerants informels d'accepter les paiements digitaux via NFC et QR code. Intgration mobile money. 500 commerants pilotes dans 3 marchs de Lom. Ce travail s'inscrit dans le contexte de zones rurales. La mthodologie adopte est Recherche applique. Les rsultats obtenus constituent une contribution significative au domaine de Mobile.,Application de paiement mobile pour petits commerants. App Android permettant aux commerants informels d'accepter les paiements digitaux via NFC et QR code. Intgration mobile money. 500 commerants pilotes dans 3 marchs de Lom. App Android permettant aux commerants informels d'accepter les paiements digitaux via NFC et QR code. Intgration mobile money. 500 commerants pilotes dans 3 marchs de Lom. Ce travail s'inscrit dans le contexte de zones rurales. La mthodologie adopte est Recherche applique. Les rsultats obtenus constituent une contribution significative au domaine de Mobile.,Mobile,Recherche applique,Master 1,2020,Etudiant_0044,Dr. Professeur_02,17.06,afrique|android|flutter|geolocalisation|kotlin|mobile-money|react-native,7,1,2,Cyberscurit,afrique|android|app android|commerants|flutter|geolocalisation|kotlin|les paiements|mobile-money|qr|qr code|react-native
MEM-0045,Contrle d'accs biomtrique  faible cot,Systme de contrle d'accs par empreinte digitale et reconnaissance faciale pour scuriser des locaux  budget limit. Cot matriel sous 50 000 FCFA. Dploy dans 3 tablissements scolaires.,Systme de contrle d'accs par empreinte digitale et reconnaissance faciale pour scuriser des locaux  budget limit. Cot matriel sous 50 000 FCFA. Dploy dans 3 tablissements scolaires. Ce travail s'inscrit dans le contexte de Togo. La mthodologie adopte est tude de cas. Les rsultats obtenus constituent une contribution significative au domaine de Systmes Embarqus.,Contrle d'accs biomtrique  faible cot. Systme de contrle d'accs par empreinte digitale et reconnaissance faciale pour scuriser des locaux  budget limit. Cot matriel sous 50 000 FCFA. Dploy dans 3 tablissements scolaires. Systme de contrle d'accs par empreinte digitale et reconnaissance faciale pour scuriser des locaux  budget limit. Cot matriel sous 50 000 FCFA. Dploy dans 3 tablissements scolaires. Ce travail s'inscrit dans le contexte de Togo. La mthodologie adopte est tude de cas. Les rsultats obtenus constituent une contribution significative au domaine de Systmes Embarqus.,Systmes Embarqus,tude de cas,Master 1,2018,Etudiant_0045,Dr. Professeur_13,18.57,capteurs|energie|mqtt,3,1,0,Systmes Embarqus,accs|accs par|capteurs|contrle|contrle accs|cot|energie|mqtt
MEM-0046,Entrept de donnes pour le Ministre de la Sant,"Conception d'un data warehouse selon modlisation en toile pour centraliser les donnes pidmiologiques nationales. Pipeline ETL automatis, 50M enregistrements, requtes analytiques en < 2s.","Conception d'un data warehouse selon modlisation en toile pour centraliser les donnes pidmiologiques nationales. Pipeline ETL automatis, 50M enregistrements, requtes analytiques en < 2s. Ce travail s'inscrit dans le contexte de mobile money. La mthodologie adopte est Recherche applique. Les rsultats obtenus constituent une contribution significative au domaine de Bases de donnes.","Entrept de donnes pour le Ministre de la Sant. Conception d'un data warehouse selon modlisation en toile pour centraliser les donnes pidmiologiques nationales. Pipeline ETL automatis, 50M enregistrements, requtes analytiques en < 2s. Conception d'un data warehouse selon modlisation en toile pour centraliser les donnes pidmiologiques nationales. Pipeline ETL automatis, 50M enregistrements, requtes analytiques en < 2s. Ce travail s'inscrit dans le contexte de mobile money. La mthodologie adopte est Recherche applique. Les rsultats obtenus constituent une contribution significative au domaine de Bases de donnes.",Bases de donnes,Recherche applique,Master 1,2024,Etudiant_0046,Dr. Professeur_05,14.88,indexation|nosql|optimisation|sql,4,1,1,Bases de donnes,donnes|en|indexation|nosql|optimisation|sql|toile|toile pour|un data
MEM-0047,Chatbot mdical en langues locales africaines,Dveloppement d'un assistant conversationnel pour orienter les patients en franais et en Ew. Utilisation de BERT fine-tun et d'une base de connaissances mdicales valide par des professionnels de sant.,Dveloppement d'un assistant conversationnel pour orienter les patients en franais et en Ew. Utilisation de BERT fine-tun et d'une base de connaissances mdicales valide par des professionnels de sant. Ce travail s'inscrit dans le contexte de Togo. La mthodologie adopte est Recherche applique. Les rsultats obtenus constituent une contribution significative au domaine de IA / Machine Learning.,Chatbot mdical en langues locales africaines. Dveloppement d'un assistant conversationnel pour orienter les patients en franais et en Ew. Utilisation de BERT fine-tun et d'une base de connaissances mdicales valide par des professionnels de sant. Dveloppement d'un assistant conversationnel pour orienter les patients en franais et en Ew. Utilisation de BERT fine-tun et d'une base de connaissances mdicales valide par des professionnels de sant. Ce travail s'inscrit dans le contexte de Togo. La mthodologie adopte est Recherche applique. Les rsultats obtenus constituent une contribution significative au domaine de IA / Machine Learning.,IA / Machine Learning,Recherche applique,Master 2,2023,Etudiant_0047,Dr. Professeur_10,19.07,afrique|bert|classification|deep-learning|nlp|python,6,1,1,Bases de donnes,afrique|bert|classification|deep-learning|en|ew utilisation|fine|nlp|python|valide|valide par
MEM-0048,Dtection de fraude bancaire par deep learning,Ce travail propose un systme de dtection des transactions frauduleuses bas sur les rseaux LSTM. Les donnes proviennent d'une banque togolaise. Nous avons compar plusieurs architectures deep learning sur 50 000 transactions.,Ce travail propose un systme de dtection des transactions frauduleuses bas sur les rseaux LSTM. Les donnes proviennent d'une banque togolaise. Nous avons compar plusieurs architectures deep learning sur 50 000 transactions. Ce travail s'inscrit dans le contexte de contexte africain. La mthodologie adopte est Recherche-action. Les rsultats obtenus constituent une contribution significative au domaine de IA / Machine Learning.,Dtection de fraude bancaire par deep learning. Ce travail propose un systme de dtection des transactions frauduleuses bas sur les rseaux LSTM. Les donnes proviennent d'une banque togolaise. Nous avons compar plusieurs architectures deep learning sur 50 000 transactions. Ce travail propose un systme de dtection des transactions frauduleuses bas sur les rseaux LSTM. Les donnes proviennent d'une banque togolaise. Nous avons compar plusieurs architectures deep learning sur 50 000 transactions. Ce travail s'inscrit dans le contexte de contexte africain. La mthodologie adopte est Recherche-action. Les rsultats obtenus constituent une contribution significative au domaine de IA / Machine Learning.,IA / Machine Learning,Recherche-action,Master 1,2019,Etudiant_0048,Dr. Professeur_06,12.12,afrique|deep-learning|machine-learning|nlp|prediction|python,6,1,2,Cyberscurit,afrique|deep|deep learning|deep-learning|dtection|learning|machine-learning|nlp|prediction|python|transactions
MEM-0049,Pipeline CI/CD pour quipe de dveloppement,"Mise en place d'un pipeline d'intgration et dploiement continus avec GitHub Actions, Docker et Kubernetes. Rduction du temps de dploiement de 2 jours  15 minutes. 0 rgression en production.","Mise en place d'un pipeline d'intgration et dploiement continus avec GitHub Actions, Docker et Kubernetes. Rduction du temps de dploiement de 2 jours  15 minutes. 0 rgression en production. Ce travail s'inscrit dans le contexte de Togo. La mthodologie adopte est Dveloppement dirig par les tests (TDD). Les rsultats obtenus constituent une contribution significative au domaine de Cloud / DevOps.","Pipeline CI/CD pour quipe de dveloppement. Mise en place d'un pipeline d'intgration et dploiement continus avec GitHub Actions, Docker et Kubernetes. Rduction du temps de dploiement de 2 jours  15 minutes. 0 rgression en production. Mise en place d'un pipeline d'intgration et dploiement continus avec GitHub Actions, Docker et Kubernetes. Rduction du temps de dploiement de 2 jours  15 minutes. 0 rgression en production. Ce travail s'inscrit dans le contexte de Togo. La mthodologie adopte est Dveloppement dirig par les tests (TDD). Les rsultats obtenus constituent une contribution significative au domaine de Cloud / DevOps.",Cloud / DevOps,Dveloppement dirig par les tests (TDD),Master 1,2020,Etudiant_0049,Dr. Professeur_06,20.0,aws|devops|docker|kubernetes|monitoring,5,1,1,Bases de donnes,actions docker|avec github|aws|devops|docker|dploiement|en|kubernetes|monitoring|pipeline
MEM-0050,Plateforme de gestion des stages universitaires,"Application full-stack React/FastAPI permettant aux tudiants de postuler aux stages, aux entreprises de publier des offres et  l'universit de suivre les conventions. Dploye sur 3 universits togolaises.","Application full-stack React/FastAPI permettant aux tudiants de postuler aux stages, aux entreprises de publier des offres et  l'universit de suivre les conventions. Dploye sur 3 universits togolaises. Ce travail s'inscrit dans le contexte de mobile money. La mthodologie adopte est Dveloppement dirig par les tests (TDD). Les rsultats obtenus constituent une contribution significative au domaine de Dveloppement Web.","Plateforme de gestion des stages universitaires. Application full-stack React/FastAPI permettant aux tudiants de postuler aux stages, aux entreprises de publier des offres et  l'universit de suivre les conventions. Dploye sur 3 universits togolaises. Application full-stack React/FastAPI permettant aux tudiants de postuler aux stages, aux entreprises de publier des offres et  l'universit de suivre les conventions. Dploye sur 3 universits togolaises. Ce travail s'inscrit dans le contexte de mobile money. La mthodologie adopte est Dveloppement dirig par les tests (TDD). Les rsultats obtenus constituent une contribution significative au domaine de Dveloppement Web.",Dveloppement Web,Dveloppement dirig par les tests (TDD),Licence 3,2019,Etudiant_0050,Dr. Professeur_11,11.26,afrique|fastapi|react|rest-api,4,1,3,Dveloppement Web,afrique|aux|fastapi|publier des|react|rest-api|stages|suivre les|universits togolaises
MEM-0051,Optimisation QoS dans les rseaux 4G,tude et amlioration de la qualit de service pour les applications temps rel sur rseau mobile 4G/LTE. Simulation sous NS-3 et validation terrain avec mesures de latence et dbit.,tude et amlioration de la qualit de service pour les applications temps rel sur rseau mobile 4G/LTE. Simulation sous NS-3 et validation terrain avec mesures de latence et dbit. Ce travail s'inscrit dans le contexte de zones rurales. La mthodologie adopte est Recherche-action. Les rsultats obtenus constituent une contribution significative au domaine de Rseaux.,Optimisation QoS dans les rseaux 4G. tude et amlioration de la qualit de service pour les applications temps rel sur rseau mobile 4G/LTE. Simulation sous NS-3 et validation terrain avec mesures de latence et dbit. tude et amlioration de la qualit de service pour les applications temps rel sur rseau mobile 4G/LTE. Simulation sous NS-3 et validation terrain avec mesures de latence et dbit. Ce travail s'inscrit dans le contexte de zones rurales. La mthodologie adopte est Recherche-action. Les rsultats obtenus constituent une contribution significative au domaine de Rseaux.,Rseaux,Recherche-action,Master 1,2024,Etudiant_0051,Dr. Professeur_02,19.65,iot|ns3|tcp-ip|wifi,4,1,4,Rseaux,4g|iot|latence et|lte simulation|mobile 4g|ns3|sous ns|tcp-ip|wifi
MEM-0052,Application de suivi de grossesse pour zones rurales,"App mobile hors-ligne pour le suivi mdical des femmes enceintes sans connexion internet. Synchronisation diffre des donnes. Dploye dans 12 centres de sant ruraux, 800 femmes suivies.","App mobile hors-ligne pour le suivi mdical des femmes enceintes sans connexion internet. Synchronisation diffre des donnes. Dploye dans 12 centres de sant ruraux, 800 femmes suivies. Ce travail s'inscrit dans le contexte de langues locales. La mthodologie adopte est Recherche-action. Les rsultats obtenus constituent une contribution significative au domaine de Mobile.","Application de suivi de grossesse pour zones rurales. App mobile hors-ligne pour le suivi mdical des femmes enceintes sans connexion internet. Synchronisation diffre des donnes. Dploye dans 12 centres de sant ruraux, 800 femmes suivies. App mobile hors-ligne pour le suivi mdical des femmes enceintes sans connexion internet. Synchronisation diffre des donnes. Dploye dans 12 centres de sant ruraux, 800 femmes suivies. Ce travail s'inscrit dans le contexte de langues locales. La mthodologie adopte est Recherche-action. Les rsultats obtenus constituent une contribution significative au domaine de Mobile.",Mobile,Recherche-action,Master 1,2021,Etudiant_0052,Dr. Professeur_10,18.5,android|flutter|mobile-money|offline|react-native,5,1,7,Mobile,android|des femmes|enceintes|femmes|flutter|internet|mobile-money|offline|react-native|suivi
MEM-0053,Prdiction du dcrochage scolaire par machine learning,Ce projet applique Random Forest et XGBoost pour identifier les tudiants  risque de dcrochage  partir de donnes acadmiques et comportementales. Un tableau de bord de visualisation est dvelopp pour les responsables.,Ce projet applique Random Forest et XGBoost pour identifier les tudiants  risque de dcrochage  partir de donnes acadmiques et comportementales. Un tableau de bord de visualisation est dvelopp pour les responsables. Ce travail s'inscrit dans le contexte de Togo. La mthodologie adopte est Prototypage rapide. Les rsultats obtenus constituent une contribution significative au domaine de IA / Machine Learning.,Prdiction du dcrochage scolaire par machine learning. Ce projet applique Random Forest et XGBoost pour identifier les tudiants  risque de dcrochage  partir de donnes acadmiques et comportementales. Un tableau de bord de visualisation est dvelopp pour les responsables. Ce projet applique Random Forest et XGBoost pour identifier les tudiants  risque de dcrochage  partir de donnes acadmiques et comportementales. Un tableau de bord de visualisation est dvelopp pour les responsables. Ce travail s'inscrit dans le contexte de Togo. La mthodologie adopte est Prototypage rapide. Les rsultats obtenus constituent une contribution significative au domaine de IA / Machine Learning.,IA / Machine Learning,Prototypage rapide,Master 1,2023,Etudiant_0053,Dr. Professeur_14,18.5,deep-learning|neural-network|nlp|tensorflow,4,1,3,Dveloppement Web,acadmiques|acadmiques et|applique random|dcrochage|deep-learning|neural-network|nlp|tensorflow|visualisation est
MEM-0054,Pipeline CI/CD pour quipe de dveloppement,"Mise en place d'un pipeline d'intgration et dploiement continus avec GitHub Actions, Docker et Kubernetes. Rduction du temps de dploiement de 2 jours  15 minutes. 0 rgression en production.","Mise en place d'un pipeline d'intgration et dploiement continus avec GitHub Actions, Docker et Kubernetes. Rduction du temps de dploiement de 2 jours  15 minutes. 0 rgression en production. Ce travail s'inscrit dans le contexte de langues locales. La mthodologie adopte est Recherche-action. Les rsultats obtenus constituent une contribution significative au domaine de Cloud / DevOps.","Pipeline CI/CD pour quipe de dveloppement. Mise en place d'un pipeline d'intgration et dploiement continus avec GitHub Actions, Docker et Kubernetes. Rduction du temps de dploiement de 2 jours  15 minutes. 0 rgression en production. Mise en place d'un pipeline d'intgration et dploiement continus avec GitHub Actions, Docker et Kubernetes. Rduction du temps de dploiement de 2 jours  15 minutes. 0 rgression en production. Ce travail s'inscrit dans le contexte de langues locales. La mthodologie adopte est Recherche-action. Les rsultats obtenus constituent une contribution significative au domaine de Cloud / DevOps.",Cloud / DevOps,Recherche-action,Master 1,2023,Etudiant_0054,Dr. Professeur_15,16.16,docker|kubernetes|microservices|monitoring,4,1,1,Bases de donnes,docker|dploiement|en|kubernetes|microservices|minutes|minutes rgression|monitoring|pipeline
MEM-0055,Optimisation performances BDD hospitalire,"Analyse et optimisation d'un systme de gestion hospitalire sous PostgreSQL. Indexation, partitionnement et rcriture de requtes. Rduction du temps de rponse moyen de 8s  0.3s.","Analyse et optimisation d'un systme de gestion hospitalire sous PostgreSQL. Indexation, partitionnement et rcriture de requtes. Rduction du temps de rponse moyen de 8s  0.3s. Ce travail s'inscrit dans le contexte de langues locales. La mthodologie adopte est tude de cas. Les rsultats obtenus constituent une contribution significative au domaine de Bases de donnes.","Optimisation performances BDD hospitalire. Analyse et optimisation d'un systme de gestion hospitalire sous PostgreSQL. Indexation, partitionnement et rcriture de requtes. Rduction du temps de rponse moyen de 8s  0.3s. Analyse et optimisation d'un systme de gestion hospitalire sous PostgreSQL. Indexation, partitionnement et rcriture de requtes. Rduction du temps de rponse moyen de 8s  0.3s. Ce travail s'inscrit dans le contexte de langues locales. La mthodologie adopte est tude de cas. Les rsultats obtenus constituent une contribution significative au domaine de Bases de donnes.",Bases de donnes,tude de cas,Master 2,2022,Etudiant_0055,Dr. Professeur_04,18.82,mongodb|nosql|optimisation|postgresql,4,1,1,Bases de donnes,hospitalire|hospitalire sous|mongodb|nosql|optimisation|postgresql|rcriture|sous postgresql
MEM-0056,Pipeline CI/CD pour quipe de dveloppement,"Mise en place d'un pipeline d'intgration et dploiement continus avec GitHub Actions, Docker et Kubernetes. Rduction du temps de dploiement de 2 jours  15 minutes. 0 rgression en production.","Mise en place d'un pipeline d'intgration et dploiement continus avec GitHub Actions, Docker et Kubernetes. Rduction du temps de dploiement de 2 jours  15 minutes. 0 rgression en production. Ce travail s'inscrit dans le contexte de langues locales. La mthodologie adopte est Dveloppement logiciel (SCRUM). Les rsultats obtenus constituent une contribution significative au domaine de Cloud / DevOps.","Pipeline CI/CD pour quipe de dveloppement. Mise en place d'un pipeline d'intgration et dploiement continus avec GitHub Actions, Docker et Kubernetes. Rduction du temps de dploiement de 2 jours  15 minutes. 0 rgression en production. Mise en place d'un pipeline d'intgration et dploiement continus avec GitHub Actions, Docker et Kubernetes. Rduction du temps de dploiement de 2 jours  15 minutes. 0 rgression en production. Ce travail s'inscrit dans le contexte de langues locales. La mthodologie adopte est Dveloppement logiciel (SCRUM). Les rsultats obtenus constituent une contribution significative au domaine de Cloud / DevOps.",Cloud / DevOps,Dveloppement logiciel (SCRUM),Master 1,2024,Etudiant_0056,Dr. Professeur_15,13.4,ci-cd|devops|docker|kubernetes,4,1,1,Bases de donnes,ci-cd|devops|docker|dploiement|en|intgration et|kubernetes|minutes rgression|pipeline
MEM-0057,Application de suivi de grossesse pour zones rurales,"App mobile hors-ligne pour le suivi mdical des femmes enceintes sans connexion internet. Synchronisation diffre des donnes. Dploye dans 12 centres de sant ruraux, 800 femmes suivies.","App mobile hors-ligne pour le suivi mdical des femmes enceintes sans connexion internet. Synchronisation diffre des donnes. Dploye dans 12 centres de sant ruraux, 800 femmes suivies. Ce travail s'inscrit dans le contexte de PME africaine. La mthodologie adopte est Dveloppement logiciel (SCRUM). Les rsultats obtenus constituent une contribution significative au domaine de Mobile.","Application de suivi de grossesse pour zones rurales. App mobile hors-ligne pour le suivi mdical des femmes enceintes sans connexion internet. Synchronisation diffre des donnes. Dploye dans 12 centres de sant ruraux, 800 femmes suivies. App mobile hors-ligne pour le suivi mdical des femmes enceintes sans connexion internet. Synchronisation diffre des donnes. Dploye dans 12 centres de sant ruraux, 800 femmes suivies. Ce travail s'inscrit dans le contexte de PME africaine. La mthodologie adopte est Dveloppement logiciel (SCRUM). Les rsultats obtenus constituent une contribution significative au domaine de Mobile.",Mobile,Dveloppement logiciel (SCRUM),Master 2,2019,Etudiant_0057,Dr. Professeur_04,15.55,geolocalisation|kotlin|mobile-money,3,1,7,Mobile,femmes|geolocalisation|internet|kotlin|mobile-money|suivi|synchronisation|synchronisation diffre
MEM-0058,Optimisation performances BDD hospitalire,"Analyse et optimisation d'un systme de gestion hospitalire sous PostgreSQL. Indexation, partitionnement et rcriture de requtes. Rduction du temps de rponse moyen de 8s  0.3s.","Analyse et optimisation d'un systme de gestion hospitalire sous PostgreSQL. Indexation, partitionnement et rcriture de requtes. Rduction du temps de rponse moyen de 8s  0.3s. Ce travail s'inscrit dans le contexte de langues locales. La mthodologie adopte est Dveloppement dirig par les tests (TDD). Les rsultats obtenus constituent une contribution significative au domaine de Bases de donnes.","Optimisation performances BDD hospitalire. Analyse et optimisation d'un systme de gestion hospitalire sous PostgreSQL. Indexation, partitionnement et rcriture de requtes. Rduction du temps de rponse moyen de 8s  0.3s. Analyse et optimisation d'un systme de gestion hospitalire sous PostgreSQL. Indexation, partitionnement et rcriture de requtes. Rduction du temps de rponse moyen de 8s  0.3s. Ce travail s'inscrit dans le contexte de langues locales. La mthodologie adopte est Dveloppement dirig par les tests (TDD). Les rsultats obtenus constituent une contribution significative au domaine de Bases de donnes.",Bases de donnes,Dveloppement dirig par les tests (TDD),Licence 3,2018,Etudiant_0058,Dr. Professeur_06,16.64,datawarehouse|indexation|mongodb|nosql|postgresql,5,1,1,Bases de donnes,datawarehouse|hospitalire|indexation|mongodb|nosql|optimisation|postgresql|rcriture|rcriture de|sous postgresql
MEM-0059,Irrigation automatique intelligente,Systme embarqu sur Arduino/Raspberry Pi pour l'irrigation selon l'humidit du sol et les prvisions mto. conomie d'eau de 35% mesure sur 6 mois dans une exploitation agricole pilote.,Systme embarqu sur Arduino/Raspberry Pi pour l'irrigation selon l'humidit du sol et les prvisions mto. conomie d'eau de 35% mesure sur 6 mois dans une exploitation agricole pilote. Ce travail s'inscrit dans le contexte de mobile money. La mthodologie adopte est Recherche-action. Les rsultats obtenus constituent une contribution significative au domaine de Systmes Embarqus.,Irrigation automatique intelligente. Systme embarqu sur Arduino/Raspberry Pi pour l'irrigation selon l'humidit du sol et les prvisions mto. conomie d'eau de 35% mesure sur 6 mois dans une exploitation agricole pilote. Systme embarqu sur Arduino/Raspberry Pi pour l'irrigation selon l'humidit du sol et les prvisions mto. conomie d'eau de 35% mesure sur 6 mois dans une exploitation agricole pilote. Ce travail s'inscrit dans le contexte de mobile money. La mthodologie adopte est Recherche-action. Les rsultats obtenus constituent une contribution significative au domaine de Systmes Embarqus.,Systmes Embarqus,Recherche-action,Master 2,2020,Etudiant_0059,Dr. Professeur_04,11.21,arduino|embarque|energie|iot|temps-reel,5,1,0,Systmes Embarqus,arduino|eau de|embarque|energie|iot|irrigation|mois dans|sur|sur arduino|temps-reel
MEM-0060,Audit de scurit des infrastructures bancaires,"valuation complte de la posture de scurit d'une banque locale par tests de pntration, analyse de code et revue de configuration. Rapport de 47 vulnrabilits identifies avec plan de remdiation.","valuation complte de la posture de scurit d'une banque locale par tests de pntration, analyse de code et revue de configuration. Rapport de 47 vulnrabilits identifies avec plan de remdiation. Ce travail s'inscrit dans le contexte de mobile money. La mthodologie adopte est Recherche exprimentale. Les rsultats obtenus constituent une contribution significative au domaine de Cyberscurit.","Audit de scurit des infrastructures bancaires. valuation complte de la posture de scurit d'une banque locale par tests de pntration, analyse de code et revue de configuration. Rapport de 47 vulnrabilits identifies avec plan de remdiation. valuation complte de la posture de scurit d'une banque locale par tests de pntration, analyse de code et revue de configuration. Rapport de 47 vulnrabilits identifies avec plan de remdiation. Ce travail s'inscrit dans le contexte de mobile money. La mthodologie adopte est Recherche exprimentale. Les rsultats obtenus constituent une contribution significative au domaine de Cyberscurit.",Cyberscurit,Recherche exprimentale,Master 2,2021,Etudiant_0060,Dr. Professeur_05,13.61,forensics|owasp|pentesting|siem,4,0,2,Cyberscurit,de scurit|forensics|locale par|owasp|pentesting|pntration|pntration analyse|scurit|siem
MEM-0061,Implmentation d'un SIEM open source,Dploiement et configuration de Wazuh/ELK Stack pour la dtection d'intrusions en temps rel. Dfinition de 120 rgles de corrlation et procdures de rponse aux incidents pour une PME.,Dploiement et configuration de Wazuh/ELK Stack pour la dtection d'intrusions en temps rel. Dfinition de 120 rgles de corrlation et procdures de rponse aux incidents pour une PME. Ce travail s'inscrit dans le contexte de Togo. La mthodologie adopte est Dveloppement logiciel (SCRUM). Les rsultats obtenus constituent une contribution significative au domaine de Cyberscurit.,Implmentation d'un SIEM open source. Dploiement et configuration de Wazuh/ELK Stack pour la dtection d'intrusions en temps rel. Dfinition de 120 rgles de corrlation et procdures de rponse aux incidents pour une PME. Dploiement et configuration de Wazuh/ELK Stack pour la dtection d'intrusions en temps rel. Dfinition de 120 rgles de corrlation et procdures de rponse aux incidents pour une PME. Ce travail s'inscrit dans le contexte de Togo. La mthodologie adopte est Dveloppement logiciel (SCRUM). Les rsultats obtenus constituent une contribution significative au domaine de Cyberscurit.,Cyberscurit,Dveloppement logiciel (SCRUM),Licence 3,2022,Etudiant_0061,Dr. Professeur_08,15.74,audit|cryptographie|owasp|pentesting,4,1,3,Dveloppement Web,audit|aux incidents|cryptographie|owasp|pentesting|procdures de|rgles de|wazuh|wazuh elk
MEM-0062,Systme de surveillance de la qualit de l'air,"Rseau de capteurs IoT autonomes mesurant CO2, PM2.5, NO2 et temprature. Transmission MQTT vers dashboard Grafana. Autonomie 6 mois sur batterie avec panneau solaire. Dploy dans 5 quartiers de Lom.","Rseau de capteurs IoT autonomes mesurant CO2, PM2.5, NO2 et temprature. Transmission MQTT vers dashboard Grafana. Autonomie 6 mois sur batterie avec panneau solaire. Dploy dans 5 quartiers de Lom. Ce travail s'inscrit dans le contexte de PME africaine. La mthodologie adopte est Dveloppement logiciel (SCRUM). Les rsultats obtenus constituent une contribution significative au domaine de Systmes Embarqus.","Systme de surveillance de la qualit de l'air. Rseau de capteurs IoT autonomes mesurant CO2, PM2.5, NO2 et temprature. Transmission MQTT vers dashboard Grafana. Autonomie 6 mois sur batterie avec panneau solaire. Dploy dans 5 quartiers de Lom. Rseau de capteurs IoT autonomes mesurant CO2, PM2.5, NO2 et temprature. Transmission MQTT vers dashboard Grafana. Autonomie 6 mois sur batterie avec panneau solaire. Dploy dans 5 quartiers de Lom. Ce travail s'inscrit dans le contexte de PME africaine. La mthodologie adopte est Dveloppement logiciel (SCRUM). Les rsultats obtenus constituent une contribution significative au domaine de Systmes Embarqus.",Systmes Embarqus,Dveloppement logiciel (SCRUM),Master 1,2024,Etudiant_0062,Dr. Professeur_11,10.74,afrique|arduino|capteurs|energie|iot|raspberry-pi,6,1,4,Rseaux,afrique|arduino|autonomes|autonomes mesurant|autonomie|capteurs|energie|iot|raspberry-pi|rseau de|transmission mqtt
MEM-0063,Audit de scurit des infrastructures bancaires,"valuation complte de la posture de scurit d'une banque locale par tests de pntration, analyse de code et revue de configuration. Rapport de 47 vulnrabilits identifies avec plan de remdiation.","valuation complte de la posture de scurit d'une banque locale par tests de pntration, analyse de code et revue de configuration. Rapport de 47 vulnrabilits identifies avec plan de remdiation. Ce travail s'inscrit dans le contexte de Lom. La mthodologie adopte est Dveloppement dirig par les tests (TDD). Les rsultats obtenus constituent une contribution significative au domaine de Cyberscurit.","Audit de scurit des infrastructures bancaires. valuation complte de la posture de scurit d'une banque locale par tests de pntration, analyse de code et revue de configuration. Rapport de 47 vulnrabilits identifies avec plan de remdiation. valuation complte de la posture de scurit d'une banque locale par tests de pntration, analyse de code et revue de configuration. Rapport de 47 vulnrabilits identifies avec plan de remdiation. Ce travail s'inscrit dans le contexte de Lom. La mthodologie adopte est Dveloppement dirig par les tests (TDD). Les rsultats obtenus constituent une contribution significative au domaine de Cyberscurit.",Cyberscurit,Dveloppement dirig par les tests (TDD),Master 2,2020,Etudiant_0063,Dr. Professeur_13,16.06,cryptographie|forensics|pentesting,3,1,2,Cyberscurit,cryptographie|de scurit|forensics|la posture|pentesting|plan de|scurit|valuation complte
MEM-0064,Pipeline CI/CD pour quipe de dveloppement,"Mise en place d'un pipeline d'intgration et dploiement continus avec GitHub Actions, Docker et Kubernetes. Rduction du temps de dploiement de 2 jours  15 minutes. 0 rgression en production.","Mise en place d'un pipeline d'intgration et dploiement continus avec GitHub Actions, Docker et Kubernetes. Rduction du temps de dploiement de 2 jours  15 minutes. 0 rgression en production. Ce travail s'inscrit dans le contexte de Afrique de l'Ouest. La mthodologie adopte est tude de cas. Les rsultats obtenus constituent une contribution significative au domaine de Cloud / DevOps.","Pipeline CI/CD pour quipe de dveloppement. Mise en place d'un pipeline d'intgration et dploiement continus avec GitHub Actions, Docker et Kubernetes. Rduction du temps de dploiement de 2 jours  15 minutes. 0 rgression en production. Mise en place d'un pipeline d'intgration et dploiement continus avec GitHub Actions, Docker et Kubernetes. Rduction du temps de dploiement de 2 jours  15 minutes. 0 rgression en production. Ce travail s'inscrit dans le contexte de Afrique de l'Ouest. La mthodologie adopte est tude de cas. Les rsultats obtenus constituent une contribution significative au domaine de Cloud / DevOps.",Cloud / DevOps,tude de cas,Master 1,2024,Etudiant_0064,Dr. Professeur_04,19.48,aws|docker|kubernetes|microservices|monitoring|terraform,6,1,1,Bases de donnes,15 minutes|aws|docker|dploiement|en|kubernetes|microservices|monitoring|pipeline|rgression en|terraform
MEM-0065,Application de suivi de grossesse pour zones rurales,"App mobile hors-ligne pour le suivi mdical des femmes enceintes sans connexion internet. Synchronisation diffre des donnes. Dploye dans 12 centres de sant ruraux, 800 femmes suivies.","App mobile hors-ligne pour le suivi mdical des femmes enceintes sans connexion internet. Synchronisation diffre des donnes. Dploye dans 12 centres de sant ruraux, 800 femmes suivies. Ce travail s'inscrit dans le contexte de Lom. La mthodologie adopte est Dveloppement logiciel (SCRUM). Les rsultats obtenus constituent une contribution significative au domaine de Mobile.","Application de suivi de grossesse pour zones rurales. App mobile hors-ligne pour le suivi mdical des femmes enceintes sans connexion internet. Synchronisation diffre des donnes. Dploye dans 12 centres de sant ruraux, 800 femmes suivies. App mobile hors-ligne pour le suivi mdical des femmes enceintes sans connexion internet. Synchronisation diffre des donnes. Dploye dans 12 centres de sant ruraux, 800 femmes suivies. Ce travail s'inscrit dans le contexte de Lom. La mthodologie adopte est Dveloppement logiciel (SCRUM). Les rsultats obtenus constituent une contribution significative au domaine de Mobile.",Mobile,Dveloppement logiciel (SCRUM),Licence 3,2019,Etudiant_0065,Dr. Professeur_10,14.51,android|flutter|kotlin,3,1,7,Mobile,800|android|femmes|flutter|kotlin|suivi|synchronisation|synchronisation diffre
MEM-0066,Systme de recommandation de cours personnaliss,Nous dveloppons un moteur de recommandation hybride combinant filtrage collaboratif et content-based pour personnaliser les parcours d'apprentissage en ligne. L'valuation montre 87% de pertinence sur des donnes relles.,Nous dveloppons un moteur de recommandation hybride combinant filtrage collaboratif et content-based pour personnaliser les parcours d'apprentissage en ligne. L'valuation montre 87% de pertinence sur des donnes relles. Ce travail s'inscrit dans le contexte de mobile money. La mthodologie adopte est Recherche applique. Les rsultats obtenus constituent une contribution significative au domaine de IA / Machine Learning.,Systme de recommandation de cours personnaliss. Nous dveloppons un moteur de recommandation hybride combinant filtrage collaboratif et content-based pour personnaliser les parcours d'apprentissage en ligne. L'valuation montre 87% de pertinence sur des donnes relles. Nous dveloppons un moteur de recommandation hybride combinant filtrage collaboratif et content-based pour personnaliser les parcours d'apprentissage en ligne. L'valuation montre 87% de pertinence sur des donnes relles. Ce travail s'inscrit dans le contexte de mobile money. La mthodologie adopte est Recherche applique. Les rsultats obtenus constituent une contribution significative au domaine de IA / Machine Learning.,IA / Machine Learning,Recherche applique,Master 2,2020,Etudiant_0066,Dr. Professeur_09,14.25,deep-learning|machine-learning|neural-network|nlp|prediction,5,1,7,Mobile,de recommandation|deep-learning|hybride|machine-learning|neural-network|nlp|parcours|parcours apprentissage|prediction|recommandation
MEM-0067,Implmentation d'un SIEM open source,Dploiement et configuration de Wazuh/ELK Stack pour la dtection d'intrusions en temps rel. Dfinition de 120 rgles de corrlation et procdures de rponse aux incidents pour une PME.,Dploiement et configuration de Wazuh/ELK Stack pour la dtection d'intrusions en temps rel. Dfinition de 120 rgles de corrlation et procdures de rponse aux incidents pour une PME. Ce travail s'inscrit dans le contexte de langues locales. La mthodologie adopte est Dveloppement dirig par les tests (TDD). Les rsultats obtenus constituent une contribution significative au domaine de Cyberscurit.,Implmentation d'un SIEM open source. Dploiement et configuration de Wazuh/ELK Stack pour la dtection d'intrusions en temps rel. Dfinition de 120 rgles de corrlation et procdures de rponse aux incidents pour une PME. Dploiement et configuration de Wazuh/ELK Stack pour la dtection d'intrusions en temps rel. Dfinition de 120 rgles de corrlation et procdures de rponse aux incidents pour une PME. Ce travail s'inscrit dans le contexte de langues locales. La mthodologie adopte est Dveloppement dirig par les tests (TDD). Les rsultats obtenus constituent une contribution significative au domaine de Cyberscurit.,Cyberscurit,Dveloppement dirig par les tests (TDD),Licence 3,2018,Etudiant_0067,Dr. Professeur_08,14.39,intrusion|owasp|vulnerabilite,3,1,3,Dveloppement Web,corrlation|corrlation et|de corrlation|de wazuh|intrusion|owasp|procdures de|vulnerabilite
MEM-0068,Pipeline CI/CD pour quipe de dveloppement,"Mise en place d'un pipeline d'intgration et dploiement continus avec GitHub Actions, Docker et Kubernetes. Rduction du temps de dploiement de 2 jours  15 minutes. 0 rgression en production.","Mise en place d'un pipeline d'intgration et dploiement continus avec GitHub Actions, Docker et Kubernetes. Rduction du temps de dploiement de 2 jours  15 minutes. 0 rgression en production. Ce travail s'inscrit dans le contexte de contexte africain. La mthodologie adopte est Prototypage rapide. Les rsultats obtenus constituent une contribution significative au domaine de Cloud / DevOps.","Pipeline CI/CD pour quipe de dveloppement. Mise en place d'un pipeline d'intgration et dploiement continus avec GitHub Actions, Docker et Kubernetes. Rduction du temps de dploiement de 2 jours  15 minutes. 0 rgression en production. Mise en place d'un pipeline d'intgration et dploiement continus avec GitHub Actions, Docker et Kubernetes. Rduction du temps de dploiement de 2 jours  15 minutes. 0 rgression en production. Ce travail s'inscrit dans le contexte de contexte africain. La mthodologie adopte est Prototypage rapide. Les rsultats obtenus constituent une contribution significative au domaine de Cloud / DevOps.",Cloud / DevOps,Prototypage rapide,Master 2,2021,Etudiant_0068,Dr. Professeur_01,16.04,aws|ci-cd|docker|kubernetes|terraform,5,0,1,Bases de donnes,aws|ci-cd|docker|dploiement|en|kubernetes|pipeline|rgression|rgression en|terraform
MEM-0069,Analyse de sentiment pour les lections africaines,Application du NLP pour analyser l'opinion publique sur les rseaux sociaux pendant les campagnes lectorales. Modle CamemBERT adapt au franais africain avec 89% d'exactitude.,Application du NLP pour analyser l'opinion publique sur les rseaux sociaux pendant les campagnes lectorales. Modle CamemBERT adapt au franais africain avec 89% d'exactitude. Ce travail s'inscrit dans le contexte de PME africaine. La mthodologie adopte est Dveloppement dirig par les tests (TDD). Les rsultats obtenus constituent une contribution significative au domaine de IA / Machine Learning.,Analyse de sentiment pour les lections africaines. Application du NLP pour analyser l'opinion publique sur les rseaux sociaux pendant les campagnes lectorales. Modle CamemBERT adapt au franais africain avec 89% d'exactitude. Application du NLP pour analyser l'opinion publique sur les rseaux sociaux pendant les campagnes lectorales. Modle CamemBERT adapt au franais africain avec 89% d'exactitude. Ce travail s'inscrit dans le contexte de PME africaine. La mthodologie adopte est Dveloppement dirig par les tests (TDD). Les rsultats obtenus constituent une contribution significative au domaine de IA / Machine Learning.,IA / Machine Learning,Dveloppement dirig par les tests (TDD),Master 1,2022,Etudiant_0069,Dr. Professeur_03,19.16,afrique|bert|nlp|python|tensorflow,5,1,4,Rseaux,afrique|avec 89|bert|camembert|modle|modle camembert|nlp|opinion|python|tensorflow
MEM-0070,Systme de monitoring applicatif temps rel,"Dploiement d'une stack de monitoring avec Prometheus, Grafana et alerting automatique. Couverture de 15 microservices avec dashboards mtier et techniques. MTTR rduit de 4h  20min.","Dploiement d'une stack de monitoring avec Prometheus, Grafana et alerting automatique. Couverture de 15 microservices avec dashboards mtier et techniques. MTTR rduit de 4h  20min. Ce travail s'inscrit dans le contexte de Afrique de l'Ouest. La mthodologie adopte est Dveloppement dirig par les tests (TDD). Les rsultats obtenus constituent une contribution significative au domaine de Cloud / DevOps.","Systme de monitoring applicatif temps rel. Dploiement d'une stack de monitoring avec Prometheus, Grafana et alerting automatique. Couverture de 15 microservices avec dashboards mtier et techniques. MTTR rduit de 4h  20min. Dploiement d'une stack de monitoring avec Prometheus, Grafana et alerting automatique. Couverture de 15 microservices avec dashboards mtier et techniques. MTTR rduit de 4h  20min. Ce travail s'inscrit dans le contexte de Afrique de l'Ouest. La mthodologie adopte est Dveloppement dirig par les tests (TDD). Les rsultats obtenus constituent une contribution significative au domaine de Cloud / DevOps.",Cloud / DevOps,Dveloppement dirig par les tests (TDD),Master 1,2018,Etudiant_0070,Dr. Professeur_06,18.58,ci-cd|devops|kubernetes|microservices|monitoring,5,1,6,Cloud / DevOps,ci-cd|de monitoring|devops|kubernetes|microservices|monitoring|prometheus|prometheus grafana|rduit de
MEM-0071,Optimisation performances BDD hospitalire,"Analyse et optimisation d'un systme de gestion hospitalire sous PostgreSQL. Indexation, partitionnement et rcriture de requtes. Rduction du temps de rponse moyen de 8s  0.3s.","Analyse et optimisation d'un systme de gestion hospitalire sous PostgreSQL. Indexation, partitionnement et rcriture de requtes. Rduction du temps de rponse moyen de 8s  0.3s. Ce travail s'inscrit dans le contexte de contexte africain. La mthodologie adopte est Recherche-action. Les rsultats obtenus constituent une contribution significative au domaine de Bases de donnes.","Optimisation performances BDD hospitalire. Analyse et optimisation d'un systme de gestion hospitalire sous PostgreSQL. Indexation, partitionnement et rcriture de requtes. Rduction du temps de rponse moyen de 8s  0.3s. Analyse et optimisation d'un systme de gestion hospitalire sous PostgreSQL. Indexation, partitionnement et rcriture de requtes. Rduction du temps de rponse moyen de 8s  0.3s. Ce travail s'inscrit dans le contexte de contexte africain. La mthodologie adopte est Recherche-action. Les rsultats obtenus constituent une contribution significative au domaine de Bases de donnes.",Bases de donnes,Recherche-action,Master 1,2024,Etudiant_0071,Dr. Professeur_13,11.16,datawarehouse|etl|indexation|postgresql|sql,5,1,1,Bases de donnes,datawarehouse|etl|hospitalire|indexation|moyen de|optimisation|partitionnement|postgresql|sous postgresql|sql
MEM-0072,Analyse de sentiment pour les lections africaines,Application du NLP pour analyser l'opinion publique sur les rseaux sociaux pendant les campagnes lectorales. Modle CamemBERT adapt au franais africain avec 89% d'exactitude.,Application du NLP pour analyser l'opinion publique sur les rseaux sociaux pendant les campagnes lectorales. Modle CamemBERT adapt au franais africain avec 89% d'exactitude. Ce travail s'inscrit dans le contexte de PME africaine. La mthodologie adopte est Dveloppement dirig par les tests (TDD). Les rsultats obtenus constituent une contribution significative au domaine de IA / Machine Learning.,Analyse de sentiment pour les lections africaines. Application du NLP pour analyser l'opinion publique sur les rseaux sociaux pendant les campagnes lectorales. Modle CamemBERT adapt au franais africain avec 89% d'exactitude. Application du NLP pour analyser l'opinion publique sur les rseaux sociaux pendant les campagnes lectorales. Modle CamemBERT adapt au franais africain avec 89% d'exactitude. Ce travail s'inscrit dans le contexte de PME africaine. La mthodologie adopte est Dveloppement dirig par les tests (TDD). Les rsultats obtenus constituent une contribution significative au domaine de IA / Machine Learning.,IA / Machine Learning,Dveloppement dirig par les tests (TDD),Master 2,2021,Etudiant_0072,Dr. Professeur_13,16.25,afrique|bert|deep-learning|machine-learning|nlp|tensorflow,6,0,4,Rseaux,afrique|avec 89|bert|camembert|deep-learning|machine-learning|modle|modle camembert|nlp|opinion|tensorflow
MEM-0073,Application de suivi de grossesse pour zones rurales,"App mobile hors-ligne pour le suivi mdical des femmes enceintes sans connexion internet. Synchronisation diffre des donnes. Dploye dans 12 centres de sant ruraux, 800 femmes suivies.","App mobile hors-ligne pour le suivi mdical des femmes enceintes sans connexion internet. Synchronisation diffre des donnes. Dploye dans 12 centres de sant ruraux, 800 femmes suivies. Ce travail s'inscrit dans le contexte de zones rurales. La mthodologie adopte est Recherche exprimentale. Les rsultats obtenus constituent une contribution significative au domaine de Mobile.","Application de suivi de grossesse pour zones rurales. App mobile hors-ligne pour le suivi mdical des femmes enceintes sans connexion internet. Synchronisation diffre des donnes. Dploye dans 12 centres de sant ruraux, 800 femmes suivies. App mobile hors-ligne pour le suivi mdical des femmes enceintes sans connexion internet. Synchronisation diffre des donnes. Dploye dans 12 centres de sant ruraux, 800 femmes suivies. Ce travail s'inscrit dans le contexte de zones rurales. La mthodologie adopte est Recherche exprimentale. Les rsultats obtenus constituent une contribution significative au domaine de Mobile.",Mobile,Recherche exprimentale,Master 1,2021,Etudiant_0073,Dr. Professeur_01,13.11,android|flutter|kotlin|offline|react-native,5,1,7,Mobile,android|femmes|femmes enceintes|femmes suivies|flutter|kotlin|offline|react-native|sans|suivi
MEM-0074,Systme de vote lectronique scuris,"Plateforme de vote en ligne base sur la cryptographie asymtrique RSA et la blockchain lgre. Garantit l'anonymat, l'intgrit et la traabilit des votes. Test lors d'une lection tudiante relle.","Plateforme de vote en ligne base sur la cryptographie asymtrique RSA et la blockchain lgre. Garantit l'anonymat, l'intgrit et la traabilit des votes. Test lors d'une lection tudiante relle. Ce travail s'inscrit dans le contexte de langues locales. La mthodologie adopte est Dveloppement dirig par les tests (TDD). Les rsultats obtenus constituent une contribution significative au domaine de Dveloppement Web.","Systme de vote lectronique scuris. Plateforme de vote en ligne base sur la cryptographie asymtrique RSA et la blockchain lgre. Garantit l'anonymat, l'intgrit et la traabilit des votes. Test lors d'une lection tudiante relle. Plateforme de vote en ligne base sur la cryptographie asymtrique RSA et la blockchain lgre. Garantit l'anonymat, l'intgrit et la traabilit des votes. Test lors d'une lection tudiante relle. Ce travail s'inscrit dans le contexte de langues locales. La mthodologie adopte est Dveloppement dirig par les tests (TDD). Les rsultats obtenus constituent une contribution significative au domaine de Dveloppement Web.",Dveloppement Web,Dveloppement dirig par les tests (TDD),Licence 3,2021,Etudiant_0074,Dr. Professeur_05,15.09,blockchain|django|full-stack|postgresql,4,1,2,Cyberscurit,blockchain|de vote|django|et la|full-stack|la cryptographie|postgresql|relle|vote
MEM-0075,Optimisation performances BDD hospitalire,"Analyse et optimisation d'un systme de gestion hospitalire sous PostgreSQL. Indexation, partitionnement et rcriture de requtes. Rduction du temps de rponse moyen de 8s  0.3s.","Analyse et optimisation d'un systme de gestion hospitalire sous PostgreSQL. Indexation, partitionnement et rcriture de requtes. Rduction du temps de rponse moyen de 8s  0.3s. Ce travail s'inscrit dans le contexte de zones rurales. La mthodologie adopte est Recherche exprimentale. Les rsultats obtenus constituent une contribution significative au domaine de Bases de donnes.","Optimisation performances BDD hospitalire. Analyse et optimisation d'un systme de gestion hospitalire sous PostgreSQL. Indexation, partitionnement et rcriture de requtes. Rduction du temps de rponse moyen de 8s  0.3s. Analyse et optimisation d'un systme de gestion hospitalire sous PostgreSQL. Indexation, partitionnement et rcriture de requtes. Rduction du temps de rponse moyen de 8s  0.3s. Ce travail s'inscrit dans le contexte de zones rurales. La mthodologie adopte est Recherche exprimentale. Les rsultats obtenus constituent une contribution significative au domaine de Bases de donnes.",Bases de donnes,Recherche exprimentale,Master 1,2022,Etudiant_0075,Dr. Professeur_05,18.64,mongodb|optimisation|postgresql|sql,4,1,1,Bases de donnes,de 8s|hospitalire|mongodb|optimisation|optimisation un|postgresql|sous postgresql|sql
MEM-0076,Pipeline CI/CD pour quipe de dveloppement,"Mise en place d'un pipeline d'intgration et dploiement continus avec GitHub Actions, Docker et Kubernetes. Rduction du temps de dploiement de 2 jours  15 minutes. 0 rgression en production.","Mise en place d'un pipeline d'intgration et dploiement continus avec GitHub Actions, Docker et Kubernetes. Rduction du temps de dploiement de 2 jours  15 minutes. 0 rgression en production. Ce travail s'inscrit dans le contexte de PME africaine. La mthodologie adopte est Dveloppement dirig par les tests (TDD). Les rsultats obtenus constituent une contribution significative au domaine de Cloud / DevOps.","Pipeline CI/CD pour quipe de dveloppement. Mise en place d'un pipeline d'intgration et dploiement continus avec GitHub Actions, Docker et Kubernetes. Rduction du temps de dploiement de 2 jours  15 minutes. 0 rgression en production. Mise en place d'un pipeline d'intgration et dploiement continus avec GitHub Actions, Docker et Kubernetes. Rduction du temps de dploiement de 2 jours  15 minutes. 0 rgression en production. Ce travail s'inscrit dans le contexte de PME africaine. La mthodologie adopte est Dveloppement dirig par les tests (TDD). Les rsultats obtenus constituent une contribution significative au domaine de Cloud / DevOps.",Cloud / DevOps,Dveloppement dirig par les tests (TDD),Master 2,2020,Etudiant_0076,Dr. Professeur_08,18.65,docker|kubernetes|monitoring|terraform,4,1,1,Bases de donnes,docker|dploiement|en|kubernetes|monitoring|pipeline|pipeline intgration|place|terraform
MEM-0077,Irrigation automatique intelligente,Systme embarqu sur Arduino/Raspberry Pi pour l'irrigation selon l'humidit du sol et les prvisions mto. conomie d'eau de 35% mesure sur 6 mois dans une exploitation agricole pilote.,Systme embarqu sur Arduino/Raspberry Pi pour l'irrigation selon l'humidit du sol et les prvisions mto. conomie d'eau de 35% mesure sur 6 mois dans une exploitation agricole pilote. Ce travail s'inscrit dans le contexte de Lom. La mthodologie adopte est Prototypage rapide. Les rsultats obtenus constituent une contribution significative au domaine de Systmes Embarqus.,Irrigation automatique intelligente. Systme embarqu sur Arduino/Raspberry Pi pour l'irrigation selon l'humidit du sol et les prvisions mto. conomie d'eau de 35% mesure sur 6 mois dans une exploitation agricole pilote. Systme embarqu sur Arduino/Raspberry Pi pour l'irrigation selon l'humidit du sol et les prvisions mto. conomie d'eau de 35% mesure sur 6 mois dans une exploitation agricole pilote. Ce travail s'inscrit dans le contexte de Lom. La mthodologie adopte est Prototypage rapide. Les rsultats obtenus constituent une contribution significative au domaine de Systmes Embarqus.,Systmes Embarqus,Prototypage rapide,Master 2,2021,Etudiant_0077,Dr. Professeur_13,12.34,arduino|embarque|energie|raspberry-pi|temps-reel,5,1,0,Systmes Embarqus,arduino|embarqu|embarque|energie|irrigation|mesure|raspberry-pi|sur|sur arduino|temps-reel
MEM-0078,Contrle d'accs biomtrique  faible cot,Systme de contrle d'accs par empreinte digitale et reconnaissance faciale pour scuriser des locaux  budget limit. Cot matriel sous 50 000 FCFA. Dploy dans 3 tablissements scolaires.,Systme de contrle d'accs par empreinte digitale et reconnaissance faciale pour scuriser des locaux  budget limit. Cot matriel sous 50 000 FCFA. Dploy dans 3 tablissements scolaires. Ce travail s'inscrit dans le contexte de PME africaine. La mthodologie adopte est tude de cas. Les rsultats obtenus constituent une contribution significative au domaine de Systmes Embarqus.,Contrle d'accs biomtrique  faible cot. Systme de contrle d'accs par empreinte digitale et reconnaissance faciale pour scuriser des locaux  budget limit. Cot matriel sous 50 000 FCFA. Dploy dans 3 tablissements scolaires. Systme de contrle d'accs par empreinte digitale et reconnaissance faciale pour scuriser des locaux  budget limit. Cot matriel sous 50 000 FCFA. Dploy dans 3 tablissements scolaires. Ce travail s'inscrit dans le contexte de PME africaine. La mthodologie adopte est tude de cas. Les rsultats obtenus constituent une contribution significative au domaine de Systmes Embarqus.,Systmes Embarqus,tude de cas,Master 2,2024,Etudiant_0078,Dr. Professeur_03,19.65,embarque|energie|raspberry-pi|temps-reel,4,1,0,Systmes Embarqus,accs|accs par|contrle|contrle accs|cot|embarque|energie|raspberry-pi|temps-reel
MEM-0079,Systme de surveillance de la qualit de l'air,"Rseau de capteurs IoT autonomes mesurant CO2, PM2.5, NO2 et temprature. Transmission MQTT vers dashboard Grafana. Autonomie 6 mois sur batterie avec panneau solaire. Dploy dans 5 quartiers de Lom.","Rseau de capteurs IoT autonomes mesurant CO2, PM2.5, NO2 et temprature. Transmission MQTT vers dashboard Grafana. Autonomie 6 mois sur batterie avec panneau solaire. Dploy dans 5 quartiers de Lom. Ce travail s'inscrit dans le contexte de zones rurales. La mthodologie adopte est Dveloppement dirig par les tests (TDD). Les rsultats obtenus constituent une contribution significative au domaine de Systmes Embarqus.","Systme de surveillance de la qualit de l'air. Rseau de capteurs IoT autonomes mesurant CO2, PM2.5, NO2 et temprature. Transmission MQTT vers dashboard Grafana. Autonomie 6 mois sur batterie avec panneau solaire. Dploy dans 5 quartiers de Lom. Rseau de capteurs IoT autonomes mesurant CO2, PM2.5, NO2 et temprature. Transmission MQTT vers dashboard Grafana. Autonomie 6 mois sur batterie avec panneau solaire. Dploy dans 5 quartiers de Lom. Ce travail s'inscrit dans le contexte de zones rurales. La mthodologie adopte est Dveloppement dirig par les tests (TDD). Les rsultats obtenus constituent une contribution significative au domaine de Systmes Embarqus.",Systmes Embarqus,Dveloppement dirig par les tests (TDD),Master 1,2018,Etudiant_0079,Dr. Professeur_13,10.75,afrique|arduino|capteurs|embarque|iot|raspberry-pi|temps-reel,7,1,4,Rseaux,afrique|arduino|autonomes|autonomes mesurant|autonomie|autonomie mois|capteurs|embarque|iot|raspberry-pi|temps-reel|vers dashboard
MEM-0080,Contrle d'accs biomtrique  faible cot,Systme de contrle d'accs par empreinte digitale et reconnaissance faciale pour scuriser des locaux  budget limit. Cot matriel sous 50 000 FCFA. Dploy dans 3 tablissements scolaires.,Systme de contrle d'accs par empreinte digitale et reconnaissance faciale pour scuriser des locaux  budget limit. Cot matriel sous 50 000 FCFA. Dploy dans 3 tablissements scolaires. Ce travail s'inscrit dans le contexte de Lom. La mthodologie adopte est Recherche-action. Les rsultats obtenus constituent une contribution significative au domaine de Systmes Embarqus.,Contrle d'accs biomtrique  faible cot. Systme de contrle d'accs par empreinte digitale et reconnaissance faciale pour scuriser des locaux  budget limit. Cot matriel sous 50 000 FCFA. Dploy dans 3 tablissements scolaires. Systme de contrle d'accs par empreinte digitale et reconnaissance faciale pour scuriser des locaux  budget limit. Cot matriel sous 50 000 FCFA. Dploy dans 3 tablissements scolaires. Ce travail s'inscrit dans le contexte de Lom. La mthodologie adopte est Recherche-action. Les rsultats obtenus constituent une contribution significative au domaine de Systmes Embarqus.,Systmes Embarqus,Recherche-action,Master 1,2023,Etudiant_0080,Dr. Professeur_11,19.54,embarque|energie|temps-reel,3,1,0,Systmes Embarqus,accs|accs par|contrle|contrle accs|cot|embarque|energie|temps-reel
MEM-0081,Archivage numrique des actes d'tat civil,"Base de donnes structure pour la numrisation et l'archivage des actes de naissance, mariage et dcs. OCR automatique sur documents scanns. 500 000 actes numriss, recherche en temps rel.","Base de donnes structure pour la numrisation et l'archivage des actes de naissance, mariage et dcs. OCR automatique sur documents scanns. 500 000 actes numriss, recherche en temps rel. Ce travail s'inscrit dans le contexte de Afrique de l'Ouest. La mthodologie adopte est Dveloppement logiciel (SCRUM). Les rsultats obtenus constituent une contribution significative au domaine de Bases de donnes.","Archivage numrique des actes d'tat civil. Base de donnes structure pour la numrisation et l'archivage des actes de naissance, mariage et dcs. OCR automatique sur documents scanns. 500 000 actes numriss, recherche en temps rel. Base de donnes structure pour la numrisation et l'archivage des actes de naissance, mariage et dcs. OCR automatique sur documents scanns. 500 000 actes numriss, recherche en temps rel. Ce travail s'inscrit dans le contexte de Afrique de l'Ouest. La mthodologie adopte est Dveloppement logiciel (SCRUM). Les rsultats obtenus constituent une contribution significative au domaine de Bases de donnes.",Bases de donnes,Dveloppement logiciel (SCRUM),Master 2,2018,Etudiant_0081,Dr. Professeur_02,14.34,mongodb|nosql|sql,3,1,3,Dveloppement Web,actes|archivage|de donnes|des actes|et dcs|mongodb|nosql|sql
MEM-0082,E-commerce pour artisans locaux togolais,"Marketplace permettant aux artisans de vendre en ligne avec intgration du paiement mobile money (Flooz, T-Money). Interface bilingue franais/anglais. 120 artisans onboards lors du lancement pilote.","Marketplace permettant aux artisans de vendre en ligne avec intgration du paiement mobile money (Flooz, T-Money). Interface bilingue franais/anglais. 120 artisans onboards lors du lancement pilote. Ce travail s'inscrit dans le contexte de langues locales. La mthodologie adopte est Recherche exprimentale. Les rsultats obtenus constituent une contribution significative au domaine de Dveloppement Web.","E-commerce pour artisans locaux togolais. Marketplace permettant aux artisans de vendre en ligne avec intgration du paiement mobile money (Flooz, T-Money). Interface bilingue franais/anglais. 120 artisans onboards lors du lancement pilote. Marketplace permettant aux artisans de vendre en ligne avec intgration du paiement mobile money (Flooz, T-Money). Interface bilingue franais/anglais. 120 artisans onboards lors du lancement pilote. Ce travail s'inscrit dans le contexte de langues locales. La mthodologie adopte est Recherche exprimentale. Les rsultats obtenus constituent une contribution significative au domaine de Dveloppement Web.",Dveloppement Web,Recherche exprimentale,Master 2,2020,Etudiant_0082,Dr. Professeur_07,13.58,afrique|django|javascript|react,4,1,1,Bases de donnes,afrique|anglais|artisans|django|du|javascript|money|onboards|react
MEM-0083,Systme de monitoring applicatif temps rel,"Dploiement d'une stack de monitoring avec Prometheus, Grafana et alerting automatique. Couverture de 15 microservices avec dashboards mtier et techniques. MTTR rduit de 4h  20min.","Dploiement d'une stack de monitoring avec Prometheus, Grafana et alerting automatique. Couverture de 15 microservices avec dashboards mtier et techniques. MTTR rduit de 4h  20min. Ce travail s'inscrit dans le contexte de mobile money. La mthodologie adopte est Recherche-action. Les rsultats obtenus constituent une contribution significative au domaine de Cloud / DevOps.","Systme de monitoring applicatif temps rel. Dploiement d'une stack de monitoring avec Prometheus, Grafana et alerting automatique. Couverture de 15 microservices avec dashboards mtier et techniques. MTTR rduit de 4h  20min. Dploiement d'une stack de monitoring avec Prometheus, Grafana et alerting automatique. Couverture de 15 microservices avec dashboards mtier et techniques. MTTR rduit de 4h  20min. Ce travail s'inscrit dans le contexte de mobile money. La mthodologie adopte est Recherche-action. Les rsultats obtenus constituent une contribution significative au domaine de Cloud / DevOps.",Cloud / DevOps,Recherche-action,Licence 3,2019,Etudiant_0083,Dr. Professeur_10,14.98,ci-cd|docker|microservices|terraform,4,1,6,Cloud / DevOps,ci-cd|de monitoring|docker|microservices|monitoring|mtier et|rduit de|stack de|terraform
MEM-0084,Archivage numrique des actes d'tat civil,"Base de donnes structure pour la numrisation et l'archivage des actes de naissance, mariage et dcs. OCR automatique sur documents scanns. 500 000 actes numriss, recherche en temps rel.","Base de donnes structure pour la numrisation et l'archivage des actes de naissance, mariage et dcs. OCR automatique sur documents scanns. 500 000 actes numriss, recherche en temps rel. Ce travail s'inscrit dans le contexte de Afrique de l'Ouest. La mthodologie adopte est Recherche applique. Les rsultats obtenus constituent une contribution significative au domaine de Bases de donnes.","Archivage numrique des actes d'tat civil. Base de donnes structure pour la numrisation et l'archivage des actes de naissance, mariage et dcs. OCR automatique sur documents scanns. 500 000 actes numriss, recherche en temps rel. Base de donnes structure pour la numrisation et l'archivage des actes de naissance, mariage et dcs. OCR automatique sur documents scanns. 500 000 actes numriss, recherche en temps rel. Ce travail s'inscrit dans le contexte de Afrique de l'Ouest. La mthodologie adopte est Recherche applique. Les rsultats obtenus constituent une contribution significative au domaine de Bases de donnes.",Bases de donnes,Recherche applique,Master 1,2020,Etudiant_0084,Dr. Professeur_06,14.42,datawarehouse|etl|mongodb|optimisation|postgresql,5,1,3,Dveloppement Web,actes|archivage|datawarehouse|de donnes|des actes|etl|la numrisation|mongodb|optimisation|postgresql
MEM-0085,Application de suivi de grossesse pour zones rurales,"App mobile hors-ligne pour le suivi mdical des femmes enceintes sans connexion internet. Synchronisation diffre des donnes. Dploye dans 12 centres de sant ruraux, 800 femmes suivies.","App mobile hors-ligne pour le suivi mdical des femmes enceintes sans connexion internet. Synchronisation diffre des donnes. Dploye dans 12 centres de sant ruraux, 800 femmes suivies. Ce travail s'inscrit dans le contexte de Afrique de l'Ouest. La mthodologie adopte est tude de cas. Les rsultats obtenus constituent une contribution significative au domaine de Mobile.","Application de suivi de grossesse pour zones rurales. App mobile hors-ligne pour le suivi mdical des femmes enceintes sans connexion internet. Synchronisation diffre des donnes. Dploye dans 12 centres de sant ruraux, 800 femmes suivies. App mobile hors-ligne pour le suivi mdical des femmes enceintes sans connexion internet. Synchronisation diffre des donnes. Dploye dans 12 centres de sant ruraux, 800 femmes suivies. Ce travail s'inscrit dans le contexte de Afrique de l'Ouest. La mthodologie adopte est tude de cas. Les rsultats obtenus constituent une contribution significative au domaine de Mobile.",Mobile,tude de cas,Master 2,2020,Etudiant_0085,Dr. Professeur_10,12.37,flutter|geolocalisation|mobile-money|offline,4,1,7,Mobile,800|dans 12|femmes|flutter|geolocalisation|internet synchronisation|mobile-money|offline|suivi
MEM-0086,Application de suivi de grossesse pour zones rurales,"App mobile hors-ligne pour le suivi mdical des femmes enceintes sans connexion internet. Synchronisation diffre des donnes. Dploye dans 12 centres de sant ruraux, 800 femmes suivies.","App mobile hors-ligne pour le suivi mdical des femmes enceintes sans connexion internet. Synchronisation diffre des donnes. Dploye dans 12 centres de sant ruraux, 800 femmes suivies. Ce travail s'inscrit dans le contexte de PME africaine. La mthodologie adopte est Recherche applique. Les rsultats obtenus constituent une contribution significative au domaine de Mobile.","Application de suivi de grossesse pour zones rurales. App mobile hors-ligne pour le suivi mdical des femmes enceintes sans connexion internet. Synchronisation diffre des donnes. Dploye dans 12 centres de sant ruraux, 800 femmes suivies. App mobile hors-ligne pour le suivi mdical des femmes enceintes sans connexion internet. Synchronisation diffre des donnes. Dploye dans 12 centres de sant ruraux, 800 femmes suivies. Ce travail s'inscrit dans le contexte de PME africaine. La mthodologie adopte est Recherche applique. Les rsultats obtenus constituent une contribution significative au domaine de Mobile.",Mobile,Recherche applique,Licence 3,2024,Etudiant_0086,Dr. Professeur_15,18.33,android|geolocalisation|offline|react-native|ux,5,1,7,Mobile,android|connexion internet|femmes|geolocalisation|mdical des|offline|react-native|suivi|suivi mdical|ux
MEM-0087,Architecture rseau IoT pour smart city,"Conception d'une infrastructure de capteurs connects pour la gestion intelligente des feux de circulation, de l'clairage public et des dchets dans une ville de taille moyenne.","Conception d'une infrastructure de capteurs connects pour la gestion intelligente des feux de circulation, de l'clairage public et des dchets dans une ville de taille moyenne. Ce travail s'inscrit dans le contexte de Togo. La mthodologie adopte est Dveloppement dirig par les tests (TDD). Les rsultats obtenus constituent une contribution significative au domaine de Rseaux.","Architecture rseau IoT pour smart city. Conception d'une infrastructure de capteurs connects pour la gestion intelligente des feux de circulation, de l'clairage public et des dchets dans une ville de taille moyenne. Conception d'une infrastructure de capteurs connects pour la gestion intelligente des feux de circulation, de l'clairage public et des dchets dans une ville de taille moyenne. Ce travail s'inscrit dans le contexte de Togo. La mthodologie adopte est Dveloppement dirig par les tests (TDD). Les rsultats obtenus constituent une contribution significative au domaine de Rseaux.",Rseaux,Dveloppement dirig par les tests (TDD),Master 1,2019,Etudiant_0087,Dr. Professeur_08,13.09,4g|iot|qos|tcp-ip|wifi,5,0,5,Rseaux,4g|capteurs connects|circulation|iot|public|public et|qos|taille|tcp-ip|wifi
MEM-0088,Contrle d'accs biomtrique  faible cot,Systme de contrle d'accs par empreinte digitale et reconnaissance faciale pour scuriser des locaux  budget limit. Cot matriel sous 50 000 FCFA. Dploy dans 3 tablissements scolaires.,Systme de contrle d'accs par empreinte digitale et reconnaissance faciale pour scuriser des locaux  budget limit. Cot matriel sous 50 000 FCFA. Dploy dans 3 tablissements scolaires. Ce travail s'inscrit dans le contexte de contexte africain. La mthodologie adopte est Recherche exprimentale. Les rsultats obtenus constituent une contribution significative au domaine de Systmes Embarqus.,Contrle d'accs biomtrique  faible cot. Systme de contrle d'accs par empreinte digitale et reconnaissance faciale pour scuriser des locaux  budget limit. Cot matriel sous 50 000 FCFA. Dploy dans 3 tablissements scolaires. Systme de contrle d'accs par empreinte digitale et reconnaissance faciale pour scuriser des locaux  budget limit. Cot matriel sous 50 000 FCFA. Dploy dans 3 tablissements scolaires. Ce travail s'inscrit dans le contexte de contexte africain. La mthodologie adopte est Recherche exprimentale. Les rsultats obtenus constituent une contribution significative au domaine de Systmes Embarqus.,Systmes Embarqus,Recherche exprimentale,Licence 3,2020,Etudiant_0088,Dr. Professeur_15,15.31,embarque|energie|raspberry-pi|temps-reel,4,1,0,Systmes Embarqus,accs|accs par|contrle|contrle accs|cot|embarque|energie|raspberry-pi|temps-reel
MEM-0089,Implmentation d'un SIEM open source,Dploiement et configuration de Wazuh/ELK Stack pour la dtection d'intrusions en temps rel. Dfinition de 120 rgles de corrlation et procdures de rponse aux incidents pour une PME.,Dploiement et configuration de Wazuh/ELK Stack pour la dtection d'intrusions en temps rel. Dfinition de 120 rgles de corrlation et procdures de rponse aux incidents pour une PME. Ce travail s'inscrit dans le contexte de Afrique de l'Ouest. La mthodologie adopte est Dveloppement dirig par les tests (TDD). Les rsultats obtenus constituent une contribution significative au domaine de Cyberscurit.,Implmentation d'un SIEM open source. Dploiement et configuration de Wazuh/ELK Stack pour la dtection d'intrusions en temps rel. Dfinition de 120 rgles de corrlation et procdures de rponse aux incidents pour une PME. Dploiement et configuration de Wazuh/ELK Stack pour la dtection d'intrusions en temps rel. Dfinition de 120 rgles de corrlation et procdures de rponse aux incidents pour une PME. Ce travail s'inscrit dans le contexte de Afrique de l'Ouest. La mthodologie adopte est Dveloppement dirig par les tests (TDD). Les rsultats obtenus constituent une contribution significative au domaine de Cyberscurit.,Cyberscurit,Dveloppement dirig par les tests (TDD),Master 1,2024,Etudiant_0089,Dr. Professeur_04,11.41,audit|cryptographie|intrusion|pentesting,4,1,3,Dveloppement Web,audit|cryptographie|et configuration|incidents pour|intrusion|la dtection|pentesting|procdures de|wazuh elk
MEM-0090,Systme de monitoring applicatif temps rel,"Dploiement d'une stack de monitoring avec Prometheus, Grafana et alerting automatique. Couverture de 15 microservices avec dashboards mtier et techniques. MTTR rduit de 4h  20min.","Dploiement d'une stack de monitoring avec Prometheus, Grafana et alerting automatique. Couverture de 15 microservices avec dashboards mtier et techniques. MTTR rduit de 4h  20min. Ce travail s'inscrit dans le contexte de PME africaine. La mthodologie adopte est Recherche applique. Les rsultats obtenus constituent une contribution significative au domaine de Cloud / DevOps.","Systme de monitoring applicatif temps rel. Dploiement d'une stack de monitoring avec Prometheus, Grafana et alerting automatique. Couverture de 15 microservices avec dashboards mtier et techniques. MTTR rduit de 4h  20min. Dploiement d'une stack de monitoring avec Prometheus, Grafana et alerting automatique. Couverture de 15 microservices avec dashboards mtier et techniques. MTTR rduit de 4h  20min. Ce travail s'inscrit dans le contexte de PME africaine. La mthodologie adopte est Recherche applique. Les rsultats obtenus constituent une contribution significative au domaine de Cloud / DevOps.",Cloud / DevOps,Recherche applique,Licence 3,2024,Etudiant_0090,Dr. Professeur_12,13.69,aws|devops|kubernetes|microservices|terraform,5,1,6,Cloud / DevOps,20min|aws|de monitoring|devops|grafana et|kubernetes|microservices|monitoring|prometheus grafana|terraform
MEM-0091,Systme de monitoring applicatif temps rel,"Dploiement d'une stack de monitoring avec Prometheus, Grafana et alerting automatique. Couverture de 15 microservices avec dashboards mtier et techniques. MTTR rduit de 4h  20min.","Dploiement d'une stack de monitoring avec Prometheus, Grafana et alerting automatique. Couverture de 15 microservices avec dashboards mtier et techniques. MTTR rduit de 4h  20min. Ce travail s'inscrit dans le contexte de contexte africain. La mthodologie adopte est Recherche applique. Les rsultats obtenus constituent une contribution significative au domaine de Cloud / DevOps.","Systme de monitoring applicatif temps rel. Dploiement d'une stack de monitoring avec Prometheus, Grafana et alerting automatique. Couverture de 15 microservices avec dashboards mtier et techniques. MTTR rduit de 4h  20min. Dploiement d'une stack de monitoring avec Prometheus, Grafana et alerting automatique. Couverture de 15 microservices avec dashboards mtier et techniques. MTTR rduit de 4h  20min. Ce travail s'inscrit dans le contexte de contexte africain. La mthodologie adopte est Recherche applique. Les rsultats obtenus constituent une contribution significative au domaine de Cloud / DevOps.",Cloud / DevOps,Recherche applique,Licence 3,2023,Etudiant_0091,Dr. Professeur_04,19.15,aws|devops|microservices|terraform,4,1,6,Cloud / DevOps,aws|de monitoring|devops|microservices|monitoring|monitoring avec|mttr|terraform|une stack
MEM-0092,Archivage numrique des actes d'tat civil,"Base de donnes structure pour la numrisation et l'archivage des actes de naissance, mariage et dcs. OCR automatique sur documents scanns. 500 000 actes numriss, recherche en temps rel.","Base de donnes structure pour la numrisation et l'archivage des actes de naissance, mariage et dcs. OCR automatique sur documents scanns. 500 000 actes numriss, recherche en temps rel. Ce travail s'inscrit dans le contexte de langues locales. La mthodologie adopte est Recherche applique. Les rsultats obtenus constituent une contribution significative au domaine de Bases de donnes.","Archivage numrique des actes d'tat civil. Base de donnes structure pour la numrisation et l'archivage des actes de naissance, mariage et dcs. OCR automatique sur documents scanns. 500 000 actes numriss, recherche en temps rel. Base de donnes structure pour la numrisation et l'archivage des actes de naissance, mariage et dcs. OCR automatique sur documents scanns. 500 000 actes numriss, recherche en temps rel. Ce travail s'inscrit dans le contexte de langues locales. La mthodologie adopte est Recherche applique. Les rsultats obtenus constituent une contribution significative au domaine de Bases de donnes.",Bases de donnes,Recherche applique,Master 2,2021,Etudiant_0092,Dr. Professeur_02,19.96,etl|optimisation|postgresql,3,0,3,Dveloppement Web,actes|archivage|de donnes|des actes|etl|numriss|optimisation|postgresql
MEM-0093,Implmentation d'un SIEM open source,Dploiement et configuration de Wazuh/ELK Stack pour la dtection d'intrusions en temps rel. Dfinition de 120 rgles de corrlation et procdures de rponse aux incidents pour une PME.,Dploiement et configuration de Wazuh/ELK Stack pour la dtection d'intrusions en temps rel. Dfinition de 120 rgles de corrlation et procdures de rponse aux incidents pour une PME. Ce travail s'inscrit dans le contexte de Afrique de l'Ouest. La mthodologie adopte est tude de cas. Les rsultats obtenus constituent une contribution significative au domaine de Cyberscurit.,Implmentation d'un SIEM open source. Dploiement et configuration de Wazuh/ELK Stack pour la dtection d'intrusions en temps rel. Dfinition de 120 rgles de corrlation et procdures de rponse aux incidents pour une PME. Dploiement et configuration de Wazuh/ELK Stack pour la dtection d'intrusions en temps rel. Dfinition de 120 rgles de corrlation et procdures de rponse aux incidents pour une PME. Ce travail s'inscrit dans le contexte de Afrique de l'Ouest. La mthodologie adopte est tude de cas. Les rsultats obtenus constituent une contribution significative au domaine de Cyberscurit.,Cyberscurit,tude de cas,Master 1,2023,Etudiant_0093,Dr. Professeur_10,18.34,audit|cryptographie|forensics|intrusion|siem,5,1,3,Dveloppement Web,audit|aux incidents|cryptographie|forensics|intrusion|pour une|procdures de|rgles|rgles de|siem
MEM-0094,Application de paiement mobile pour petits commerants,App Android permettant aux commerants informels d'accepter les paiements digitaux via NFC et QR code. Intgration mobile money. 500 commerants pilotes dans 3 marchs de Lom.,App Android permettant aux commerants informels d'accepter les paiements digitaux via NFC et QR code. Intgration mobile money. 500 commerants pilotes dans 3 marchs de Lom. Ce travail s'inscrit dans le contexte de contexte africain. La mthodologie adopte est Recherche-action. Les rsultats obtenus constituent une contribution significative au domaine de Mobile.,Application de paiement mobile pour petits commerants. App Android permettant aux commerants informels d'accepter les paiements digitaux via NFC et QR code. Intgration mobile money. 500 commerants pilotes dans 3 marchs de Lom. App Android permettant aux commerants informels d'accepter les paiements digitaux via NFC et QR code. Intgration mobile money. 500 commerants pilotes dans 3 marchs de Lom. Ce travail s'inscrit dans le contexte de contexte africain. La mthodologie adopte est Recherche-action. Les rsultats obtenus constituent une contribution significative au domaine de Mobile.,Mobile,Recherche-action,Master 1,2019,Etudiant_0094,Dr. Professeur_11,15.44,afrique|android|flutter|kotlin|ux,5,1,2,Cyberscurit,accepter|afrique|android|app android|commerants|flutter|kotlin|marchs|marchs de|ux
MEM-0095,Pipeline CI/CD pour quipe de dveloppement,"Mise en place d'un pipeline d'intgration et dploiement continus avec GitHub Actions, Docker et Kubernetes. Rduction du temps de dploiement de 2 jours  15 minutes. 0 rgression en production.","Mise en place d'un pipeline d'intgration et dploiement continus avec GitHub Actions, Docker et Kubernetes. Rduction du temps de dploiement de 2 jours  15 minutes. 0 rgression en production. Ce travail s'inscrit dans le contexte de Togo. La mthodologie adopte est Recherche exprimentale. Les rsultats obtenus constituent une contribution significative au domaine de Cloud / DevOps.","Pipeline CI/CD pour quipe de dveloppement. Mise en place d'un pipeline d'intgration et dploiement continus avec GitHub Actions, Docker et Kubernetes. Rduction du temps de dploiement de 2 jours  15 minutes. 0 rgression en production. Mise en place d'un pipeline d'intgration et dploiement continus avec GitHub Actions, Docker et Kubernetes. Rduction du temps de dploiement de 2 jours  15 minutes. 0 rgression en production. Ce travail s'inscrit dans le contexte de Togo. La mthodologie adopte est Recherche exprimentale. Les rsultats obtenus constituent une contribution significative au domaine de Cloud / DevOps.",Cloud / DevOps,Recherche exprimentale,Licence 3,2024,Etudiant_0095,Dr. Professeur_06,10.51,devops|docker|kubernetes|monitoring|terraform,5,1,1,Bases de donnes,devops|docker|dploiement|en|jours|kubernetes|monitoring|pipeline|rgression en|terraform
MEM-0096,Scurisation des applications mobile banking,Analyse des vulnrabilits des applications de paiement mobile au Togo selon OWASP Mobile Top 10. Implmentation des contre-mesures et chiffrement end-to-end des transactions.,Analyse des vulnrabilits des applications de paiement mobile au Togo selon OWASP Mobile Top 10. Implmentation des contre-mesures et chiffrement end-to-end des transactions. Ce travail s'inscrit dans le contexte de zones rurales. La mthodologie adopte est Recherche exprimentale. Les rsultats obtenus constituent une contribution significative au domaine de Cyberscurit.,Scurisation des applications mobile banking. Analyse des vulnrabilits des applications de paiement mobile au Togo selon OWASP Mobile Top 10. Implmentation des contre-mesures et chiffrement end-to-end des transactions. Analyse des vulnrabilits des applications de paiement mobile au Togo selon OWASP Mobile Top 10. Implmentation des contre-mesures et chiffrement end-to-end des transactions. Ce travail s'inscrit dans le contexte de zones rurales. La mthodologie adopte est Recherche exprimentale. Les rsultats obtenus constituent une contribution significative au domaine de Cyberscurit.,Cyberscurit,Recherche exprimentale,Licence 3,2024,Etudiant_0096,Dr. Professeur_10,17.89,afrique|audit|cryptographie|forensics|owasp|siem,6,0,2,Cyberscurit,afrique|applications|audit|cryptographie|des|des applications|end|forensics|mobile|owasp|siem
MEM-0097,Audit de scurit des infrastructures bancaires,"valuation complte de la posture de scurit d'une banque locale par tests de pntration, analyse de code et revue de configuration. Rapport de 47 vulnrabilits identifies avec plan de remdiation.","valuation complte de la posture de scurit d'une banque locale par tests de pntration, analyse de code et revue de configuration. Rapport de 47 vulnrabilits identifies avec plan de remdiation. Ce travail s'inscrit dans le contexte de zones rurales. La mthodologie adopte est Prototypage rapide. Les rsultats obtenus constituent une contribution significative au domaine de Cyberscurit.","Audit de scurit des infrastructures bancaires. valuation complte de la posture de scurit d'une banque locale par tests de pntration, analyse de code et revue de configuration. Rapport de 47 vulnrabilits identifies avec plan de remdiation. valuation complte de la posture de scurit d'une banque locale par tests de pntration, analyse de code et revue de configuration. Rapport de 47 vulnrabilits identifies avec plan de remdiation. Ce travail s'inscrit dans le contexte de zones rurales. La mthodologie adopte est Prototypage rapide. Les rsultats obtenus constituent une contribution significative au domaine de Cyberscurit.",Cyberscurit,Prototypage rapide,Master 1,2024,Etudiant_0097,Dr. Professeur_13,10.15,audit|pentesting|siem,3,1,2,Cyberscurit,47 vulnrabilits|audit|banque locale|configuration rapport|de scurit|pentesting|scurit|siem
MEM-0098,Systme de surveillance de la qualit de l'air,"Rseau de capteurs IoT autonomes mesurant CO2, PM2.5, NO2 et temprature. Transmission MQTT vers dashboard Grafana. Autonomie 6 mois sur batterie avec panneau solaire. Dploy dans 5 quartiers de Lom.","Rseau de capteurs IoT autonomes mesurant CO2, PM2.5, NO2 et temprature. Transmission MQTT vers dashboard Grafana. Autonomie 6 mois sur batterie avec panneau solaire. Dploy dans 5 quartiers de Lom. Ce travail s'inscrit dans le contexte de Afrique de l'Ouest. La mthodologie adopte est Recherche exprimentale. Les rsultats obtenus constituent une contribution significative au domaine de Systmes Embarqus.","Systme de surveillance de la qualit de l'air. Rseau de capteurs IoT autonomes mesurant CO2, PM2.5, NO2 et temprature. Transmission MQTT vers dashboard Grafana. Autonomie 6 mois sur batterie avec panneau solaire. Dploy dans 5 quartiers de Lom. Rseau de capteurs IoT autonomes mesurant CO2, PM2.5, NO2 et temprature. Transmission MQTT vers dashboard Grafana. Autonomie 6 mois sur batterie avec panneau solaire. Dploy dans 5 quartiers de Lom. Ce travail s'inscrit dans le contexte de Afrique de l'Ouest. La mthodologie adopte est Recherche exprimentale. Les rsultats obtenus constituent une contribution significative au domaine de Systmes Embarqus.",Systmes Embarqus,Recherche exprimentale,Master 1,2018,Etudiant_0098,Dr. Professeur_13,14.76,afrique|arduino|energie|iot|mqtt,5,1,4,Rseaux,afrique|arduino|co2|co2 pm2|dashboard grafana|energie|iot|mqtt|mqtt vers
MEM-0099,E-commerce pour artisans locaux togolais,"Marketplace permettant aux artisans de vendre en ligne avec intgration du paiement mobile money (Flooz, T-Money). Interface bilingue franais/anglais. 120 artisans onboards lors du lancement pilote.","Marketplace permettant aux artisans de vendre en ligne avec intgration du paiement mobile money (Flooz, T-Money). Interface bilingue franais/anglais. 120 artisans onboards lors du lancement pilote. Ce travail s'inscrit dans le contexte de Togo. La mthodologie adopte est Prototypage rapide. Les rsultats obtenus constituent une contribution significative au domaine de Dveloppement Web.","E-commerce pour artisans locaux togolais. Marketplace permettant aux artisans de vendre en ligne avec intgration du paiement mobile money (Flooz, T-Money). Interface bilingue franais/anglais. 120 artisans onboards lors du lancement pilote. Marketplace permettant aux artisans de vendre en ligne avec intgration du paiement mobile money (Flooz, T-Money). Interface bilingue franais/anglais. 120 artisans onboards lors du lancement pilote. Ce travail s'inscrit dans le contexte de Togo. La mthodologie adopte est Prototypage rapide. Les rsultats obtenus constituent une contribution significative au domaine de Dveloppement Web.",Dveloppement Web,Prototypage rapide,Licence 3,2022,Etudiant_0099,Dr. Professeur_08,10.61,afrique|full-stack|postgresql|rest-api,4,1,1,Bases de donnes,afrique|anglais|artisans|du|full-stack|money|onboards lors|postgresql|rest-api
MEM-0100,Systme de monitoring applicatif temps rel,"Dploiement d'une stack de monitoring avec Prometheus, Grafana et alerting automatique. Couverture de 15 microservices avec dashboards mtier et techniques. MTTR rduit de 4h  20min.","Dploiement d'une stack de monitoring avec Prometheus, Grafana et alerting automatique. Couverture de 15 microservices avec dashboards mtier et techniques. MTTR rduit de 4h  20min. Ce travail s'inscrit dans le contexte de zones rurales. La mthodologie adopte est Dveloppement logiciel (SCRUM). Les rsultats obtenus constituent une contribution significative au domaine de Cloud / DevOps.","Systme de monitoring applicatif temps rel. Dploiement d'une stack de monitoring avec Prometheus, Grafana et alerting automatique. Couverture de 15 microservices avec dashboards mtier et techniques. MTTR rduit de 4h  20min. Dploiement d'une stack de monitoring avec Prometheus, Grafana et alerting automatique. Couverture de 15 microservices avec dashboards mtier et techniques. MTTR rduit de 4h  20min. Ce travail s'inscrit dans le contexte de zones rurales. La mthodologie adopte est Dveloppement logiciel (SCRUM). Les rsultats obtenus constituent une contribution significative au domaine de Cloud / DevOps.",Cloud / DevOps,Dveloppement logiciel (SCRUM),Master 1,2023,Etudiant_0100,Dr. Professeur_05,10.66,aws|docker|kubernetes|microservices|terraform,5,1,6,Cloud / DevOps,15 microservices|4h 20min|alerting|aws|de monitoring|docker|kubernetes|microservices|monitoring|terraform
MEM-0101,Irrigation automatique intelligente,Systme embarqu sur Arduino/Raspberry Pi pour l'irrigation selon l'humidit du sol et les prvisions mto. conomie d'eau de 35% mesure sur 6 mois dans une exploitation agricole pilote.,Systme embarqu sur Arduino/Raspberry Pi pour l'irrigation selon l'humidit du sol et les prvisions mto. conomie d'eau de 35% mesure sur 6 mois dans une exploitation agricole pilote. Ce travail s'inscrit dans le contexte de mobile money. La mthodologie adopte est Prototypage rapide. Les rsultats obtenus constituent une contribution significative au domaine de Systmes Embarqus.,Irrigation automatique intelligente. Systme embarqu sur Arduino/Raspberry Pi pour l'irrigation selon l'humidit du sol et les prvisions mto. conomie d'eau de 35% mesure sur 6 mois dans une exploitation agricole pilote. Systme embarqu sur Arduino/Raspberry Pi pour l'irrigation selon l'humidit du sol et les prvisions mto. conomie d'eau de 35% mesure sur 6 mois dans une exploitation agricole pilote. Ce travail s'inscrit dans le contexte de mobile money. La mthodologie adopte est Prototypage rapide. Les rsultats obtenus constituent une contribution significative au domaine de Systmes Embarqus.,Systmes Embarqus,Prototypage rapide,Master 2,2020,Etudiant_0101,Dr. Professeur_15,14.3,arduino|embarque|energie|temps-reel,4,1,0,Systmes Embarqus,arduino|embarque|energie|et les|exploitation|irrigation|pi|sur|temps-reel
MEM-0102,Irrigation automatique intelligente,Systme embarqu sur Arduino/Raspberry Pi pour l'irrigation selon l'humidit du sol et les prvisions mto. conomie d'eau de 35% mesure sur 6 mois dans une exploitation agricole pilote.,Systme embarqu sur Arduino/Raspberry Pi pour l'irrigation selon l'humidit du sol et les prvisions mto. conomie d'eau de 35% mesure sur 6 mois dans une exploitation agricole pilote. Ce travail s'inscrit dans le contexte de langues locales. La mthodologie adopte est tude de cas. Les rsultats obtenus constituent une contribution significative au domaine de Systmes Embarqus.,Irrigation automatique intelligente. Systme embarqu sur Arduino/Raspberry Pi pour l'irrigation selon l'humidit du sol et les prvisions mto. conomie d'eau de 35% mesure sur 6 mois dans une exploitation agricole pilote. Systme embarqu sur Arduino/Raspberry Pi pour l'irrigation selon l'humidit du sol et les prvisions mto. conomie d'eau de 35% mesure sur 6 mois dans une exploitation agricole pilote. Ce travail s'inscrit dans le contexte de langues locales. La mthodologie adopte est tude de cas. Les rsultats obtenus constituent une contribution significative au domaine de Systmes Embarqus.,Systmes Embarqus,tude de cas,Master 1,2023,Etudiant_0102,Dr. Professeur_03,13.74,arduino|capteurs|iot|temps-reel,4,1,0,Systmes Embarqus,arduino|capteurs|humidit du|iot|irrigation|prvisions|prvisions mto|sur|temps-reel
MEM-0103,Entrept de donnes pour le Ministre de la Sant,"Conception d'un data warehouse selon modlisation en toile pour centraliser les donnes pidmiologiques nationales. Pipeline ETL automatis, 50M enregistrements, requtes analytiques en < 2s.","Conception d'un data warehouse selon modlisation en toile pour centraliser les donnes pidmiologiques nationales. Pipeline ETL automatis, 50M enregistrements, requtes analytiques en < 2s. Ce travail s'inscrit dans le contexte de zones rurales. La mthodologie adopte est Dveloppement logiciel (SCRUM). Les rsultats obtenus constituent une contribution significative au domaine de Bases de donnes.","Entrept de donnes pour le Ministre de la Sant. Conception d'un data warehouse selon modlisation en toile pour centraliser les donnes pidmiologiques nationales. Pipeline ETL automatis, 50M enregistrements, requtes analytiques en < 2s. Conception d'un data warehouse selon modlisation en toile pour centraliser les donnes pidmiologiques nationales. Pipeline ETL automatis, 50M enregistrements, requtes analytiques en < 2s. Ce travail s'inscrit dans le contexte de zones rurales. La mthodologie adopte est Dveloppement logiciel (SCRUM). Les rsultats obtenus constituent une contribution significative au domaine de Bases de donnes.",Bases de donnes,Dveloppement logiciel (SCRUM),Licence 3,2018,Etudiant_0103,Dr. Professeur_10,15.56,etl|mongodb|nosql|optimisation,4,1,1,Bases de donnes,donnes|en|enregistrements|enregistrements requtes|etl|mongodb|nosql|optimisation|un data
MEM-0104,Contrle d'accs biomtrique  faible cot,Systme de contrle d'accs par empreinte digitale et reconnaissance faciale pour scuriser des locaux  budget limit. Cot matriel sous 50 000 FCFA. Dploy dans 3 tablissements scolaires.,Systme de contrle d'accs par empreinte digitale et reconnaissance faciale pour scuriser des locaux  budget limit. Cot matriel sous 50 000 FCFA. Dploy dans 3 tablissements scolaires. Ce travail s'inscrit dans le contexte de langues locales. La mthodologie adopte est Dveloppement logiciel (SCRUM). Les rsultats obtenus constituent une contribution significative au domaine de Systmes Embarqus.,Contrle d'accs biomtrique  faible cot. Systme de contrle d'accs par empreinte digitale et reconnaissance faciale pour scuriser des locaux  budget limit. Cot matriel sous 50 000 FCFA. Dploy dans 3 tablissements scolaires. Systme de contrle d'accs par empreinte digitale et reconnaissance faciale pour scuriser des locaux  budget limit. Cot matriel sous 50 000 FCFA. Dploy dans 3 tablissements scolaires. Ce travail s'inscrit dans le contexte de langues locales. La mthodologie adopte est Dveloppement logiciel (SCRUM). Les rsultats obtenus constituent une contribution significative au domaine de Systmes Embarqus.,Systmes Embarqus,Dveloppement logiciel (SCRUM),Master 1,2020,Etudiant_0104,Dr. Professeur_10,13.52,arduino|embarque|energie|iot|temps-reel,5,1,0,Systmes Embarqus,accs|accs par|arduino|contrle|contrle accs|cot|embarque|energie|iot|temps-reel
MEM-0105,Scurisation des applications mobile banking,Analyse des vulnrabilits des applications de paiement mobile au Togo selon OWASP Mobile Top 10. Implmentation des contre-mesures et chiffrement end-to-end des transactions.,Analyse des vulnrabilits des applications de paiement mobile au Togo selon OWASP Mobile Top 10. Implmentation des contre-mesures et chiffrement end-to-end des transactions. Ce travail s'inscrit dans le contexte de contexte africain. La mthodologie adopte est tude de cas. Les rsultats obtenus constituent une contribution significative au domaine de Cyberscurit.,Scurisation des applications mobile banking. Analyse des vulnrabilits des applications de paiement mobile au Togo selon OWASP Mobile Top 10. Implmentation des contre-mesures et chiffrement end-to-end des transactions. Analyse des vulnrabilits des applications de paiement mobile au Togo selon OWASP Mobile Top 10. Implmentation des contre-mesures et chiffrement end-to-end des transactions. Ce travail s'inscrit dans le contexte de contexte africain. La mthodologie adopte est tude de cas. Les rsultats obtenus constituent une contribution significative au domaine de Cyberscurit.,Cyberscurit,tude de cas,Licence 3,2024,Etudiant_0105,Dr. Professeur_05,11.15,afrique|audit|forensics|intrusion,4,1,2,Cyberscurit,afrique|applications|audit|des|des applications|end|forensics|intrusion|mobile
MEM-0106,Systme de monitoring applicatif temps rel,"Dploiement d'une stack de monitoring avec Prometheus, Grafana et alerting automatique. Couverture de 15 microservices avec dashboards mtier et techniques. MTTR rduit de 4h  20min.","Dploiement d'une stack de monitoring avec Prometheus, Grafana et alerting automatique. Couverture de 15 microservices avec dashboards mtier et techniques. MTTR rduit de 4h  20min. Ce travail s'inscrit dans le contexte de zones rurales. La mthodologie adopte est Dveloppement dirig par les tests (TDD). Les rsultats obtenus constituent une contribution significative au domaine de Cloud / DevOps.","Systme de monitoring applicatif temps rel. Dploiement d'une stack de monitoring avec Prometheus, Grafana et alerting automatique. Couverture de 15 microservices avec dashboards mtier et techniques. MTTR rduit de 4h  20min. Dploiement d'une stack de monitoring avec Prometheus, Grafana et alerting automatique. Couverture de 15 microservices avec dashboards mtier et techniques. MTTR rduit de 4h  20min. Ce travail s'inscrit dans le contexte de zones rurales. La mthodologie adopte est Dveloppement dirig par les tests (TDD). Les rsultats obtenus constituent une contribution significative au domaine de Cloud / DevOps.",Cloud / DevOps,Dveloppement dirig par les tests (TDD),Master 2,2022,Etudiant_0106,Dr. Professeur_13,12.73,aws|devops|kubernetes|microservices|monitoring|terraform,6,1,6,Cloud / DevOps,20min|avec prometheus|aws|de monitoring|devops|grafana et|kubernetes|microservices|monitoring|terraform
MEM-0107,Irrigation automatique intelligente,Systme embarqu sur Arduino/Raspberry Pi pour l'irrigation selon l'humidit du sol et les prvisions mto. conomie d'eau de 35% mesure sur 6 mois dans une exploitation agricole pilote.,Systme embarqu sur Arduino/Raspberry Pi pour l'irrigation selon l'humidit du sol et les prvisions mto. conomie d'eau de 35% mesure sur 6 mois dans une exploitation agricole pilote. Ce travail s'inscrit dans le contexte de Togo. La mthodologie adopte est Dveloppement logiciel (SCRUM). Les rsultats obtenus constituent une contribution significative au domaine de Systmes Embarqus.,Irrigation automatique intelligente. Systme embarqu sur Arduino/Raspberry Pi pour l'irrigation selon l'humidit du sol et les prvisions mto. conomie d'eau de 35% mesure sur 6 mois dans une exploitation agricole pilote. Systme embarqu sur Arduino/Raspberry Pi pour l'irrigation selon l'humidit du sol et les prvisions mto. conomie d'eau de 35% mesure sur 6 mois dans une exploitation agricole pilote. Ce travail s'inscrit dans le contexte de Togo. La mthodologie adopte est Dveloppement logiciel (SCRUM). Les rsultats obtenus constituent une contribution significative au domaine de Systmes Embarqus.,Systmes Embarqus,Dveloppement logiciel (SCRUM),Licence 3,2024,Etudiant_0107,Dr. Professeur_09,10.92,arduino|energie|raspberry-pi,3,1,0,Systmes Embarqus,arduino|embarqu sur|energie|et les|irrigation|prvisions mto|raspberry-pi|sur
MEM-0108,Pipeline CI/CD pour quipe de dveloppement,"Mise en place d'un pipeline d'intgration et dploiement continus avec GitHub Actions, Docker et Kubernetes. Rduction du temps de dploiement de 2 jours  15 minutes. 0 rgression en production.","Mise en place d'un pipeline d'intgration et dploiement continus avec GitHub Actions, Docker et Kubernetes. Rduction du temps de dploiement de 2 jours  15 minutes. 0 rgression en production. Ce travail s'inscrit dans le contexte de Afrique de l'Ouest. La mthodologie adopte est Recherche applique. Les rsultats obtenus constituent une contribution significative au domaine de Cloud / DevOps.","Pipeline CI/CD pour quipe de dveloppement. Mise en place d'un pipeline d'intgration et dploiement continus avec GitHub Actions, Docker et Kubernetes. Rduction du temps de dploiement de 2 jours  15 minutes. 0 rgression en production. Mise en place d'un pipeline d'intgration et dploiement continus avec GitHub Actions, Docker et Kubernetes. Rduction du temps de dploiement de 2 jours  15 minutes. 0 rgression en production. Ce travail s'inscrit dans le contexte de Afrique de l'Ouest. La mthodologie adopte est Recherche applique. Les rsultats obtenus constituent une contribution significative au domaine de Cloud / DevOps.",Cloud / DevOps,Recherche applique,Licence 3,2020,Etudiant_0108,Dr. Professeur_03,18.83,devops|docker|kubernetes|microservices|monitoring|terraform,6,1,1,Bases de donnes,devops|docker|dploiement|en|kubernetes|microservices|minutes|monitoring|pipeline|terraform
MEM-0109,Analyse de sentiment pour les lections africaines,Application du NLP pour analyser l'opinion publique sur les rseaux sociaux pendant les campagnes lectorales. Modle CamemBERT adapt au franais africain avec 89% d'exactitude.,Application du NLP pour analyser l'opinion publique sur les rseaux sociaux pendant les campagnes lectorales. Modle CamemBERT adapt au franais africain avec 89% d'exactitude. Ce travail s'inscrit dans le contexte de langues locales. La mthodologie adopte est Dveloppement logiciel (SCRUM). Les rsultats obtenus constituent une contribution significative au domaine de IA / Machine Learning.,Analyse de sentiment pour les lections africaines. Application du NLP pour analyser l'opinion publique sur les rseaux sociaux pendant les campagnes lectorales. Modle CamemBERT adapt au franais africain avec 89% d'exactitude. Application du NLP pour analyser l'opinion publique sur les rseaux sociaux pendant les campagnes lectorales. Modle CamemBERT adapt au franais africain avec 89% d'exactitude. Ce travail s'inscrit dans le contexte de langues locales. La mthodologie adopte est Dveloppement logiciel (SCRUM). Les rsultats obtenus constituent une contribution significative au domaine de IA / Machine Learning.,IA / Machine Learning,Dveloppement logiciel (SCRUM),Master 1,2021,Etudiant_0109,Dr. Professeur_09,12.16,afrique|bert|classification|neural-network|prediction|python|tensorflow,7,1,4,Rseaux,afrique|bert|classification|lectorales modle|modle camembert|neural-network|nlp|nlp pour|pour analyser|prediction|python|tensorflow
MEM-0110,Migration infrastructure on-premise vers AWS,"Planification et excution complte de la migration cloud d'une PME locale. Architecture 3-tiers sur AWS avec auto-scaling, backup automatique et rduction des cots d'infrastructure de 40%.","Planification et excution complte de la migration cloud d'une PME locale. Architecture 3-tiers sur AWS avec auto-scaling, backup automatique et rduction des cots d'infrastructure de 40%. Ce travail s'inscrit dans le contexte de mobile money. La mthodologie adopte est Recherche applique. Les rsultats obtenus constituent une contribution significative au domaine de Cloud / DevOps.","Migration infrastructure on-premise vers AWS. Planification et excution complte de la migration cloud d'une PME locale. Architecture 3-tiers sur AWS avec auto-scaling, backup automatique et rduction des cots d'infrastructure de 40%. Planification et excution complte de la migration cloud d'une PME locale. Architecture 3-tiers sur AWS avec auto-scaling, backup automatique et rduction des cots d'infrastructure de 40%. Ce travail s'inscrit dans le contexte de mobile money. La mthodologie adopte est Recherche applique. Les rsultats obtenus constituent une contribution significative au domaine de Cloud / DevOps.",Cloud / DevOps,Recherche applique,Master 2,2023,Etudiant_0110,Dr. Professeur_10,13.95,aws|devops|kubernetes|monitoring|terraform,5,0,5,Rseaux,avec auto|aws|aws avec|devops|infrastructure|kubernetes|migration|monitoring|terraform
MEM-0111,Optimisation QoS dans les rseaux 4G,tude et amlioration de la qualit de service pour les applications temps rel sur rseau mobile 4G/LTE. Simulation sous NS-3 et validation terrain avec mesures de latence et dbit.,tude et amlioration de la qualit de service pour les applications temps rel sur rseau mobile 4G/LTE. Simulation sous NS-3 et validation terrain avec mesures de latence et dbit. Ce travail s'inscrit dans le contexte de PME africaine. La mthodologie adopte est Recherche exprimentale. Les rsultats obtenus constituent une contribution significative au domaine de Rseaux.,Optimisation QoS dans les rseaux 4G. tude et amlioration de la qualit de service pour les applications temps rel sur rseau mobile 4G/LTE. Simulation sous NS-3 et validation terrain avec mesures de latence et dbit. tude et amlioration de la qualit de service pour les applications temps rel sur rseau mobile 4G/LTE. Simulation sous NS-3 et validation terrain avec mesures de latence et dbit. Ce travail s'inscrit dans le contexte de PME africaine. La mthodologie adopte est Recherche exprimentale. Les rsultats obtenus constituent une contribution significative au domaine de Rseaux.,Rseaux,Recherche exprimentale,Licence 3,2024,Etudiant_0111,Dr. Professeur_03,17.47,cisco|iot|tcp-ip|wifi,4,1,4,Rseaux,4g|4g lte|cisco|iot|lte|service|sous ns|tcp-ip|wifi
MEM-0112,Architecture rseau IoT pour smart city,"Conception d'une infrastructure de capteurs connects pour la gestion intelligente des feux de circulation, de l'clairage public et des dchets dans une ville de taille moyenne.","Conception d'une infrastructure de capteurs connects pour la gestion intelligente des feux de circulation, de l'clairage public et des dchets dans une ville de taille moyenne. Ce travail s'inscrit dans le contexte de Lom. La mthodologie adopte est Prototypage rapide. Les rsultats obtenus constituent une contribution significative au domaine de Rseaux.","Architecture rseau IoT pour smart city. Conception d'une infrastructure de capteurs connects pour la gestion intelligente des feux de circulation, de l'clairage public et des dchets dans une ville de taille moyenne. Conception d'une infrastructure de capteurs connects pour la gestion intelligente des feux de circulation, de l'clairage public et des dchets dans une ville de taille moyenne. Ce travail s'inscrit dans le contexte de Lom. La mthodologie adopte est Prototypage rapide. Les rsultats obtenus constituent une contribution significative au domaine de Rseaux.",Rseaux,Prototypage rapide,Master 2,2024,Etudiant_0112,Dr. Professeur_15,10.19,4g|cisco|iot|qos|wifi,5,0,5,Rseaux,4g|capteurs connects|circulation de|cisco|clairage public|iot|qos|ville|ville de|wifi
MEM-0113,Contrle d'accs biomtrique  faible cot,Systme de contrle d'accs par empreinte digitale et reconnaissance faciale pour scuriser des locaux  budget limit. Cot matriel sous 50 000 FCFA. Dploy dans 3 tablissements scolaires.,Systme de contrle d'accs par empreinte digitale et reconnaissance faciale pour scuriser des locaux  budget limit. Cot matriel sous 50 000 FCFA. Dploy dans 3 tablissements scolaires. Ce travail s'inscrit dans le contexte de contexte africain. La mthodologie adopte est tude de cas. Les rsultats obtenus constituent une contribution significative au domaine de Systmes Embarqus.,Contrle d'accs biomtrique  faible cot. Systme de contrle d'accs par empreinte digitale et reconnaissance faciale pour scuriser des locaux  budget limit. Cot matriel sous 50 000 FCFA. Dploy dans 3 tablissements scolaires. Systme de contrle d'accs par empreinte digitale et reconnaissance faciale pour scuriser des locaux  budget limit. Cot matriel sous 50 000 FCFA. Dploy dans 3 tablissements scolaires. Ce travail s'inscrit dans le contexte de contexte africain. La mthodologie adopte est tude de cas. Les rsultats obtenus constituent une contribution significative au domaine de Systmes Embarqus.,Systmes Embarqus,tude de cas,Master 2,2021,Etudiant_0113,Dr. Professeur_10,11.72,arduino|capteurs|energie|iot|temps-reel,5,1,0,Systmes Embarqus,accs|accs par|arduino|capteurs|contrle|contrle accs|cot|energie|iot|temps-reel
MEM-0114,Systme de surveillance de la qualit de l'air,"Rseau de capteurs IoT autonomes mesurant CO2, PM2.5, NO2 et temprature. Transmission MQTT vers dashboard Grafana. Autonomie 6 mois sur batterie avec panneau solaire. Dploy dans 5 quartiers de Lom.","Rseau de capteurs IoT autonomes mesurant CO2, PM2.5, NO2 et temprature. Transmission MQTT vers dashboard Grafana. Autonomie 6 mois sur batterie avec panneau solaire. Dploy dans 5 quartiers de Lom. Ce travail s'inscrit dans le contexte de langues locales. La mthodologie adopte est tude de cas. Les rsultats obtenus constituent une contribution significative au domaine de Systmes Embarqus.","Systme de surveillance de la qualit de l'air. Rseau de capteurs IoT autonomes mesurant CO2, PM2.5, NO2 et temprature. Transmission MQTT vers dashboard Grafana. Autonomie 6 mois sur batterie avec panneau solaire. Dploy dans 5 quartiers de Lom. Rseau de capteurs IoT autonomes mesurant CO2, PM2.5, NO2 et temprature. Transmission MQTT vers dashboard Grafana. Autonomie 6 mois sur batterie avec panneau solaire. Dploy dans 5 quartiers de Lom. Ce travail s'inscrit dans le contexte de langues locales. La mthodologie adopte est tude de cas. Les rsultats obtenus constituent une contribution significative au domaine de Systmes Embarqus.",Systmes Embarqus,tude de cas,Licence 3,2019,Etudiant_0114,Dr. Professeur_04,17.46,afrique|arduino|capteurs|energie|iot|mqtt,6,1,4,Rseaux,afrique|arduino|autonomes|autonomes mesurant|capteurs|energie|iot|mqtt|pm2|transmission|transmission mqtt
MEM-0115,Audit de scurit des infrastructures bancaires,"valuation complte de la posture de scurit d'une banque locale par tests de pntration, analyse de code et revue de configuration. Rapport de 47 vulnrabilits identifies avec plan de remdiation.","valuation complte de la posture de scurit d'une banque locale par tests de pntration, analyse de code et revue de configuration. Rapport de 47 vulnrabilits identifies avec plan de remdiation. Ce travail s'inscrit dans le contexte de mobile money. La mthodologie adopte est Prototypage rapide. Les rsultats obtenus constituent une contribution significative au domaine de Cyberscurit.","Audit de scurit des infrastructures bancaires. valuation complte de la posture de scurit d'une banque locale par tests de pntration, analyse de code et revue de configuration. Rapport de 47 vulnrabilits identifies avec plan de remdiation. valuation complte de la posture de scurit d'une banque locale par tests de pntration, analyse de code et revue de configuration. Rapport de 47 vulnrabilits identifies avec plan de remdiation. Ce travail s'inscrit dans le contexte de mobile money. La mthodologie adopte est Prototypage rapide. Les rsultats obtenus constituent une contribution significative au domaine de Cyberscurit.",Cyberscurit,Prototypage rapide,Master 2,2018,Etudiant_0115,Dr. Professeur_05,11.03,audit|cryptographie|intrusion|owasp|siem,5,1,2,Cyberscurit,47|audit|cryptographie|de scurit|intrusion|owasp|scurit|siem|valuation complte|vulnrabilits identifies
MEM-0116,Scurisation des applications mobile banking,Analyse des vulnrabilits des applications de paiement mobile au Togo selon OWASP Mobile Top 10. Implmentation des contre-mesures et chiffrement end-to-end des transactions.,Analyse des vulnrabilits des applications de paiement mobile au Togo selon OWASP Mobile Top 10. Implmentation des contre-mesures et chiffrement end-to-end des transactions. Ce travail s'inscrit dans le contexte de contexte africain. La mthodologie adopte est Dveloppement logiciel (SCRUM). Les rsultats obtenus constituent une contribution significative au domaine de Cyberscurit.,Scurisation des applications mobile banking. Analyse des vulnrabilits des applications de paiement mobile au Togo selon OWASP Mobile Top 10. Implmentation des contre-mesures et chiffrement end-to-end des transactions. Analyse des vulnrabilits des applications de paiement mobile au Togo selon OWASP Mobile Top 10. Implmentation des contre-mesures et chiffrement end-to-end des transactions. Ce travail s'inscrit dans le contexte de contexte africain. La mthodologie adopte est Dveloppement logiciel (SCRUM). Les rsultats obtenus constituent une contribution significative au domaine de Cyberscurit.,Cyberscurit,Dveloppement logiciel (SCRUM),Licence 3,2024,Etudiant_0116,Dr. Professeur_11,18.64,afrique|audit|cryptographie|forensics|intrusion|vulnerabilite,6,1,2,Cyberscurit,afrique|applications|audit|cryptographie|des|des applications|end|forensics|intrusion|mobile|vulnerabilite
MEM-0117,Entrept de donnes pour le Ministre de la Sant,"Conception d'un data warehouse selon modlisation en toile pour centraliser les donnes pidmiologiques nationales. Pipeline ETL automatis, 50M enregistrements, requtes analytiques en < 2s.","Conception d'un data warehouse selon modlisation en toile pour centraliser les donnes pidmiologiques nationales. Pipeline ETL automatis, 50M enregistrements, requtes analytiques en < 2s. Ce travail s'inscrit dans le contexte de Afrique de l'Ouest. La mthodologie adopte est tude de cas. Les rsultats obtenus constituent une contribution significative au domaine de Bases de donnes.","Entrept de donnes pour le Ministre de la Sant. Conception d'un data warehouse selon modlisation en toile pour centraliser les donnes pidmiologiques nationales. Pipeline ETL automatis, 50M enregistrements, requtes analytiques en < 2s. Conception d'un data warehouse selon modlisation en toile pour centraliser les donnes pidmiologiques nationales. Pipeline ETL automatis, 50M enregistrements, requtes analytiques en < 2s. Ce travail s'inscrit dans le contexte de Afrique de l'Ouest. La mthodologie adopte est tude de cas. Les rsultats obtenus constituent une contribution significative au domaine de Bases de donnes.",Bases de donnes,tude de cas,Master 1,2023,Etudiant_0117,Dr. Professeur_08,13.1,etl|indexation|postgresql|sql,4,0,1,Bases de donnes,50m|donnes|en|etl|indexation|nationales pipeline|pipeline etl|postgresql|sql
MEM-0118,Irrigation automatique intelligente,Systme embarqu sur Arduino/Raspberry Pi pour l'irrigation selon l'humidit du sol et les prvisions mto. conomie d'eau de 35% mesure sur 6 mois dans une exploitation agricole pilote.,Systme embarqu sur Arduino/Raspberry Pi pour l'irrigation selon l'humidit du sol et les prvisions mto. conomie d'eau de 35% mesure sur 6 mois dans une exploitation agricole pilote. Ce travail s'inscrit dans le contexte de Togo. La mthodologie adopte est Dveloppement logiciel (SCRUM). Les rsultats obtenus constituent une contribution significative au domaine de Systmes Embarqus.,Irrigation automatique intelligente. Systme embarqu sur Arduino/Raspberry Pi pour l'irrigation selon l'humidit du sol et les prvisions mto. conomie d'eau de 35% mesure sur 6 mois dans une exploitation agricole pilote. Systme embarqu sur Arduino/Raspberry Pi pour l'irrigation selon l'humidit du sol et les prvisions mto. conomie d'eau de 35% mesure sur 6 mois dans une exploitation agricole pilote. Ce travail s'inscrit dans le contexte de Togo. La mthodologie adopte est Dveloppement logiciel (SCRUM). Les rsultats obtenus constituent une contribution significative au domaine de Systmes Embarqus.,Systmes Embarqus,Dveloppement logiciel (SCRUM),Master 2,2024,Etudiant_0118,Dr. Professeur_13,14.5,arduino|capteurs|energie|mqtt,4,1,0,Systmes Embarqus,arduino|capteurs|embarqu sur|energie|et les|irrigation|mqtt|prvisions mto|sur
MEM-0119,Optimisation QoS dans les rseaux 4G,tude et amlioration de la qualit de service pour les applications temps rel sur rseau mobile 4G/LTE. Simulation sous NS-3 et validation terrain avec mesures de latence et dbit.,tude et amlioration de la qualit de service pour les applications temps rel sur rseau mobile 4G/LTE. Simulation sous NS-3 et validation terrain avec mesures de latence et dbit. Ce travail s'inscrit dans le contexte de contexte africain. La mthodologie adopte est Prototypage rapide. Les rsultats obtenus constituent une contribution significative au domaine de Rseaux.,Optimisation QoS dans les rseaux 4G. tude et amlioration de la qualit de service pour les applications temps rel sur rseau mobile 4G/LTE. Simulation sous NS-3 et validation terrain avec mesures de latence et dbit. tude et amlioration de la qualit de service pour les applications temps rel sur rseau mobile 4G/LTE. Simulation sous NS-3 et validation terrain avec mesures de latence et dbit. Ce travail s'inscrit dans le contexte de contexte africain. La mthodologie adopte est Prototypage rapide. Les rsultats obtenus constituent une contribution significative au domaine de Rseaux.,Rseaux,Prototypage rapide,Master 1,2022,Etudiant_0119,Dr. Professeur_02,19.82,protocole|qos|wifi,3,1,4,Rseaux,4g|de latence|lte|protocole|qos|service|sous ns|wifi
MEM-0120,Audit de scurit des infrastructures bancaires,"valuation complte de la posture de scurit d'une banque locale par tests de pntration, analyse de code et revue de configuration. Rapport de 47 vulnrabilits identifies avec plan de remdiation.","valuation complte de la posture de scurit d'une banque locale par tests de pntration, analyse de code et revue de configuration. Rapport de 47 vulnrabilits identifies avec plan de remdiation. Ce travail s'inscrit dans le contexte de Lom. La mthodologie adopte est Recherche exprimentale. Les rsultats obtenus constituent une contribution significative au domaine de Cyberscurit.","Audit de scurit des infrastructures bancaires. valuation complte de la posture de scurit d'une banque locale par tests de pntration, analyse de code et revue de configuration. Rapport de 47 vulnrabilits identifies avec plan de remdiation. valuation complte de la posture de scurit d'une banque locale par tests de pntration, analyse de code et revue de configuration. Rapport de 47 vulnrabilits identifies avec plan de remdiation. Ce travail s'inscrit dans le contexte de Lom. La mthodologie adopte est Recherche exprimentale. Les rsultats obtenus constituent une contribution significative au domaine de Cyberscurit.",Cyberscurit,Recherche exprimentale,Master 2,2021,Etudiant_0120,Dr. Professeur_06,14.09,audit|intrusion|owasp|vulnerabilite,4,1,2,Cyberscurit,47|47 vulnrabilits|audit|de scurit|intrusion|owasp|revue de|scurit|vulnerabilite
MEM-0121,Analyse de sentiment pour les lections africaines,Application du NLP pour analyser l'opinion publique sur les rseaux sociaux pendant les campagnes lectorales. Modle CamemBERT adapt au franais africain avec 89% d'exactitude.,Application du NLP pour analyser l'opinion publique sur les rseaux sociaux pendant les campagnes lectorales. Modle CamemBERT adapt au franais africain avec 89% d'exactitude. Ce travail s'inscrit dans le contexte de langues locales. La mthodologie adopte est Recherche-action. Les rsultats obtenus constituent une contribution significative au domaine de IA / Machine Learning.,Analyse de sentiment pour les lections africaines. Application du NLP pour analyser l'opinion publique sur les rseaux sociaux pendant les campagnes lectorales. Modle CamemBERT adapt au franais africain avec 89% d'exactitude. Application du NLP pour analyser l'opinion publique sur les rseaux sociaux pendant les campagnes lectorales. Modle CamemBERT adapt au franais africain avec 89% d'exactitude. Ce travail s'inscrit dans le contexte de langues locales. La mthodologie adopte est Recherche-action. Les rsultats obtenus constituent une contribution significative au domaine de IA / Machine Learning.,IA / Machine Learning,Recherche-action,Master 1,2018,Etudiant_0121,Dr. Professeur_14,12.52,afrique|bert|deep-learning|neural-network|python|tensorflow,6,1,4,Rseaux,89 exactitude|adapt|afrique|bert|deep-learning|neural-network|opinion publique|python|sociaux|sociaux pendant|tensorflow
MEM-0122,Implmentation d'un SIEM open source,Dploiement et configuration de Wazuh/ELK Stack pour la dtection d'intrusions en temps rel. Dfinition de 120 rgles de corrlation et procdures de rponse aux incidents pour une PME.,Dploiement et configuration de Wazuh/ELK Stack pour la dtection d'intrusions en temps rel. Dfinition de 120 rgles de corrlation et procdures de rponse aux incidents pour une PME. Ce travail s'inscrit dans le contexte de Lom. La mthodologie adopte est Dveloppement logiciel (SCRUM). Les rsultats obtenus constituent une contribution significative au domaine de Cyberscurit.,Implmentation d'un SIEM open source. Dploiement et configuration de Wazuh/ELK Stack pour la dtection d'intrusions en temps rel. Dfinition de 120 rgles de corrlation et procdures de rponse aux incidents pour une PME. Dploiement et configuration de Wazuh/ELK Stack pour la dtection d'intrusions en temps rel. Dfinition de 120 rgles de corrlation et procdures de rponse aux incidents pour une PME. Ce travail s'inscrit dans le contexte de Lom. La mthodologie adopte est Dveloppement logiciel (SCRUM). Les rsultats obtenus constituent une contribution significative au domaine de Cyberscurit.,Cyberscurit,Dveloppement logiciel (SCRUM),Master 2,2023,Etudiant_0122,Dr. Professeur_12,11.29,audit|owasp|vulnerabilite,3,1,3,Dveloppement Web,audit|aux incidents|configuration de|intrusions en|owasp|procdures de|stack pour|vulnerabilite
MEM-0123,Application de suivi de grossesse pour zones rurales,"App mobile hors-ligne pour le suivi mdical des femmes enceintes sans connexion internet. Synchronisation diffre des donnes. Dploye dans 12 centres de sant ruraux, 800 femmes suivies.","App mobile hors-ligne pour le suivi mdical des femmes enceintes sans connexion internet. Synchronisation diffre des donnes. Dploye dans 12 centres de sant ruraux, 800 femmes suivies. Ce travail s'inscrit dans le contexte de Afrique de l'Ouest. La mthodologie adopte est tude de cas. Les rsultats obtenus constituent une contribution significative au domaine de Mobile.","Application de suivi de grossesse pour zones rurales. App mobile hors-ligne pour le suivi mdical des femmes enceintes sans connexion internet. Synchronisation diffre des donnes. Dploye dans 12 centres de sant ruraux, 800 femmes suivies. App mobile hors-ligne pour le suivi mdical des femmes enceintes sans connexion internet. Synchronisation diffre des donnes. Dploye dans 12 centres de sant ruraux, 800 femmes suivies. Ce travail s'inscrit dans le contexte de Afrique de l'Ouest. La mthodologie adopte est tude de cas. Les rsultats obtenus constituent une contribution significative au domaine de Mobile.",Mobile,tude de cas,Master 2,2024,Etudiant_0123,Dr. Professeur_07,16.46,geolocalisation|offline|react-native|ux,4,1,7,Mobile,800|dans 12|femmes|geolocalisation|internet synchronisation|offline|react-native|suivi|ux
MEM-0124,Prdiction du dcrochage scolaire par machine learning,Ce projet applique Random Forest et XGBoost pour identifier les tudiants  risque de dcrochage  partir de donnes acadmiques et comportementales. Un tableau de bord de visualisation est dvelopp pour les responsables.,Ce projet applique Random Forest et XGBoost pour identifier les tudiants  risque de dcrochage  partir de donnes acadmiques et comportementales. Un tableau de bord de visualisation est dvelopp pour les responsables. Ce travail s'inscrit dans le contexte de zones rurales. La mthodologie adopte est Recherche applique. Les rsultats obtenus constituent une contribution significative au domaine de IA / Machine Learning.,Prdiction du dcrochage scolaire par machine learning. Ce projet applique Random Forest et XGBoost pour identifier les tudiants  risque de dcrochage  partir de donnes acadmiques et comportementales. Un tableau de bord de visualisation est dvelopp pour les responsables. Ce projet applique Random Forest et XGBoost pour identifier les tudiants  risque de dcrochage  partir de donnes acadmiques et comportementales. Un tableau de bord de visualisation est dvelopp pour les responsables. Ce travail s'inscrit dans le contexte de zones rurales. La mthodologie adopte est Recherche applique. Les rsultats obtenus constituent une contribution significative au domaine de IA / Machine Learning.,IA / Machine Learning,Recherche applique,Licence 3,2019,Etudiant_0124,Dr. Professeur_14,10.77,classification|deep-learning|neural-network|prediction,4,1,3,Dveloppement Web,classification|dcrochage|deep-learning|dvelopp pour|est dvelopp|et comportementales|neural-network|prediction|xgboost
MEM-0125,Analyse de sentiment pour les lections africaines,Application du NLP pour analyser l'opinion publique sur les rseaux sociaux pendant les campagnes lectorales. Modle CamemBERT adapt au franais africain avec 89% d'exactitude.,Application du NLP pour analyser l'opinion publique sur les rseaux sociaux pendant les campagnes lectorales. Modle CamemBERT adapt au franais africain avec 89% d'exactitude. Ce travail s'inscrit dans le contexte de PME africaine. La mthodologie adopte est Recherche applique. Les rsultats obtenus constituent une contribution significative au domaine de IA / Machine Learning.,Analyse de sentiment pour les lections africaines. Application du NLP pour analyser l'opinion publique sur les rseaux sociaux pendant les campagnes lectorales. Modle CamemBERT adapt au franais africain avec 89% d'exactitude. Application du NLP pour analyser l'opinion publique sur les rseaux sociaux pendant les campagnes lectorales. Modle CamemBERT adapt au franais africain avec 89% d'exactitude. Ce travail s'inscrit dans le contexte de PME africaine. La mthodologie adopte est Recherche applique. Les rsultats obtenus constituent une contribution significative au domaine de IA / Machine Learning.,IA / Machine Learning,Recherche applique,Master 2,2019,Etudiant_0125,Dr. Professeur_06,10.44,afrique|bert|classification|deep-learning|neural-network|prediction|tensorflow,7,1,4,Rseaux,adapt|afrique|bert|classification|deep-learning|lectorales modle|modle|modle camembert|neural-network|prediction|rseaux sociaux|tensorflow
MEM-0126,Optimisation QoS dans les rseaux 4G,tude et amlioration de la qualit de service pour les applications temps rel sur rseau mobile 4G/LTE. Simulation sous NS-3 et validation terrain avec mesures de latence et dbit.,tude et amlioration de la qualit de service pour les applications temps rel sur rseau mobile 4G/LTE. Simulation sous NS-3 et validation terrain avec mesures de latence et dbit. Ce travail s'inscrit dans le contexte de PME africaine. La mthodologie adopte est Prototypage rapide. Les rsultats obtenus constituent une contribution significative au domaine de Rseaux.,Optimisation QoS dans les rseaux 4G. tude et amlioration de la qualit de service pour les applications temps rel sur rseau mobile 4G/LTE. Simulation sous NS-3 et validation terrain avec mesures de latence et dbit. tude et amlioration de la qualit de service pour les applications temps rel sur rseau mobile 4G/LTE. Simulation sous NS-3 et validation terrain avec mesures de latence et dbit. Ce travail s'inscrit dans le contexte de PME africaine. La mthodologie adopte est Prototypage rapide. Les rsultats obtenus constituent une contribution significative au domaine de Rseaux.,Rseaux,Prototypage rapide,Master 1,2024,Etudiant_0126,Dr. Professeur_04,19.04,4g|iot|ns3|protocole|tcp-ip,5,1,4,Rseaux,4g|iot|lte simulation|mesures de|ns et|ns3|protocole|rel sur|tcp-ip
MEM-0127,Optimisation performances BDD hospitalire,"Analyse et optimisation d'un systme de gestion hospitalire sous PostgreSQL. Indexation, partitionnement et rcriture de requtes. Rduction du temps de rponse moyen de 8s  0.3s.","Analyse et optimisation d'un systme de gestion hospitalire sous PostgreSQL. Indexation, partitionnement et rcriture de requtes. Rduction du temps de rponse moyen de 8s  0.3s. Ce travail s'inscrit dans le contexte de zones rurales. La mthodologie adopte est Dveloppement dirig par les tests (TDD). Les rsultats obtenus constituent une contribution significative au domaine de Bases de donnes.","Optimisation performances BDD hospitalire. Analyse et optimisation d'un systme de gestion hospitalire sous PostgreSQL. Indexation, partitionnement et rcriture de requtes. Rduction du temps de rponse moyen de 8s  0.3s. Analyse et optimisation d'un systme de gestion hospitalire sous PostgreSQL. Indexation, partitionnement et rcriture de requtes. Rduction du temps de rponse moyen de 8s  0.3s. Ce travail s'inscrit dans le contexte de zones rurales. La mthodologie adopte est Dveloppement dirig par les tests (TDD). Les rsultats obtenus constituent une contribution significative au domaine de Bases de donnes.",Bases de donnes,Dveloppement dirig par les tests (TDD),Master 1,2024,Etudiant_0127,Dr. Professeur_01,18.73,indexation|mongodb|optimisation|postgresql|sql,5,1,1,Bases de donnes,analyse et|hospitalire|indexation|mongodb|optimisation|postgresql|rcriture|sous postgresql|sql
MEM-0128,Contrle d'accs biomtrique  faible cot,Systme de contrle d'accs par empreinte digitale et reconnaissance faciale pour scuriser des locaux  budget limit. Cot matriel sous 50 000 FCFA. Dploy dans 3 tablissements scolaires.,Systme de contrle d'accs par empreinte digitale et reconnaissance faciale pour scuriser des locaux  budget limit. Cot matriel sous 50 000 FCFA. Dploy dans 3 tablissements scolaires. Ce travail s'inscrit dans le contexte de PME africaine. La mthodologie adopte est Dveloppement logiciel (SCRUM). Les rsultats obtenus constituent une contribution significative au domaine de Systmes Embarqus.,Contrle d'accs biomtrique  faible cot. Systme de contrle d'accs par empreinte digitale et reconnaissance faciale pour scuriser des locaux  budget limit. Cot matriel sous 50 000 FCFA. Dploy dans 3 tablissements scolaires. Systme de contrle d'accs par empreinte digitale et reconnaissance faciale pour scuriser des locaux  budget limit. Cot matriel sous 50 000 FCFA. Dploy dans 3 tablissements scolaires. Ce travail s'inscrit dans le contexte de PME africaine. La mthodologie adopte est Dveloppement logiciel (SCRUM). Les rsultats obtenus constituent une contribution significative au domaine de Systmes Embarqus.,Systmes Embarqus,Dveloppement logiciel (SCRUM),Master 2,2024,Etudiant_0128,Dr. Professeur_03,19.05,arduino|embarque|energie|iot|raspberry-pi,5,1,0,Systmes Embarqus,accs|accs par|arduino|contrle|contrle accs|cot|embarque|energie|iot|raspberry-pi
MEM-0129,Systme de vote lectronique scuris,"Plateforme de vote en ligne base sur la cryptographie asymtrique RSA et la blockchain lgre. Garantit l'anonymat, l'intgrit et la traabilit des votes. Test lors d'une lection tudiante relle.","Plateforme de vote en ligne base sur la cryptographie asymtrique RSA et la blockchain lgre. Garantit l'anonymat, l'intgrit et la traabilit des votes. Test lors d'une lection tudiante relle. Ce travail s'inscrit dans le contexte de contexte africain. La mthodologie adopte est Dveloppement dirig par les tests (TDD). Les rsultats obtenus constituent une contribution significative au domaine de Dveloppement Web.","Systme de vote lectronique scuris. Plateforme de vote en ligne base sur la cryptographie asymtrique RSA et la blockchain lgre. Garantit l'anonymat, l'intgrit et la traabilit des votes. Test lors d'une lection tudiante relle. Plateforme de vote en ligne base sur la cryptographie asymtrique RSA et la blockchain lgre. Garantit l'anonymat, l'intgrit et la traabilit des votes. Test lors d'une lection tudiante relle. Ce travail s'inscrit dans le contexte de contexte africain. La mthodologie adopte est Dveloppement dirig par les tests (TDD). Les rsultats obtenus constituent une contribution significative au domaine de Dveloppement Web.",Dveloppement Web,Dveloppement dirig par les tests (TDD),Master 1,2020,Etudiant_0129,Dr. Professeur_02,12.36,blockchain|docker|full-stack|react,4,1,2,Cyberscurit,blockchain|de vote|docker|et la|full-stack|la cryptographie|react|rsa et|vote
MEM-0130,Prdiction du dcrochage scolaire par machine learning,Ce projet applique Random Forest et XGBoost pour identifier les tudiants  risque de dcrochage  partir de donnes acadmiques et comportementales. Un tableau de bord de visualisation est dvelopp pour les responsables.,Ce projet applique Random Forest et XGBoost pour identifier les tudiants  risque de dcrochage  partir de donnes acadmiques et comportementales. Un tableau de bord de visualisation est dvelopp pour les responsables. Ce travail s'inscrit dans le contexte de PME africaine. La mthodologie adopte est Dveloppement logiciel (SCRUM). Les rsultats obtenus constituent une contribution significative au domaine de IA / Machine Learning.,Prdiction du dcrochage scolaire par machine learning. Ce projet applique Random Forest et XGBoost pour identifier les tudiants  risque de dcrochage  partir de donnes acadmiques et comportementales. Un tableau de bord de visualisation est dvelopp pour les responsables. Ce projet applique Random Forest et XGBoost pour identifier les tudiants  risque de dcrochage  partir de donnes acadmiques et comportementales. Un tableau de bord de visualisation est dvelopp pour les responsables. Ce travail s'inscrit dans le contexte de PME africaine. La mthodologie adopte est Dveloppement logiciel (SCRUM). Les rsultats obtenus constituent une contribution significative au domaine de IA / Machine Learning.,IA / Machine Learning,Dveloppement logiciel (SCRUM),Master 2,2023,Etudiant_0130,Dr. Professeur_03,16.96,deep-learning|machine-learning|nlp|prediction,4,1,3,Dveloppement Web,dcrochage|deep-learning|est dvelopp|et comportementales|les responsables|machine-learning|nlp|prediction|xgboost
MEM-0131,Optimisation performances BDD hospitalire,"Analyse et optimisation d'un systme de gestion hospitalire sous PostgreSQL. Indexation, partitionnement et rcriture de requtes. Rduction du temps de rponse moyen de 8s  0.3s.","Analyse et optimisation d'un systme de gestion hospitalire sous PostgreSQL. Indexation, partitionnement et rcriture de requtes. Rduction du temps de rponse moyen de 8s  0.3s. Ce travail s'inscrit dans le contexte de Lom. La mthodologie adopte est Prototypage rapide. Les rsultats obtenus constituent une contribution significative au domaine de Bases de donnes.","Optimisation performances BDD hospitalire. Analyse et optimisation d'un systme de gestion hospitalire sous PostgreSQL. Indexation, partitionnement et rcriture de requtes. Rduction du temps de rponse moyen de 8s  0.3s. Analyse et optimisation d'un systme de gestion hospitalire sous PostgreSQL. Indexation, partitionnement et rcriture de requtes. Rduction du temps de rponse moyen de 8s  0.3s. Ce travail s'inscrit dans le contexte de Lom. La mthodologie adopte est Prototypage rapide. Les rsultats obtenus constituent une contribution significative au domaine de Bases de donnes.",Bases de donnes,Prototypage rapide,Licence 3,2018,Etudiant_0131,Dr. Professeur_05,11.11,mongodb|optimisation|postgresql|sql,4,1,1,Bases de donnes,8s|8s 3s|hospitalire|mongodb|optimisation|postgresql|sous postgresql|sql
MEM-0132,Plateforme de gestion des stages universitaires,"Application full-stack React/FastAPI permettant aux tudiants de postuler aux stages, aux entreprises de publier des offres et  l'universit de suivre les conventions. Dploye sur 3 universits togolaises.","Application full-stack React/FastAPI permettant aux tudiants de postuler aux stages, aux entreprises de publier des offres et  l'universit de suivre les conventions. Dploye sur 3 universits togolaises. Ce travail s'inscrit dans le contexte de mobile money. La mthodologie adopte est Recherche exprimentale. Les rsultats obtenus constituent une contribution significative au domaine de Dveloppement Web.","Plateforme de gestion des stages universitaires. Application full-stack React/FastAPI permettant aux tudiants de postuler aux stages, aux entreprises de publier des offres et  l'universit de suivre les conventions. Dploye sur 3 universits togolaises. Application full-stack React/FastAPI permettant aux tudiants de postuler aux stages, aux entreprises de publier des offres et  l'universit de suivre les conventions. Dploye sur 3 universits togolaises. Ce travail s'inscrit dans le contexte de mobile money. La mthodologie adopte est Recherche exprimentale. Les rsultats obtenus constituent une contribution significative au domaine de Dveloppement Web.",Dveloppement Web,Recherche exprimentale,Master 1,2023,Etudiant_0132,Dr. Professeur_05,17.19,afrique|docker|fastapi|full-stack|javascript|postgresql|react,7,1,3,Dveloppement Web,afrique|aux|docker|fastapi|full-stack|javascript|les conventions|postgresql|react|stack react|stages|stages aux
MEM-0133,Systme de surveillance de la qualit de l'air,"Rseau de capteurs IoT autonomes mesurant CO2, PM2.5, NO2 et temprature. Transmission MQTT vers dashboard Grafana. Autonomie 6 mois sur batterie avec panneau solaire. Dploy dans 5 quartiers de Lom.","Rseau de capteurs IoT autonomes mesurant CO2, PM2.5, NO2 et temprature. Transmission MQTT vers dashboard Grafana. Autonomie 6 mois sur batterie avec panneau solaire. Dploy dans 5 quartiers de Lom. Ce travail s'inscrit dans le contexte de Lom. La mthodologie adopte est Prototypage rapide. Les rsultats obtenus constituent une contribution significative au domaine de Systmes Embarqus.","Systme de surveillance de la qualit de l'air. Rseau de capteurs IoT autonomes mesurant CO2, PM2.5, NO2 et temprature. Transmission MQTT vers dashboard Grafana. Autonomie 6 mois sur batterie avec panneau solaire. Dploy dans 5 quartiers de Lom. Rseau de capteurs IoT autonomes mesurant CO2, PM2.5, NO2 et temprature. Transmission MQTT vers dashboard Grafana. Autonomie 6 mois sur batterie avec panneau solaire. Dploy dans 5 quartiers de Lom. Ce travail s'inscrit dans le contexte de Lom. La mthodologie adopte est Prototypage rapide. Les rsultats obtenus constituent une contribution significative au domaine de Systmes Embarqus.",Systmes Embarqus,Prototypage rapide,Master 1,2019,Etudiant_0133,Dr. Professeur_01,18.73,afrique|arduino|energie|iot|mqtt|raspberry-pi,6,1,4,Rseaux,afrique|arduino|autonomes|autonomes mesurant|autonomie|autonomie mois|energie|iot|mqtt|raspberry-pi|vers dashboard
MEM-0134,Irrigation automatique intelligente,Systme embarqu sur Arduino/Raspberry Pi pour l'irrigation selon l'humidit du sol et les prvisions mto. conomie d'eau de 35% mesure sur 6 mois dans une exploitation agricole pilote.,Systme embarqu sur Arduino/Raspberry Pi pour l'irrigation selon l'humidit du sol et les prvisions mto. conomie d'eau de 35% mesure sur 6 mois dans une exploitation agricole pilote. Ce travail s'inscrit dans le contexte de Afrique de l'Ouest. La mthodologie adopte est Recherche-action. Les rsultats obtenus constituent une contribution significative au domaine de Systmes Embarqus.,Irrigation automatique intelligente. Systme embarqu sur Arduino/Raspberry Pi pour l'irrigation selon l'humidit du sol et les prvisions mto. conomie d'eau de 35% mesure sur 6 mois dans une exploitation agricole pilote. Systme embarqu sur Arduino/Raspberry Pi pour l'irrigation selon l'humidit du sol et les prvisions mto. conomie d'eau de 35% mesure sur 6 mois dans une exploitation agricole pilote. Ce travail s'inscrit dans le contexte de Afrique de l'Ouest. La mthodologie adopte est Recherche-action. Les rsultats obtenus constituent une contribution significative au domaine de Systmes Embarqus.,Systmes Embarqus,Recherche-action,Licence 3,2020,Etudiant_0134,Dr. Professeur_12,17.72,arduino|embarque|raspberry-pi|temps-reel,4,1,0,Systmes Embarqus,arduino|embarque|irrigation|raspberry|raspberry pi|raspberry-pi|sur|sur mois|temps-reel
MEM-0135,Audit de scurit des infrastructures bancaires,"valuation complte de la posture de scurit d'une banque locale par tests de pntration, analyse de code et revue de configuration. Rapport de 47 vulnrabilits identifies avec plan de remdiation.","valuation complte de la posture de scurit d'une banque locale par tests de pntration, analyse de code et revue de configuration. Rapport de 47 vulnrabilits identifies avec plan de remdiation. Ce travail s'inscrit dans le contexte de zones rurales. La mthodologie adopte est Recherche applique. Les rsultats obtenus constituent une contribution significative au domaine de Cyberscurit.","Audit de scurit des infrastructures bancaires. valuation complte de la posture de scurit d'une banque locale par tests de pntration, analyse de code et revue de configuration. Rapport de 47 vulnrabilits identifies avec plan de remdiation. valuation complte de la posture de scurit d'une banque locale par tests de pntration, analyse de code et revue de configuration. Rapport de 47 vulnrabilits identifies avec plan de remdiation. Ce travail s'inscrit dans le contexte de zones rurales. La mthodologie adopte est Recherche applique. Les rsultats obtenus constituent une contribution significative au domaine de Cyberscurit.",Cyberscurit,Recherche applique,Master 2,2020,Etudiant_0135,Dr. Professeur_02,18.11,audit|cryptographie|forensics|intrusion|owasp,5,1,2,Cyberscurit,audit|code et|cryptographie|de scurit|forensics|intrusion|owasp|rapport de|revue|scurit
MEM-0136,Entrept de donnes pour le Ministre de la Sant,"Conception d'un data warehouse selon modlisation en toile pour centraliser les donnes pidmiologiques nationales. Pipeline ETL automatis, 50M enregistrements, requtes analytiques en < 2s.","Conception d'un data warehouse selon modlisation en toile pour centraliser les donnes pidmiologiques nationales. Pipeline ETL automatis, 50M enregistrements, requtes analytiques en < 2s. Ce travail s'inscrit dans le contexte de Lom. La mthodologie adopte est Recherche applique. Les rsultats obtenus constituent une contribution significative au domaine de Bases de donnes.","Entrept de donnes pour le Ministre de la Sant. Conception d'un data warehouse selon modlisation en toile pour centraliser les donnes pidmiologiques nationales. Pipeline ETL automatis, 50M enregistrements, requtes analytiques en < 2s. Conception d'un data warehouse selon modlisation en toile pour centraliser les donnes pidmiologiques nationales. Pipeline ETL automatis, 50M enregistrements, requtes analytiques en < 2s. Ce travail s'inscrit dans le contexte de Lom. La mthodologie adopte est Recherche applique. Les rsultats obtenus constituent une contribution significative au domaine de Bases de donnes.",Bases de donnes,Recherche applique,Licence 3,2018,Etudiant_0136,Dr. Professeur_09,19.89,etl|optimisation|postgresql,3,1,1,Bases de donnes,automatis|donnes|en|etl|modlisation|optimisation|pipeline etl|postgresql
MEM-0137,Analyse de sentiment pour les lections africaines,Application du NLP pour analyser l'opinion publique sur les rseaux sociaux pendant les campagnes lectorales. Modle CamemBERT adapt au franais africain avec 89% d'exactitude.,Application du NLP pour analyser l'opinion publique sur les rseaux sociaux pendant les campagnes lectorales. Modle CamemBERT adapt au franais africain avec 89% d'exactitude. Ce travail s'inscrit dans le contexte de contexte africain. La mthodologie adopte est Recherche exprimentale. Les rsultats obtenus constituent une contribution significative au domaine de IA / Machine Learning.,Analyse de sentiment pour les lections africaines. Application du NLP pour analyser l'opinion publique sur les rseaux sociaux pendant les campagnes lectorales. Modle CamemBERT adapt au franais africain avec 89% d'exactitude. Application du NLP pour analyser l'opinion publique sur les rseaux sociaux pendant les campagnes lectorales. Modle CamemBERT adapt au franais africain avec 89% d'exactitude. Ce travail s'inscrit dans le contexte de contexte africain. La mthodologie adopte est Recherche exprimentale. Les rsultats obtenus constituent une contribution significative au domaine de IA / Machine Learning.,IA / Machine Learning,Recherche exprimentale,Master 1,2020,Etudiant_0137,Dr. Professeur_07,14.37,afrique|bert|machine-learning|neural-network|nlp,5,1,4,Rseaux,89|89 exactitude|afrique|bert|machine-learning|modle camembert|neural-network|nlp|publique sur
MEM-0138,Pipeline CI/CD pour quipe de dveloppement,"Mise en place d'un pipeline d'intgration et dploiement continus avec GitHub Actions, Docker et Kubernetes. Rduction du temps de dploiement de 2 jours  15 minutes. 0 rgression en production.","Mise en place d'un pipeline d'intgration et dploiement continus avec GitHub Actions, Docker et Kubernetes. Rduction du temps de dploiement de 2 jours  15 minutes. 0 rgression en production. Ce travail s'inscrit dans le contexte de Afrique de l'Ouest. La mthodologie adopte est Recherche exprimentale. Les rsultats obtenus constituent une contribution significative au domaine de Cloud / DevOps.","Pipeline CI/CD pour quipe de dveloppement. Mise en place d'un pipeline d'intgration et dploiement continus avec GitHub Actions, Docker et Kubernetes. Rduction du temps de dploiement de 2 jours  15 minutes. 0 rgression en production. Mise en place d'un pipeline d'intgration et dploiement continus avec GitHub Actions, Docker et Kubernetes. Rduction du temps de dploiement de 2 jours  15 minutes. 0 rgression en production. Ce travail s'inscrit dans le contexte de Afrique de l'Ouest. La mthodologie adopte est Recherche exprimentale. Les rsultats obtenus constituent une contribution significative au domaine de Cloud / DevOps.",Cloud / DevOps,Recherche exprimentale,Master 1,2023,Etudiant_0138,Dr. Professeur_02,17.27,docker|kubernetes|microservices|monitoring|terraform,5,1,1,Bases de donnes,docker|dploiement|en|kubernetes|microservices|minutes|monitoring|pipeline|terraform
MEM-0139,Scurisation des applications mobile banking,Analyse des vulnrabilits des applications de paiement mobile au Togo selon OWASP Mobile Top 10. Implmentation des contre-mesures et chiffrement end-to-end des transactions.,Analyse des vulnrabilits des applications de paiement mobile au Togo selon OWASP Mobile Top 10. Implmentation des contre-mesures et chiffrement end-to-end des transactions. Ce travail s'inscrit dans le contexte de langues locales. La mthodologie adopte est Recherche applique. Les rsultats obtenus constituent une contribution significative au domaine de Cyberscurit.,Scurisation des applications mobile banking. Analyse des vulnrabilits des applications de paiement mobile au Togo selon OWASP Mobile Top 10. Implmentation des contre-mesures et chiffrement end-to-end des transactions. Analyse des vulnrabilits des applications de paiement mobile au Togo selon OWASP Mobile Top 10. Implmentation des contre-mesures et chiffrement end-to-end des transactions. Ce travail s'inscrit dans le contexte de langues locales. La mthodologie adopte est Recherche applique. Les rsultats obtenus constituent une contribution significative au domaine de Cyberscurit.,Cyberscurit,Recherche applique,Master 1,2018,Etudiant_0139,Dr. Professeur_12,14.46,afrique|audit|owasp|vulnerabilite,4,1,2,Cyberscurit,afrique|applications|audit|des|des applications|end|mobile|owasp|vulnerabilite
MEM-0140,Optimisation performances BDD hospitalire,"Analyse et optimisation d'un systme de gestion hospitalire sous PostgreSQL. Indexation, partitionnement et rcriture de requtes. Rduction du temps de rponse moyen de 8s  0.3s.","Analyse et optimisation d'un systme de gestion hospitalire sous PostgreSQL. Indexation, partitionnement et rcriture de requtes. Rduction du temps de rponse moyen de 8s  0.3s. Ce travail s'inscrit dans le contexte de Afrique de l'Ouest. La mthodologie adopte est tude de cas. Les rsultats obtenus constituent une contribution significative au domaine de Bases de donnes.","Optimisation performances BDD hospitalire. Analyse et optimisation d'un systme de gestion hospitalire sous PostgreSQL. Indexation, partitionnement et rcriture de requtes. Rduction du temps de rponse moyen de 8s  0.3s. Analyse et optimisation d'un systme de gestion hospitalire sous PostgreSQL. Indexation, partitionnement et rcriture de requtes. Rduction du temps de rponse moyen de 8s  0.3s. Ce travail s'inscrit dans le contexte de Afrique de l'Ouest. La mthodologie adopte est tude de cas. Les rsultats obtenus constituent une contribution significative au domaine de Bases de donnes.",Bases de donnes,tude de cas,Licence 3,2023,Etudiant_0140,Dr. Professeur_07,16.71,etl|nosql|optimisation|postgresql,4,1,1,Bases de donnes,etl|hospitalire|hospitalire sous|nosql|optimisation|postgresql|rcriture de|sous postgresql
MEM-0141,Audit de scurit des infrastructures bancaires,"valuation complte de la posture de scurit d'une banque locale par tests de pntration, analyse de code et revue de configuration. Rapport de 47 vulnrabilits identifies avec plan de remdiation.","valuation complte de la posture de scurit d'une banque locale par tests de pntration, analyse de code et revue de configuration. Rapport de 47 vulnrabilits identifies avec plan de remdiation. Ce travail s'inscrit dans le contexte de contexte africain. La mthodologie adopte est Recherche exprimentale. Les rsultats obtenus constituent une contribution significative au domaine de Cyberscurit.","Audit de scurit des infrastructures bancaires. valuation complte de la posture de scurit d'une banque locale par tests de pntration, analyse de code et revue de configuration. Rapport de 47 vulnrabilits identifies avec plan de remdiation. valuation complte de la posture de scurit d'une banque locale par tests de pntration, analyse de code et revue de configuration. Rapport de 47 vulnrabilits identifies avec plan de remdiation. Ce travail s'inscrit dans le contexte de contexte africain. La mthodologie adopte est Recherche exprimentale. Les rsultats obtenus constituent une contribution significative au domaine de Cyberscurit.",Cyberscurit,Recherche exprimentale,Master 2,2023,Etudiant_0141,Dr. Professeur_10,13.62,intrusion|pentesting|siem|vulnerabilite,4,0,2,Cyberscurit,code et|de scurit|intrusion|locale par|pentesting|scurit|siem|vulnerabilite|vulnrabilits identifies
MEM-0142,Scurisation des applications mobile banking,Analyse des vulnrabilits des applications de paiement mobile au Togo selon OWASP Mobile Top 10. Implmentation des contre-mesures et chiffrement end-to-end des transactions.,Analyse des vulnrabilits des applications de paiement mobile au Togo selon OWASP Mobile Top 10. Implmentation des contre-mesures et chiffrement end-to-end des transactions. Ce travail s'inscrit dans le contexte de contexte africain. La mthodologie adopte est tude de cas. Les rsultats obtenus constituent une contribution significative au domaine de Cyberscurit.,Scurisation des applications mobile banking. Analyse des vulnrabilits des applications de paiement mobile au Togo selon OWASP Mobile Top 10. Implmentation des contre-mesures et chiffrement end-to-end des transactions. Analyse des vulnrabilits des applications de paiement mobile au Togo selon OWASP Mobile Top 10. Implmentation des contre-mesures et chiffrement end-to-end des transactions. Ce travail s'inscrit dans le contexte de contexte africain. La mthodologie adopte est tude de cas. Les rsultats obtenus constituent une contribution significative au domaine de Cyberscurit.,Cyberscurit,tude de cas,Master 1,2020,Etudiant_0142,Dr. Professeur_11,13.98,afrique|forensics|intrusion|siem|vulnerabilite,5,1,2,Cyberscurit,afrique|applications|des|des applications|end|forensics|intrusion|mobile|siem|vulnerabilite
MEM-0143,Plateforme de gestion des stages universitaires,"Application full-stack React/FastAPI permettant aux tudiants de postuler aux stages, aux entreprises de publier des offres et  l'universit de suivre les conventions. Dploye sur 3 universits togolaises.","Application full-stack React/FastAPI permettant aux tudiants de postuler aux stages, aux entreprises de publier des offres et  l'universit de suivre les conventions. Dploye sur 3 universits togolaises. Ce travail s'inscrit dans le contexte de PME africaine. La mthodologie adopte est Recherche-action. Les rsultats obtenus constituent une contribution significative au domaine de Dveloppement Web.","Plateforme de gestion des stages universitaires. Application full-stack React/FastAPI permettant aux tudiants de postuler aux stages, aux entreprises de publier des offres et  l'universit de suivre les conventions. Dploye sur 3 universits togolaises. Application full-stack React/FastAPI permettant aux tudiants de postuler aux stages, aux entreprises de publier des offres et  l'universit de suivre les conventions. Dploye sur 3 universits togolaises. Ce travail s'inscrit dans le contexte de PME africaine. La mthodologie adopte est Recherche-action. Les rsultats obtenus constituent une contribution significative au domaine de Dveloppement Web.",Dveloppement Web,Recherche-action,Licence 3,2021,Etudiant_0143,Dr. Professeur_10,12.15,afrique|django|docker|fastapi|javascript|react|rest-api,7,1,3,Dveloppement Web,afrique|aux|django|docker|fastapi|fastapi permettant|javascript|offres et|postuler|react|rest-api|stages
MEM-0144,Entrept de donnes pour le Ministre de la Sant,"Conception d'un data warehouse selon modlisation en toile pour centraliser les donnes pidmiologiques nationales. Pipeline ETL automatis, 50M enregistrements, requtes analytiques en < 2s.","Conception d'un data warehouse selon modlisation en toile pour centraliser les donnes pidmiologiques nationales. Pipeline ETL automatis, 50M enregistrements, requtes analytiques en < 2s. Ce travail s'inscrit dans le contexte de PME africaine. La mthodologie adopte est Dveloppement logiciel (SCRUM). Les rsultats obtenus constituent une contribution significative au domaine de Bases de donnes.","Entrept de donnes pour le Ministre de la Sant. Conception d'un data warehouse selon modlisation en toile pour centraliser les donnes pidmiologiques nationales. Pipeline ETL automatis, 50M enregistrements, requtes analytiques en < 2s. Conception d'un data warehouse selon modlisation en toile pour centraliser les donnes pidmiologiques nationales. Pipeline ETL automatis, 50M enregistrements, requtes analytiques en < 2s. Ce travail s'inscrit dans le contexte de PME africaine. La mthodologie adopte est Dveloppement logiciel (SCRUM). Les rsultats obtenus constituent une contribution significative au domaine de Bases de donnes.",Bases de donnes,Dveloppement logiciel (SCRUM),Licence 3,2024,Etudiant_0144,Dr. Professeur_13,19.97,indexation|mongodb|nosql,3,1,1,Bases de donnes,2s|50m enregistrements|donnes|en|indexation|mongodb|nosql|un data
MEM-0145,Contrle d'accs biomtrique  faible cot,Systme de contrle d'accs par empreinte digitale et reconnaissance faciale pour scuriser des locaux  budget limit. Cot matriel sous 50 000 FCFA. Dploy dans 3 tablissements scolaires.,Systme de contrle d'accs par empreinte digitale et reconnaissance faciale pour scuriser des locaux  budget limit. Cot matriel sous 50 000 FCFA. Dploy dans 3 tablissements scolaires. Ce travail s'inscrit dans le contexte de mobile money. La mthodologie adopte est Recherche applique. Les rsultats obtenus constituent une contribution significative au domaine de Systmes Embarqus.,Contrle d'accs biomtrique  faible cot. Systme de contrle d'accs par empreinte digitale et reconnaissance faciale pour scuriser des locaux  budget limit. Cot matriel sous 50 000 FCFA. Dploy dans 3 tablissements scolaires. Systme de contrle d'accs par empreinte digitale et reconnaissance faciale pour scuriser des locaux  budget limit. Cot matriel sous 50 000 FCFA. Dploy dans 3 tablissements scolaires. Ce travail s'inscrit dans le contexte de mobile money. La mthodologie adopte est Recherche applique. Les rsultats obtenus constituent une contribution significative au domaine de Systmes Embarqus.,Systmes Embarqus,Recherche applique,Master 2,2018,Etudiant_0145,Dr. Professeur_04,11.21,energie|iot|mqtt|raspberry-pi|temps-reel,5,1,0,Systmes Embarqus,accs|accs par|contrle|contrle accs|cot|energie|iot|mqtt|raspberry-pi|temps-reel
MEM-0146,Optimisation QoS dans les rseaux 4G,tude et amlioration de la qualit de service pour les applications temps rel sur rseau mobile 4G/LTE. Simulation sous NS-3 et validation terrain avec mesures de latence et dbit.,tude et amlioration de la qualit de service pour les applications temps rel sur rseau mobile 4G/LTE. Simulation sous NS-3 et validation terrain avec mesures de latence et dbit. Ce travail s'inscrit dans le contexte de Afrique de l'Ouest. La mthodologie adopte est Dveloppement logiciel (SCRUM). Les rsultats obtenus constituent une contribution significative au domaine de Rseaux.,Optimisation QoS dans les rseaux 4G. tude et amlioration de la qualit de service pour les applications temps rel sur rseau mobile 4G/LTE. Simulation sous NS-3 et validation terrain avec mesures de latence et dbit. tude et amlioration de la qualit de service pour les applications temps rel sur rseau mobile 4G/LTE. Simulation sous NS-3 et validation terrain avec mesures de latence et dbit. Ce travail s'inscrit dans le contexte de Afrique de l'Ouest. La mthodologie adopte est Dveloppement logiciel (SCRUM). Les rsultats obtenus constituent une contribution significative au domaine de Rseaux.,Rseaux,Dveloppement logiciel (SCRUM),Master 1,2022,Etudiant_0146,Dr. Professeur_12,13.09,4g|cisco|qos|tcp-ip|wifi,5,1,4,Rseaux,4g|cisco|latence et|mobile 4g|qos|simulation|sur rseau|tcp-ip|wifi
MEM-0147,Pipeline CI/CD pour quipe de dveloppement,"Mise en place d'un pipeline d'intgration et dploiement continus avec GitHub Actions, Docker et Kubernetes. Rduction du temps de dploiement de 2 jours  15 minutes. 0 rgression en production.","Mise en place d'un pipeline d'intgration et dploiement continus avec GitHub Actions, Docker et Kubernetes. Rduction du temps de dploiement de 2 jours  15 minutes. 0 rgression en production. Ce travail s'inscrit dans le contexte de PME africaine. La mthodologie adopte est Dveloppement dirig par les tests (TDD). Les rsultats obtenus constituent une contribution significative au domaine de Cloud / DevOps.","Pipeline CI/CD pour quipe de dveloppement. Mise en place d'un pipeline d'intgration et dploiement continus avec GitHub Actions, Docker et Kubernetes. Rduction du temps de dploiement de 2 jours  15 minutes. 0 rgression en production. Mise en place d'un pipeline d'intgration et dploiement continus avec GitHub Actions, Docker et Kubernetes. Rduction du temps de dploiement de 2 jours  15 minutes. 0 rgression en production. Ce travail s'inscrit dans le contexte de PME africaine. La mthodologie adopte est Dveloppement dirig par les tests (TDD). Les rsultats obtenus constituent une contribution significative au domaine de Cloud / DevOps.",Cloud / DevOps,Dveloppement dirig par les tests (TDD),Master 2,2018,Etudiant_0147,Dr. Professeur_09,14.66,aws|devops|docker|kubernetes|monitoring,5,1,1,Bases de donnes,aws|devops|docker|dploiement|en|kubernetes|monitoring|pipeline|pipeline intgration|place
MEM-0148,Audit de scurit des infrastructures bancaires,"valuation complte de la posture de scurit d'une banque locale par tests de pntration, analyse de code et revue de configuration. Rapport de 47 vulnrabilits identifies avec plan de remdiation.","valuation complte de la posture de scurit d'une banque locale par tests de pntration, analyse de code et revue de configuration. Rapport de 47 vulnrabilits identifies avec plan de remdiation. Ce travail s'inscrit dans le contexte de langues locales. La mthodologie adopte est tude de cas. Les rsultats obtenus constituent une contribution significative au domaine de Cyberscurit.","Audit de scurit des infrastructures bancaires. valuation complte de la posture de scurit d'une banque locale par tests de pntration, analyse de code et revue de configuration. Rapport de 47 vulnrabilits identifies avec plan de remdiation. valuation complte de la posture de scurit d'une banque locale par tests de pntration, analyse de code et revue de configuration. Rapport de 47 vulnrabilits identifies avec plan de remdiation. Ce travail s'inscrit dans le contexte de langues locales. La mthodologie adopte est tude de cas. Les rsultats obtenus constituent une contribution significative au domaine de Cyberscurit.",Cyberscurit,tude de cas,Master 2,2024,Etudiant_0148,Dr. Professeur_06,11.65,forensics|siem|vulnerabilite,3,1,2,Cyberscurit,de scurit|forensics|locale par|plan de|scurit|siem|vulnerabilite|vulnrabilits identifies
MEM-0149,Optimisation QoS dans les rseaux 4G,tude et amlioration de la qualit de service pour les applications temps rel sur rseau mobile 4G/LTE. Simulation sous NS-3 et validation terrain avec mesures de latence et dbit.,tude et amlioration de la qualit de service pour les applications temps rel sur rseau mobile 4G/LTE. Simulation sous NS-3 et validation terrain avec mesures de latence et dbit. Ce travail s'inscrit dans le contexte de langues locales. La mthodologie adopte est Prototypage rapide. Les rsultats obtenus constituent une contribution significative au domaine de Rseaux.,Optimisation QoS dans les rseaux 4G. tude et amlioration de la qualit de service pour les applications temps rel sur rseau mobile 4G/LTE. Simulation sous NS-3 et validation terrain avec mesures de latence et dbit. tude et amlioration de la qualit de service pour les applications temps rel sur rseau mobile 4G/LTE. Simulation sous NS-3 et validation terrain avec mesures de latence et dbit. Ce travail s'inscrit dans le contexte de langues locales. La mthodologie adopte est Prototypage rapide. Les rsultats obtenus constituent une contribution significative au domaine de Rseaux.,Rseaux,Prototypage rapide,Master 1,2024,Etudiant_0149,Dr. Professeur_05,11.25,4g|cisco|tcp-ip,3,1,4,Rseaux,4g|4g lte|cisco|de service|lte simulation|sur rseau|tcp-ip
MEM-0150,Systme de vote lectronique scuris,"Plateforme de vote en ligne base sur la cryptographie asymtrique RSA et la blockchain lgre. Garantit l'anonymat, l'intgrit et la traabilit des votes. Test lors d'une lection tudiante relle.","Plateforme de vote en ligne base sur la cryptographie asymtrique RSA et la blockchain lgre. Garantit l'anonymat, l'intgrit et la traabilit des votes. Test lors d'une lection tudiante relle. Ce travail s'inscrit dans le contexte de Togo. La mthodologie adopte est Prototypage rapide. Les rsultats obtenus constituent une contribution significative au domaine de Dveloppement Web.","Systme de vote lectronique scuris. Plateforme de vote en ligne base sur la cryptographie asymtrique RSA et la blockchain lgre. Garantit l'anonymat, l'intgrit et la traabilit des votes. Test lors d'une lection tudiante relle. Plateforme de vote en ligne base sur la cryptographie asymtrique RSA et la blockchain lgre. Garantit l'anonymat, l'intgrit et la traabilit des votes. Test lors d'une lection tudiante relle. Ce travail s'inscrit dans le contexte de Togo. La mthodologie adopte est Prototypage rapide. Les rsultats obtenus constituent une contribution significative au domaine de Dveloppement Web.",Dveloppement Web,Prototypage rapide,Master 2,2019,Etudiant_0150,Dr. Professeur_01,18.25,blockchain|docker|postgresql|rest-api,4,0,2,Cyberscurit,blockchain|cryptographie|de vote|docker|et la|postgresql|rest-api|traabilit|vote
MEM-0151,Application de suivi de grossesse pour zones rurales,"App mobile hors-ligne pour le suivi mdical des femmes enceintes sans connexion internet. Synchronisation diffre des donnes. Dploye dans 12 centres de sant ruraux, 800 femmes suivies.","App mobile hors-ligne pour le suivi mdical des femmes enceintes sans connexion internet. Synchronisation diffre des donnes. Dploye dans 12 centres de sant ruraux, 800 femmes suivies. Ce travail s'inscrit dans le contexte de langues locales. La mthodologie adopte est Recherche exprimentale. Les rsultats obtenus constituent une contribution significative au domaine de Mobile.","Application de suivi de grossesse pour zones rurales. App mobile hors-ligne pour le suivi mdical des femmes enceintes sans connexion internet. Synchronisation diffre des donnes. Dploye dans 12 centres de sant ruraux, 800 femmes suivies. App mobile hors-ligne pour le suivi mdical des femmes enceintes sans connexion internet. Synchronisation diffre des donnes. Dploye dans 12 centres de sant ruraux, 800 femmes suivies. Ce travail s'inscrit dans le contexte de langues locales. La mthodologie adopte est Recherche exprimentale. Les rsultats obtenus constituent une contribution significative au domaine de Mobile.",Mobile,Recherche exprimentale,Master 2,2021,Etudiant_0151,Dr. Professeur_13,14.83,android|geolocalisation|mobile-money|offline|ux,5,1,7,Mobile,800|android|femmes|geolocalisation|mobile-money|offline|sant ruraux|suivi|synchronisation diffre|ux
MEM-0152,Pipeline CI/CD pour quipe de dveloppement,"Mise en place d'un pipeline d'intgration et dploiement continus avec GitHub Actions, Docker et Kubernetes. Rduction du temps de dploiement de 2 jours  15 minutes. 0 rgression en production.","Mise en place d'un pipeline d'intgration et dploiement continus avec GitHub Actions, Docker et Kubernetes. Rduction du temps de dploiement de 2 jours  15 minutes. 0 rgression en production. Ce travail s'inscrit dans le contexte de PME africaine. La mthodologie adopte est tude de cas. Les rsultats obtenus constituent une contribution significative au domaine de Cloud / DevOps.","Pipeline CI/CD pour quipe de dveloppement. Mise en place d'un pipeline d'intgration et dploiement continus avec GitHub Actions, Docker et Kubernetes. Rduction du temps de dploiement de 2 jours  15 minutes. 0 rgression en production. Mise en place d'un pipeline d'intgration et dploiement continus avec GitHub Actions, Docker et Kubernetes. Rduction du temps de dploiement de 2 jours  15 minutes. 0 rgression en production. Ce travail s'inscrit dans le contexte de PME africaine. La mthodologie adopte est tude de cas. Les rsultats obtenus constituent une contribution significative au domaine de Cloud / DevOps.",Cloud / DevOps,tude de cas,Licence 3,2023,Etudiant_0152,Dr. Professeur_06,14.64,ci-cd|docker|kubernetes|microservices,4,1,1,Bases de donnes,ci-cd|docker|dploiement|en|intgration et|kubernetes|microservices|pipeline|rgression en
MEM-0153,Contrle d'accs biomtrique  faible cot,Systme de contrle d'accs par empreinte digitale et reconnaissance faciale pour scuriser des locaux  budget limit. Cot matriel sous 50 000 FCFA. Dploy dans 3 tablissements scolaires.,Systme de contrle d'accs par empreinte digitale et reconnaissance faciale pour scuriser des locaux  budget limit. Cot matriel sous 50 000 FCFA. Dploy dans 3 tablissements scolaires. Ce travail s'inscrit dans le contexte de Afrique de l'Ouest. La mthodologie adopte est Recherche applique. Les rsultats obtenus constituent une contribution significative au domaine de Systmes Embarqus.,Contrle d'accs biomtrique  faible cot. Systme de contrle d'accs par empreinte digitale et reconnaissance faciale pour scuriser des locaux  budget limit. Cot matriel sous 50 000 FCFA. Dploy dans 3 tablissements scolaires. Systme de contrle d'accs par empreinte digitale et reconnaissance faciale pour scuriser des locaux  budget limit. Cot matriel sous 50 000 FCFA. Dploy dans 3 tablissements scolaires. Ce travail s'inscrit dans le contexte de Afrique de l'Ouest. La mthodologie adopte est Recherche applique. Les rsultats obtenus constituent une contribution significative au domaine de Systmes Embarqus.,Systmes Embarqus,Recherche applique,Master 2,2024,Etudiant_0153,Dr. Professeur_08,13.19,energie|iot|mqtt|raspberry-pi,4,1,0,Systmes Embarqus,accs|accs par|contrle|contrle accs|cot|energie|iot|mqtt|raspberry-pi
MEM-0154,Entrept de donnes pour le Ministre de la Sant,"Conception d'un data warehouse selon modlisation en toile pour centraliser les donnes pidmiologiques nationales. Pipeline ETL automatis, 50M enregistrements, requtes analytiques en < 2s.","Conception d'un data warehouse selon modlisation en toile pour centraliser les donnes pidmiologiques nationales. Pipeline ETL automatis, 50M enregistrements, requtes analytiques en < 2s. Ce travail s'inscrit dans le contexte de mobile money. La mthodologie adopte est Recherche exprimentale. Les rsultats obtenus constituent une contribution significative au domaine de Bases de donnes.","Entrept de donnes pour le Ministre de la Sant. Conception d'un data warehouse selon modlisation en toile pour centraliser les donnes pidmiologiques nationales. Pipeline ETL automatis, 50M enregistrements, requtes analytiques en < 2s. Conception d'un data warehouse selon modlisation en toile pour centraliser les donnes pidmiologiques nationales. Pipeline ETL automatis, 50M enregistrements, requtes analytiques en < 2s. Ce travail s'inscrit dans le contexte de mobile money. La mthodologie adopte est Recherche exprimentale. Les rsultats obtenus constituent une contribution significative au domaine de Bases de donnes.",Bases de donnes,Recherche exprimentale,Licence 3,2018,Etudiant_0154,Dr. Professeur_15,19.63,datawarehouse|indexation|optimisation|sql,4,1,1,Bases de donnes,datawarehouse|donnes|en|enregistrements|enregistrements requtes|indexation|modlisation en|optimisation|sql
MEM-0155,Contrle d'accs biomtrique  faible cot,Systme de contrle d'accs par empreinte digitale et reconnaissance faciale pour scuriser des locaux  budget limit. Cot matriel sous 50 000 FCFA. Dploy dans 3 tablissements scolaires.,Systme de contrle d'accs par empreinte digitale et reconnaissance faciale pour scuriser des locaux  budget limit. Cot matriel sous 50 000 FCFA. Dploy dans 3 tablissements scolaires. Ce travail s'inscrit dans le contexte de PME africaine. La mthodologie adopte est Recherche-action. Les rsultats obtenus constituent une contribution significative au domaine de Systmes Embarqus.,Contrle d'accs biomtrique  faible cot. Systme de contrle d'accs par empreinte digitale et reconnaissance faciale pour scuriser des locaux  budget limit. Cot matriel sous 50 000 FCFA. Dploy dans 3 tablissements scolaires. Systme de contrle d'accs par empreinte digitale et reconnaissance faciale pour scuriser des locaux  budget limit. Cot matriel sous 50 000 FCFA. Dploy dans 3 tablissements scolaires. Ce travail s'inscrit dans le contexte de PME africaine. La mthodologie adopte est Recherche-action. Les rsultats obtenus constituent une contribution significative au domaine de Systmes Embarqus.,Systmes Embarqus,Recherche-action,Master 1,2019,Etudiant_0155,Dr. Professeur_08,18.79,capteurs|embarque|mqtt,3,0,0,Systmes Embarqus,accs|accs par|capteurs|contrle|contrle accs|cot|embarque|mqtt
MEM-0156,Systme de monitoring applicatif temps rel,"Dploiement d'une stack de monitoring avec Prometheus, Grafana et alerting automatique. Couverture de 15 microservices avec dashboards mtier et techniques. MTTR rduit de 4h  20min.","Dploiement d'une stack de monitoring avec Prometheus, Grafana et alerting automatique. Couverture de 15 microservices avec dashboards mtier et techniques. MTTR rduit de 4h  20min. Ce travail s'inscrit dans le contexte de PME africaine. La mthodologie adopte est tude de cas. Les rsultats obtenus constituent une contribution significative au domaine de Cloud / DevOps.","Systme de monitoring applicatif temps rel. Dploiement d'une stack de monitoring avec Prometheus, Grafana et alerting automatique. Couverture de 15 microservices avec dashboards mtier et techniques. MTTR rduit de 4h  20min. Dploiement d'une stack de monitoring avec Prometheus, Grafana et alerting automatique. Couverture de 15 microservices avec dashboards mtier et techniques. MTTR rduit de 4h  20min. Ce travail s'inscrit dans le contexte de PME africaine. La mthodologie adopte est tude de cas. Les rsultats obtenus constituent une contribution significative au domaine de Cloud / DevOps.",Cloud / DevOps,tude de cas,Licence 3,2019,Etudiant_0156,Dr. Professeur_01,12.86,aws|ci-cd|kubernetes|microservices|monitoring,5,1,6,Cloud / DevOps,aws|ci-cd|de monitoring|kubernetes|microservices|monitoring|monitoring avec|mttr|techniques
MEM-0157,Migration infrastructure on-premise vers AWS,"Planification et excution complte de la migration cloud d'une PME locale. Architecture 3-tiers sur AWS avec auto-scaling, backup automatique et rduction des cots d'infrastructure de 40%.","Planification et excution complte de la migration cloud d'une PME locale. Architecture 3-tiers sur AWS avec auto-scaling, backup automatique et rduction des cots d'infrastructure de 40%. Ce travail s'inscrit dans le contexte de mobile money. La mthodologie adopte est Recherche applique. Les rsultats obtenus constituent une contribution significative au domaine de Cloud / DevOps.","Migration infrastructure on-premise vers AWS. Planification et excution complte de la migration cloud d'une PME locale. Architecture 3-tiers sur AWS avec auto-scaling, backup automatique et rduction des cots d'infrastructure de 40%. Planification et excution complte de la migration cloud d'une PME locale. Architecture 3-tiers sur AWS avec auto-scaling, backup automatique et rduction des cots d'infrastructure de 40%. Ce travail s'inscrit dans le contexte de mobile money. La mthodologie adopte est Recherche applique. Les rsultats obtenus constituent une contribution significative au domaine de Cloud / DevOps.",Cloud / DevOps,Recherche applique,Master 2,2020,Etudiant_0157,Dr. Professeur_05,13.63,aws|ci-cd|microservices|monitoring,4,0,5,Rseaux,avec auto|aws|aws avec|ci-cd|infrastructure|microservices|migration|monitoring
MEM-0158,Archivage numrique des actes d'tat civil,"Base de donnes structure pour la numrisation et l'archivage des actes de naissance, mariage et dcs. OCR automatique sur documents scanns. 500 000 actes numriss, recherche en temps rel.","Base de donnes structure pour la numrisation et l'archivage des actes de naissance, mariage et dcs. OCR automatique sur documents scanns. 500 000 actes numriss, recherche en temps rel. Ce travail s'inscrit dans le contexte de contexte africain. La mthodologie adopte est Recherche applique. Les rsultats obtenus constituent une contribution significative au domaine de Bases de donnes.","Archivage numrique des actes d'tat civil. Base de donnes structure pour la numrisation et l'archivage des actes de naissance, mariage et dcs. OCR automatique sur documents scanns. 500 000 actes numriss, recherche en temps rel. Base de donnes structure pour la numrisation et l'archivage des actes de naissance, mariage et dcs. OCR automatique sur documents scanns. 500 000 actes numriss, recherche en temps rel. Ce travail s'inscrit dans le contexte de contexte africain. La mthodologie adopte est Recherche applique. Les rsultats obtenus constituent une contribution significative au domaine de Bases de donnes.",Bases de donnes,Recherche applique,Master 2,2023,Etudiant_0158,Dr. Professeur_06,15.58,datawarehouse|etl|indexation|mongodb|postgresql,5,1,3,Dveloppement Web,actes|archivage|datawarehouse|de donnes|des actes|etl|indexation|mongodb|ocr automatique|postgresql
MEM-0159,Architecture rseau IoT pour smart city,"Conception d'une infrastructure de capteurs connects pour la gestion intelligente des feux de circulation, de l'clairage public et des dchets dans une ville de taille moyenne.","Conception d'une infrastructure de capteurs connects pour la gestion intelligente des feux de circulation, de l'clairage public et des dchets dans une ville de taille moyenne. Ce travail s'inscrit dans le contexte de contexte africain. La mthodologie adopte est Prototypage rapide. Les rsultats obtenus constituent une contribution significative au domaine de Rseaux.","Architecture rseau IoT pour smart city. Conception d'une infrastructure de capteurs connects pour la gestion intelligente des feux de circulation, de l'clairage public et des dchets dans une ville de taille moyenne. Conception d'une infrastructure de capteurs connects pour la gestion intelligente des feux de circulation, de l'clairage public et des dchets dans une ville de taille moyenne. Ce travail s'inscrit dans le contexte de contexte africain. La mthodologie adopte est Prototypage rapide. Les rsultats obtenus constituent une contribution significative au domaine de Rseaux.",Rseaux,Prototypage rapide,Master 1,2022,Etudiant_0159,Dr. Professeur_09,18.04,4g|iot|protocole|wifi,4,1,5,Rseaux,4g|capteurs connects|circulation|circulation de|iot|protocole|ville|ville de|wifi
MEM-0160,Implmentation d'un SIEM open source,Dploiement et configuration de Wazuh/ELK Stack pour la dtection d'intrusions en temps rel. Dfinition de 120 rgles de corrlation et procdures de rponse aux incidents pour une PME.,Dploiement et configuration de Wazuh/ELK Stack pour la dtection d'intrusions en temps rel. Dfinition de 120 rgles de corrlation et procdures de rponse aux incidents pour une PME. Ce travail s'inscrit dans le contexte de PME africaine. La mthodologie adopte est Prototypage rapide. Les rsultats obtenus constituent une contribution significative au domaine de Cyberscurit.,Implmentation d'un SIEM open source. Dploiement et configuration de Wazuh/ELK Stack pour la dtection d'intrusions en temps rel. Dfinition de 120 rgles de corrlation et procdures de rponse aux incidents pour une PME. Dploiement et configuration de Wazuh/ELK Stack pour la dtection d'intrusions en temps rel. Dfinition de 120 rgles de corrlation et procdures de rponse aux incidents pour une PME. Ce travail s'inscrit dans le contexte de PME africaine. La mthodologie adopte est Prototypage rapide. Les rsultats obtenus constituent une contribution significative au domaine de Cyberscurit.,Cyberscurit,Prototypage rapide,Master 1,2019,Etudiant_0160,Dr. Professeur_05,17.09,forensics|intrusion|owasp|vulnerabilite,4,1,3,Dveloppement Web,de 120|de corrlation|forensics|intrusion|intrusions en|owasp|procdures de|rel dfinition|vulnerabilite
MEM-0161,Prdiction du dcrochage scolaire par machine learning,Ce projet applique Random Forest et XGBoost pour identifier les tudiants  risque de dcrochage  partir de donnes acadmiques et comportementales. Un tableau de bord de visualisation est dvelopp pour les responsables.,Ce projet applique Random Forest et XGBoost pour identifier les tudiants  risque de dcrochage  partir de donnes acadmiques et comportementales. Un tableau de bord de visualisation est dvelopp pour les responsables. Ce travail s'inscrit dans le contexte de PME africaine. La mthodologie adopte est Recherche applique. Les rsultats obtenus constituent une contribution significative au domaine de IA / Machine Learning.,Prdiction du dcrochage scolaire par machine learning. Ce projet applique Random Forest et XGBoost pour identifier les tudiants  risque de dcrochage  partir de donnes acadmiques et comportementales. Un tableau de bord de visualisation est dvelopp pour les responsables. Ce projet applique Random Forest et XGBoost pour identifier les tudiants  risque de dcrochage  partir de donnes acadmiques et comportementales. Un tableau de bord de visualisation est dvelopp pour les responsables. Ce travail s'inscrit dans le contexte de PME africaine. La mthodologie adopte est Recherche applique. Les rsultats obtenus constituent une contribution significative au domaine de IA / Machine Learning.,IA / Machine Learning,Recherche applique,Master 2,2018,Etudiant_0161,Dr. Professeur_11,12.66,classification|machine-learning|neural-network|tensorflow,4,1,3,Dveloppement Web,classification|dcrochage|dvelopp pour|est dvelopp|machine-learning|neural-network|pour identifier|tensorflow|xgboost
MEM-0162,Architecture rseau IoT pour smart city,"Conception d'une infrastructure de capteurs connects pour la gestion intelligente des feux de circulation, de l'clairage public et des dchets dans une ville de taille moyenne.","Conception d'une infrastructure de capteurs connects pour la gestion intelligente des feux de circulation, de l'clairage public et des dchets dans une ville de taille moyenne. Ce travail s'inscrit dans le contexte de mobile money. La mthodologie adopte est Dveloppement logiciel (SCRUM). Les rsultats obtenus constituent une contribution significative au domaine de Rseaux.","Architecture rseau IoT pour smart city. Conception d'une infrastructure de capteurs connects pour la gestion intelligente des feux de circulation, de l'clairage public et des dchets dans une ville de taille moyenne. Conception d'une infrastructure de capteurs connects pour la gestion intelligente des feux de circulation, de l'clairage public et des dchets dans une ville de taille moyenne. Ce travail s'inscrit dans le contexte de mobile money. La mthodologie adopte est Dveloppement logiciel (SCRUM). Les rsultats obtenus constituent une contribution significative au domaine de Rseaux.",Rseaux,Dveloppement logiciel (SCRUM),Master 2,2021,Etudiant_0162,Dr. Professeur_12,10.32,4g|cisco|iot|ns3,4,1,5,Rseaux,4g|cisco|clairage public|conception une|de taille|des dchets|iot|la gestion|ns3
MEM-0163,Chatbot mdical en langues locales africaines,Dveloppement d'un assistant conversationnel pour orienter les patients en franais et en Ew. Utilisation de BERT fine-tun et d'une base de connaissances mdicales valide par des professionnels de sant.,Dveloppement d'un assistant conversationnel pour orienter les patients en franais et en Ew. Utilisation de BERT fine-tun et d'une base de connaissances mdicales valide par des professionnels de sant. Ce travail s'inscrit dans le contexte de PME africaine. La mthodologie adopte est Recherche applique. Les rsultats obtenus constituent une contribution significative au domaine de IA / Machine Learning.,Chatbot mdical en langues locales africaines. Dveloppement d'un assistant conversationnel pour orienter les patients en franais et en Ew. Utilisation de BERT fine-tun et d'une base de connaissances mdicales valide par des professionnels de sant. Dveloppement d'un assistant conversationnel pour orienter les patients en franais et en Ew. Utilisation de BERT fine-tun et d'une base de connaissances mdicales valide par des professionnels de sant. Ce travail s'inscrit dans le contexte de PME africaine. La mthodologie adopte est Recherche applique. Les rsultats obtenus constituent une contribution significative au domaine de IA / Machine Learning.,IA / Machine Learning,Recherche applique,Master 1,2019,Etudiant_0163,Dr. Professeur_12,18.73,afrique|bert|neural-network|prediction|python|tensorflow,6,1,1,Bases de donnes,afrique|bert|conversationnel pour|en|mdicales|neural-network|prediction|python|tensorflow|valide|valide par
MEM-0164,Scurisation des applications mobile banking,Analyse des vulnrabilits des applications de paiement mobile au Togo selon OWASP Mobile Top 10. Implmentation des contre-mesures et chiffrement end-to-end des transactions.,Analyse des vulnrabilits des applications de paiement mobile au Togo selon OWASP Mobile Top 10. Implmentation des contre-mesures et chiffrement end-to-end des transactions. Ce travail s'inscrit dans le contexte de PME africaine. La mthodologie adopte est Recherche exprimentale. Les rsultats obtenus constituent une contribution significative au domaine de Cyberscurit.,Scurisation des applications mobile banking. Analyse des vulnrabilits des applications de paiement mobile au Togo selon OWASP Mobile Top 10. Implmentation des contre-mesures et chiffrement end-to-end des transactions. Analyse des vulnrabilits des applications de paiement mobile au Togo selon OWASP Mobile Top 10. Implmentation des contre-mesures et chiffrement end-to-end des transactions. Ce travail s'inscrit dans le contexte de PME africaine. La mthodologie adopte est Recherche exprimentale. Les rsultats obtenus constituent une contribution significative au domaine de Cyberscurit.,Cyberscurit,Recherche exprimentale,Master 2,2020,Etudiant_0164,Dr. Professeur_06,19.12,afrique|cryptographie|forensics|owasp|siem|vulnerabilite,6,1,2,Cyberscurit,afrique|applications|cryptographie|des|des applications|end|forensics|mobile|owasp|siem|vulnerabilite
MEM-0165,Application de suivi de grossesse pour zones rurales,"App mobile hors-ligne pour le suivi mdical des femmes enceintes sans connexion internet. Synchronisation diffre des donnes. Dploye dans 12 centres de sant ruraux, 800 femmes suivies.","App mobile hors-ligne pour le suivi mdical des femmes enceintes sans connexion internet. Synchronisation diffre des donnes. Dploye dans 12 centres de sant ruraux, 800 femmes suivies. Ce travail s'inscrit dans le contexte de mobile money. La mthodologie adopte est tude de cas. Les rsultats obtenus constituent une contribution significative au domaine de Mobile.","Application de suivi de grossesse pour zones rurales. App mobile hors-ligne pour le suivi mdical des femmes enceintes sans connexion internet. Synchronisation diffre des donnes. Dploye dans 12 centres de sant ruraux, 800 femmes suivies. App mobile hors-ligne pour le suivi mdical des femmes enceintes sans connexion internet. Synchronisation diffre des donnes. Dploye dans 12 centres de sant ruraux, 800 femmes suivies. Ce travail s'inscrit dans le contexte de mobile money. La mthodologie adopte est tude de cas. Les rsultats obtenus constituent une contribution significative au domaine de Mobile.",Mobile,tude de cas,Licence 3,2019,Etudiant_0165,Dr. Professeur_08,16.9,flutter|geolocalisation|offline|ux,4,1,7,Mobile,femmes|flutter|geolocalisation|hors|mobile|offline|suivi|suivi mdical|ux
MEM-0166,Contrle d'accs biomtrique  faible cot,Systme de contrle d'accs par empreinte digitale et reconnaissance faciale pour scuriser des locaux  budget limit. Cot matriel sous 50 000 FCFA. Dploy dans 3 tablissements scolaires.,Systme de contrle d'accs par empreinte digitale et reconnaissance faciale pour scuriser des locaux  budget limit. Cot matriel sous 50 000 FCFA. Dploy dans 3 tablissements scolaires. Ce travail s'inscrit dans le contexte de Lom. La mthodologie adopte est Dveloppement dirig par les tests (TDD). Les rsultats obtenus constituent une contribution significative au domaine de Systmes Embarqus.,Contrle d'accs biomtrique  faible cot. Systme de contrle d'accs par empreinte digitale et reconnaissance faciale pour scuriser des locaux  budget limit. Cot matriel sous 50 000 FCFA. Dploy dans 3 tablissements scolaires. Systme de contrle d'accs par empreinte digitale et reconnaissance faciale pour scuriser des locaux  budget limit. Cot matriel sous 50 000 FCFA. Dploy dans 3 tablissements scolaires. Ce travail s'inscrit dans le contexte de Lom. La mthodologie adopte est Dveloppement dirig par les tests (TDD). Les rsultats obtenus constituent une contribution significative au domaine de Systmes Embarqus.,Systmes Embarqus,Dveloppement dirig par les tests (TDD),Master 2,2020,Etudiant_0166,Dr. Professeur_07,18.96,energie|mqtt|raspberry-pi|temps-reel,4,1,0,Systmes Embarqus,accs|budget limit|contrle|contrle accs|cot|energie|mqtt|raspberry-pi|temps-reel
MEM-0167,Implmentation d'un SIEM open source,Dploiement et configuration de Wazuh/ELK Stack pour la dtection d'intrusions en temps rel. Dfinition de 120 rgles de corrlation et procdures de rponse aux incidents pour une PME.,Dploiement et configuration de Wazuh/ELK Stack pour la dtection d'intrusions en temps rel. Dfinition de 120 rgles de corrlation et procdures de rponse aux incidents pour une PME. Ce travail s'inscrit dans le contexte de langues locales. La mthodologie adopte est Dveloppement logiciel (SCRUM). Les rsultats obtenus constituent une contribution significative au domaine de Cyberscurit.,Implmentation d'un SIEM open source. Dploiement et configuration de Wazuh/ELK Stack pour la dtection d'intrusions en temps rel. Dfinition de 120 rgles de corrlation et procdures de rponse aux incidents pour une PME. Dploiement et configuration de Wazuh/ELK Stack pour la dtection d'intrusions en temps rel. Dfinition de 120 rgles de corrlation et procdures de rponse aux incidents pour une PME. Ce travail s'inscrit dans le contexte de langues locales. La mthodologie adopte est Dveloppement logiciel (SCRUM). Les rsultats obtenus constituent une contribution significative au domaine de Cyberscurit.,Cyberscurit,Dveloppement logiciel (SCRUM),Master 1,2023,Etudiant_0167,Dr. Professeur_04,17.47,audit|cryptographie|vulnerabilite,3,1,3,Dveloppement Web,audit|aux incidents|configuration de|cryptographie|procdures de|stack pour|vulnerabilite|wazuh elk
MEM-0168,Application de suivi de grossesse pour zones rurales,"App mobile hors-ligne pour le suivi mdical des femmes enceintes sans connexion internet. Synchronisation diffre des donnes. Dploye dans 12 centres de sant ruraux, 800 femmes suivies.","App mobile hors-ligne pour le suivi mdical des femmes enceintes sans connexion internet. Synchronisation diffre des donnes. Dploye dans 12 centres de sant ruraux, 800 femmes suivies. Ce travail s'inscrit dans le contexte de mobile money. La mthodologie adopte est Recherche-action. Les rsultats obtenus constituent une contribution significative au domaine de Mobile.","Application de suivi de grossesse pour zones rurales. App mobile hors-ligne pour le suivi mdical des femmes enceintes sans connexion internet. Synchronisation diffre des donnes. Dploye dans 12 centres de sant ruraux, 800 femmes suivies. App mobile hors-ligne pour le suivi mdical des femmes enceintes sans connexion internet. Synchronisation diffre des donnes. Dploye dans 12 centres de sant ruraux, 800 femmes suivies. Ce travail s'inscrit dans le contexte de mobile money. La mthodologie adopte est Recherche-action. Les rsultats obtenus constituent une contribution significative au domaine de Mobile.",Mobile,Recherche-action,Master 1,2019,Etudiant_0168,Dr. Professeur_01,16.38,android|flutter|mobile-money,3,1,7,Mobile,android|femmes|flutter|ligne pour|mobile|mobile hors|mobile-money|suivi
MEM-0169,Contrle d'accs biomtrique  faible cot,Systme de contrle d'accs par empreinte digitale et reconnaissance faciale pour scuriser des locaux  budget limit. Cot matriel sous 50 000 FCFA. Dploy dans 3 tablissements scolaires.,Systme de contrle d'accs par empreinte digitale et reconnaissance faciale pour scuriser des locaux  budget limit. Cot matriel sous 50 000 FCFA. Dploy dans 3 tablissements scolaires. Ce travail s'inscrit dans le contexte de Lom. La mthodologie adopte est tude de cas. Les rsultats obtenus constituent une contribution significative au domaine de Systmes Embarqus.,Contrle d'accs biomtrique  faible cot. Systme de contrle d'accs par empreinte digitale et reconnaissance faciale pour scuriser des locaux  budget limit. Cot matriel sous 50 000 FCFA. Dploy dans 3 tablissements scolaires. Systme de contrle d'accs par empreinte digitale et reconnaissance faciale pour scuriser des locaux  budget limit. Cot matriel sous 50 000 FCFA. Dploy dans 3 tablissements scolaires. Ce travail s'inscrit dans le contexte de Lom. La mthodologie adopte est tude de cas. Les rsultats obtenus constituent une contribution significative au domaine de Systmes Embarqus.,Systmes Embarqus,tude de cas,Licence 3,2023,Etudiant_0169,Dr. Professeur_15,16.53,arduino|mqtt|raspberry-pi,3,1,0,Systmes Embarqus,accs|accs par|arduino|contrle|contrle accs|cot|mqtt|raspberry-pi
MEM-0170,Archivage numrique des actes d'tat civil,"Base de donnes structure pour la numrisation et l'archivage des actes de naissance, mariage et dcs. OCR automatique sur documents scanns. 500 000 actes numriss, recherche en temps rel.","Base de donnes structure pour la numrisation et l'archivage des actes de naissance, mariage et dcs. OCR automatique sur documents scanns. 500 000 actes numriss, recherche en temps rel. Ce travail s'inscrit dans le contexte de mobile money. La mthodologie adopte est Recherche exprimentale. Les rsultats obtenus constituent une contribution significative au domaine de Bases de donnes.","Archivage numrique des actes d'tat civil. Base de donnes structure pour la numrisation et l'archivage des actes de naissance, mariage et dcs. OCR automatique sur documents scanns. 500 000 actes numriss, recherche en temps rel. Base de donnes structure pour la numrisation et l'archivage des actes de naissance, mariage et dcs. OCR automatique sur documents scanns. 500 000 actes numriss, recherche en temps rel. Ce travail s'inscrit dans le contexte de mobile money. La mthodologie adopte est Recherche exprimentale. Les rsultats obtenus constituent une contribution significative au domaine de Bases de donnes.",Bases de donnes,Recherche exprimentale,Master 1,2020,Etudiant_0170,Dr. Professeur_12,15.35,indexation|optimisation|postgresql|sql,4,1,3,Dveloppement Web,actes|archivage|de donnes|des actes|indexation|numriss|optimisation|postgresql|sql
MEM-0171,Systme de recommandation de cours personnaliss,Nous dveloppons un moteur de recommandation hybride combinant filtrage collaboratif et content-based pour personnaliser les parcours d'apprentissage en ligne. L'valuation montre 87% de pertinence sur des donnes relles.,Nous dveloppons un moteur de recommandation hybride combinant filtrage collaboratif et content-based pour personnaliser les parcours d'apprentissage en ligne. L'valuation montre 87% de pertinence sur des donnes relles. Ce travail s'inscrit dans le contexte de Togo. La mthodologie adopte est tude de cas. Les rsultats obtenus constituent une contribution significative au domaine de IA / Machine Learning.,Systme de recommandation de cours personnaliss. Nous dveloppons un moteur de recommandation hybride combinant filtrage collaboratif et content-based pour personnaliser les parcours d'apprentissage en ligne. L'valuation montre 87% de pertinence sur des donnes relles. Nous dveloppons un moteur de recommandation hybride combinant filtrage collaboratif et content-based pour personnaliser les parcours d'apprentissage en ligne. L'valuation montre 87% de pertinence sur des donnes relles. Ce travail s'inscrit dans le contexte de Togo. La mthodologie adopte est tude de cas. Les rsultats obtenus constituent une contribution significative au domaine de IA / Machine Learning.,IA / Machine Learning,tude de cas,Licence 3,2018,Etudiant_0171,Dr. Professeur_10,10.09,deep-learning|neural-network|nlp|prediction,4,1,7,Mobile,apprentissage en|de recommandation|deep-learning|donnes relles|neural-network|nlp|nous dveloppons|prediction|recommandation
MEM-0172,Irrigation automatique intelligente,Systme embarqu sur Arduino/Raspberry Pi pour l'irrigation selon l'humidit du sol et les prvisions mto. conomie d'eau de 35% mesure sur 6 mois dans une exploitation agricole pilote.,Systme embarqu sur Arduino/Raspberry Pi pour l'irrigation selon l'humidit du sol et les prvisions mto. conomie d'eau de 35% mesure sur 6 mois dans une exploitation agricole pilote. Ce travail s'inscrit dans le contexte de mobile money. La mthodologie adopte est tude de cas. Les rsultats obtenus constituent une contribution significative au domaine de Systmes Embarqus.,Irrigation automatique intelligente. Systme embarqu sur Arduino/Raspberry Pi pour l'irrigation selon l'humidit du sol et les prvisions mto. conomie d'eau de 35% mesure sur 6 mois dans une exploitation agricole pilote. Systme embarqu sur Arduino/Raspberry Pi pour l'irrigation selon l'humidit du sol et les prvisions mto. conomie d'eau de 35% mesure sur 6 mois dans une exploitation agricole pilote. Ce travail s'inscrit dans le contexte de mobile money. La mthodologie adopte est tude de cas. Les rsultats obtenus constituent une contribution significative au domaine de Systmes Embarqus.,Systmes Embarqus,tude de cas,Master 2,2022,Etudiant_0172,Dr. Professeur_06,18.09,arduino|capteurs|embarque|iot|mqtt|raspberry-pi,6,1,0,Systmes Embarqus,arduino|capteurs|embarqu|embarque|iot|irrigation|mqtt|prvisions|prvisions mto|raspberry-pi|sur
MEM-0173,Archivage numrique des actes d'tat civil,"Base de donnes structure pour la numrisation et l'archivage des actes de naissance, mariage et dcs. OCR automatique sur documents scanns. 500 000 actes numriss, recherche en temps rel.","Base de donnes structure pour la numrisation et l'archivage des actes de naissance, mariage et dcs. OCR automatique sur documents scanns. 500 000 actes numriss, recherche en temps rel. Ce travail s'inscrit dans le contexte de mobile money. La mthodologie adopte est Recherche applique. Les rsultats obtenus constituent une contribution significative au domaine de Bases de donnes.","Archivage numrique des actes d'tat civil. Base de donnes structure pour la numrisation et l'archivage des actes de naissance, mariage et dcs. OCR automatique sur documents scanns. 500 000 actes numriss, recherche en temps rel. Base de donnes structure pour la numrisation et l'archivage des actes de naissance, mariage et dcs. OCR automatique sur documents scanns. 500 000 actes numriss, recherche en temps rel. Ce travail s'inscrit dans le contexte de mobile money. La mthodologie adopte est Recherche applique. Les rsultats obtenus constituent une contribution significative au domaine de Bases de donnes.",Bases de donnes,Recherche applique,Master 2,2019,Etudiant_0173,Dr. Professeur_14,11.75,etl|nosql|optimisation,3,1,3,Dveloppement Web,500 000|actes|archivage|de donnes|des actes|etl|nosql|optimisation
MEM-0174,Pipeline CI/CD pour quipe de dveloppement,"Mise en place d'un pipeline d'intgration et dploiement continus avec GitHub Actions, Docker et Kubernetes. Rduction du temps de dploiement de 2 jours  15 minutes. 0 rgression en production.","Mise en place d'un pipeline d'intgration et dploiement continus avec GitHub Actions, Docker et Kubernetes. Rduction du temps de dploiement de 2 jours  15 minutes. 0 rgression en production. Ce travail s'inscrit dans le contexte de contexte africain. La mthodologie adopte est Prototypage rapide. Les rsultats obtenus constituent une contribution significative au domaine de Cloud / DevOps.","Pipeline CI/CD pour quipe de dveloppement. Mise en place d'un pipeline d'intgration et dploiement continus avec GitHub Actions, Docker et Kubernetes. Rduction du temps de dploiement de 2 jours  15 minutes. 0 rgression en production. Mise en place d'un pipeline d'intgration et dploiement continus avec GitHub Actions, Docker et Kubernetes. Rduction du temps de dploiement de 2 jours  15 minutes. 0 rgression en production. Ce travail s'inscrit dans le contexte de contexte africain. La mthodologie adopte est Prototypage rapide. Les rsultats obtenus constituent une contribution significative au domaine de Cloud / DevOps.",Cloud / DevOps,Prototypage rapide,Master 1,2018,Etudiant_0174,Dr. Professeur_01,19.36,ci-cd|devops|docker|kubernetes|microservices,5,1,1,Bases de donnes,ci-cd|devops|docker|dploiement|en|kubernetes|microservices|pipeline|rgression|rgression en
MEM-0175,Optimisation QoS dans les rseaux 4G,tude et amlioration de la qualit de service pour les applications temps rel sur rseau mobile 4G/LTE. Simulation sous NS-3 et validation terrain avec mesures de latence et dbit.,tude et amlioration de la qualit de service pour les applications temps rel sur rseau mobile 4G/LTE. Simulation sous NS-3 et validation terrain avec mesures de latence et dbit. Ce travail s'inscrit dans le contexte de mobile money. La mthodologie adopte est Dveloppement dirig par les tests (TDD). Les rsultats obtenus constituent une contribution significative au domaine de Rseaux.,Optimisation QoS dans les rseaux 4G. tude et amlioration de la qualit de service pour les applications temps rel sur rseau mobile 4G/LTE. Simulation sous NS-3 et validation terrain avec mesures de latence et dbit. tude et amlioration de la qualit de service pour les applications temps rel sur rseau mobile 4G/LTE. Simulation sous NS-3 et validation terrain avec mesures de latence et dbit. Ce travail s'inscrit dans le contexte de mobile money. La mthodologie adopte est Dveloppement dirig par les tests (TDD). Les rsultats obtenus constituent une contribution significative au domaine de Rseaux.,Rseaux,Dveloppement dirig par les tests (TDD),Master 1,2020,Etudiant_0175,Dr. Professeur_02,10.62,cisco|iot|ns3|wifi,4,1,4,Rseaux,4g|cisco|et dbit|iot|latence|ns3|service pour|sous ns|wifi
MEM-0176,Implmentation d'un SIEM open source,Dploiement et configuration de Wazuh/ELK Stack pour la dtection d'intrusions en temps rel. Dfinition de 120 rgles de corrlation et procdures de rponse aux incidents pour une PME.,Dploiement et configuration de Wazuh/ELK Stack pour la dtection d'intrusions en temps rel. Dfinition de 120 rgles de corrlation et procdures de rponse aux incidents pour une PME. Ce travail s'inscrit dans le contexte de mobile money. La mthodologie adopte est Recherche-action. Les rsultats obtenus constituent une contribution significative au domaine de Cyberscurit.,Implmentation d'un SIEM open source. Dploiement et configuration de Wazuh/ELK Stack pour la dtection d'intrusions en temps rel. Dfinition de 120 rgles de corrlation et procdures de rponse aux incidents pour une PME. Dploiement et configuration de Wazuh/ELK Stack pour la dtection d'intrusions en temps rel. Dfinition de 120 rgles de corrlation et procdures de rponse aux incidents pour une PME. Ce travail s'inscrit dans le contexte de mobile money. La mthodologie adopte est Recherche-action. Les rsultats obtenus constituent une contribution significative au domaine de Cyberscurit.,Cyberscurit,Recherche-action,Master 2,2023,Etudiant_0176,Dr. Professeur_03,12.19,audit|intrusion|owasp|siem,4,1,3,Dveloppement Web,audit|aux incidents|configuration de|corrlation|intrusion|intrusions en|owasp|procdures de|siem
MEM-0177,Archivage numrique des actes d'tat civil,"Base de donnes structure pour la numrisation et l'archivage des actes de naissance, mariage et dcs. OCR automatique sur documents scanns. 500 000 actes numriss, recherche en temps rel.","Base de donnes structure pour la numrisation et l'archivage des actes de naissance, mariage et dcs. OCR automatique sur documents scanns. 500 000 actes numriss, recherche en temps rel. Ce travail s'inscrit dans le contexte de Afrique de l'Ouest. La mthodologie adopte est Prototypage rapide. Les rsultats obtenus constituent une contribution significative au domaine de Bases de donnes.","Archivage numrique des actes d'tat civil. Base de donnes structure pour la numrisation et l'archivage des actes de naissance, mariage et dcs. OCR automatique sur documents scanns. 500 000 actes numriss, recherche en temps rel. Base de donnes structure pour la numrisation et l'archivage des actes de naissance, mariage et dcs. OCR automatique sur documents scanns. 500 000 actes numriss, recherche en temps rel. Ce travail s'inscrit dans le contexte de Afrique de l'Ouest. La mthodologie adopte est Prototypage rapide. Les rsultats obtenus constituent une contribution significative au domaine de Bases de donnes.",Bases de donnes,Prototypage rapide,Master 1,2021,Etudiant_0177,Dr. Professeur_09,15.26,indexation|mongodb|nosql|optimisation|sql,5,1,3,Dveloppement Web,actes|actes numriss|archivage|de donnes|des actes|indexation|mongodb|nosql|optimisation|sql
MEM-0178,Plateforme de gestion des stages universitaires,"Application full-stack React/FastAPI permettant aux tudiants de postuler aux stages, aux entreprises de publier des offres et  l'universit de suivre les conventions. Dploye sur 3 universits togolaises.","Application full-stack React/FastAPI permettant aux tudiants de postuler aux stages, aux entreprises de publier des offres et  l'universit de suivre les conventions. Dploye sur 3 universits togolaises. Ce travail s'inscrit dans le contexte de PME africaine. La mthodologie adopte est Dveloppement logiciel (SCRUM). Les rsultats obtenus constituent une contribution significative au domaine de Dveloppement Web.","Plateforme de gestion des stages universitaires. Application full-stack React/FastAPI permettant aux tudiants de postuler aux stages, aux entreprises de publier des offres et  l'universit de suivre les conventions. Dploye sur 3 universits togolaises. Application full-stack React/FastAPI permettant aux tudiants de postuler aux stages, aux entreprises de publier des offres et  l'universit de suivre les conventions. Dploye sur 3 universits togolaises. Ce travail s'inscrit dans le contexte de PME africaine. La mthodologie adopte est Dveloppement logiciel (SCRUM). Les rsultats obtenus constituent une contribution significative au domaine de Dveloppement Web.",Dveloppement Web,Dveloppement logiciel (SCRUM),Master 2,2022,Etudiant_0178,Dr. Professeur_04,11.16,afrique|django|fastapi|javascript|react,5,1,3,Dveloppement Web,afrique|aux|django|fastapi|fastapi permettant|javascript|react|stack react|stages|stages aux
MEM-0179,Entrept de donnes pour le Ministre de la Sant,"Conception d'un data warehouse selon modlisation en toile pour centraliser les donnes pidmiologiques nationales. Pipeline ETL automatis, 50M enregistrements, requtes analytiques en < 2s.","Conception d'un data warehouse selon modlisation en toile pour centraliser les donnes pidmiologiques nationales. Pipeline ETL automatis, 50M enregistrements, requtes analytiques en < 2s. Ce travail s'inscrit dans le contexte de Lom. La mthodologie adopte est Prototypage rapide. Les rsultats obtenus constituent une contribution significative au domaine de Bases de donnes.","Entrept de donnes pour le Ministre de la Sant. Conception d'un data warehouse selon modlisation en toile pour centraliser les donnes pidmiologiques nationales. Pipeline ETL automatis, 50M enregistrements, requtes analytiques en < 2s. Conception d'un data warehouse selon modlisation en toile pour centraliser les donnes pidmiologiques nationales. Pipeline ETL automatis, 50M enregistrements, requtes analytiques en < 2s. Ce travail s'inscrit dans le contexte de Lom. La mthodologie adopte est Prototypage rapide. Les rsultats obtenus constituent une contribution significative au domaine de Bases de donnes.",Bases de donnes,Prototypage rapide,Master 1,2024,Etudiant_0179,Dr. Professeur_01,14.57,indexation|mongodb|sql,3,1,1,Bases de donnes,donnes|en|en toile|indexation|modlisation|mongodb|pipeline etl|sql
MEM-0180,Application de suivi de grossesse pour zones rurales,"App mobile hors-ligne pour le suivi mdical des femmes enceintes sans connexion internet. Synchronisation diffre des donnes. Dploye dans 12 centres de sant ruraux, 800 femmes suivies.","App mobile hors-ligne pour le suivi mdical des femmes enceintes sans connexion internet. Synchronisation diffre des donnes. Dploye dans 12 centres de sant ruraux, 800 femmes suivies. Ce travail s'inscrit dans le contexte de Togo. La mthodologie adopte est Dveloppement logiciel (SCRUM). Les rsultats obtenus constituent une contribution significative au domaine de Mobile.","Application de suivi de grossesse pour zones rurales. App mobile hors-ligne pour le suivi mdical des femmes enceintes sans connexion internet. Synchronisation diffre des donnes. Dploye dans 12 centres de sant ruraux, 800 femmes suivies. App mobile hors-ligne pour le suivi mdical des femmes enceintes sans connexion internet. Synchronisation diffre des donnes. Dploye dans 12 centres de sant ruraux, 800 femmes suivies. Ce travail s'inscrit dans le contexte de Togo. La mthodologie adopte est Dveloppement logiciel (SCRUM). Les rsultats obtenus constituent une contribution significative au domaine de Mobile.",Mobile,Dveloppement logiciel (SCRUM),Master 1,2020,Etudiant_0180,Dr. Professeur_12,14.24,android|mobile-money|offline,3,0,7,Mobile,800|android|femmes|hors ligne|mobile-money|offline|suivi|synchronisation
MEM-0181,Dtection de fraude bancaire par deep learning,Ce travail propose un systme de dtection des transactions frauduleuses bas sur les rseaux LSTM. Les donnes proviennent d'une banque togolaise. Nous avons compar plusieurs architectures deep learning sur 50 000 transactions.,Ce travail propose un systme de dtection des transactions frauduleuses bas sur les rseaux LSTM. Les donnes proviennent d'une banque togolaise. Nous avons compar plusieurs architectures deep learning sur 50 000 transactions. Ce travail s'inscrit dans le contexte de contexte africain. La mthodologie adopte est tude de cas. Les rsultats obtenus constituent une contribution significative au domaine de IA / Machine Learning.,Dtection de fraude bancaire par deep learning. Ce travail propose un systme de dtection des transactions frauduleuses bas sur les rseaux LSTM. Les donnes proviennent d'une banque togolaise. Nous avons compar plusieurs architectures deep learning sur 50 000 transactions. Ce travail propose un systme de dtection des transactions frauduleuses bas sur les rseaux LSTM. Les donnes proviennent d'une banque togolaise. Nous avons compar plusieurs architectures deep learning sur 50 000 transactions. Ce travail s'inscrit dans le contexte de contexte africain. La mthodologie adopte est tude de cas. Les rsultats obtenus constituent une contribution significative au domaine de IA / Machine Learning.,IA / Machine Learning,tude de cas,Licence 3,2020,Etudiant_0181,Dr. Professeur_07,19.93,afrique|classification|deep-learning|nlp|python,5,1,2,Cyberscurit,afrique|classification|deep|deep learning|deep-learning|dtection|learning|nlp|python|transactions
MEM-0182,Pipeline CI/CD pour quipe de dveloppement,"Mise en place d'un pipeline d'intgration et dploiement continus avec GitHub Actions, Docker et Kubernetes. Rduction du temps de dploiement de 2 jours  15 minutes. 0 rgression en production.","Mise en place d'un pipeline d'intgration et dploiement continus avec GitHub Actions, Docker et Kubernetes. Rduction du temps de dploiement de 2 jours  15 minutes. 0 rgression en production. Ce travail s'inscrit dans le contexte de Lom. La mthodologie adopte est Dveloppement logiciel (SCRUM). Les rsultats obtenus constituent une contribution significative au domaine de Cloud / DevOps.","Pipeline CI/CD pour quipe de dveloppement. Mise en place d'un pipeline d'intgration et dploiement continus avec GitHub Actions, Docker et Kubernetes. Rduction du temps de dploiement de 2 jours  15 minutes. 0 rgression en production. Mise en place d'un pipeline d'intgration et dploiement continus avec GitHub Actions, Docker et Kubernetes. Rduction du temps de dploiement de 2 jours  15 minutes. 0 rgression en production. Ce travail s'inscrit dans le contexte de Lom. La mthodologie adopte est Dveloppement logiciel (SCRUM). Les rsultats obtenus constituent une contribution significative au domaine de Cloud / DevOps.",Cloud / DevOps,Dveloppement logiciel (SCRUM),Master 2,2023,Etudiant_0182,Dr. Professeur_12,15.29,aws|devops|docker|kubernetes|monitoring,5,1,1,Bases de donnes,aws|devops|docker|dploiement|en|en place|kubernetes|minutes rgression|monitoring|pipeline
MEM-0183,Dtection de fraude bancaire par deep learning,Ce travail propose un systme de dtection des transactions frauduleuses bas sur les rseaux LSTM. Les donnes proviennent d'une banque togolaise. Nous avons compar plusieurs architectures deep learning sur 50 000 transactions.,Ce travail propose un systme de dtection des transactions frauduleuses bas sur les rseaux LSTM. Les donnes proviennent d'une banque togolaise. Nous avons compar plusieurs architectures deep learning sur 50 000 transactions. Ce travail s'inscrit dans le contexte de PME africaine. La mthodologie adopte est Recherche applique. Les rsultats obtenus constituent une contribution significative au domaine de IA / Machine Learning.,Dtection de fraude bancaire par deep learning. Ce travail propose un systme de dtection des transactions frauduleuses bas sur les rseaux LSTM. Les donnes proviennent d'une banque togolaise. Nous avons compar plusieurs architectures deep learning sur 50 000 transactions. Ce travail propose un systme de dtection des transactions frauduleuses bas sur les rseaux LSTM. Les donnes proviennent d'une banque togolaise. Nous avons compar plusieurs architectures deep learning sur 50 000 transactions. Ce travail s'inscrit dans le contexte de PME africaine. La mthodologie adopte est Recherche applique. Les rsultats obtenus constituent une contribution significative au domaine de IA / Machine Learning.,IA / Machine Learning,Recherche applique,Master 1,2023,Etudiant_0183,Dr. Professeur_05,13.46,afrique|classification|deep-learning|prediction|python|tensorflow,6,1,2,Cyberscurit,afrique|classification|deep|deep learning|deep-learning|dtection|learning|prediction|python|tensorflow|transactions
MEM-0184,Plateforme de gestion des stages universitaires,"Application full-stack React/FastAPI permettant aux tudiants de postuler aux stages, aux entreprises de publier des offres et  l'universit de suivre les conventions. Dploye sur 3 universits togolaises.","Application full-stack React/FastAPI permettant aux tudiants de postuler aux stages, aux entreprises de publier des offres et  l'universit de suivre les conventions. Dploye sur 3 universits togolaises. Ce travail s'inscrit dans le contexte de Togo. La mthodologie adopte est Dveloppement dirig par les tests (TDD). Les rsultats obtenus constituent une contribution significative au domaine de Dveloppement Web.","Plateforme de gestion des stages universitaires. Application full-stack React/FastAPI permettant aux tudiants de postuler aux stages, aux entreprises de publier des offres et  l'universit de suivre les conventions. Dploye sur 3 universits togolaises. Application full-stack React/FastAPI permettant aux tudiants de postuler aux stages, aux entreprises de publier des offres et  l'universit de suivre les conventions. Dploye sur 3 universits togolaises. Ce travail s'inscrit dans le contexte de Togo. La mthodologie adopte est Dveloppement dirig par les tests (TDD). Les rsultats obtenus constituent une contribution significative au domaine de Dveloppement Web.",Dveloppement Web,Dveloppement dirig par les tests (TDD),Master 2,2021,Etudiant_0184,Dr. Professeur_11,14.46,afrique|docker|fastapi|javascript|react|rest-api,6,1,3,Dveloppement Web,afrique|aux|docker|fastapi|javascript|les conventions|offres|react|rest-api|stack react|stages
MEM-0185,Systme de recommandation de cours personnaliss,Nous dveloppons un moteur de recommandation hybride combinant filtrage collaboratif et content-based pour personnaliser les parcours d'apprentissage en ligne. L'valuation montre 87% de pertinence sur des donnes relles.,Nous dveloppons un moteur de recommandation hybride combinant filtrage collaboratif et content-based pour personnaliser les parcours d'apprentissage en ligne. L'valuation montre 87% de pertinence sur des donnes relles. Ce travail s'inscrit dans le contexte de zones rurales. La mthodologie adopte est Recherche-action. Les rsultats obtenus constituent une contribution significative au domaine de IA / Machine Learning.,Systme de recommandation de cours personnaliss. Nous dveloppons un moteur de recommandation hybride combinant filtrage collaboratif et content-based pour personnaliser les parcours d'apprentissage en ligne. L'valuation montre 87% de pertinence sur des donnes relles. Nous dveloppons un moteur de recommandation hybride combinant filtrage collaboratif et content-based pour personnaliser les parcours d'apprentissage en ligne. L'valuation montre 87% de pertinence sur des donnes relles. Ce travail s'inscrit dans le contexte de zones rurales. La mthodologie adopte est Recherche-action. Les rsultats obtenus constituent une contribution significative au domaine de IA / Machine Learning.,IA / Machine Learning,Recherche-action,Licence 3,2021,Etudiant_0185,Dr. Professeur_05,15.04,deep-learning|machine-learning|python|tensorflow,4,1,7,Mobile,based|de recommandation|deep-learning|machine-learning|parcours apprentissage|python|recommandation|sur des|tensorflow
MEM-0186,Contrle d'accs biomtrique  faible cot,Systme de contrle d'accs par empreinte digitale et reconnaissance faciale pour scuriser des locaux  budget limit. Cot matriel sous 50 000 FCFA. Dploy dans 3 tablissements scolaires.,Systme de contrle d'accs par empreinte digitale et reconnaissance faciale pour scuriser des locaux  budget limit. Cot matriel sous 50 000 FCFA. Dploy dans 3 tablissements scolaires. Ce travail s'inscrit dans le contexte de mobile money. La mthodologie adopte est Prototypage rapide. Les rsultats obtenus constituent une contribution significative au domaine de Systmes Embarqus.,Contrle d'accs biomtrique  faible cot. Systme de contrle d'accs par empreinte digitale et reconnaissance faciale pour scuriser des locaux  budget limit. Cot matriel sous 50 000 FCFA. Dploy dans 3 tablissements scolaires. Systme de contrle d'accs par empreinte digitale et reconnaissance faciale pour scuriser des locaux  budget limit. Cot matriel sous 50 000 FCFA. Dploy dans 3 tablissements scolaires. Ce travail s'inscrit dans le contexte de mobile money. La mthodologie adopte est Prototypage rapide. Les rsultats obtenus constituent une contribution significative au domaine de Systmes Embarqus.,Systmes Embarqus,Prototypage rapide,Master 2,2024,Etudiant_0186,Dr. Professeur_05,14.14,capteurs|iot|mqtt|raspberry-pi,4,0,0,Systmes Embarqus,accs|capteurs|contrle|contrle accs|cot|iot|mqtt|raspberry-pi|scolaires
MEM-0187,Scurisation des applications mobile banking,Analyse des vulnrabilits des applications de paiement mobile au Togo selon OWASP Mobile Top 10. Implmentation des contre-mesures et chiffrement end-to-end des transactions.,Analyse des vulnrabilits des applications de paiement mobile au Togo selon OWASP Mobile Top 10. Implmentation des contre-mesures et chiffrement end-to-end des transactions. Ce travail s'inscrit dans le contexte de contexte africain. La mthodologie adopte est Recherche-action. Les rsultats obtenus constituent une contribution significative au domaine de Cyberscurit.,Scurisation des applications mobile banking. Analyse des vulnrabilits des applications de paiement mobile au Togo selon OWASP Mobile Top 10. Implmentation des contre-mesures et chiffrement end-to-end des transactions. Analyse des vulnrabilits des applications de paiement mobile au Togo selon OWASP Mobile Top 10. Implmentation des contre-mesures et chiffrement end-to-end des transactions. Ce travail s'inscrit dans le contexte de contexte africain. La mthodologie adopte est Recherche-action. Les rsultats obtenus constituent une contribution significative au domaine de Cyberscurit.,Cyberscurit,Recherche-action,Master 1,2022,Etudiant_0187,Dr. Professeur_07,16.96,afrique|audit|cryptographie|owasp|pentesting,5,1,2,Cyberscurit,afrique|applications|audit|cryptographie|des|des applications|end|mobile|owasp|pentesting
MEM-0188,Migration infrastructure on-premise vers AWS,"Planification et excution complte de la migration cloud d'une PME locale. Architecture 3-tiers sur AWS avec auto-scaling, backup automatique et rduction des cots d'infrastructure de 40%.","Planification et excution complte de la migration cloud d'une PME locale. Architecture 3-tiers sur AWS avec auto-scaling, backup automatique et rduction des cots d'infrastructure de 40%. Ce travail s'inscrit dans le contexte de zones rurales. La mthodologie adopte est Dveloppement dirig par les tests (TDD). Les rsultats obtenus constituent une contribution significative au domaine de Cloud / DevOps.","Migration infrastructure on-premise vers AWS. Planification et excution complte de la migration cloud d'une PME locale. Architecture 3-tiers sur AWS avec auto-scaling, backup automatique et rduction des cots d'infrastructure de 40%. Planification et excution complte de la migration cloud d'une PME locale. Architecture 3-tiers sur AWS avec auto-scaling, backup automatique et rduction des cots d'infrastructure de 40%. Ce travail s'inscrit dans le contexte de zones rurales. La mthodologie adopte est Dveloppement dirig par les tests (TDD). Les rsultats obtenus constituent une contribution significative au domaine de Cloud / DevOps.",Cloud / DevOps,Dveloppement dirig par les tests (TDD),Master 2,2021,Etudiant_0188,Dr. Professeur_15,18.06,aws|ci-cd|kubernetes|monitoring,4,0,5,Rseaux,aws|aws avec|ci-cd|infrastructure|kubernetes|migration|monitoring|tiers sur
MEM-0189,Pipeline CI/CD pour quipe de dveloppement,"Mise en place d'un pipeline d'intgration et dploiement continus avec GitHub Actions, Docker et Kubernetes. Rduction du temps de dploiement de 2 jours  15 minutes. 0 rgression en production.","Mise en place d'un pipeline d'intgration et dploiement continus avec GitHub Actions, Docker et Kubernetes. Rduction du temps de dploiement de 2 jours  15 minutes. 0 rgression en production. Ce travail s'inscrit dans le contexte de Afrique de l'Ouest. La mthodologie adopte est Prototypage rapide. Les rsultats obtenus constituent une contribution significative au domaine de Cloud / DevOps.","Pipeline CI/CD pour quipe de dveloppement. Mise en place d'un pipeline d'intgration et dploiement continus avec GitHub Actions, Docker et Kubernetes. Rduction du temps de dploiement de 2 jours  15 minutes. 0 rgression en production. Mise en place d'un pipeline d'intgration et dploiement continus avec GitHub Actions, Docker et Kubernetes. Rduction du temps de dploiement de 2 jours  15 minutes. 0 rgression en production. Ce travail s'inscrit dans le contexte de Afrique de l'Ouest. La mthodologie adopte est Prototypage rapide. Les rsultats obtenus constituent une contribution significative au domaine de Cloud / DevOps.",Cloud / DevOps,Prototypage rapide,Master 2,2019,Etudiant_0189,Dr. Professeur_14,19.22,ci-cd|docker|kubernetes|microservices,4,1,1,Bases de donnes,actions|actions docker|ci-cd|docker|dploiement|en|kubernetes|microservices|pipeline
MEM-0190,Rseau WiFi communautaire  faible cot,"Conception et dploiement d'une infrastructure WiFi dans un quartier de Lom avec quipements open source (OpenWRT). Couverture de 2km, 120 utilisateurs connects simultanment, cot 40% infrieur au march.","Conception et dploiement d'une infrastructure WiFi dans un quartier de Lom avec quipements open source (OpenWRT). Couverture de 2km, 120 utilisateurs connects simultanment, cot 40% infrieur au march. Ce travail s'inscrit dans le contexte de PME africaine. La mthodologie adopte est Recherche applique. Les rsultats obtenus constituent une contribution significative au domaine de Rseaux.","Rseau WiFi communautaire  faible cot. Conception et dploiement d'une infrastructure WiFi dans un quartier de Lom avec quipements open source (OpenWRT). Couverture de 2km, 120 utilisateurs connects simultanment, cot 40% infrieur au march. Conception et dploiement d'une infrastructure WiFi dans un quartier de Lom avec quipements open source (OpenWRT). Couverture de 2km, 120 utilisateurs connects simultanment, cot 40% infrieur au march. Ce travail s'inscrit dans le contexte de PME africaine. La mthodologie adopte est Recherche applique. Les rsultats obtenus constituent une contribution significative au domaine de Rseaux.",Rseaux,Recherche applique,Master 1,2023,Etudiant_0190,Dr. Professeur_15,12.09,4g|afrique|ns3|protocole|tcp-ip|wifi,6,1,5,Rseaux,4g|afrique|cot|ns3|protocole|tcp-ip|un quartier|utilisateurs connects|wifi|wifi dans
MEM-0191,Systme de recommandation de cours personnaliss,Nous dveloppons un moteur de recommandation hybride combinant filtrage collaboratif et content-based pour personnaliser les parcours d'apprentissage en ligne. L'valuation montre 87% de pertinence sur des donnes relles.,Nous dveloppons un moteur de recommandation hybride combinant filtrage collaboratif et content-based pour personnaliser les parcours d'apprentissage en ligne. L'valuation montre 87% de pertinence sur des donnes relles. Ce travail s'inscrit dans le contexte de Lom. La mthodologie adopte est Recherche exprimentale. Les rsultats obtenus constituent une contribution significative au domaine de IA / Machine Learning.,Systme de recommandation de cours personnaliss. Nous dveloppons un moteur de recommandation hybride combinant filtrage collaboratif et content-based pour personnaliser les parcours d'apprentissage en ligne. L'valuation montre 87% de pertinence sur des donnes relles. Nous dveloppons un moteur de recommandation hybride combinant filtrage collaboratif et content-based pour personnaliser les parcours d'apprentissage en ligne. L'valuation montre 87% de pertinence sur des donnes relles. Ce travail s'inscrit dans le contexte de Lom. La mthodologie adopte est Recherche exprimentale. Les rsultats obtenus constituent une contribution significative au domaine de IA / Machine Learning.,IA / Machine Learning,Recherche exprimentale,Master 2,2018,Etudiant_0191,Dr. Professeur_09,19.15,classification|deep-learning|neural-network|prediction|tensorflow,5,1,7,Mobile,classification|de recommandation|deep-learning|neural-network|parcours|personnaliser|prediction|recommandation|sur des|tensorflow
MEM-0192,Golocalisation des transports en commun  Lom,Systme de suivi temps rel des bus et taxis-motos avec application mobile passager et dashboard chauffeur. Architecture microservices avec WebSockets pour les mises  jour en temps rel.,Systme de suivi temps rel des bus et taxis-motos avec application mobile passager et dashboard chauffeur. Architecture microservices avec WebSockets pour les mises  jour en temps rel. Ce travail s'inscrit dans le contexte de PME africaine. La mthodologie adopte est tude de cas. Les rsultats obtenus constituent une contribution significative au domaine de Mobile.,Golocalisation des transports en commun  Lom. Systme de suivi temps rel des bus et taxis-motos avec application mobile passager et dashboard chauffeur. Architecture microservices avec WebSockets pour les mises  jour en temps rel. Systme de suivi temps rel des bus et taxis-motos avec application mobile passager et dashboard chauffeur. Architecture microservices avec WebSockets pour les mises  jour en temps rel. Ce travail s'inscrit dans le contexte de PME africaine. La mthodologie adopte est tude de cas. Les rsultats obtenus constituent une contribution significative au domaine de Mobile.,Mobile,tude de cas,Master 2,2023,Etudiant_0192,Dr. Professeur_13,14.66,afrique|kotlin|microservices|offline|react-native|ux,6,1,3,Dveloppement Web,afrique|kotlin|microservices|offline|passager|passager et|react-native|rel|suivi temps|temps rel|ux
MEM-0193,Optimisation performances BDD hospitalire,"Analyse et optimisation d'un systme de gestion hospitalire sous PostgreSQL. Indexation, partitionnement et rcriture de requtes. Rduction du temps de rponse moyen de 8s  0.3s.","Analyse et optimisation d'un systme de gestion hospitalire sous PostgreSQL. Indexation, partitionnement et rcriture de requtes. Rduction du temps de rponse moyen de 8s  0.3s. Ce travail s'inscrit dans le contexte de Togo. La mthodologie adopte est Recherche exprimentale. Les rsultats obtenus constituent une contribution significative au domaine de Bases de donnes.","Optimisation performances BDD hospitalire. Analyse et optimisation d'un systme de gestion hospitalire sous PostgreSQL. Indexation, partitionnement et rcriture de requtes. Rduction du temps de rponse moyen de 8s  0.3s. Analyse et optimisation d'un systme de gestion hospitalire sous PostgreSQL. Indexation, partitionnement et rcriture de requtes. Rduction du temps de rponse moyen de 8s  0.3s. Ce travail s'inscrit dans le contexte de Togo. La mthodologie adopte est Recherche exprimentale. Les rsultats obtenus constituent une contribution significative au domaine de Bases de donnes.",Bases de donnes,Recherche exprimentale,Master 1,2020,Etudiant_0193,Dr. Professeur_15,12.61,mongodb|nosql|postgresql|sql,4,1,1,Bases de donnes,hospitalire|indexation|mongodb|nosql|optimisation|postgresql|rcriture de|sous postgresql|sql
MEM-0194,Pipeline CI/CD pour quipe de dveloppement,"Mise en place d'un pipeline d'intgration et dploiement continus avec GitHub Actions, Docker et Kubernetes. Rduction du temps de dploiement de 2 jours  15 minutes. 0 rgression en production.","Mise en place d'un pipeline d'intgration et dploiement continus avec GitHub Actions, Docker et Kubernetes. Rduction du temps de dploiement de 2 jours  15 minutes. 0 rgression en production. Ce travail s'inscrit dans le contexte de PME africaine. La mthodologie adopte est Recherche exprimentale. Les rsultats obtenus constituent une contribution significative au domaine de Cloud / DevOps.","Pipeline CI/CD pour quipe de dveloppement. Mise en place d'un pipeline d'intgration et dploiement continus avec GitHub Actions, Docker et Kubernetes. Rduction du temps de dploiement de 2 jours  15 minutes. 0 rgression en production. Mise en place d'un pipeline d'intgration et dploiement continus avec GitHub Actions, Docker et Kubernetes. Rduction du temps de dploiement de 2 jours  15 minutes. 0 rgression en production. Ce travail s'inscrit dans le contexte de PME africaine. La mthodologie adopte est Recherche exprimentale. Les rsultats obtenus constituent une contribution significative au domaine de Cloud / DevOps.",Cloud / DevOps,Recherche exprimentale,Licence 3,2020,Etudiant_0194,Dr. Professeur_11,15.51,docker|kubernetes|microservices|terraform,4,1,1,Bases de donnes,docker|dploiement|en|jours 15|kubernetes|microservices|pipeline|terraform
MEM-0195,Archivage numrique des actes d'tat civil,"Base de donnes structure pour la numrisation et l'archivage des actes de naissance, mariage et dcs. OCR automatique sur documents scanns. 500 000 actes numriss, recherche en temps rel.","Base de donnes structure pour la numrisation et l'archivage des actes de naissance, mariage et dcs. OCR automatique sur documents scanns. 500 000 actes numriss, recherche en temps rel. Ce travail s'inscrit dans le contexte de zones rurales. La mthodologie adopte est Recherche-action. Les rsultats obtenus constituent une contribution significative au domaine de Bases de donnes.","Archivage numrique des actes d'tat civil. Base de donnes structure pour la numrisation et l'archivage des actes de naissance, mariage et dcs. OCR automatique sur documents scanns. 500 000 actes numriss, recherche en temps rel. Base de donnes structure pour la numrisation et l'archivage des actes de naissance, mariage et dcs. OCR automatique sur documents scanns. 500 000 actes numriss, recherche en temps rel. Ce travail s'inscrit dans le contexte de zones rurales. La mthodologie adopte est Recherche-action. Les rsultats obtenus constituent une contribution significative au domaine de Bases de donnes.",Bases de donnes,Recherche-action,Master 2,2021,Etudiant_0195,Dr. Professeur_08,17.2,etl|indexation|mongodb|nosql,4,1,3,Dveloppement Web,actes|archivage|de donnes|des actes|etl|indexation|la numrisation|mongodb|nosql
MEM-0196,Classification d'images agricoles par CNN,Systme de dtection automatique des maladies des cultures grce  des rseaux convolutifs. Dataset de 15 000 images de plantes annotes. Prcision de 94% sur la classification de 8 maladies principales.,Systme de dtection automatique des maladies des cultures grce  des rseaux convolutifs. Dataset de 15 000 images de plantes annotes. Prcision de 94% sur la classification de 8 maladies principales. Ce travail s'inscrit dans le contexte de mobile money. La mthodologie adopte est Dveloppement logiciel (SCRUM). Les rsultats obtenus constituent une contribution significative au domaine de IA / Machine Learning.,Classification d'images agricoles par CNN. Systme de dtection automatique des maladies des cultures grce  des rseaux convolutifs. Dataset de 15 000 images de plantes annotes. Prcision de 94% sur la classification de 8 maladies principales. Systme de dtection automatique des maladies des cultures grce  des rseaux convolutifs. Dataset de 15 000 images de plantes annotes. Prcision de 94% sur la classification de 8 maladies principales. Ce travail s'inscrit dans le contexte de mobile money. La mthodologie adopte est Dveloppement logiciel (SCRUM). Les rsultats obtenus constituent une contribution significative au domaine de IA / Machine Learning.,IA / Machine Learning,Dveloppement logiciel (SCRUM),Licence 3,2024,Etudiant_0196,Dr. Professeur_03,10.68,classification|deep-learning|machine-learning|prediction|python,5,0,2,Cyberscurit,classification|classification de|deep-learning|des|images|machine-learning|maladies|prediction|python
MEM-0197,Optimisation performances BDD hospitalire,"Analyse et optimisation d'un systme de gestion hospitalire sous PostgreSQL. Indexation, partitionnement et rcriture de requtes. Rduction du temps de rponse moyen de 8s  0.3s.","Analyse et optimisation d'un systme de gestion hospitalire sous PostgreSQL. Indexation, partitionnement et rcriture de requtes. Rduction du temps de rponse moyen de 8s  0.3s. Ce travail s'inscrit dans le contexte de Lom. La mthodologie adopte est Dveloppement logiciel (SCRUM). Les rsultats obtenus constituent une contribution significative au domaine de Bases de donnes.","Optimisation performances BDD hospitalire. Analyse et optimisation d'un systme de gestion hospitalire sous PostgreSQL. Indexation, partitionnement et rcriture de requtes. Rduction du temps de rponse moyen de 8s  0.3s. Analyse et optimisation d'un systme de gestion hospitalire sous PostgreSQL. Indexation, partitionnement et rcriture de requtes. Rduction du temps de rponse moyen de 8s  0.3s. Ce travail s'inscrit dans le contexte de Lom. La mthodologie adopte est Dveloppement logiciel (SCRUM). Les rsultats obtenus constituent une contribution significative au domaine de Bases de donnes.",Bases de donnes,Dveloppement logiciel (SCRUM),Master 2,2023,Etudiant_0197,Dr. Professeur_09,10.12,datawarehouse|indexation|nosql|postgresql|sql,5,1,1,Bases de donnes,analyse et|datawarehouse|hospitalire|indexation|nosql|optimisation|postgresql|rcriture de|sous postgresql|sql
MEM-0198,Application de paiement mobile pour petits commerants,App Android permettant aux commerants informels d'accepter les paiements digitaux via NFC et QR code. Intgration mobile money. 500 commerants pilotes dans 3 marchs de Lom.,App Android permettant aux commerants informels d'accepter les paiements digitaux via NFC et QR code. Intgration mobile money. 500 commerants pilotes dans 3 marchs de Lom. Ce travail s'inscrit dans le contexte de zones rurales. La mthodologie adopte est Prototypage rapide. Les rsultats obtenus constituent une contribution significative au domaine de Mobile.,Application de paiement mobile pour petits commerants. App Android permettant aux commerants informels d'accepter les paiements digitaux via NFC et QR code. Intgration mobile money. 500 commerants pilotes dans 3 marchs de Lom. App Android permettant aux commerants informels d'accepter les paiements digitaux via NFC et QR code. Intgration mobile money. 500 commerants pilotes dans 3 marchs de Lom. Ce travail s'inscrit dans le contexte de zones rurales. La mthodologie adopte est Prototypage rapide. Les rsultats obtenus constituent une contribution significative au domaine de Mobile.,Mobile,Prototypage rapide,Master 2,2023,Etudiant_0198,Dr. Professeur_10,12.41,afrique|android|offline|react-native|ux,5,1,2,Cyberscurit,500 commerants|accepter les|afrique|android|commerants|offline|react-native|ux|via|via nfc
MEM-0199,Irrigation automatique intelligente,Systme embarqu sur Arduino/Raspberry Pi pour l'irrigation selon l'humidit du sol et les prvisions mto. conomie d'eau de 35% mesure sur 6 mois dans une exploitation agricole pilote.,Systme embarqu sur Arduino/Raspberry Pi pour l'irrigation selon l'humidit du sol et les prvisions mto. conomie d'eau de 35% mesure sur 6 mois dans une exploitation agricole pilote. Ce travail s'inscrit dans le contexte de mobile money. La mthodologie adopte est Dveloppement dirig par les tests (TDD). Les rsultats obtenus constituent une contribution significative au domaine de Systmes Embarqus.,Irrigation automatique intelligente. Systme embarqu sur Arduino/Raspberry Pi pour l'irrigation selon l'humidit du sol et les prvisions mto. conomie d'eau de 35% mesure sur 6 mois dans une exploitation agricole pilote. Systme embarqu sur Arduino/Raspberry Pi pour l'irrigation selon l'humidit du sol et les prvisions mto. conomie d'eau de 35% mesure sur 6 mois dans une exploitation agricole pilote. Ce travail s'inscrit dans le contexte de mobile money. La mthodologie adopte est Dveloppement dirig par les tests (TDD). Les rsultats obtenus constituent une contribution significative au domaine de Systmes Embarqus.,Systmes Embarqus,Dveloppement dirig par les tests (TDD),Master 1,2018,Etudiant_0199,Dr. Professeur_14,13.0,arduino|capteurs|energie|mqtt|raspberry-pi,5,1,0,Systmes Embarqus,arduino|capteurs|energie|irrigation|mqtt|pi|pi pour|pour irrigation|raspberry-pi|sur
MEM-0200,Dtection de fraude bancaire par deep learning,Ce travail propose un systme de dtection des transactions frauduleuses bas sur les rseaux LSTM. Les donnes proviennent d'une banque togolaise. Nous avons compar plusieurs architectures deep learning sur 50 000 transactions.,Ce travail propose un systme de dtection des transactions frauduleuses bas sur les rseaux LSTM. Les donnes proviennent d'une banque togolaise. Nous avons compar plusieurs architectures deep learning sur 50 000 transactions. Ce travail s'inscrit dans le contexte de Afrique de l'Ouest. La mthodologie adopte est tude de cas. Les rsultats obtenus constituent une contribution significative au domaine de IA / Machine Learning.,Dtection de fraude bancaire par deep learning. Ce travail propose un systme de dtection des transactions frauduleuses bas sur les rseaux LSTM. Les donnes proviennent d'une banque togolaise. Nous avons compar plusieurs architectures deep learning sur 50 000 transactions. Ce travail propose un systme de dtection des transactions frauduleuses bas sur les rseaux LSTM. Les donnes proviennent d'une banque togolaise. Nous avons compar plusieurs architectures deep learning sur 50 000 transactions. Ce travail s'inscrit dans le contexte de Afrique de l'Ouest. La mthodologie adopte est tude de cas. Les rsultats obtenus constituent une contribution significative au domaine de IA / Machine Learning.,IA / Machine Learning,tude de cas,Master 1,2021,Etudiant_0200,Dr. Professeur_07,15.0,afrique|classification|deep-learning|machine-learning|neural-network|prediction,6,1,2,Cyberscurit,afrique|classification|deep|deep learning|deep-learning|dtection|learning|machine-learning|neural-network|prediction|transactions
MEM-0201,Contrle d'accs biomtrique  faible cot,Systme de contrle d'accs par empreinte digitale et reconnaissance faciale pour scuriser des locaux  budget limit. Cot matriel sous 50 000 FCFA. Dploy dans 3 tablissements scolaires.,Systme de contrle d'accs par empreinte digitale et reconnaissance faciale pour scuriser des locaux  budget limit. Cot matriel sous 50 000 FCFA. Dploy dans 3 tablissements scolaires. Ce travail s'inscrit dans le contexte de PME africaine. La mthodologie adopte est Dveloppement dirig par les tests (TDD). Les rsultats obtenus constituent une contribution significative au domaine de Systmes Embarqus.,Contrle d'accs biomtrique  faible cot. Systme de contrle d'accs par empreinte digitale et reconnaissance faciale pour scuriser des locaux  budget limit. Cot matriel sous 50 000 FCFA. Dploy dans 3 tablissements scolaires. Systme de contrle d'accs par empreinte digitale et reconnaissance faciale pour scuriser des locaux  budget limit. Cot matriel sous 50 000 FCFA. Dploy dans 3 tablissements scolaires. Ce travail s'inscrit dans le contexte de PME africaine. La mthodologie adopte est Dveloppement dirig par les tests (TDD). Les rsultats obtenus constituent une contribution significative au domaine de Systmes Embarqus.,Systmes Embarqus,Dveloppement dirig par les tests (TDD),Licence 3,2022,Etudiant_0201,Dr. Professeur_15,12.71,capteurs|raspberry-pi|temps-reel,3,0,0,Systmes Embarqus,accs|budget limit|capteurs|contrle|contrle accs|cot|raspberry-pi|temps-reel
MEM-0202,Application de suivi de grossesse pour zones rurales,"App mobile hors-ligne pour le suivi mdical des femmes enceintes sans connexion internet. Synchronisation diffre des donnes. Dploye dans 12 centres de sant ruraux, 800 femmes suivies.","App mobile hors-ligne pour le suivi mdical des femmes enceintes sans connexion internet. Synchronisation diffre des donnes. Dploye dans 12 centres de sant ruraux, 800 femmes suivies. Ce travail s'inscrit dans le contexte de zones rurales. La mthodologie adopte est Prototypage rapide. Les rsultats obtenus constituent une contribution significative au domaine de Mobile.","Application de suivi de grossesse pour zones rurales. App mobile hors-ligne pour le suivi mdical des femmes enceintes sans connexion internet. Synchronisation diffre des donnes. Dploye dans 12 centres de sant ruraux, 800 femmes suivies. App mobile hors-ligne pour le suivi mdical des femmes enceintes sans connexion internet. Synchronisation diffre des donnes. Dploye dans 12 centres de sant ruraux, 800 femmes suivies. Ce travail s'inscrit dans le contexte de zones rurales. La mthodologie adopte est Prototypage rapide. Les rsultats obtenus constituent une contribution significative au domaine de Mobile.",Mobile,Prototypage rapide,Master 2,2018,Etudiant_0202,Dr. Professeur_12,17.52,android|flutter|geolocalisation,3,1,7,Mobile,12 centres|800|800 femmes|android|femmes|flutter|geolocalisation|suivi
MEM-0203,Portail de tlmdecine pour zones rurales,"Application web de consultation mdicale  distance intgrant la golocalisation des centres de sant, la prise de rendez-vous et le dossier mdical numrique simplifi. Mode offline disponible.","Application web de consultation mdicale  distance intgrant la golocalisation des centres de sant, la prise de rendez-vous et le dossier mdical numrique simplifi. Mode offline disponible. Ce travail s'inscrit dans le contexte de zones rurales. La mthodologie adopte est Recherche exprimentale. Les rsultats obtenus constituent une contribution significative au domaine de Dveloppement Web.","Portail de tlmdecine pour zones rurales. Application web de consultation mdicale  distance intgrant la golocalisation des centres de sant, la prise de rendez-vous et le dossier mdical numrique simplifi. Mode offline disponible. Application web de consultation mdicale  distance intgrant la golocalisation des centres de sant, la prise de rendez-vous et le dossier mdical numrique simplifi. Mode offline disponible. Ce travail s'inscrit dans le contexte de zones rurales. La mthodologie adopte est Recherche exprimentale. Les rsultats obtenus constituent une contribution significative au domaine de Dveloppement Web.",Dveloppement Web,Recherche exprimentale,Master 2,2019,Etudiant_0203,Dr. Professeur_12,17.9,django|docker|full-stack|postgresql|rest-api,5,1,7,Mobile,application web|de consultation|django|docker|full-stack|postgresql|rest-api|vous|web|web de
MEM-0204,Systme de surveillance de la qualit de l'air,"Rseau de capteurs IoT autonomes mesurant CO2, PM2.5, NO2 et temprature. Transmission MQTT vers dashboard Grafana. Autonomie 6 mois sur batterie avec panneau solaire. Dploy dans 5 quartiers de Lom.","Rseau de capteurs IoT autonomes mesurant CO2, PM2.5, NO2 et temprature. Transmission MQTT vers dashboard Grafana. Autonomie 6 mois sur batterie avec panneau solaire. Dploy dans 5 quartiers de Lom. Ce travail s'inscrit dans le contexte de Lom. La mthodologie adopte est Dveloppement logiciel (SCRUM). Les rsultats obtenus constituent une contribution significative au domaine de Systmes Embarqus.","Systme de surveillance de la qualit de l'air. Rseau de capteurs IoT autonomes mesurant CO2, PM2.5, NO2 et temprature. Transmission MQTT vers dashboard Grafana. Autonomie 6 mois sur batterie avec panneau solaire. Dploy dans 5 quartiers de Lom. Rseau de capteurs IoT autonomes mesurant CO2, PM2.5, NO2 et temprature. Transmission MQTT vers dashboard Grafana. Autonomie 6 mois sur batterie avec panneau solaire. Dploy dans 5 quartiers de Lom. Ce travail s'inscrit dans le contexte de Lom. La mthodologie adopte est Dveloppement logiciel (SCRUM). Les rsultats obtenus constituent une contribution significative au domaine de Systmes Embarqus.",Systmes Embarqus,Dveloppement logiciel (SCRUM),Master 1,2019,Etudiant_0204,Dr. Professeur_06,19.69,afrique|energie|iot|mqtt|temps-reel,5,0,4,Rseaux,afrique|autonomie|autonomie mois|avec panneau|batterie|energie|iot|mqtt|no2|temps-reel
MEM-0205,Golocalisation des transports en commun  Lom,Systme de suivi temps rel des bus et taxis-motos avec application mobile passager et dashboard chauffeur. Architecture microservices avec WebSockets pour les mises  jour en temps rel.,Systme de suivi temps rel des bus et taxis-motos avec application mobile passager et dashboard chauffeur. Architecture microservices avec WebSockets pour les mises  jour en temps rel. Ce travail s'inscrit dans le contexte de Afrique de l'Ouest. La mthodologie adopte est tude de cas. Les rsultats obtenus constituent une contribution significative au domaine de Mobile.,Golocalisation des transports en commun  Lom. Systme de suivi temps rel des bus et taxis-motos avec application mobile passager et dashboard chauffeur. Architecture microservices avec WebSockets pour les mises  jour en temps rel. Systme de suivi temps rel des bus et taxis-motos avec application mobile passager et dashboard chauffeur. Architecture microservices avec WebSockets pour les mises  jour en temps rel. Ce travail s'inscrit dans le contexte de Afrique de l'Ouest. La mthodologie adopte est tude de cas. Les rsultats obtenus constituent une contribution significative au domaine de Mobile.,Mobile,tude de cas,Licence 3,2020,Etudiant_0205,Dr. Professeur_05,17.72,afrique|flutter|kotlin|microservices|mobile-money|offline|react-native,7,1,3,Dveloppement Web,afrique|flutter|jour en|kotlin|microservices|mobile-money|motos|offline|react-native|rel|suivi temps|temps rel
MEM-0206,Plateforme de gestion des stages universitaires,"Application full-stack React/FastAPI permettant aux tudiants de postuler aux stages, aux entreprises de publier des offres et  l'universit de suivre les conventions. Dploye sur 3 universits togolaises.","Application full-stack React/FastAPI permettant aux tudiants de postuler aux stages, aux entreprises de publier des offres et  l'universit de suivre les conventions. Dploye sur 3 universits togolaises. Ce travail s'inscrit dans le contexte de Afrique de l'Ouest. La mthodologie adopte est Recherche applique. Les rsultats obtenus constituent une contribution significative au domaine de Dveloppement Web.","Plateforme de gestion des stages universitaires. Application full-stack React/FastAPI permettant aux tudiants de postuler aux stages, aux entreprises de publier des offres et  l'universit de suivre les conventions. Dploye sur 3 universits togolaises. Application full-stack React/FastAPI permettant aux tudiants de postuler aux stages, aux entreprises de publier des offres et  l'universit de suivre les conventions. Dploye sur 3 universits togolaises. Ce travail s'inscrit dans le contexte de Afrique de l'Ouest. La mthodologie adopte est Recherche applique. Les rsultats obtenus constituent une contribution significative au domaine de Dveloppement Web.",Dveloppement Web,Recherche applique,Licence 3,2021,Etudiant_0206,Dr. Professeur_05,10.92,afrique|django|fastapi|full-stack|javascript|postgresql|react|rest-api,8,1,3,Dveloppement Web,afrique|aux|django|fastapi|fastapi permettant|full-stack|javascript|offres|postgresql|postuler|react|rest-api|stages
MEM-0207,Application de paiement mobile pour petits commerants,App Android permettant aux commerants informels d'accepter les paiements digitaux via NFC et QR code. Intgration mobile money. 500 commerants pilotes dans 3 marchs de Lom.,App Android permettant aux commerants informels d'accepter les paiements digitaux via NFC et QR code. Intgration mobile money. 500 commerants pilotes dans 3 marchs de Lom. Ce travail s'inscrit dans le contexte de Lom. La mthodologie adopte est Recherche exprimentale. Les rsultats obtenus constituent une contribution significative au domaine de Mobile.,Application de paiement mobile pour petits commerants. App Android permettant aux commerants informels d'accepter les paiements digitaux via NFC et QR code. Intgration mobile money. 500 commerants pilotes dans 3 marchs de Lom. App Android permettant aux commerants informels d'accepter les paiements digitaux via NFC et QR code. Intgration mobile money. 500 commerants pilotes dans 3 marchs de Lom. Ce travail s'inscrit dans le contexte de Lom. La mthodologie adopte est Recherche exprimentale. Les rsultats obtenus constituent une contribution significative au domaine de Mobile.,Mobile,Recherche exprimentale,Licence 3,2019,Etudiant_0207,Dr. Professeur_02,11.03,afrique|android|geolocalisation|kotlin|offline|react-native,6,1,2,Cyberscurit,accepter les|afrique|android|code intgration|commerants|geolocalisation|kotlin|money 500|offline|react-native|via
MEM-0208,Portail de tlmdecine pour zones rurales,"Application web de consultation mdicale  distance intgrant la golocalisation des centres de sant, la prise de rendez-vous et le dossier mdical numrique simplifi. Mode offline disponible.","Application web de consultation mdicale  distance intgrant la golocalisation des centres de sant, la prise de rendez-vous et le dossier mdical numrique simplifi. Mode offline disponible. Ce travail s'inscrit dans le contexte de mobile money. La mthodologie adopte est Dveloppement dirig par les tests (TDD). Les rsultats obtenus constituent une contribution significative au domaine de Dveloppement Web.","Portail de tlmdecine pour zones rurales. Application web de consultation mdicale  distance intgrant la golocalisation des centres de sant, la prise de rendez-vous et le dossier mdical numrique simplifi. Mode offline disponible. Application web de consultation mdicale  distance intgrant la golocalisation des centres de sant, la prise de rendez-vous et le dossier mdical numrique simplifi. Mode offline disponible. Ce travail s'inscrit dans le contexte de mobile money. La mthodologie adopte est Dveloppement dirig par les tests (TDD). Les rsultats obtenus constituent une contribution significative au domaine de Dveloppement Web.",Dveloppement Web,Dveloppement dirig par les tests (TDD),Master 1,2018,Etudiant_0208,Dr. Professeur_03,15.72,docker|full-stack|react|rest-api,4,1,7,Mobile,application web|consultation|docker|full-stack|react|rest-api|vous|web|web de
MEM-0209,Audit de scurit des infrastructures bancaires,"valuation complte de la posture de scurit d'une banque locale par tests de pntration, analyse de code et revue de configuration. Rapport de 47 vulnrabilits identifies avec plan de remdiation.","valuation complte de la posture de scurit d'une banque locale par tests de pntration, analyse de code et revue de configuration. Rapport de 47 vulnrabilits identifies avec plan de remdiation. Ce travail s'inscrit dans le contexte de langues locales. La mthodologie adopte est Recherche applique. Les rsultats obtenus constituent une contribution significative au domaine de Cyberscurit.","Audit de scurit des infrastructures bancaires. valuation complte de la posture de scurit d'une banque locale par tests de pntration, analyse de code et revue de configuration. Rapport de 47 vulnrabilits identifies avec plan de remdiation. valuation complte de la posture de scurit d'une banque locale par tests de pntration, analyse de code et revue de configuration. Rapport de 47 vulnrabilits identifies avec plan de remdiation. Ce travail s'inscrit dans le contexte de langues locales. La mthodologie adopte est Recherche applique. Les rsultats obtenus constituent une contribution significative au domaine de Cyberscurit.",Cyberscurit,Recherche applique,Master 1,2020,Etudiant_0209,Dr. Professeur_08,14.21,cryptographie|owasp|pentesting|siem,4,1,2,Cyberscurit,cryptographie|de scurit|la posture|owasp|pentesting|pntration|pntration analyse|scurit|siem
MEM-0210,Irrigation automatique intelligente,Systme embarqu sur Arduino/Raspberry Pi pour l'irrigation selon l'humidit du sol et les prvisions mto. conomie d'eau de 35% mesure sur 6 mois dans une exploitation agricole pilote.,Systme embarqu sur Arduino/Raspberry Pi pour l'irrigation selon l'humidit du sol et les prvisions mto. conomie d'eau de 35% mesure sur 6 mois dans une exploitation agricole pilote. Ce travail s'inscrit dans le contexte de langues locales. La mthodologie adopte est Recherche exprimentale. Les rsultats obtenus constituent une contribution significative au domaine de Systmes Embarqus.,Irrigation automatique intelligente. Systme embarqu sur Arduino/Raspberry Pi pour l'irrigation selon l'humidit du sol et les prvisions mto. conomie d'eau de 35% mesure sur 6 mois dans une exploitation agricole pilote. Systme embarqu sur Arduino/Raspberry Pi pour l'irrigation selon l'humidit du sol et les prvisions mto. conomie d'eau de 35% mesure sur 6 mois dans une exploitation agricole pilote. Ce travail s'inscrit dans le contexte de langues locales. La mthodologie adopte est Recherche exprimentale. Les rsultats obtenus constituent une contribution significative au domaine de Systmes Embarqus.,Systmes Embarqus,Recherche exprimentale,Master 2,2023,Etudiant_0210,Dr. Professeur_07,10.07,arduino|capteurs|embarque|raspberry-pi,4,1,0,Systmes Embarqus,arduino|capteurs|embarque|irrigation|les prvisions|mois dans|raspberry-pi|sur|sur arduino
MEM-0211,Pipeline CI/CD pour quipe de dveloppement,"Mise en place d'un pipeline d'intgration et dploiement continus avec GitHub Actions, Docker et Kubernetes. Rduction du temps de dploiement de 2 jours  15 minutes. 0 rgression en production.","Mise en place d'un pipeline d'intgration et dploiement continus avec GitHub Actions, Docker et Kubernetes. Rduction du temps de dploiement de 2 jours  15 minutes. 0 rgression en production. Ce travail s'inscrit dans le contexte de PME africaine. La mthodologie adopte est tude de cas. Les rsultats obtenus constituent une contribution significative au domaine de Cloud / DevOps.","Pipeline CI/CD pour quipe de dveloppement. Mise en place d'un pipeline d'intgration et dploiement continus avec GitHub Actions, Docker et Kubernetes. Rduction du temps de dploiement de 2 jours  15 minutes. 0 rgression en production. Mise en place d'un pipeline d'intgration et dploiement continus avec GitHub Actions, Docker et Kubernetes. Rduction du temps de dploiement de 2 jours  15 minutes. 0 rgression en production. Ce travail s'inscrit dans le contexte de PME africaine. La mthodologie adopte est tude de cas. Les rsultats obtenus constituent une contribution significative au domaine de Cloud / DevOps.",Cloud / DevOps,tude de cas,Master 1,2021,Etudiant_0211,Dr. Professeur_07,13.14,devops|docker|kubernetes|microservices|terraform,5,1,1,Bases de donnes,devops|docker|dploiement|en|intgration et|kubernetes|microservices|pipeline|rgression en|terraform
MEM-0212,Application de suivi de grossesse pour zones rurales,"App mobile hors-ligne pour le suivi mdical des femmes enceintes sans connexion internet. Synchronisation diffre des donnes. Dploye dans 12 centres de sant ruraux, 800 femmes suivies.","App mobile hors-ligne pour le suivi mdical des femmes enceintes sans connexion internet. Synchronisation diffre des donnes. Dploye dans 12 centres de sant ruraux, 800 femmes suivies. Ce travail s'inscrit dans le contexte de contexte africain. La mthodologie adopte est Recherche-action. Les rsultats obtenus constituent une contribution significative au domaine de Mobile.","Application de suivi de grossesse pour zones rurales. App mobile hors-ligne pour le suivi mdical des femmes enceintes sans connexion internet. Synchronisation diffre des donnes. Dploye dans 12 centres de sant ruraux, 800 femmes suivies. App mobile hors-ligne pour le suivi mdical des femmes enceintes sans connexion internet. Synchronisation diffre des donnes. Dploye dans 12 centres de sant ruraux, 800 femmes suivies. Ce travail s'inscrit dans le contexte de contexte africain. La mthodologie adopte est Recherche-action. Les rsultats obtenus constituent une contribution significative au domaine de Mobile.",Mobile,Recherche-action,Master 2,2021,Etudiant_0212,Dr. Professeur_10,11.14,geolocalisation|kotlin|mobile-money|react-native|ux,5,1,7,Mobile,enceintes sans|femmes|geolocalisation|internet|internet synchronisation|kotlin|mobile-money|react-native|suivi|ux
MEM-0213,Scurisation des applications mobile banking,Analyse des vulnrabilits des applications de paiement mobile au Togo selon OWASP Mobile Top 10. Implmentation des contre-mesures et chiffrement end-to-end des transactions.,Analyse des vulnrabilits des applications de paiement mobile au Togo selon OWASP Mobile Top 10. Implmentation des contre-mesures et chiffrement end-to-end des transactions. Ce travail s'inscrit dans le contexte de Afrique de l'Ouest. La mthodologie adopte est Dveloppement dirig par les tests (TDD). Les rsultats obtenus constituent une contribution significative au domaine de Cyberscurit.,Scurisation des applications mobile banking. Analyse des vulnrabilits des applications de paiement mobile au Togo selon OWASP Mobile Top 10. Implmentation des contre-mesures et chiffrement end-to-end des transactions. Analyse des vulnrabilits des applications de paiement mobile au Togo selon OWASP Mobile Top 10. Implmentation des contre-mesures et chiffrement end-to-end des transactions. Ce travail s'inscrit dans le contexte de Afrique de l'Ouest. La mthodologie adopte est Dveloppement dirig par les tests (TDD). Les rsultats obtenus constituent une contribution significative au domaine de Cyberscurit.,Cyberscurit,Dveloppement dirig par les tests (TDD),Master 2,2018,Etudiant_0213,Dr. Professeur_13,18.19,afrique|audit|cryptographie|owasp|siem|vulnerabilite,6,1,2,Cyberscurit,afrique|applications|audit|cryptographie|des|des applications|end|mobile|owasp|siem|vulnerabilite
MEM-0214,Entrept de donnes pour le Ministre de la Sant,"Conception d'un data warehouse selon modlisation en toile pour centraliser les donnes pidmiologiques nationales. Pipeline ETL automatis, 50M enregistrements, requtes analytiques en < 2s.","Conception d'un data warehouse selon modlisation en toile pour centraliser les donnes pidmiologiques nationales. Pipeline ETL automatis, 50M enregistrements, requtes analytiques en < 2s. Ce travail s'inscrit dans le contexte de Afrique de l'Ouest. La mthodologie adopte est Recherche-action. Les rsultats obtenus constituent une contribution significative au domaine de Bases de donnes.","Entrept de donnes pour le Ministre de la Sant. Conception d'un data warehouse selon modlisation en toile pour centraliser les donnes pidmiologiques nationales. Pipeline ETL automatis, 50M enregistrements, requtes analytiques en < 2s. Conception d'un data warehouse selon modlisation en toile pour centraliser les donnes pidmiologiques nationales. Pipeline ETL automatis, 50M enregistrements, requtes analytiques en < 2s. Ce travail s'inscrit dans le contexte de Afrique de l'Ouest. La mthodologie adopte est Recherche-action. Les rsultats obtenus constituent une contribution significative au domaine de Bases de donnes.",Bases de donnes,Recherche-action,Master 1,2019,Etudiant_0214,Dr. Professeur_10,14.49,datawarehouse|etl|nosql|optimisation,4,1,1,Bases de donnes,datawarehouse|donnes|en|etl|nosql|optimisation|pipeline etl|toile|toile pour
MEM-0215,Systme de monitoring applicatif temps rel,"Dploiement d'une stack de monitoring avec Prometheus, Grafana et alerting automatique. Couverture de 15 microservices avec dashboards mtier et techniques. MTTR rduit de 4h  20min.","Dploiement d'une stack de monitoring avec Prometheus, Grafana et alerting automatique. Couverture de 15 microservices avec dashboards mtier et techniques. MTTR rduit de 4h  20min. Ce travail s'inscrit dans le contexte de Afrique de l'Ouest. La mthodologie adopte est Prototypage rapide. Les rsultats obtenus constituent une contribution significative au domaine de Cloud / DevOps.","Systme de monitoring applicatif temps rel. Dploiement d'une stack de monitoring avec Prometheus, Grafana et alerting automatique. Couverture de 15 microservices avec dashboards mtier et techniques. MTTR rduit de 4h  20min. Dploiement d'une stack de monitoring avec Prometheus, Grafana et alerting automatique. Couverture de 15 microservices avec dashboards mtier et techniques. MTTR rduit de 4h  20min. Ce travail s'inscrit dans le contexte de Afrique de l'Ouest. La mthodologie adopte est Prototypage rapide. Les rsultats obtenus constituent une contribution significative au domaine de Cloud / DevOps.",Cloud / DevOps,Prototypage rapide,Master 2,2021,Etudiant_0215,Dr. Professeur_11,17.69,aws|devops|kubernetes|microservices|terraform,5,1,6,Cloud / DevOps,4h 20min|alerting|alerting automatique|aws|de monitoring|devops|kubernetes|microservices|monitoring|terraform
MEM-0216,Scurisation des applications mobile banking,Analyse des vulnrabilits des applications de paiement mobile au Togo selon OWASP Mobile Top 10. Implmentation des contre-mesures et chiffrement end-to-end des transactions.,Analyse des vulnrabilits des applications de paiement mobile au Togo selon OWASP Mobile Top 10. Implmentation des contre-mesures et chiffrement end-to-end des transactions. Ce travail s'inscrit dans le contexte de Togo. La mthodologie adopte est Prototypage rapide. Les rsultats obtenus constituent une contribution significative au domaine de Cyberscurit.,Scurisation des applications mobile banking. Analyse des vulnrabilits des applications de paiement mobile au Togo selon OWASP Mobile Top 10. Implmentation des contre-mesures et chiffrement end-to-end des transactions. Analyse des vulnrabilits des applications de paiement mobile au Togo selon OWASP Mobile Top 10. Implmentation des contre-mesures et chiffrement end-to-end des transactions. Ce travail s'inscrit dans le contexte de Togo. La mthodologie adopte est Prototypage rapide. Les rsultats obtenus constituent une contribution significative au domaine de Cyberscurit.,Cyberscurit,Prototypage rapide,Licence 3,2022,Etudiant_0216,Dr. Professeur_04,10.99,afrique|cryptographie|intrusion|owasp|pentesting|vulnerabilite,6,1,2,Cyberscurit,afrique|applications|cryptographie|des|des applications|end|intrusion|mobile|owasp|pentesting|vulnerabilite
MEM-0217,Optimisation QoS dans les rseaux 4G,tude et amlioration de la qualit de service pour les applications temps rel sur rseau mobile 4G/LTE. Simulation sous NS-3 et validation terrain avec mesures de latence et dbit.,tude et amlioration de la qualit de service pour les applications temps rel sur rseau mobile 4G/LTE. Simulation sous NS-3 et validation terrain avec mesures de latence et dbit. Ce travail s'inscrit dans le contexte de langues locales. La mthodologie adopte est Recherche applique. Les rsultats obtenus constituent une contribution significative au domaine de Rseaux.,Optimisation QoS dans les rseaux 4G. tude et amlioration de la qualit de service pour les applications temps rel sur rseau mobile 4G/LTE. Simulation sous NS-3 et validation terrain avec mesures de latence et dbit. tude et amlioration de la qualit de service pour les applications temps rel sur rseau mobile 4G/LTE. Simulation sous NS-3 et validation terrain avec mesures de latence et dbit. Ce travail s'inscrit dans le contexte de langues locales. La mthodologie adopte est Recherche applique. Les rsultats obtenus constituent une contribution significative au domaine de Rseaux.,Rseaux,Recherche applique,Master 1,2021,Etudiant_0217,Dr. Professeur_02,14.16,cisco|iot|protocole|qos|wifi,5,1,4,Rseaux,4g|amlioration|cisco|iot|latence|mobile 4g|protocole|qos|rel sur|wifi
MEM-0218,Implmentation d'un SIEM open source,Dploiement et configuration de Wazuh/ELK Stack pour la dtection d'intrusions en temps rel. Dfinition de 120 rgles de corrlation et procdures de rponse aux incidents pour une PME.,Dploiement et configuration de Wazuh/ELK Stack pour la dtection d'intrusions en temps rel. Dfinition de 120 rgles de corrlation et procdures de rponse aux incidents pour une PME. Ce travail s'inscrit dans le contexte de Afrique de l'Ouest. La mthodologie adopte est Recherche applique. Les rsultats obtenus constituent une contribution significative au domaine de Cyberscurit.,Implmentation d'un SIEM open source. Dploiement et configuration de Wazuh/ELK Stack pour la dtection d'intrusions en temps rel. Dfinition de 120 rgles de corrlation et procdures de rponse aux incidents pour une PME. Dploiement et configuration de Wazuh/ELK Stack pour la dtection d'intrusions en temps rel. Dfinition de 120 rgles de corrlation et procdures de rponse aux incidents pour une PME. Ce travail s'inscrit dans le contexte de Afrique de l'Ouest. La mthodologie adopte est Recherche applique. Les rsultats obtenus constituent une contribution significative au domaine de Cyberscurit.,Cyberscurit,Recherche applique,Master 1,2021,Etudiant_0218,Dr. Professeur_12,14.38,cryptographie|owasp|vulnerabilite,3,1,3,Dveloppement Web,corrlation|corrlation et|cryptographie|owasp|pour une|procdures de|rponse aux|vulnerabilite
MEM-0219,Portail de tlmdecine pour zones rurales,"Application web de consultation mdicale  distance intgrant la golocalisation des centres de sant, la prise de rendez-vous et le dossier mdical numrique simplifi. Mode offline disponible.","Application web de consultation mdicale  distance intgrant la golocalisation des centres de sant, la prise de rendez-vous et le dossier mdical numrique simplifi. Mode offline disponible. Ce travail s'inscrit dans le contexte de zones rurales. La mthodologie adopte est Dveloppement logiciel (SCRUM). Les rsultats obtenus constituent une contribution significative au domaine de Dveloppement Web.","Portail de tlmdecine pour zones rurales. Application web de consultation mdicale  distance intgrant la golocalisation des centres de sant, la prise de rendez-vous et le dossier mdical numrique simplifi. Mode offline disponible. Application web de consultation mdicale  distance intgrant la golocalisation des centres de sant, la prise de rendez-vous et le dossier mdical numrique simplifi. Mode offline disponible. Ce travail s'inscrit dans le contexte de zones rurales. La mthodologie adopte est Dveloppement logiciel (SCRUM). Les rsultats obtenus constituent une contribution significative au domaine de Dveloppement Web.",Dveloppement Web,Dveloppement logiciel (SCRUM),Master 2,2018,Etudiant_0219,Dr. Professeur_12,19.3,javascript|postgresql|react,3,1,7,Mobile,application web|de consultation|javascript|postgresql|react|vous|web|web de
MEM-0220,Scurisation des applications mobile banking,Analyse des vulnrabilits des applications de paiement mobile au Togo selon OWASP Mobile Top 10. Implmentation des contre-mesures et chiffrement end-to-end des transactions.,Analyse des vulnrabilits des applications de paiement mobile au Togo selon OWASP Mobile Top 10. Implmentation des contre-mesures et chiffrement end-to-end des transactions. Ce travail s'inscrit dans le contexte de zones rurales. La mthodologie adopte est Recherche exprimentale. Les rsultats obtenus constituent une contribution significative au domaine de Cyberscurit.,Scurisation des applications mobile banking. Analyse des vulnrabilits des applications de paiement mobile au Togo selon OWASP Mobile Top 10. Implmentation des contre-mesures et chiffrement end-to-end des transactions. Analyse des vulnrabilits des applications de paiement mobile au Togo selon OWASP Mobile Top 10. Implmentation des contre-mesures et chiffrement end-to-end des transactions. Ce travail s'inscrit dans le contexte de zones rurales. La mthodologie adopte est Recherche exprimentale. Les rsultats obtenus constituent une contribution significative au domaine de Cyberscurit.,Cyberscurit,Recherche exprimentale,Master 1,2022,Etudiant_0220,Dr. Professeur_07,16.4,afrique|cryptographie|intrusion|siem|vulnerabilite,5,1,2,Cyberscurit,afrique|applications|cryptographie|des|des applications|end|intrusion|mobile|siem|vulnerabilite
MEM-0221,Optimisation QoS dans les rseaux 4G,tude et amlioration de la qualit de service pour les applications temps rel sur rseau mobile 4G/LTE. Simulation sous NS-3 et validation terrain avec mesures de latence et dbit.,tude et amlioration de la qualit de service pour les applications temps rel sur rseau mobile 4G/LTE. Simulation sous NS-3 et validation terrain avec mesures de latence et dbit. Ce travail s'inscrit dans le contexte de Afrique de l'Ouest. La mthodologie adopte est Prototypage rapide. Les rsultats obtenus constituent une contribution significative au domaine de Rseaux.,Optimisation QoS dans les rseaux 4G. tude et amlioration de la qualit de service pour les applications temps rel sur rseau mobile 4G/LTE. Simulation sous NS-3 et validation terrain avec mesures de latence et dbit. tude et amlioration de la qualit de service pour les applications temps rel sur rseau mobile 4G/LTE. Simulation sous NS-3 et validation terrain avec mesures de latence et dbit. Ce travail s'inscrit dans le contexte de Afrique de l'Ouest. La mthodologie adopte est Prototypage rapide. Les rsultats obtenus constituent une contribution significative au domaine de Rseaux.,Rseaux,Prototypage rapide,Master 1,2021,Etudiant_0221,Dr. Professeur_13,15.77,4g|iot|qos,3,1,4,Rseaux,4g|4g lte|iot|mesures de|mobile 4g|qos|rel sur
MEM-0222,Implmentation d'un SIEM open source,Dploiement et configuration de Wazuh/ELK Stack pour la dtection d'intrusions en temps rel. Dfinition de 120 rgles de corrlation et procdures de rponse aux incidents pour une PME.,Dploiement et configuration de Wazuh/ELK Stack pour la dtection d'intrusions en temps rel. Dfinition de 120 rgles de corrlation et procdures de rponse aux incidents pour une PME. Ce travail s'inscrit dans le contexte de contexte africain. La mthodologie adopte est Recherche applique. Les rsultats obtenus constituent une contribution significative au domaine de Cyberscurit.,Implmentation d'un SIEM open source. Dploiement et configuration de Wazuh/ELK Stack pour la dtection d'intrusions en temps rel. Dfinition de 120 rgles de corrlation et procdures de rponse aux incidents pour une PME. Dploiement et configuration de Wazuh/ELK Stack pour la dtection d'intrusions en temps rel. Dfinition de 120 rgles de corrlation et procdures de rponse aux incidents pour une PME. Ce travail s'inscrit dans le contexte de contexte africain. La mthodologie adopte est Recherche applique. Les rsultats obtenus constituent une contribution significative au domaine de Cyberscurit.,Cyberscurit,Recherche applique,Licence 3,2021,Etudiant_0222,Dr. Professeur_10,15.97,audit|cryptographie|forensics,3,1,3,Dveloppement Web,audit|aux incidents|cryptographie|forensics|pour une|procdures de|rgles|rgles de
MEM-0223,Portail de tlmdecine pour zones rurales,"Application web de consultation mdicale  distance intgrant la golocalisation des centres de sant, la prise de rendez-vous et le dossier mdical numrique simplifi. Mode offline disponible.","Application web de consultation mdicale  distance intgrant la golocalisation des centres de sant, la prise de rendez-vous et le dossier mdical numrique simplifi. Mode offline disponible. Ce travail s'inscrit dans le contexte de Afrique de l'Ouest. La mthodologie adopte est Recherche applique. Les rsultats obtenus constituent une contribution significative au domaine de Dveloppement Web.","Portail de tlmdecine pour zones rurales. Application web de consultation mdicale  distance intgrant la golocalisation des centres de sant, la prise de rendez-vous et le dossier mdical numrique simplifi. Mode offline disponible. Application web de consultation mdicale  distance intgrant la golocalisation des centres de sant, la prise de rendez-vous et le dossier mdical numrique simplifi. Mode offline disponible. Ce travail s'inscrit dans le contexte de Afrique de l'Ouest. La mthodologie adopte est Recherche applique. Les rsultats obtenus constituent une contribution significative au domaine de Dveloppement Web.",Dveloppement Web,Recherche applique,Master 1,2022,Etudiant_0223,Dr. Professeur_06,16.72,docker|javascript|rest-api,3,1,7,Mobile,application web|consultation|docker|javascript|rest-api|vous|web|web de
MEM-0224,Application de paiement mobile pour petits commerants,App Android permettant aux commerants informels d'accepter les paiements digitaux via NFC et QR code. Intgration mobile money. 500 commerants pilotes dans 3 marchs de Lom.,App Android permettant aux commerants informels d'accepter les paiements digitaux via NFC et QR code. Intgration mobile money. 500 commerants pilotes dans 3 marchs de Lom. Ce travail s'inscrit dans le contexte de zones rurales. La mthodologie adopte est Recherche exprimentale. Les rsultats obtenus constituent une contribution significative au domaine de Mobile.,Application de paiement mobile pour petits commerants. App Android permettant aux commerants informels d'accepter les paiements digitaux via NFC et QR code. Intgration mobile money. 500 commerants pilotes dans 3 marchs de Lom. App Android permettant aux commerants informels d'accepter les paiements digitaux via NFC et QR code. Intgration mobile money. 500 commerants pilotes dans 3 marchs de Lom. Ce travail s'inscrit dans le contexte de zones rurales. La mthodologie adopte est Recherche exprimentale. Les rsultats obtenus constituent une contribution significative au domaine de Mobile.,Mobile,Recherche exprimentale,Master 1,2023,Etudiant_0224,Dr. Professeur_07,15.75,afrique|android|mobile-money|offline|react-native,5,1,2,Cyberscurit,accepter les|afrique|android|android permettant|commerants|les paiements|mobile-money|offline|react-native
MEM-0225,Scurisation des applications mobile banking,Analyse des vulnrabilits des applications de paiement mobile au Togo selon OWASP Mobile Top 10. Implmentation des contre-mesures et chiffrement end-to-end des transactions.,Analyse des vulnrabilits des applications de paiement mobile au Togo selon OWASP Mobile Top 10. Implmentation des contre-mesures et chiffrement end-to-end des transactions. Ce travail s'inscrit dans le contexte de Togo. La mthodologie adopte est Recherche exprimentale. Les rsultats obtenus constituent une contribution significative au domaine de Cyberscurit.,Scurisation des applications mobile banking. Analyse des vulnrabilits des applications de paiement mobile au Togo selon OWASP Mobile Top 10. Implmentation des contre-mesures et chiffrement end-to-end des transactions. Analyse des vulnrabilits des applications de paiement mobile au Togo selon OWASP Mobile Top 10. Implmentation des contre-mesures et chiffrement end-to-end des transactions. Ce travail s'inscrit dans le contexte de Togo. La mthodologie adopte est Recherche exprimentale. Les rsultats obtenus constituent une contribution significative au domaine de Cyberscurit.,Cyberscurit,Recherche exprimentale,Master 1,2020,Etudiant_0225,Dr. Professeur_01,18.66,afrique|cryptographie|owasp|vulnerabilite,4,1,2,Cyberscurit,afrique|applications|cryptographie|des|des applications|end|mobile|owasp|vulnerabilite
MEM-0226,Optimisation QoS dans les rseaux 4G,tude et amlioration de la qualit de service pour les applications temps rel sur rseau mobile 4G/LTE. Simulation sous NS-3 et validation terrain avec mesures de latence et dbit.,tude et amlioration de la qualit de service pour les applications temps rel sur rseau mobile 4G/LTE. Simulation sous NS-3 et validation terrain avec mesures de latence et dbit. Ce travail s'inscrit dans le contexte de PME africaine. La mthodologie adopte est Prototypage rapide. Les rsultats obtenus constituent une contribution significative au domaine de Rseaux.,Optimisation QoS dans les rseaux 4G. tude et amlioration de la qualit de service pour les applications temps rel sur rseau mobile 4G/LTE. Simulation sous NS-3 et validation terrain avec mesures de latence et dbit. tude et amlioration de la qualit de service pour les applications temps rel sur rseau mobile 4G/LTE. Simulation sous NS-3 et validation terrain avec mesures de latence et dbit. Ce travail s'inscrit dans le contexte de PME africaine. La mthodologie adopte est Prototypage rapide. Les rsultats obtenus constituent une contribution significative au domaine de Rseaux.,Rseaux,Prototypage rapide,Master 2,2023,Etudiant_0226,Dr. Professeur_02,14.89,cisco|ns3|protocole|qos,4,1,4,Rseaux,4g|cisco|lte simulation|mesures de|ns et|ns3|protocole|qos|rel sur
MEM-0227,Optimisation QoS dans les rseaux 4G,tude et amlioration de la qualit de service pour les applications temps rel sur rseau mobile 4G/LTE. Simulation sous NS-3 et validation terrain avec mesures de latence et dbit.,tude et amlioration de la qualit de service pour les applications temps rel sur rseau mobile 4G/LTE. Simulation sous NS-3 et validation terrain avec mesures de latence et dbit. Ce travail s'inscrit dans le contexte de Afrique de l'Ouest. La mthodologie adopte est Dveloppement logiciel (SCRUM). Les rsultats obtenus constituent une contribution significative au domaine de Rseaux.,Optimisation QoS dans les rseaux 4G. tude et amlioration de la qualit de service pour les applications temps rel sur rseau mobile 4G/LTE. Simulation sous NS-3 et validation terrain avec mesures de latence et dbit. tude et amlioration de la qualit de service pour les applications temps rel sur rseau mobile 4G/LTE. Simulation sous NS-3 et validation terrain avec mesures de latence et dbit. Ce travail s'inscrit dans le contexte de Afrique de l'Ouest. La mthodologie adopte est Dveloppement logiciel (SCRUM). Les rsultats obtenus constituent une contribution significative au domaine de Rseaux.,Rseaux,Dveloppement logiciel (SCRUM),Master 1,2019,Etudiant_0227,Dr. Professeur_05,15.73,4g|cisco|protocole|qos|tcp-ip,5,1,4,Rseaux,4g|cisco|latence et|mobile 4g|protocole|qos|simulation|sur rseau|tcp-ip
MEM-0228,Contrle d'accs biomtrique  faible cot,Systme de contrle d'accs par empreinte digitale et reconnaissance faciale pour scuriser des locaux  budget limit. Cot matriel sous 50 000 FCFA. Dploy dans 3 tablissements scolaires.,Systme de contrle d'accs par empreinte digitale et reconnaissance faciale pour scuriser des locaux  budget limit. Cot matriel sous 50 000 FCFA. Dploy dans 3 tablissements scolaires. Ce travail s'inscrit dans le contexte de mobile money. La mthodologie adopte est Dveloppement dirig par les tests (TDD). Les rsultats obtenus constituent une contribution significative au domaine de Systmes Embarqus.,Contrle d'accs biomtrique  faible cot. Systme de contrle d'accs par empreinte digitale et reconnaissance faciale pour scuriser des locaux  budget limit. Cot matriel sous 50 000 FCFA. Dploy dans 3 tablissements scolaires. Systme de contrle d'accs par empreinte digitale et reconnaissance faciale pour scuriser des locaux  budget limit. Cot matriel sous 50 000 FCFA. Dploy dans 3 tablissements scolaires. Ce travail s'inscrit dans le contexte de mobile money. La mthodologie adopte est Dveloppement dirig par les tests (TDD). Les rsultats obtenus constituent une contribution significative au domaine de Systmes Embarqus.,Systmes Embarqus,Dveloppement dirig par les tests (TDD),Licence 3,2024,Etudiant_0228,Dr. Professeur_01,12.98,arduino|capteurs|embarque|mqtt|raspberry-pi,5,1,0,Systmes Embarqus,accs|arduino|budget limit|capteurs|contrle|contrle accs|cot|embarque|mqtt|raspberry-pi
MEM-0229,Systme de surveillance de la qualit de l'air,"Rseau de capteurs IoT autonomes mesurant CO2, PM2.5, NO2 et temprature. Transmission MQTT vers dashboard Grafana. Autonomie 6 mois sur batterie avec panneau solaire. Dploy dans 5 quartiers de Lom.","Rseau de capteurs IoT autonomes mesurant CO2, PM2.5, NO2 et temprature. Transmission MQTT vers dashboard Grafana. Autonomie 6 mois sur batterie avec panneau solaire. Dploy dans 5 quartiers de Lom. Ce travail s'inscrit dans le contexte de contexte africain. La mthodologie adopte est tude de cas. Les rsultats obtenus constituent une contribution significative au domaine de Systmes Embarqus.","Systme de surveillance de la qualit de l'air. Rseau de capteurs IoT autonomes mesurant CO2, PM2.5, NO2 et temprature. Transmission MQTT vers dashboard Grafana. Autonomie 6 mois sur batterie avec panneau solaire. Dploy dans 5 quartiers de Lom. Rseau de capteurs IoT autonomes mesurant CO2, PM2.5, NO2 et temprature. Transmission MQTT vers dashboard Grafana. Autonomie 6 mois sur batterie avec panneau solaire. Dploy dans 5 quartiers de Lom. Ce travail s'inscrit dans le contexte de contexte africain. La mthodologie adopte est tude de cas. Les rsultats obtenus constituent une contribution significative au domaine de Systmes Embarqus.",Systmes Embarqus,tude de cas,Licence 3,2024,Etudiant_0229,Dr. Professeur_10,18.61,afrique|capteurs|energie|iot|temps-reel,5,1,4,Rseaux,afrique|capteurs|energie|iot|solaire dploy|temprature|temprature transmission|temps-reel|transmission|transmission mqtt
MEM-0230,Scurisation des applications mobile banking,Analyse des vulnrabilits des applications de paiement mobile au Togo selon OWASP Mobile Top 10. Implmentation des contre-mesures et chiffrement end-to-end des transactions.,Analyse des vulnrabilits des applications de paiement mobile au Togo selon OWASP Mobile Top 10. Implmentation des contre-mesures et chiffrement end-to-end des transactions. Ce travail s'inscrit dans le contexte de langues locales. La mthodologie adopte est Recherche exprimentale. Les rsultats obtenus constituent une contribution significative au domaine de Cyberscurit.,Scurisation des applications mobile banking. Analyse des vulnrabilits des applications de paiement mobile au Togo selon OWASP Mobile Top 10. Implmentation des contre-mesures et chiffrement end-to-end des transactions. Analyse des vulnrabilits des applications de paiement mobile au Togo selon OWASP Mobile Top 10. Implmentation des contre-mesures et chiffrement end-to-end des transactions. Ce travail s'inscrit dans le contexte de langues locales. La mthodologie adopte est Recherche exprimentale. Les rsultats obtenus constituent une contribution significative au domaine de Cyberscurit.,Cyberscurit,Recherche exprimentale,Licence 3,2024,Etudiant_0230,Dr. Professeur_03,15.97,afrique|forensics|owasp|pentesting,4,1,2,Cyberscurit,afrique|applications|des|des applications|end|forensics|mobile|owasp|pentesting
MEM-0231,Golocalisation des transports en commun  Lom,Systme de suivi temps rel des bus et taxis-motos avec application mobile passager et dashboard chauffeur. Architecture microservices avec WebSockets pour les mises  jour en temps rel.,Systme de suivi temps rel des bus et taxis-motos avec application mobile passager et dashboard chauffeur. Architecture microservices avec WebSockets pour les mises  jour en temps rel. Ce travail s'inscrit dans le contexte de zones rurales. La mthodologie adopte est Prototypage rapide. Les rsultats obtenus constituent une contribution significative au domaine de Mobile.,Golocalisation des transports en commun  Lom. Systme de suivi temps rel des bus et taxis-motos avec application mobile passager et dashboard chauffeur. Architecture microservices avec WebSockets pour les mises  jour en temps rel. Systme de suivi temps rel des bus et taxis-motos avec application mobile passager et dashboard chauffeur. Architecture microservices avec WebSockets pour les mises  jour en temps rel. Ce travail s'inscrit dans le contexte de zones rurales. La mthodologie adopte est Prototypage rapide. Les rsultats obtenus constituent une contribution significative au domaine de Mobile.,Mobile,Prototypage rapide,Master 1,2024,Etudiant_0231,Dr. Professeur_03,17.01,afrique|android|flutter|kotlin|microservices|mobile-money|ux,7,1,3,Dveloppement Web,afrique|android|application mobile|architecture microservices|flutter|kotlin|microservices|mises|mobile-money|rel|temps rel|ux
MEM-0232,Systme de surveillance de la qualit de l'air,"Rseau de capteurs IoT autonomes mesurant CO2, PM2.5, NO2 et temprature. Transmission MQTT vers dashboard Grafana. Autonomie 6 mois sur batterie avec panneau solaire. Dploy dans 5 quartiers de Lom.","Rseau de capteurs IoT autonomes mesurant CO2, PM2.5, NO2 et temprature. Transmission MQTT vers dashboard Grafana. Autonomie 6 mois sur batterie avec panneau solaire. Dploy dans 5 quartiers de Lom. Ce travail s'inscrit dans le contexte de Lom. La mthodologie adopte est Dveloppement dirig par les tests (TDD). Les rsultats obtenus constituent une contribution significative au domaine de Systmes Embarqus.","Systme de surveillance de la qualit de l'air. Rseau de capteurs IoT autonomes mesurant CO2, PM2.5, NO2 et temprature. Transmission MQTT vers dashboard Grafana. Autonomie 6 mois sur batterie avec panneau solaire. Dploy dans 5 quartiers de Lom. Rseau de capteurs IoT autonomes mesurant CO2, PM2.5, NO2 et temprature. Transmission MQTT vers dashboard Grafana. Autonomie 6 mois sur batterie avec panneau solaire. Dploy dans 5 quartiers de Lom. Ce travail s'inscrit dans le contexte de Lom. La mthodologie adopte est Dveloppement dirig par les tests (TDD). Les rsultats obtenus constituent une contribution significative au domaine de Systmes Embarqus.",Systmes Embarqus,Dveloppement dirig par les tests (TDD),Master 2,2021,Etudiant_0232,Dr. Professeur_02,13.75,afrique|embarque|iot|mqtt|temps-reel,5,1,4,Rseaux,afrique|co2 pm2|embarque|iot|mesurant|mqtt|panneau solaire|quartiers|solaire|temps-reel
MEM-0233,E-commerce pour artisans locaux togolais,"Marketplace permettant aux artisans de vendre en ligne avec intgration du paiement mobile money (Flooz, T-Money). Interface bilingue franais/anglais. 120 artisans onboards lors du lancement pilote.","Marketplace permettant aux artisans de vendre en ligne avec intgration du paiement mobile money (Flooz, T-Money). Interface bilingue franais/anglais. 120 artisans onboards lors du lancement pilote. Ce travail s'inscrit dans le contexte de Afrique de l'Ouest. La mthodologie adopte est Prototypage rapide. Les rsultats obtenus constituent une contribution significative au domaine de Dveloppement Web.","E-commerce pour artisans locaux togolais. Marketplace permettant aux artisans de vendre en ligne avec intgration du paiement mobile money (Flooz, T-Money). Interface bilingue franais/anglais. 120 artisans onboards lors du lancement pilote. Marketplace permettant aux artisans de vendre en ligne avec intgration du paiement mobile money (Flooz, T-Money). Interface bilingue franais/anglais. 120 artisans onboards lors du lancement pilote. Ce travail s'inscrit dans le contexte de Afrique de l'Ouest. La mthodologie adopte est Prototypage rapide. Les rsultats obtenus constituent une contribution significative au domaine de Dveloppement Web.",Dveloppement Web,Prototypage rapide,Master 2,2020,Etudiant_0233,Dr. Professeur_08,17.31,afrique|django|docker|full-stack|postgresql|react,6,1,1,Bases de donnes,afrique|artisans|django|docker|du|full-stack|interface bilingue|lancement|money|postgresql|react
MEM-0234,Systme de surveillance de la qualit de l'air,"Rseau de capteurs IoT autonomes mesurant CO2, PM2.5, NO2 et temprature. Transmission MQTT vers dashboard Grafana. Autonomie 6 mois sur batterie avec panneau solaire. Dploy dans 5 quartiers de Lom.","Rseau de capteurs IoT autonomes mesurant CO2, PM2.5, NO2 et temprature. Transmission MQTT vers dashboard Grafana. Autonomie 6 mois sur batterie avec panneau solaire. Dploy dans 5 quartiers de Lom. Ce travail s'inscrit dans le contexte de PME africaine. La mthodologie adopte est Dveloppement dirig par les tests (TDD). Les rsultats obtenus constituent une contribution significative au domaine de Systmes Embarqus.","Systme de surveillance de la qualit de l'air. Rseau de capteurs IoT autonomes mesurant CO2, PM2.5, NO2 et temprature. Transmission MQTT vers dashboard Grafana. Autonomie 6 mois sur batterie avec panneau solaire. Dploy dans 5 quartiers de Lom. Rseau de capteurs IoT autonomes mesurant CO2, PM2.5, NO2 et temprature. Transmission MQTT vers dashboard Grafana. Autonomie 6 mois sur batterie avec panneau solaire. Dploy dans 5 quartiers de Lom. Ce travail s'inscrit dans le contexte de PME africaine. La mthodologie adopte est Dveloppement dirig par les tests (TDD). Les rsultats obtenus constituent une contribution significative au domaine de Systmes Embarqus.",Systmes Embarqus,Dveloppement dirig par les tests (TDD),Master 2,2021,Etudiant_0234,Dr. Professeur_14,12.69,afrique|embarque|energie|iot|raspberry-pi,5,1,4,Rseaux,afrique|embarque|energie|grafana autonomie|iot|mesurant co2|no2|pm2|quartiers|raspberry-pi
MEM-0235,Scurisation des applications mobile banking,Analyse des vulnrabilits des applications de paiement mobile au Togo selon OWASP Mobile Top 10. Implmentation des contre-mesures et chiffrement end-to-end des transactions.,Analyse des vulnrabilits des applications de paiement mobile au Togo selon OWASP Mobile Top 10. Implmentation des contre-mesures et chiffrement end-to-end des transactions. Ce travail s'inscrit dans le contexte de Togo. La mthodologie adopte est Dveloppement dirig par les tests (TDD). Les rsultats obtenus constituent une contribution significative au domaine de Cyberscurit.,Scurisation des applications mobile banking. Analyse des vulnrabilits des applications de paiement mobile au Togo selon OWASP Mobile Top 10. Implmentation des contre-mesures et chiffrement end-to-end des transactions. Analyse des vulnrabilits des applications de paiement mobile au Togo selon OWASP Mobile Top 10. Implmentation des contre-mesures et chiffrement end-to-end des transactions. Ce travail s'inscrit dans le contexte de Togo. La mthodologie adopte est Dveloppement dirig par les tests (TDD). Les rsultats obtenus constituent une contribution significative au domaine de Cyberscurit.,Cyberscurit,Dveloppement dirig par les tests (TDD),Master 1,2024,Etudiant_0235,Dr. Professeur_14,11.24,afrique|cryptographie|intrusion|pentesting|vulnerabilite,5,1,2,Cyberscurit,afrique|applications|cryptographie|des|des applications|end|intrusion|mobile|pentesting|vulnerabilite
MEM-0236,Entrept de donnes pour le Ministre de la Sant,"Conception d'un data warehouse selon modlisation en toile pour centraliser les donnes pidmiologiques nationales. Pipeline ETL automatis, 50M enregistrements, requtes analytiques en < 2s.","Conception d'un data warehouse selon modlisation en toile pour centraliser les donnes pidmiologiques nationales. Pipeline ETL automatis, 50M enregistrements, requtes analytiques en < 2s. Ce travail s'inscrit dans le contexte de Afrique de l'Ouest. La mthodologie adopte est tude de cas. Les rsultats obtenus constituent une contribution significative au domaine de Bases de donnes.","Entrept de donnes pour le Ministre de la Sant. Conception d'un data warehouse selon modlisation en toile pour centraliser les donnes pidmiologiques nationales. Pipeline ETL automatis, 50M enregistrements, requtes analytiques en < 2s. Conception d'un data warehouse selon modlisation en toile pour centraliser les donnes pidmiologiques nationales. Pipeline ETL automatis, 50M enregistrements, requtes analytiques en < 2s. Ce travail s'inscrit dans le contexte de Afrique de l'Ouest. La mthodologie adopte est tude de cas. Les rsultats obtenus constituent une contribution significative au domaine de Bases de donnes.",Bases de donnes,tude de cas,Licence 3,2023,Etudiant_0236,Dr. Professeur_05,16.55,etl|mongodb|sql,3,0,1,Bases de donnes,50m|donnes|en|etl|mongodb|nationales pipeline|pipeline etl|sql
MEM-0237,Audit de scurit des infrastructures bancaires,"valuation complte de la posture de scurit d'une banque locale par tests de pntration, analyse de code et revue de configuration. Rapport de 47 vulnrabilits identifies avec plan de remdiation.","valuation complte de la posture de scurit d'une banque locale par tests de pntration, analyse de code et revue de configuration. Rapport de 47 vulnrabilits identifies avec plan de remdiation. Ce travail s'inscrit dans le contexte de Togo. La mthodologie adopte est tude de cas. Les rsultats obtenus constituent une contribution significative au domaine de Cyberscurit.","Audit de scurit des infrastructures bancaires. valuation complte de la posture de scurit d'une banque locale par tests de pntration, analyse de code et revue de configuration. Rapport de 47 vulnrabilits identifies avec plan de remdiation. valuation complte de la posture de scurit d'une banque locale par tests de pntration, analyse de code et revue de configuration. Rapport de 47 vulnrabilits identifies avec plan de remdiation. Ce travail s'inscrit dans le contexte de Togo. La mthodologie adopte est tude de cas. Les rsultats obtenus constituent une contribution significative au domaine de Cyberscurit.",Cyberscurit,tude de cas,Master 2,2020,Etudiant_0237,Dr. Professeur_02,12.13,audit|cryptographie|forensics|pentesting|vulnerabilite,5,1,2,Cyberscurit,audit|cryptographie|de scurit|et revue|forensics|pentesting|pntration analyse|remdiation|scurit|vulnerabilite
MEM-0238,Architecture rseau IoT pour smart city,"Conception d'une infrastructure de capteurs connects pour la gestion intelligente des feux de circulation, de l'clairage public et des dchets dans une ville de taille moyenne.","Conception d'une infrastructure de capteurs connects pour la gestion intelligente des feux de circulation, de l'clairage public et des dchets dans une ville de taille moyenne. Ce travail s'inscrit dans le contexte de Lom. La mthodologie adopte est Recherche-action. Les rsultats obtenus constituent une contribution significative au domaine de Rseaux.","Architecture rseau IoT pour smart city. Conception d'une infrastructure de capteurs connects pour la gestion intelligente des feux de circulation, de l'clairage public et des dchets dans une ville de taille moyenne. Conception d'une infrastructure de capteurs connects pour la gestion intelligente des feux de circulation, de l'clairage public et des dchets dans une ville de taille moyenne. Ce travail s'inscrit dans le contexte de Lom. La mthodologie adopte est Recherche-action. Les rsultats obtenus constituent une contribution significative au domaine de Rseaux.",Rseaux,Recherche-action,Master 1,2018,Etudiant_0238,Dr. Professeur_08,16.94,cisco|iot|ns3|wifi,4,0,5,Rseaux,cisco|clairage public|iot|la gestion|ns3|une ville|ville|ville de|wifi
MEM-0239,Migration infrastructure on-premise vers AWS,"Planification et excution complte de la migration cloud d'une PME locale. Architecture 3-tiers sur AWS avec auto-scaling, backup automatique et rduction des cots d'infrastructure de 40%.","Planification et excution complte de la migration cloud d'une PME locale. Architecture 3-tiers sur AWS avec auto-scaling, backup automatique et rduction des cots d'infrastructure de 40%. Ce travail s'inscrit dans le contexte de zones rurales. La mthodologie adopte est Recherche-action. Les rsultats obtenus constituent une contribution significative au domaine de Cloud / DevOps.","Migration infrastructure on-premise vers AWS. Planification et excution complte de la migration cloud d'une PME locale. Architecture 3-tiers sur AWS avec auto-scaling, backup automatique et rduction des cots d'infrastructure de 40%. Planification et excution complte de la migration cloud d'une PME locale. Architecture 3-tiers sur AWS avec auto-scaling, backup automatique et rduction des cots d'infrastructure de 40%. Ce travail s'inscrit dans le contexte de zones rurales. La mthodologie adopte est Recherche-action. Les rsultats obtenus constituent une contribution significative au domaine de Cloud / DevOps.",Cloud / DevOps,Recherche-action,Licence 3,2018,Etudiant_0239,Dr. Professeur_11,16.42,aws|ci-cd|docker|kubernetes|monitoring,5,1,5,Rseaux,aws|ci-cd|docker|infrastructure|kubernetes|migration|monitoring|scaling|scaling backup
MEM-0240,Classification d'images agricoles par CNN,Systme de dtection automatique des maladies des cultures grce  des rseaux convolutifs. Dataset de 15 000 images de plantes annotes. Prcision de 94% sur la classification de 8 maladies principales.,Systme de dtection automatique des maladies des cultures grce  des rseaux convolutifs. Dataset de 15 000 images de plantes annotes. Prcision de 94% sur la classification de 8 maladies principales. Ce travail s'inscrit dans le contexte de Lom. La mthodologie adopte est Recherche-action. Les rsultats obtenus constituent une contribution significative au domaine de IA / Machine Learning.,Classification d'images agricoles par CNN. Systme de dtection automatique des maladies des cultures grce  des rseaux convolutifs. Dataset de 15 000 images de plantes annotes. Prcision de 94% sur la classification de 8 maladies principales. Systme de dtection automatique des maladies des cultures grce  des rseaux convolutifs. Dataset de 15 000 images de plantes annotes. Prcision de 94% sur la classification de 8 maladies principales. Ce travail s'inscrit dans le contexte de Lom. La mthodologie adopte est Recherche-action. Les rsultats obtenus constituent une contribution significative au domaine de IA / Machine Learning.,IA / Machine Learning,Recherche-action,Licence 3,2021,Etudiant_0240,Dr. Professeur_08,16.16,classification|deep-learning|neural-network|python,4,1,2,Cyberscurit,classification|deep-learning|des|images|maladies|neural-network|plantes annotes|python
MEM-0241,Plateforme de gestion des stages universitaires,"Application full-stack React/FastAPI permettant aux tudiants de postuler aux stages, aux entreprises de publier des offres et  l'universit de suivre les conventions. Dploye sur 3 universits togolaises.","Application full-stack React/FastAPI permettant aux tudiants de postuler aux stages, aux entreprises de publier des offres et  l'universit de suivre les conventions. Dploye sur 3 universits togolaises. Ce travail s'inscrit dans le contexte de mobile money. La mthodologie adopte est Recherche exprimentale. Les rsultats obtenus constituent une contribution significative au domaine de Dveloppement Web.","Plateforme de gestion des stages universitaires. Application full-stack React/FastAPI permettant aux tudiants de postuler aux stages, aux entreprises de publier des offres et  l'universit de suivre les conventions. Dploye sur 3 universits togolaises. Application full-stack React/FastAPI permettant aux tudiants de postuler aux stages, aux entreprises de publier des offres et  l'universit de suivre les conventions. Dploye sur 3 universits togolaises. Ce travail s'inscrit dans le contexte de mobile money. La mthodologie adopte est Recherche exprimentale. Les rsultats obtenus constituent une contribution significative au domaine de Dveloppement Web.",Dveloppement Web,Recherche exprimentale,Licence 3,2022,Etudiant_0241,Dr. Professeur_02,12.77,afrique|django|docker|fastapi|full-stack|javascript|react,7,1,3,Dveloppement Web,afrique|aux|django|docker|fastapi|full-stack|javascript|les conventions|react|stack react|stages|stages aux
MEM-0242,Application de suivi de grossesse pour zones rurales,"App mobile hors-ligne pour le suivi mdical des femmes enceintes sans connexion internet. Synchronisation diffre des donnes. Dploye dans 12 centres de sant ruraux, 800 femmes suivies.","App mobile hors-ligne pour le suivi mdical des femmes enceintes sans connexion internet. Synchronisation diffre des donnes. Dploye dans 12 centres de sant ruraux, 800 femmes suivies. Ce travail s'inscrit dans le contexte de langues locales. La mthodologie adopte est Dveloppement logiciel (SCRUM). Les rsultats obtenus constituent une contribution significative au domaine de Mobile.","Application de suivi de grossesse pour zones rurales. App mobile hors-ligne pour le suivi mdical des femmes enceintes sans connexion internet. Synchronisation diffre des donnes. Dploye dans 12 centres de sant ruraux, 800 femmes suivies. App mobile hors-ligne pour le suivi mdical des femmes enceintes sans connexion internet. Synchronisation diffre des donnes. Dploye dans 12 centres de sant ruraux, 800 femmes suivies. Ce travail s'inscrit dans le contexte de langues locales. La mthodologie adopte est Dveloppement logiciel (SCRUM). Les rsultats obtenus constituent une contribution significative au domaine de Mobile.",Mobile,Dveloppement logiciel (SCRUM),Master 2,2020,Etudiant_0242,Dr. Professeur_13,16.46,geolocalisation|kotlin|mobile-money,3,1,7,Mobile,800|800 femmes|femmes|geolocalisation|kotlin|mobile hors|mobile-money|suivi
MEM-0243,Optimisation QoS dans les rseaux 4G,tude et amlioration de la qualit de service pour les applications temps rel sur rseau mobile 4G/LTE. Simulation sous NS-3 et validation terrain avec mesures de latence et dbit.,tude et amlioration de la qualit de service pour les applications temps rel sur rseau mobile 4G/LTE. Simulation sous NS-3 et validation terrain avec mesures de latence et dbit. Ce travail s'inscrit dans le contexte de contexte africain. La mthodologie adopte est tude de cas. Les rsultats obtenus constituent une contribution significative au domaine de Rseaux.,Optimisation QoS dans les rseaux 4G. tude et amlioration de la qualit de service pour les applications temps rel sur rseau mobile 4G/LTE. Simulation sous NS-3 et validation terrain avec mesures de latence et dbit. tude et amlioration de la qualit de service pour les applications temps rel sur rseau mobile 4G/LTE. Simulation sous NS-3 et validation terrain avec mesures de latence et dbit. Ce travail s'inscrit dans le contexte de contexte africain. La mthodologie adopte est tude de cas. Les rsultats obtenus constituent une contribution significative au domaine de Rseaux.,Rseaux,tude de cas,Licence 3,2019,Etudiant_0243,Dr. Professeur_14,11.32,4g|iot|tcp-ip|wifi,4,1,4,Rseaux,4g|avec mesures|iot|simulation|simulation sous|tcp-ip|tude|wifi
MEM-0244,Pipeline CI/CD pour quipe de dveloppement,"Mise en place d'un pipeline d'intgration et dploiement continus avec GitHub Actions, Docker et Kubernetes. Rduction du temps de dploiement de 2 jours  15 minutes. 0 rgression en production.","Mise en place d'un pipeline d'intgration et dploiement continus avec GitHub Actions, Docker et Kubernetes. Rduction du temps de dploiement de 2 jours  15 minutes. 0 rgression en production. Ce travail s'inscrit dans le contexte de Togo. La mthodologie adopte est Prototypage rapide. Les rsultats obtenus constituent une contribution significative au domaine de Cloud / DevOps.","Pipeline CI/CD pour quipe de dveloppement. Mise en place d'un pipeline d'intgration et dploiement continus avec GitHub Actions, Docker et Kubernetes. Rduction du temps de dploiement de 2 jours  15 minutes. 0 rgression en production. Mise en place d'un pipeline d'intgration et dploiement continus avec GitHub Actions, Docker et Kubernetes. Rduction du temps de dploiement de 2 jours  15 minutes. 0 rgression en production. Ce travail s'inscrit dans le contexte de Togo. La mthodologie adopte est Prototypage rapide. Les rsultats obtenus constituent une contribution significative au domaine de Cloud / DevOps.",Cloud / DevOps,Prototypage rapide,Master 2,2019,Etudiant_0244,Dr. Professeur_01,12.62,aws|docker|kubernetes|microservices|terraform,5,1,1,Bases de donnes,actions|actions docker|aws|docker|dploiement|en|kubernetes|microservices|pipeline|terraform
MEM-0245,Systme de monitoring applicatif temps rel,"Dploiement d'une stack de monitoring avec Prometheus, Grafana et alerting automatique. Couverture de 15 microservices avec dashboards mtier et techniques. MTTR rduit de 4h  20min.","Dploiement d'une stack de monitoring avec Prometheus, Grafana et alerting automatique. Couverture de 15 microservices avec dashboards mtier et techniques. MTTR rduit de 4h  20min. Ce travail s'inscrit dans le contexte de zones rurales. La mthodologie adopte est Recherche applique. Les rsultats obtenus constituent une contribution significative au domaine de Cloud / DevOps.","Systme de monitoring applicatif temps rel. Dploiement d'une stack de monitoring avec Prometheus, Grafana et alerting automatique. Couverture de 15 microservices avec dashboards mtier et techniques. MTTR rduit de 4h  20min. Dploiement d'une stack de monitoring avec Prometheus, Grafana et alerting automatique. Couverture de 15 microservices avec dashboards mtier et techniques. MTTR rduit de 4h  20min. Ce travail s'inscrit dans le contexte de zones rurales. La mthodologie adopte est Recherche applique. Les rsultats obtenus constituent une contribution significative au domaine de Cloud / DevOps.",Cloud / DevOps,Recherche applique,Master 2,2023,Etudiant_0245,Dr. Professeur_05,12.77,aws|ci-cd|devops|microservices|monitoring,5,0,6,Cloud / DevOps,alerting automatique|aws|ci-cd|dashboards|de monitoring|devops|grafana et|microservices|monitoring
MEM-0246,Rseau WiFi communautaire  faible cot,"Conception et dploiement d'une infrastructure WiFi dans un quartier de Lom avec quipements open source (OpenWRT). Couverture de 2km, 120 utilisateurs connects simultanment, cot 40% infrieur au march.","Conception et dploiement d'une infrastructure WiFi dans un quartier de Lom avec quipements open source (OpenWRT). Couverture de 2km, 120 utilisateurs connects simultanment, cot 40% infrieur au march. Ce travail s'inscrit dans le contexte de Togo. La mthodologie adopte est Prototypage rapide. Les rsultats obtenus constituent une contribution significative au domaine de Rseaux.","Rseau WiFi communautaire  faible cot. Conception et dploiement d'une infrastructure WiFi dans un quartier de Lom avec quipements open source (OpenWRT). Couverture de 2km, 120 utilisateurs connects simultanment, cot 40% infrieur au march. Conception et dploiement d'une infrastructure WiFi dans un quartier de Lom avec quipements open source (OpenWRT). Couverture de 2km, 120 utilisateurs connects simultanment, cot 40% infrieur au march. Ce travail s'inscrit dans le contexte de Togo. La mthodologie adopte est Prototypage rapide. Les rsultats obtenus constituent une contribution significative au domaine de Rseaux.",Rseaux,Prototypage rapide,Master 1,2021,Etudiant_0246,Dr. Professeur_15,12.44,4g|afrique|cisco|iot|protocole|qos,6,1,5,Rseaux,4g|afrique|cisco|cot|iot|march|protocole|qos|simultanment cot|un quartier|wifi
MEM-0247,Archivage numrique des actes d'tat civil,"Base de donnes structure pour la numrisation et l'archivage des actes de naissance, mariage et dcs. OCR automatique sur documents scanns. 500 000 actes numriss, recherche en temps rel.","Base de donnes structure pour la numrisation et l'archivage des actes de naissance, mariage et dcs. OCR automatique sur documents scanns. 500 000 actes numriss, recherche en temps rel. Ce travail s'inscrit dans le contexte de zones rurales. La mthodologie adopte est Prototypage rapide. Les rsultats obtenus constituent une contribution significative au domaine de Bases de donnes.","Archivage numrique des actes d'tat civil. Base de donnes structure pour la numrisation et l'archivage des actes de naissance, mariage et dcs. OCR automatique sur documents scanns. 500 000 actes numriss, recherche en temps rel. Base de donnes structure pour la numrisation et l'archivage des actes de naissance, mariage et dcs. OCR automatique sur documents scanns. 500 000 actes numriss, recherche en temps rel. Ce travail s'inscrit dans le contexte de zones rurales. La mthodologie adopte est Prototypage rapide. Les rsultats obtenus constituent une contribution significative au domaine de Bases de donnes.",Bases de donnes,Prototypage rapide,Licence 3,2020,Etudiant_0247,Dr. Professeur_06,14.96,etl|mongodb|nosql|optimisation|postgresql,5,1,3,Dveloppement Web,500 000|actes|archivage|de donnes|des actes|etl|mongodb|nosql|optimisation|postgresql
MEM-0248,Application de paiement mobile pour petits commerants,App Android permettant aux commerants informels d'accepter les paiements digitaux via NFC et QR code. Intgration mobile money. 500 commerants pilotes dans 3 marchs de Lom.,App Android permettant aux commerants informels d'accepter les paiements digitaux via NFC et QR code. Intgration mobile money. 500 commerants pilotes dans 3 marchs de Lom. Ce travail s'inscrit dans le contexte de Lom. La mthodologie adopte est Recherche applique. Les rsultats obtenus constituent une contribution significative au domaine de Mobile.,Application de paiement mobile pour petits commerants. App Android permettant aux commerants informels d'accepter les paiements digitaux via NFC et QR code. Intgration mobile money. 500 commerants pilotes dans 3 marchs de Lom. App Android permettant aux commerants informels d'accepter les paiements digitaux via NFC et QR code. Intgration mobile money. 500 commerants pilotes dans 3 marchs de Lom. Ce travail s'inscrit dans le contexte de Lom. La mthodologie adopte est Recherche applique. Les rsultats obtenus constituent une contribution significative au domaine de Mobile.,Mobile,Recherche applique,Licence 3,2023,Etudiant_0248,Dr. Professeur_02,12.72,afrique|android|flutter|react-native|ux,5,1,2,Cyberscurit,afrique|android|android permettant|app android|commerants|flutter|money 500|qr code|react-native|ux
MEM-0249,E-commerce pour artisans locaux togolais,"Marketplace permettant aux artisans de vendre en ligne avec intgration du paiement mobile money (Flooz, T-Money). Interface bilingue franais/anglais. 120 artisans onboards lors du lancement pilote.","Marketplace permettant aux artisans de vendre en ligne avec intgration du paiement mobile money (Flooz, T-Money). Interface bilingue franais/anglais. 120 artisans onboards lors du lancement pilote. Ce travail s'inscrit dans le contexte de zones rurales. La mthodologie adopte est tude de cas. Les rsultats obtenus constituent une contribution significative au domaine de Dveloppement Web.","E-commerce pour artisans locaux togolais. Marketplace permettant aux artisans de vendre en ligne avec intgration du paiement mobile money (Flooz, T-Money). Interface bilingue franais/anglais. 120 artisans onboards lors du lancement pilote. Marketplace permettant aux artisans de vendre en ligne avec intgration du paiement mobile money (Flooz, T-Money). Interface bilingue franais/anglais. 120 artisans onboards lors du lancement pilote. Ce travail s'inscrit dans le contexte de zones rurales. La mthodologie adopte est tude de cas. Les rsultats obtenus constituent une contribution significative au domaine de Dveloppement Web.",Dveloppement Web,tude de cas,Master 2,2020,Etudiant_0249,Dr. Professeur_05,13.68,afrique|docker|javascript|rest-api,4,1,1,Bases de donnes,afrique|anglais|artisans|artisans onboards|docker|du|javascript|money|rest-api
MEM-0250,Systme de vote lectronique scuris,"Plateforme de vote en ligne base sur la cryptographie asymtrique RSA et la blockchain lgre. Garantit l'anonymat, l'intgrit et la traabilit des votes. Test lors d'une lection tudiante relle.","Plateforme de vote en ligne base sur la cryptographie asymtrique RSA et la blockchain lgre. Garantit l'anonymat, l'intgrit et la traabilit des votes. Test lors d'une lection tudiante relle. Ce travail s'inscrit dans le contexte de PME africaine. La mthodologie adopte est Recherche-action. Les rsultats obtenus constituent une contribution significative au domaine de Dveloppement Web.","Systme de vote lectronique scuris. Plateforme de vote en ligne base sur la cryptographie asymtrique RSA et la blockchain lgre. Garantit l'anonymat, l'intgrit et la traabilit des votes. Test lors d'une lection tudiante relle. Plateforme de vote en ligne base sur la cryptographie asymtrique RSA et la blockchain lgre. Garantit l'anonymat, l'intgrit et la traabilit des votes. Test lors d'une lection tudiante relle. Ce travail s'inscrit dans le contexte de PME africaine. La mthodologie adopte est Recherche-action. Les rsultats obtenus constituent une contribution significative au domaine de Dveloppement Web.",Dveloppement Web,Recherche-action,Master 2,2018,Etudiant_0250,Dr. Professeur_15,13.64,blockchain|fastapi|javascript|react,4,1,2,Cyberscurit,blockchain|cryptographie asymtrique|de vote|et la|fastapi|javascript|la blockchain|react|vote
MEM-0251,Classification d'images agricoles par CNN,Systme de dtection automatique des maladies des cultures grce  des rseaux convolutifs. Dataset de 15 000 images de plantes annotes. Prcision de 94% sur la classification de 8 maladies principales.,Systme de dtection automatique des maladies des cultures grce  des rseaux convolutifs. Dataset de 15 000 images de plantes annotes. Prcision de 94% sur la classification de 8 maladies principales. Ce travail s'inscrit dans le contexte de contexte africain. La mthodologie adopte est Dveloppement dirig par les tests (TDD). Les rsultats obtenus constituent une contribution significative au domaine de IA / Machine Learning.,Classification d'images agricoles par CNN. Systme de dtection automatique des maladies des cultures grce  des rseaux convolutifs. Dataset de 15 000 images de plantes annotes. Prcision de 94% sur la classification de 8 maladies principales. Systme de dtection automatique des maladies des cultures grce  des rseaux convolutifs. Dataset de 15 000 images de plantes annotes. Prcision de 94% sur la classification de 8 maladies principales. Ce travail s'inscrit dans le contexte de contexte africain. La mthodologie adopte est Dveloppement dirig par les tests (TDD). Les rsultats obtenus constituent une contribution significative au domaine de IA / Machine Learning.,IA / Machine Learning,Dveloppement dirig par les tests (TDD),Master 2,2023,Etudiant_0251,Dr. Professeur_02,12.71,classification|deep-learning|nlp|prediction|python,5,1,2,Cyberscurit,classification|deep-learning|des|images|maladies|nlp|prediction|python|rseaux convolutifs
MEM-0252,Plateforme de gestion des stages universitaires,"Application full-stack React/FastAPI permettant aux tudiants de postuler aux stages, aux entreprises de publier des offres et  l'universit de suivre les conventions. Dploye sur 3 universits togolaises.","Application full-stack React/FastAPI permettant aux tudiants de postuler aux stages, aux entreprises de publier des offres et  l'universit de suivre les conventions. Dploye sur 3 universits togolaises. Ce travail s'inscrit dans le contexte de langues locales. La mthodologie adopte est Recherche exprimentale. Les rsultats obtenus constituent une contribution significative au domaine de Dveloppement Web.","Plateforme de gestion des stages universitaires. Application full-stack React/FastAPI permettant aux tudiants de postuler aux stages, aux entreprises de publier des offres et  l'universit de suivre les conventions. Dploye sur 3 universits togolaises. Application full-stack React/FastAPI permettant aux tudiants de postuler aux stages, aux entreprises de publier des offres et  l'universit de suivre les conventions. Dploye sur 3 universits togolaises. Ce travail s'inscrit dans le contexte de langues locales. La mthodologie adopte est Recherche exprimentale. Les rsultats obtenus constituent une contribution significative au domaine de Dveloppement Web.",Dveloppement Web,Recherche exprimentale,Licence 3,2024,Etudiant_0252,Dr. Professeur_09,13.27,afrique|django|docker|fastapi|full-stack|javascript|react,7,1,3,Dveloppement Web,afrique|aux|django|docker|entreprises|fastapi|full-stack|javascript|react|stack react|stages|stages aux
MEM-0253,Systme de surveillance de la qualit de l'air,"Rseau de capteurs IoT autonomes mesurant CO2, PM2.5, NO2 et temprature. Transmission MQTT vers dashboard Grafana. Autonomie 6 mois sur batterie avec panneau solaire. Dploy dans 5 quartiers de Lom.","Rseau de capteurs IoT autonomes mesurant CO2, PM2.5, NO2 et temprature. Transmission MQTT vers dashboard Grafana. Autonomie 6 mois sur batterie avec panneau solaire. Dploy dans 5 quartiers de Lom. Ce travail s'inscrit dans le contexte de PME africaine. La mthodologie adopte est Recherche applique. Les rsultats obtenus constituent une contribution significative au domaine de Systmes Embarqus.","Systme de surveillance de la qualit de l'air. Rseau de capteurs IoT autonomes mesurant CO2, PM2.5, NO2 et temprature. Transmission MQTT vers dashboard Grafana. Autonomie 6 mois sur batterie avec panneau solaire. Dploy dans 5 quartiers de Lom. Rseau de capteurs IoT autonomes mesurant CO2, PM2.5, NO2 et temprature. Transmission MQTT vers dashboard Grafana. Autonomie 6 mois sur batterie avec panneau solaire. Dploy dans 5 quartiers de Lom. Ce travail s'inscrit dans le contexte de PME africaine. La mthodologie adopte est Recherche applique. Les rsultats obtenus constituent une contribution significative au domaine de Systmes Embarqus.",Systmes Embarqus,Recherche applique,Master 2,2024,Etudiant_0253,Dr. Professeur_13,19.98,afrique|capteurs|embarque|iot|mqtt,5,1,4,Rseaux,afrique|autonomie mois|batterie avec|capteurs|embarque|iot|iot autonomes|mqtt|panneau|panneau solaire
MEM-0254,Rseau WiFi communautaire  faible cot,"Conception et dploiement d'une infrastructure WiFi dans un quartier de Lom avec quipements open source (OpenWRT). Couverture de 2km, 120 utilisateurs connects simultanment, cot 40% infrieur au march.","Conception et dploiement d'une infrastructure WiFi dans un quartier de Lom avec quipements open source (OpenWRT). Couverture de 2km, 120 utilisateurs connects simultanment, cot 40% infrieur au march. Ce travail s'inscrit dans le contexte de Togo. La mthodologie adopte est Dveloppement logiciel (SCRUM). Les rsultats obtenus constituent une contribution significative au domaine de Rseaux.","Rseau WiFi communautaire  faible cot. Conception et dploiement d'une infrastructure WiFi dans un quartier de Lom avec quipements open source (OpenWRT). Couverture de 2km, 120 utilisateurs connects simultanment, cot 40% infrieur au march. Conception et dploiement d'une infrastructure WiFi dans un quartier de Lom avec quipements open source (OpenWRT). Couverture de 2km, 120 utilisateurs connects simultanment, cot 40% infrieur au march. Ce travail s'inscrit dans le contexte de Togo. La mthodologie adopte est Dveloppement logiciel (SCRUM). Les rsultats obtenus constituent une contribution significative au domaine de Rseaux.",Rseaux,Dveloppement logiciel (SCRUM),Master 1,2018,Etudiant_0254,Dr. Professeur_01,19.51,afrique|cisco|ns3|protocole,4,1,5,Rseaux,afrique|cisco|cot|ns3|protocole|quartier de|simultanment|source openwrt|wifi
MEM-0255,Systme de monitoring applicatif temps rel,"Dploiement d'une stack de monitoring avec Prometheus, Grafana et alerting automatique. Couverture de 15 microservices avec dashboards mtier et techniques. MTTR rduit de 4h  20min.","Dploiement d'une stack de monitoring avec Prometheus, Grafana et alerting automatique. Couverture de 15 microservices avec dashboards mtier et techniques. MTTR rduit de 4h  20min. Ce travail s'inscrit dans le contexte de Togo. La mthodologie adopte est Recherche-action. Les rsultats obtenus constituent une contribution significative au domaine de Cloud / DevOps.","Systme de monitoring applicatif temps rel. Dploiement d'une stack de monitoring avec Prometheus, Grafana et alerting automatique. Couverture de 15 microservices avec dashboards mtier et techniques. MTTR rduit de 4h  20min. Dploiement d'une stack de monitoring avec Prometheus, Grafana et alerting automatique. Couverture de 15 microservices avec dashboards mtier et techniques. MTTR rduit de 4h  20min. Ce travail s'inscrit dans le contexte de Togo. La mthodologie adopte est Recherche-action. Les rsultats obtenus constituent une contribution significative au domaine de Cloud / DevOps.",Cloud / DevOps,Recherche-action,Master 1,2018,Etudiant_0255,Dr. Professeur_03,19.73,ci-cd|devops|microservices,3,1,6,Cloud / DevOps,15 microservices|ci-cd|dashboards mtier|de monitoring|devops|microservices|monitoring|prometheus
MEM-0256,Plateforme de gestion des stages universitaires,"Application full-stack React/FastAPI permettant aux tudiants de postuler aux stages, aux entreprises de publier des offres et  l'universit de suivre les conventions. Dploye sur 3 universits togolaises.","Application full-stack React/FastAPI permettant aux tudiants de postuler aux stages, aux entreprises de publier des offres et  l'universit de suivre les conventions. Dploye sur 3 universits togolaises. Ce travail s'inscrit dans le contexte de zones rurales. La mthodologie adopte est Recherche exprimentale. Les rsultats obtenus constituent une contribution significative au domaine de Dveloppement Web.","Plateforme de gestion des stages universitaires. Application full-stack React/FastAPI permettant aux tudiants de postuler aux stages, aux entreprises de publier des offres et  l'universit de suivre les conventions. Dploye sur 3 universits togolaises. Application full-stack React/FastAPI permettant aux tudiants de postuler aux stages, aux entreprises de publier des offres et  l'universit de suivre les conventions. Dploye sur 3 universits togolaises. Ce travail s'inscrit dans le contexte de zones rurales. La mthodologie adopte est Recherche exprimentale. Les rsultats obtenus constituent une contribution significative au domaine de Dveloppement Web.",Dveloppement Web,Recherche exprimentale,Master 2,2021,Etudiant_0256,Dr. Professeur_07,16.37,afrique|fastapi|full-stack|javascript|postgresql|react|rest-api,7,0,3,Dveloppement Web,afrique|aux|aux tudiants|conventions|fastapi|full-stack|javascript|offres|postgresql|react|rest-api|stages
MEM-0257,Chatbot mdical en langues locales africaines,Dveloppement d'un assistant conversationnel pour orienter les patients en franais et en Ew. Utilisation de BERT fine-tun et d'une base de connaissances mdicales valide par des professionnels de sant.,Dveloppement d'un assistant conversationnel pour orienter les patients en franais et en Ew. Utilisation de BERT fine-tun et d'une base de connaissances mdicales valide par des professionnels de sant. Ce travail s'inscrit dans le contexte de contexte africain. La mthodologie adopte est Recherche-action. Les rsultats obtenus constituent une contribution significative au domaine de IA / Machine Learning.,Chatbot mdical en langues locales africaines. Dveloppement d'un assistant conversationnel pour orienter les patients en franais et en Ew. Utilisation de BERT fine-tun et d'une base de connaissances mdicales valide par des professionnels de sant. Dveloppement d'un assistant conversationnel pour orienter les patients en franais et en Ew. Utilisation de BERT fine-tun et d'une base de connaissances mdicales valide par des professionnels de sant. Ce travail s'inscrit dans le contexte de contexte africain. La mthodologie adopte est Recherche-action. Les rsultats obtenus constituent une contribution significative au domaine de IA / Machine Learning.,IA / Machine Learning,Recherche-action,Licence 3,2019,Etudiant_0257,Dr. Professeur_05,13.18,afrique|bert|classification|nlp|python|tensorflow,6,1,1,Bases de donnes,afrique|bert|classification|de connaissances|en|nlp|orienter les|python|tensorflow|valide|valide par
MEM-0258,Rseau WiFi communautaire  faible cot,"Conception et dploiement d'une infrastructure WiFi dans un quartier de Lom avec quipements open source (OpenWRT). Couverture de 2km, 120 utilisateurs connects simultanment, cot 40% infrieur au march.","Conception et dploiement d'une infrastructure WiFi dans un quartier de Lom avec quipements open source (OpenWRT). Couverture de 2km, 120 utilisateurs connects simultanment, cot 40% infrieur au march. Ce travail s'inscrit dans le contexte de PME africaine. La mthodologie adopte est Dveloppement dirig par les tests (TDD). Les rsultats obtenus constituent une contribution significative au domaine de Rseaux.","Rseau WiFi communautaire  faible cot. Conception et dploiement d'une infrastructure WiFi dans un quartier de Lom avec quipements open source (OpenWRT). Couverture de 2km, 120 utilisateurs connects simultanment, cot 40% infrieur au march. Conception et dploiement d'une infrastructure WiFi dans un quartier de Lom avec quipements open source (OpenWRT). Couverture de 2km, 120 utilisateurs connects simultanment, cot 40% infrieur au march. Ce travail s'inscrit dans le contexte de PME africaine. La mthodologie adopte est Dveloppement dirig par les tests (TDD). Les rsultats obtenus constituent une contribution significative au domaine de Rseaux.",Rseaux,Dveloppement dirig par les tests (TDD),Master 2,2018,Etudiant_0258,Dr. Professeur_02,13.14,4g|afrique|protocole|qos,4,1,5,Rseaux,4g|afrique|cot|openwrt|protocole|qos|un quartier|wifi|wifi dans
MEM-0259,Optimisation QoS dans les rseaux 4G,tude et amlioration de la qualit de service pour les applications temps rel sur rseau mobile 4G/LTE. Simulation sous NS-3 et validation terrain avec mesures de latence et dbit.,tude et amlioration de la qualit de service pour les applications temps rel sur rseau mobile 4G/LTE. Simulation sous NS-3 et validation terrain avec mesures de latence et dbit. Ce travail s'inscrit dans le contexte de langues locales. La mthodologie adopte est Recherche applique. Les rsultats obtenus constituent une contribution significative au domaine de Rseaux.,Optimisation QoS dans les rseaux 4G. tude et amlioration de la qualit de service pour les applications temps rel sur rseau mobile 4G/LTE. Simulation sous NS-3 et validation terrain avec mesures de latence et dbit. tude et amlioration de la qualit de service pour les applications temps rel sur rseau mobile 4G/LTE. Simulation sous NS-3 et validation terrain avec mesures de latence et dbit. Ce travail s'inscrit dans le contexte de langues locales. La mthodologie adopte est Recherche applique. Les rsultats obtenus constituent une contribution significative au domaine de Rseaux.,Rseaux,Recherche applique,Master 1,2020,Etudiant_0259,Dr. Professeur_12,18.26,4g|cisco|protocole,3,1,4,Rseaux,4g|amlioration|cisco|latence|mobile 4g|protocole|rel sur
MEM-0260,Optimisation QoS dans les rseaux 4G,tude et amlioration de la qualit de service pour les applications temps rel sur rseau mobile 4G/LTE. Simulation sous NS-3 et validation terrain avec mesures de latence et dbit.,tude et amlioration de la qualit de service pour les applications temps rel sur rseau mobile 4G/LTE. Simulation sous NS-3 et validation terrain avec mesures de latence et dbit. Ce travail s'inscrit dans le contexte de Togo. La mthodologie adopte est Recherche exprimentale. Les rsultats obtenus constituent une contribution significative au domaine de Rseaux.,Optimisation QoS dans les rseaux 4G. tude et amlioration de la qualit de service pour les applications temps rel sur rseau mobile 4G/LTE. Simulation sous NS-3 et validation terrain avec mesures de latence et dbit. tude et amlioration de la qualit de service pour les applications temps rel sur rseau mobile 4G/LTE. Simulation sous NS-3 et validation terrain avec mesures de latence et dbit. Ce travail s'inscrit dans le contexte de Togo. La mthodologie adopte est Recherche exprimentale. Les rsultats obtenus constituent une contribution significative au domaine de Rseaux.,Rseaux,Recherche exprimentale,Licence 3,2023,Etudiant_0260,Dr. Professeur_05,16.77,cisco|qos|tcp-ip,3,1,4,Rseaux,4g|amlioration|cisco|latence et|les applications|qos|rseau mobile|tcp-ip
MEM-0261,Audit de scurit des infrastructures bancaires,"valuation complte de la posture de scurit d'une banque locale par tests de pntration, analyse de code et revue de configuration. Rapport de 47 vulnrabilits identifies avec plan de remdiation.","valuation complte de la posture de scurit d'une banque locale par tests de pntration, analyse de code et revue de configuration. Rapport de 47 vulnrabilits identifies avec plan de remdiation. Ce travail s'inscrit dans le contexte de Afrique de l'Ouest. La mthodologie adopte est tude de cas. Les rsultats obtenus constituent une contribution significative au domaine de Cyberscurit.","Audit de scurit des infrastructures bancaires. valuation complte de la posture de scurit d'une banque locale par tests de pntration, analyse de code et revue de configuration. Rapport de 47 vulnrabilits identifies avec plan de remdiation. valuation complte de la posture de scurit d'une banque locale par tests de pntration, analyse de code et revue de configuration. Rapport de 47 vulnrabilits identifies avec plan de remdiation. Ce travail s'inscrit dans le contexte de Afrique de l'Ouest. La mthodologie adopte est tude de cas. Les rsultats obtenus constituent une contribution significative au domaine de Cyberscurit.",Cyberscurit,tude de cas,Master 1,2022,Etudiant_0261,Dr. Professeur_14,10.12,cryptographie|intrusion|pentesting|siem|vulnerabilite,5,1,2,Cyberscurit,cryptographie|de scurit|intrusion|pentesting|posture de|rapport|scurit|scurit une|siem|vulnerabilite
MEM-0262,Rseau WiFi communautaire  faible cot,"Conception et dploiement d'une infrastructure WiFi dans un quartier de Lom avec quipements open source (OpenWRT). Couverture de 2km, 120 utilisateurs connects simultanment, cot 40% infrieur au march.","Conception et dploiement d'une infrastructure WiFi dans un quartier de Lom avec quipements open source (OpenWRT). Couverture de 2km, 120 utilisateurs connects simultanment, cot 40% infrieur au march. Ce travail s'inscrit dans le contexte de Togo. La mthodologie adopte est Recherche exprimentale. Les rsultats obtenus constituent une contribution significative au domaine de Rseaux.","Rseau WiFi communautaire  faible cot. Conception et dploiement d'une infrastructure WiFi dans un quartier de Lom avec quipements open source (OpenWRT). Couverture de 2km, 120 utilisateurs connects simultanment, cot 40% infrieur au march. Conception et dploiement d'une infrastructure WiFi dans un quartier de Lom avec quipements open source (OpenWRT). Couverture de 2km, 120 utilisateurs connects simultanment, cot 40% infrieur au march. Ce travail s'inscrit dans le contexte de Togo. La mthodologie adopte est Recherche exprimentale. Les rsultats obtenus constituent une contribution significative au domaine de Rseaux.",Rseaux,Recherche exprimentale,Master 1,2020,Etudiant_0262,Dr. Professeur_04,19.97,4g|afrique|iot|ns3|tcp-ip|wifi,6,1,5,Rseaux,4g|afrique|cot|infrastructure wifi|infrieur|iot|ns3|tcp-ip|utilisateurs connects|wifi
MEM-0263,Entrept de donnes pour le Ministre de la Sant,"Conception d'un data warehouse selon modlisation en toile pour centraliser les donnes pidmiologiques nationales. Pipeline ETL automatis, 50M enregistrements, requtes analytiques en < 2s.","Conception d'un data warehouse selon modlisation en toile pour centraliser les donnes pidmiologiques nationales. Pipeline ETL automatis, 50M enregistrements, requtes analytiques en < 2s. Ce travail s'inscrit dans le contexte de Lom. La mthodologie adopte est Dveloppement logiciel (SCRUM). Les rsultats obtenus constituent une contribution significative au domaine de Bases de donnes.","Entrept de donnes pour le Ministre de la Sant. Conception d'un data warehouse selon modlisation en toile pour centraliser les donnes pidmiologiques nationales. Pipeline ETL automatis, 50M enregistrements, requtes analytiques en < 2s. Conception d'un data warehouse selon modlisation en toile pour centraliser les donnes pidmiologiques nationales. Pipeline ETL automatis, 50M enregistrements, requtes analytiques en < 2s. Ce travail s'inscrit dans le contexte de Lom. La mthodologie adopte est Dveloppement logiciel (SCRUM). Les rsultats obtenus constituent une contribution significative au domaine de Bases de donnes.",Bases de donnes,Dveloppement logiciel (SCRUM),Master 1,2018,Etudiant_0263,Dr. Professeur_07,18.22,indexation|mongodb|postgresql,3,1,1,Bases de donnes,donnes|en|enregistrements|indexation|modlisation en|mongodb|postgresql|un data
MEM-0264,Systme de monitoring applicatif temps rel,"Dploiement d'une stack de monitoring avec Prometheus, Grafana et alerting automatique. Couverture de 15 microservices avec dashboards mtier et techniques. MTTR rduit de 4h  20min.","Dploiement d'une stack de monitoring avec Prometheus, Grafana et alerting automatique. Couverture de 15 microservices avec dashboards mtier et techniques. MTTR rduit de 4h  20min. Ce travail s'inscrit dans le contexte de PME africaine. La mthodologie adopte est tude de cas. Les rsultats obtenus constituent une contribution significative au domaine de Cloud / DevOps.","Systme de monitoring applicatif temps rel. Dploiement d'une stack de monitoring avec Prometheus, Grafana et alerting automatique. Couverture de 15 microservices avec dashboards mtier et techniques. MTTR rduit de 4h  20min. Dploiement d'une stack de monitoring avec Prometheus, Grafana et alerting automatique. Couverture de 15 microservices avec dashboards mtier et techniques. MTTR rduit de 4h  20min. Ce travail s'inscrit dans le contexte de PME africaine. La mthodologie adopte est tude de cas. Les rsultats obtenus constituent une contribution significative au domaine de Cloud / DevOps.",Cloud / DevOps,tude de cas,Licence 3,2020,Etudiant_0264,Dr. Professeur_01,18.83,devops|kubernetes|microservices,3,1,6,Cloud / DevOps,de monitoring|devops|kubernetes|microservices|monitoring|monitoring avec|mttr|techniques
MEM-0265,Architecture rseau IoT pour smart city,"Conception d'une infrastructure de capteurs connects pour la gestion intelligente des feux de circulation, de l'clairage public et des dchets dans une ville de taille moyenne.","Conception d'une infrastructure de capteurs connects pour la gestion intelligente des feux de circulation, de l'clairage public et des dchets dans une ville de taille moyenne. Ce travail s'inscrit dans le contexte de zones rurales. La mthodologie adopte est Recherche applique. Les rsultats obtenus constituent une contribution significative au domaine de Rseaux.","Architecture rseau IoT pour smart city. Conception d'une infrastructure de capteurs connects pour la gestion intelligente des feux de circulation, de l'clairage public et des dchets dans une ville de taille moyenne. Conception d'une infrastructure de capteurs connects pour la gestion intelligente des feux de circulation, de l'clairage public et des dchets dans une ville de taille moyenne. Ce travail s'inscrit dans le contexte de zones rurales. La mthodologie adopte est Recherche applique. Les rsultats obtenus constituent une contribution significative au domaine de Rseaux.",Rseaux,Recherche applique,Master 1,2021,Etudiant_0265,Dr. Professeur_11,14.19,iot|ns3|protocole|qos|wifi,5,1,5,Rseaux,capteurs connects|circulation de|conception une|iot|ns3|protocole|qos|ville|ville de|wifi
MEM-0266,Architecture rseau IoT pour smart city,"Conception d'une infrastructure de capteurs connects pour la gestion intelligente des feux de circulation, de l'clairage public et des dchets dans une ville de taille moyenne.","Conception d'une infrastructure de capteurs connects pour la gestion intelligente des feux de circulation, de l'clairage public et des dchets dans une ville de taille moyenne. Ce travail s'inscrit dans le contexte de contexte africain. La mthodologie adopte est Dveloppement dirig par les tests (TDD). Les rsultats obtenus constituent une contribution significative au domaine de Rseaux.","Architecture rseau IoT pour smart city. Conception d'une infrastructure de capteurs connects pour la gestion intelligente des feux de circulation, de l'clairage public et des dchets dans une ville de taille moyenne. Conception d'une infrastructure de capteurs connects pour la gestion intelligente des feux de circulation, de l'clairage public et des dchets dans une ville de taille moyenne. Ce travail s'inscrit dans le contexte de contexte africain. La mthodologie adopte est Dveloppement dirig par les tests (TDD). Les rsultats obtenus constituent une contribution significative au domaine de Rseaux.",Rseaux,Dveloppement dirig par les tests (TDD),Master 2,2024,Etudiant_0266,Dr. Professeur_13,14.8,cisco|iot|ns3|protocole,4,1,5,Rseaux,cisco|dchets dans|de circulation|de clairage|intelligente des|iot|la gestion|ns3|protocole
MEM-0267,Irrigation automatique intelligente,Systme embarqu sur Arduino/Raspberry Pi pour l'irrigation selon l'humidit du sol et les prvisions mto. conomie d'eau de 35% mesure sur 6 mois dans une exploitation agricole pilote.,Systme embarqu sur Arduino/Raspberry Pi pour l'irrigation selon l'humidit du sol et les prvisions mto. conomie d'eau de 35% mesure sur 6 mois dans une exploitation agricole pilote. Ce travail s'inscrit dans le contexte de PME africaine. La mthodologie adopte est Recherche applique. Les rsultats obtenus constituent une contribution significative au domaine de Systmes Embarqus.,Irrigation automatique intelligente. Systme embarqu sur Arduino/Raspberry Pi pour l'irrigation selon l'humidit du sol et les prvisions mto. conomie d'eau de 35% mesure sur 6 mois dans une exploitation agricole pilote. Systme embarqu sur Arduino/Raspberry Pi pour l'irrigation selon l'humidit du sol et les prvisions mto. conomie d'eau de 35% mesure sur 6 mois dans une exploitation agricole pilote. Ce travail s'inscrit dans le contexte de PME africaine. La mthodologie adopte est Recherche applique. Les rsultats obtenus constituent une contribution significative au domaine de Systmes Embarqus.,Systmes Embarqus,Recherche applique,Licence 3,2018,Etudiant_0267,Dr. Professeur_13,15.29,arduino|capteurs|energie|iot,4,1,0,Systmes Embarqus,arduino|capteurs|energie|iot|irrigation|raspberry|raspberry pi|sur|sur mois
MEM-0268,Rseau WiFi communautaire  faible cot,"Conception et dploiement d'une infrastructure WiFi dans un quartier de Lom avec quipements open source (OpenWRT). Couverture de 2km, 120 utilisateurs connects simultanment, cot 40% infrieur au march.","Conception et dploiement d'une infrastructure WiFi dans un quartier de Lom avec quipements open source (OpenWRT). Couverture de 2km, 120 utilisateurs connects simultanment, cot 40% infrieur au march. Ce travail s'inscrit dans le contexte de Togo. La mthodologie adopte est Dveloppement logiciel (SCRUM). Les rsultats obtenus constituent une contribution significative au domaine de Rseaux.","Rseau WiFi communautaire  faible cot. Conception et dploiement d'une infrastructure WiFi dans un quartier de Lom avec quipements open source (OpenWRT). Couverture de 2km, 120 utilisateurs connects simultanment, cot 40% infrieur au march. Conception et dploiement d'une infrastructure WiFi dans un quartier de Lom avec quipements open source (OpenWRT). Couverture de 2km, 120 utilisateurs connects simultanment, cot 40% infrieur au march. Ce travail s'inscrit dans le contexte de Togo. La mthodologie adopte est Dveloppement logiciel (SCRUM). Les rsultats obtenus constituent une contribution significative au domaine de Rseaux.",Rseaux,Dveloppement logiciel (SCRUM),Licence 3,2023,Etudiant_0268,Dr. Professeur_04,17.64,afrique|cisco|protocole|tcp-ip,4,1,5,Rseaux,afrique|cisco|cot|protocole|quartier de|simultanment|source openwrt|tcp-ip|wifi
MEM-0269,Pipeline CI/CD pour quipe de dveloppement,"Mise en place d'un pipeline d'intgration et dploiement continus avec GitHub Actions, Docker et Kubernetes. Rduction du temps de dploiement de 2 jours  15 minutes. 0 rgression en production.","Mise en place d'un pipeline d'intgration et dploiement continus avec GitHub Actions, Docker et Kubernetes. Rduction du temps de dploiement de 2 jours  15 minutes. 0 rgression en production. Ce travail s'inscrit dans le contexte de contexte africain. La mthodologie adopte est Dveloppement dirig par les tests (TDD). Les rsultats obtenus constituent une contribution significative au domaine de Cloud / DevOps.","Pipeline CI/CD pour quipe de dveloppement. Mise en place d'un pipeline d'intgration et dploiement continus avec GitHub Actions, Docker et Kubernetes. Rduction du temps de dploiement de 2 jours  15 minutes. 0 rgression en production. Mise en place d'un pipeline d'intgration et dploiement continus avec GitHub Actions, Docker et Kubernetes. Rduction du temps de dploiement de 2 jours  15 minutes. 0 rgression en production. Ce travail s'inscrit dans le contexte de contexte africain. La mthodologie adopte est Dveloppement dirig par les tests (TDD). Les rsultats obtenus constituent une contribution significative au domaine de Cloud / DevOps.",Cloud / DevOps,Dveloppement dirig par les tests (TDD),Licence 3,2019,Etudiant_0269,Dr. Professeur_01,19.14,devops|docker|kubernetes|microservices|monitoring,5,1,1,Bases de donnes,devops|docker|dploiement|dploiement de|en|kubernetes|microservices|mise|monitoring|pipeline
MEM-0270,Contrle d'accs biomtrique  faible cot,Systme de contrle d'accs par empreinte digitale et reconnaissance faciale pour scuriser des locaux  budget limit. Cot matriel sous 50 000 FCFA. Dploy dans 3 tablissements scolaires.,Systme de contrle d'accs par empreinte digitale et reconnaissance faciale pour scuriser des locaux  budget limit. Cot matriel sous 50 000 FCFA. Dploy dans 3 tablissements scolaires. Ce travail s'inscrit dans le contexte de zones rurales. La mthodologie adopte est Prototypage rapide. Les rsultats obtenus constituent une contribution significative au domaine de Systmes Embarqus.,Contrle d'accs biomtrique  faible cot. Systme de contrle d'accs par empreinte digitale et reconnaissance faciale pour scuriser des locaux  budget limit. Cot matriel sous 50 000 FCFA. Dploy dans 3 tablissements scolaires. Systme de contrle d'accs par empreinte digitale et reconnaissance faciale pour scuriser des locaux  budget limit. Cot matriel sous 50 000 FCFA. Dploy dans 3 tablissements scolaires. Ce travail s'inscrit dans le contexte de zones rurales. La mthodologie adopte est Prototypage rapide. Les rsultats obtenus constituent une contribution significative au domaine de Systmes Embarqus.,Systmes Embarqus,Prototypage rapide,Licence 3,2022,Etudiant_0270,Dr. Professeur_02,14.9,embarque|iot|mqtt,3,0,0,Systmes Embarqus,accs|accs par|contrle|contrle accs|cot|embarque|iot|mqtt
MEM-0271,Rseau WiFi communautaire  faible cot,"Conception et dploiement d'une infrastructure WiFi dans un quartier de Lom avec quipements open source (OpenWRT). Couverture de 2km, 120 utilisateurs connects simultanment, cot 40% infrieur au march.","Conception et dploiement d'une infrastructure WiFi dans un quartier de Lom avec quipements open source (OpenWRT). Couverture de 2km, 120 utilisateurs connects simultanment, cot 40% infrieur au march. Ce travail s'inscrit dans le contexte de zones rurales. La mthodologie adopte est Prototypage rapide. Les rsultats obtenus constituent une contribution significative au domaine de Rseaux.","Rseau WiFi communautaire  faible cot. Conception et dploiement d'une infrastructure WiFi dans un quartier de Lom avec quipements open source (OpenWRT). Couverture de 2km, 120 utilisateurs connects simultanment, cot 40% infrieur au march. Conception et dploiement d'une infrastructure WiFi dans un quartier de Lom avec quipements open source (OpenWRT). Couverture de 2km, 120 utilisateurs connects simultanment, cot 40% infrieur au march. Ce travail s'inscrit dans le contexte de zones rurales. La mthodologie adopte est Prototypage rapide. Les rsultats obtenus constituent une contribution significative au domaine de Rseaux.",Rseaux,Prototypage rapide,Master 1,2018,Etudiant_0271,Dr. Professeur_14,19.19,4g|afrique|iot|ns3|qos,5,1,5,Rseaux,4g|afrique|au march|avec quipements|cot|iot|ns3|qos|wifi|wifi dans
MEM-0272,Dtection de fraude bancaire par deep learning,Ce travail propose un systme de dtection des transactions frauduleuses bas sur les rseaux LSTM. Les donnes proviennent d'une banque togolaise. Nous avons compar plusieurs architectures deep learning sur 50 000 transactions.,Ce travail propose un systme de dtection des transactions frauduleuses bas sur les rseaux LSTM. Les donnes proviennent d'une banque togolaise. Nous avons compar plusieurs architectures deep learning sur 50 000 transactions. Ce travail s'inscrit dans le contexte de contexte africain. La mthodologie adopte est Recherche exprimentale. Les rsultats obtenus constituent une contribution significative au domaine de IA / Machine Learning.,Dtection de fraude bancaire par deep learning. Ce travail propose un systme de dtection des transactions frauduleuses bas sur les rseaux LSTM. Les donnes proviennent d'une banque togolaise. Nous avons compar plusieurs architectures deep learning sur 50 000 transactions. Ce travail propose un systme de dtection des transactions frauduleuses bas sur les rseaux LSTM. Les donnes proviennent d'une banque togolaise. Nous avons compar plusieurs architectures deep learning sur 50 000 transactions. Ce travail s'inscrit dans le contexte de contexte africain. La mthodologie adopte est Recherche exprimentale. Les rsultats obtenus constituent une contribution significative au domaine de IA / Machine Learning.,IA / Machine Learning,Recherche exprimentale,Master 2,2023,Etudiant_0272,Dr. Professeur_06,19.61,afrique|classification|deep-learning|tensorflow,4,1,2,Cyberscurit,afrique|classification|deep|deep learning|deep-learning|dtection|learning|tensorflow|transactions
MEM-0273,Systme de monitoring applicatif temps rel,"Dploiement d'une stack de monitoring avec Prometheus, Grafana et alerting automatique. Couverture de 15 microservices avec dashboards mtier et techniques. MTTR rduit de 4h  20min.","Dploiement d'une stack de monitoring avec Prometheus, Grafana et alerting automatique. Couverture de 15 microservices avec dashboards mtier et techniques. MTTR rduit de 4h  20min. Ce travail s'inscrit dans le contexte de PME africaine. La mthodologie adopte est Dveloppement logiciel (SCRUM). Les rsultats obtenus constituent une contribution significative au domaine de Cloud / DevOps.","Systme de monitoring applicatif temps rel. Dploiement d'une stack de monitoring avec Prometheus, Grafana et alerting automatique. Couverture de 15 microservices avec dashboards mtier et techniques. MTTR rduit de 4h  20min. Dploiement d'une stack de monitoring avec Prometheus, Grafana et alerting automatique. Couverture de 15 microservices avec dashboards mtier et techniques. MTTR rduit de 4h  20min. Ce travail s'inscrit dans le contexte de PME africaine. La mthodologie adopte est Dveloppement logiciel (SCRUM). Les rsultats obtenus constituent une contribution significative au domaine de Cloud / DevOps.",Cloud / DevOps,Dveloppement logiciel (SCRUM),Master 1,2020,Etudiant_0273,Dr. Professeur_03,16.49,ci-cd|docker|kubernetes|microservices|monitoring,5,1,6,Cloud / DevOps,4h|ci-cd|de monitoring|docker|kubernetes|microservices|monitoring|rduit de|techniques
MEM-0274,Systme de surveillance de la qualit de l'air,"Rseau de capteurs IoT autonomes mesurant CO2, PM2.5, NO2 et temprature. Transmission MQTT vers dashboard Grafana. Autonomie 6 mois sur batterie avec panneau solaire. Dploy dans 5 quartiers de Lom.","Rseau de capteurs IoT autonomes mesurant CO2, PM2.5, NO2 et temprature. Transmission MQTT vers dashboard Grafana. Autonomie 6 mois sur batterie avec panneau solaire. Dploy dans 5 quartiers de Lom. Ce travail s'inscrit dans le contexte de langues locales. La mthodologie adopte est Recherche-action. Les rsultats obtenus constituent une contribution significative au domaine de Systmes Embarqus.","Systme de surveillance de la qualit de l'air. Rseau de capteurs IoT autonomes mesurant CO2, PM2.5, NO2 et temprature. Transmission MQTT vers dashboard Grafana. Autonomie 6 mois sur batterie avec panneau solaire. Dploy dans 5 quartiers de Lom. Rseau de capteurs IoT autonomes mesurant CO2, PM2.5, NO2 et temprature. Transmission MQTT vers dashboard Grafana. Autonomie 6 mois sur batterie avec panneau solaire. Dploy dans 5 quartiers de Lom. Ce travail s'inscrit dans le contexte de langues locales. La mthodologie adopte est Recherche-action. Les rsultats obtenus constituent une contribution significative au domaine de Systmes Embarqus.",Systmes Embarqus,Recherche-action,Master 2,2024,Etudiant_0274,Dr. Professeur_12,11.27,afrique|energie|iot|temps-reel,4,0,4,Rseaux,afrique|energie|iot|mesurant|mois sur|no2|no2 et|quartiers|temps-reel
MEM-0275,Systme de monitoring applicatif temps rel,"Dploiement d'une stack de monitoring avec Prometheus, Grafana et alerting automatique. Couverture de 15 microservices avec dashboards mtier et techniques. MTTR rduit de 4h  20min.","Dploiement d'une stack de monitoring avec Prometheus, Grafana et alerting automatique. Couverture de 15 microservices avec dashboards mtier et techniques. MTTR rduit de 4h  20min. Ce travail s'inscrit dans le contexte de PME africaine. La mthodologie adopte est Dveloppement logiciel (SCRUM). Les rsultats obtenus constituent une contribution significative au domaine de Cloud / DevOps.","Systme de monitoring applicatif temps rel. Dploiement d'une stack de monitoring avec Prometheus, Grafana et alerting automatique. Couverture de 15 microservices avec dashboards mtier et techniques. MTTR rduit de 4h  20min. Dploiement d'une stack de monitoring avec Prometheus, Grafana et alerting automatique. Couverture de 15 microservices avec dashboards mtier et techniques. MTTR rduit de 4h  20min. Ce travail s'inscrit dans le contexte de PME africaine. La mthodologie adopte est Dveloppement logiciel (SCRUM). Les rsultats obtenus constituent une contribution significative au domaine de Cloud / DevOps.",Cloud / DevOps,Dveloppement logiciel (SCRUM),Licence 3,2022,Etudiant_0275,Dr. Professeur_12,11.41,aws|ci-cd|microservices|monitoring|terraform,5,0,6,Cloud / DevOps,4h|aws|ci-cd|de monitoring|microservices|monitoring|rduit de|techniques|terraform
MEM-0276,Irrigation automatique intelligente,Systme embarqu sur Arduino/Raspberry Pi pour l'irrigation selon l'humidit du sol et les prvisions mto. conomie d'eau de 35% mesure sur 6 mois dans une exploitation agricole pilote.,Systme embarqu sur Arduino/Raspberry Pi pour l'irrigation selon l'humidit du sol et les prvisions mto. conomie d'eau de 35% mesure sur 6 mois dans une exploitation agricole pilote. Ce travail s'inscrit dans le contexte de mobile money. La mthodologie adopte est Recherche exprimentale. Les rsultats obtenus constituent une contribution significative au domaine de Systmes Embarqus.,Irrigation automatique intelligente. Systme embarqu sur Arduino/Raspberry Pi pour l'irrigation selon l'humidit du sol et les prvisions mto. conomie d'eau de 35% mesure sur 6 mois dans une exploitation agricole pilote. Systme embarqu sur Arduino/Raspberry Pi pour l'irrigation selon l'humidit du sol et les prvisions mto. conomie d'eau de 35% mesure sur 6 mois dans une exploitation agricole pilote. Ce travail s'inscrit dans le contexte de mobile money. La mthodologie adopte est Recherche exprimentale. Les rsultats obtenus constituent une contribution significative au domaine de Systmes Embarqus.,Systmes Embarqus,Recherche exprimentale,Master 2,2018,Etudiant_0276,Dr. Professeur_06,16.93,arduino|capteurs|iot|raspberry-pi|temps-reel,5,1,0,Systmes Embarqus,arduino|capteurs|et les|iot|irrigation|mois dans|raspberry-pi|sur|sur arduino|temps-reel
MEM-0277,Plateforme de gestion des stages universitaires,"Application full-stack React/FastAPI permettant aux tudiants de postuler aux stages, aux entreprises de publier des offres et  l'universit de suivre les conventions. Dploye sur 3 universits togolaises.","Application full-stack React/FastAPI permettant aux tudiants de postuler aux stages, aux entreprises de publier des offres et  l'universit de suivre les conventions. Dploye sur 3 universits togolaises. Ce travail s'inscrit dans le contexte de contexte africain. La mthodologie adopte est Dveloppement logiciel (SCRUM). Les rsultats obtenus constituent une contribution significative au domaine de Dveloppement Web.","Plateforme de gestion des stages universitaires. Application full-stack React/FastAPI permettant aux tudiants de postuler aux stages, aux entreprises de publier des offres et  l'universit de suivre les conventions. Dploye sur 3 universits togolaises. Application full-stack React/FastAPI permettant aux tudiants de postuler aux stages, aux entreprises de publier des offres et  l'universit de suivre les conventions. Dploye sur 3 universits togolaises. Ce travail s'inscrit dans le contexte de contexte africain. La mthodologie adopte est Dveloppement logiciel (SCRUM). Les rsultats obtenus constituent une contribution significative au domaine de Dveloppement Web.",Dveloppement Web,Dveloppement logiciel (SCRUM),Master 1,2021,Etudiant_0277,Dr. Professeur_02,15.46,afrique|docker|fastapi|full-stack|postgresql|react|rest-api,7,1,3,Dveloppement Web,afrique|aux|aux tudiants|conventions|conventions dploye|docker|fastapi|full-stack|postgresql|react|rest-api|stages
MEM-0278,Rseau WiFi communautaire  faible cot,"Conception et dploiement d'une infrastructure WiFi dans un quartier de Lom avec quipements open source (OpenWRT). Couverture de 2km, 120 utilisateurs connects simultanment, cot 40% infrieur au march.","Conception et dploiement d'une infrastructure WiFi dans un quartier de Lom avec quipements open source (OpenWRT). Couverture de 2km, 120 utilisateurs connects simultanment, cot 40% infrieur au march. Ce travail s'inscrit dans le contexte de langues locales. La mthodologie adopte est tude de cas. Les rsultats obtenus constituent une contribution significative au domaine de Rseaux.","Rseau WiFi communautaire  faible cot. Conception et dploiement d'une infrastructure WiFi dans un quartier de Lom avec quipements open source (OpenWRT). Couverture de 2km, 120 utilisateurs connects simultanment, cot 40% infrieur au march. Conception et dploiement d'une infrastructure WiFi dans un quartier de Lom avec quipements open source (OpenWRT). Couverture de 2km, 120 utilisateurs connects simultanment, cot 40% infrieur au march. Ce travail s'inscrit dans le contexte de langues locales. La mthodologie adopte est tude de cas. Les rsultats obtenus constituent une contribution significative au domaine de Rseaux.",Rseaux,tude de cas,Licence 3,2024,Etudiant_0278,Dr. Professeur_02,19.52,afrique|iot|tcp-ip|wifi,4,1,5,Rseaux,afrique|cot|iot|openwrt|openwrt couverture|tcp-ip|un quartier|wifi
MEM-0279,Migration infrastructure on-premise vers AWS,"Planification et excution complte de la migration cloud d'une PME locale. Architecture 3-tiers sur AWS avec auto-scaling, backup automatique et rduction des cots d'infrastructure de 40%.","Planification et excution complte de la migration cloud d'une PME locale. Architecture 3-tiers sur AWS avec auto-scaling, backup automatique et rduction des cots d'infrastructure de 40%. Ce travail s'inscrit dans le contexte de PME africaine. La mthodologie adopte est Recherche-action. Les rsultats obtenus constituent une contribution significative au domaine de Cloud / DevOps.","Migration infrastructure on-premise vers AWS. Planification et excution complte de la migration cloud d'une PME locale. Architecture 3-tiers sur AWS avec auto-scaling, backup automatique et rduction des cots d'infrastructure de 40%. Planification et excution complte de la migration cloud d'une PME locale. Architecture 3-tiers sur AWS avec auto-scaling, backup automatique et rduction des cots d'infrastructure de 40%. Ce travail s'inscrit dans le contexte de PME africaine. La mthodologie adopte est Recherche-action. Les rsultats obtenus constituent une contribution significative au domaine de Cloud / DevOps.",Cloud / DevOps,Recherche-action,Licence 3,2022,Etudiant_0279,Dr. Professeur_07,17.05,aws|microservices|monitoring|terraform,4,1,5,Rseaux,aws|aws avec|infrastructure|microservices|migration|monitoring|sur aws|terraform
MEM-0280,Scurisation des applications mobile banking,Analyse des vulnrabilits des applications de paiement mobile au Togo selon OWASP Mobile Top 10. Implmentation des contre-mesures et chiffrement end-to-end des transactions.,Analyse des vulnrabilits des applications de paiement mobile au Togo selon OWASP Mobile Top 10. Implmentation des contre-mesures et chiffrement end-to-end des transactions. Ce travail s'inscrit dans le contexte de Lom. La mthodologie adopte est tude de cas. Les rsultats obtenus constituent une contribution significative au domaine de Cyberscurit.,Scurisation des applications mobile banking. Analyse des vulnrabilits des applications de paiement mobile au Togo selon OWASP Mobile Top 10. Implmentation des contre-mesures et chiffrement end-to-end des transactions. Analyse des vulnrabilits des applications de paiement mobile au Togo selon OWASP Mobile Top 10. Implmentation des contre-mesures et chiffrement end-to-end des transactions. Ce travail s'inscrit dans le contexte de Lom. La mthodologie adopte est tude de cas. Les rsultats obtenus constituent une contribution significative au domaine de Cyberscurit.,Cyberscurit,tude de cas,Licence 3,2018,Etudiant_0280,Dr. Professeur_12,16.97,afrique|audit|intrusion|siem,4,1,2,Cyberscurit,afrique|applications|audit|des|des applications|end|intrusion|mobile|siem
MEM-0281,Application de suivi de grossesse pour zones rurales,"App mobile hors-ligne pour le suivi mdical des femmes enceintes sans connexion internet. Synchronisation diffre des donnes. Dploye dans 12 centres de sant ruraux, 800 femmes suivies.","App mobile hors-ligne pour le suivi mdical des femmes enceintes sans connexion internet. Synchronisation diffre des donnes. Dploye dans 12 centres de sant ruraux, 800 femmes suivies. Ce travail s'inscrit dans le contexte de PME africaine. La mthodologie adopte est Recherche applique. Les rsultats obtenus constituent une contribution significative au domaine de Mobile.","Application de suivi de grossesse pour zones rurales. App mobile hors-ligne pour le suivi mdical des femmes enceintes sans connexion internet. Synchronisation diffre des donnes. Dploye dans 12 centres de sant ruraux, 800 femmes suivies. App mobile hors-ligne pour le suivi mdical des femmes enceintes sans connexion internet. Synchronisation diffre des donnes. Dploye dans 12 centres de sant ruraux, 800 femmes suivies. Ce travail s'inscrit dans le contexte de PME africaine. La mthodologie adopte est Recherche applique. Les rsultats obtenus constituent une contribution significative au domaine de Mobile.",Mobile,Recherche applique,Master 1,2019,Etudiant_0281,Dr. Professeur_06,11.54,android|mobile-money|offline,3,0,7,Mobile,android|connexion internet|femmes|mdical des|mobile-money|offline|suivi|suivi mdical
MEM-0282,Portail de tlmdecine pour zones rurales,"Application web de consultation mdicale  distance intgrant la golocalisation des centres de sant, la prise de rendez-vous et le dossier mdical numrique simplifi. Mode offline disponible.","Application web de consultation mdicale  distance intgrant la golocalisation des centres de sant, la prise de rendez-vous et le dossier mdical numrique simplifi. Mode offline disponible. Ce travail s'inscrit dans le contexte de zones rurales. La mthodologie adopte est Dveloppement dirig par les tests (TDD). Les rsultats obtenus constituent une contribution significative au domaine de Dveloppement Web.","Portail de tlmdecine pour zones rurales. Application web de consultation mdicale  distance intgrant la golocalisation des centres de sant, la prise de rendez-vous et le dossier mdical numrique simplifi. Mode offline disponible. Application web de consultation mdicale  distance intgrant la golocalisation des centres de sant, la prise de rendez-vous et le dossier mdical numrique simplifi. Mode offline disponible. Ce travail s'inscrit dans le contexte de zones rurales. La mthodologie adopte est Dveloppement dirig par les tests (TDD). Les rsultats obtenus constituent une contribution significative au domaine de Dveloppement Web.",Dveloppement Web,Dveloppement dirig par les tests (TDD),Master 2,2023,Etudiant_0282,Dr. Professeur_02,16.38,docker|fastapi|javascript|postgresql|react,5,1,7,Mobile,application web|de consultation|docker|fastapi|javascript|postgresql|react|vous|web|web de
MEM-0283,Portail de tlmdecine pour zones rurales,"Application web de consultation mdicale  distance intgrant la golocalisation des centres de sant, la prise de rendez-vous et le dossier mdical numrique simplifi. Mode offline disponible.","Application web de consultation mdicale  distance intgrant la golocalisation des centres de sant, la prise de rendez-vous et le dossier mdical numrique simplifi. Mode offline disponible. Ce travail s'inscrit dans le contexte de Lom. La mthodologie adopte est Dveloppement dirig par les tests (TDD). Les rsultats obtenus constituent une contribution significative au domaine de Dveloppement Web.","Portail de tlmdecine pour zones rurales. Application web de consultation mdicale  distance intgrant la golocalisation des centres de sant, la prise de rendez-vous et le dossier mdical numrique simplifi. Mode offline disponible. Application web de consultation mdicale  distance intgrant la golocalisation des centres de sant, la prise de rendez-vous et le dossier mdical numrique simplifi. Mode offline disponible. Ce travail s'inscrit dans le contexte de Lom. La mthodologie adopte est Dveloppement dirig par les tests (TDD). Les rsultats obtenus constituent une contribution significative au domaine de Dveloppement Web.",Dveloppement Web,Dveloppement dirig par les tests (TDD),Master 1,2021,Etudiant_0283,Dr. Professeur_15,11.85,javascript|postgresql|react|rest-api,4,1,7,Mobile,application web|de rendez|javascript|postgresql|react|rest-api|vous|web|web de
MEM-0284,Implmentation d'un SIEM open source,Dploiement et configuration de Wazuh/ELK Stack pour la dtection d'intrusions en temps rel. Dfinition de 120 rgles de corrlation et procdures de rponse aux incidents pour une PME.,Dploiement et configuration de Wazuh/ELK Stack pour la dtection d'intrusions en temps rel. Dfinition de 120 rgles de corrlation et procdures de rponse aux incidents pour une PME. Ce travail s'inscrit dans le contexte de Togo. La mthodologie adopte est Dveloppement logiciel (SCRUM). Les rsultats obtenus constituent une contribution significative au domaine de Cyberscurit.,Implmentation d'un SIEM open source. Dploiement et configuration de Wazuh/ELK Stack pour la dtection d'intrusions en temps rel. Dfinition de 120 rgles de corrlation et procdures de rponse aux incidents pour une PME. Dploiement et configuration de Wazuh/ELK Stack pour la dtection d'intrusions en temps rel. Dfinition de 120 rgles de corrlation et procdures de rponse aux incidents pour une PME. Ce travail s'inscrit dans le contexte de Togo. La mthodologie adopte est Dveloppement logiciel (SCRUM). Les rsultats obtenus constituent une contribution significative au domaine de Cyberscurit.,Cyberscurit,Dveloppement logiciel (SCRUM),Master 1,2021,Etudiant_0284,Dr. Professeur_12,11.51,forensics|owasp|siem|vulnerabilite,4,1,3,Dveloppement Web,aux incidents|forensics|owasp|procdures de|rgles de|siem|vulnerabilite|wazuh|wazuh elk
MEM-0285,Portail de tlmdecine pour zones rurales,"Application web de consultation mdicale  distance intgrant la golocalisation des centres de sant, la prise de rendez-vous et le dossier mdical numrique simplifi. Mode offline disponible.","Application web de consultation mdicale  distance intgrant la golocalisation des centres de sant, la prise de rendez-vous et le dossier mdical numrique simplifi. Mode offline disponible. Ce travail s'inscrit dans le contexte de PME africaine. La mthodologie adopte est Dveloppement dirig par les tests (TDD). Les rsultats obtenus constituent une contribution significative au domaine de Dveloppement Web.","Portail de tlmdecine pour zones rurales. Application web de consultation mdicale  distance intgrant la golocalisation des centres de sant, la prise de rendez-vous et le dossier mdical numrique simplifi. Mode offline disponible. Application web de consultation mdicale  distance intgrant la golocalisation des centres de sant, la prise de rendez-vous et le dossier mdical numrique simplifi. Mode offline disponible. Ce travail s'inscrit dans le contexte de PME africaine. La mthodologie adopte est Dveloppement dirig par les tests (TDD). Les rsultats obtenus constituent une contribution significative au domaine de Dveloppement Web.",Dveloppement Web,Dveloppement dirig par les tests (TDD),Master 2,2021,Etudiant_0285,Dr. Professeur_04,15.73,docker|full-stack|javascript|react|rest-api,5,1,7,Mobile,application web|distance|docker|full-stack|javascript|react|rest-api|vous|web|web de
MEM-0286,E-commerce pour artisans locaux togolais,"Marketplace permettant aux artisans de vendre en ligne avec intgration du paiement mobile money (Flooz, T-Money). Interface bilingue franais/anglais. 120 artisans onboards lors du lancement pilote.","Marketplace permettant aux artisans de vendre en ligne avec intgration du paiement mobile money (Flooz, T-Money). Interface bilingue franais/anglais. 120 artisans onboards lors du lancement pilote. Ce travail s'inscrit dans le contexte de mobile money. La mthodologie adopte est Dveloppement dirig par les tests (TDD). Les rsultats obtenus constituent une contribution significative au domaine de Dveloppement Web.","E-commerce pour artisans locaux togolais. Marketplace permettant aux artisans de vendre en ligne avec intgration du paiement mobile money (Flooz, T-Money). Interface bilingue franais/anglais. 120 artisans onboards lors du lancement pilote. Marketplace permettant aux artisans de vendre en ligne avec intgration du paiement mobile money (Flooz, T-Money). Interface bilingue franais/anglais. 120 artisans onboards lors du lancement pilote. Ce travail s'inscrit dans le contexte de mobile money. La mthodologie adopte est Dveloppement dirig par les tests (TDD). Les rsultats obtenus constituent une contribution significative au domaine de Dveloppement Web.",Dveloppement Web,Dveloppement dirig par les tests (TDD),Master 2,2018,Etudiant_0286,Dr. Professeur_03,18.08,afrique|django|fastapi|full-stack|react|rest-api,6,0,1,Bases de donnes,afrique|artisans|django|du|du paiement|fastapi|full-stack|lors du|money|react|rest-api
MEM-0287,E-commerce pour artisans locaux togolais,"Marketplace permettant aux artisans de vendre en ligne avec intgration du paiement mobile money (Flooz, T-Money). Interface bilingue franais/anglais. 120 artisans onboards lors du lancement pilote.","Marketplace permettant aux artisans de vendre en ligne avec intgration du paiement mobile money (Flooz, T-Money). Interface bilingue franais/anglais. 120 artisans onboards lors du lancement pilote. Ce travail s'inscrit dans le contexte de Lom. La mthodologie adopte est Recherche exprimentale. Les rsultats obtenus constituent une contribution significative au domaine de Dveloppement Web.","E-commerce pour artisans locaux togolais. Marketplace permettant aux artisans de vendre en ligne avec intgration du paiement mobile money (Flooz, T-Money). Interface bilingue franais/anglais. 120 artisans onboards lors du lancement pilote. Marketplace permettant aux artisans de vendre en ligne avec intgration du paiement mobile money (Flooz, T-Money). Interface bilingue franais/anglais. 120 artisans onboards lors du lancement pilote. Ce travail s'inscrit dans le contexte de Lom. La mthodologie adopte est Recherche exprimentale. Les rsultats obtenus constituent une contribution significative au domaine de Dveloppement Web.",Dveloppement Web,Recherche exprimentale,Master 2,2019,Etudiant_0287,Dr. Professeur_09,15.56,afrique|django|javascript|postgresql|react|rest-api,6,1,1,Bases de donnes,afrique|artisans|django|du|javascript|marketplace|money|onboards|postgresql|react|rest-api
MEM-0288,Application de suivi de grossesse pour zones rurales,"App mobile hors-ligne pour le suivi mdical des femmes enceintes sans connexion internet. Synchronisation diffre des donnes. Dploye dans 12 centres de sant ruraux, 800 femmes suivies.","App mobile hors-ligne pour le suivi mdical des femmes enceintes sans connexion internet. Synchronisation diffre des donnes. Dploye dans 12 centres de sant ruraux, 800 femmes suivies. Ce travail s'inscrit dans le contexte de Afrique de l'Ouest. La mthodologie adopte est tude de cas. Les rsultats obtenus constituent une contribution significative au domaine de Mobile.","Application de suivi de grossesse pour zones rurales. App mobile hors-ligne pour le suivi mdical des femmes enceintes sans connexion internet. Synchronisation diffre des donnes. Dploye dans 12 centres de sant ruraux, 800 femmes suivies. App mobile hors-ligne pour le suivi mdical des femmes enceintes sans connexion internet. Synchronisation diffre des donnes. Dploye dans 12 centres de sant ruraux, 800 femmes suivies. Ce travail s'inscrit dans le contexte de Afrique de l'Ouest. La mthodologie adopte est tude de cas. Les rsultats obtenus constituent une contribution significative au domaine de Mobile.",Mobile,tude de cas,Licence 3,2024,Etudiant_0288,Dr. Professeur_10,19.25,android|flutter|mobile-money|offline|react-native,5,1,7,Mobile,800|android|dans 12|femmes|flutter|internet synchronisation|mobile-money|offline|react-native|suivi
MEM-0289,Application de suivi de grossesse pour zones rurales,"App mobile hors-ligne pour le suivi mdical des femmes enceintes sans connexion internet. Synchronisation diffre des donnes. Dploye dans 12 centres de sant ruraux, 800 femmes suivies.","App mobile hors-ligne pour le suivi mdical des femmes enceintes sans connexion internet. Synchronisation diffre des donnes. Dploye dans 12 centres de sant ruraux, 800 femmes suivies. Ce travail s'inscrit dans le contexte de Togo. La mthodologie adopte est Recherche applique. Les rsultats obtenus constituent une contribution significative au domaine de Mobile.","Application de suivi de grossesse pour zones rurales. App mobile hors-ligne pour le suivi mdical des femmes enceintes sans connexion internet. Synchronisation diffre des donnes. Dploye dans 12 centres de sant ruraux, 800 femmes suivies. App mobile hors-ligne pour le suivi mdical des femmes enceintes sans connexion internet. Synchronisation diffre des donnes. Dploye dans 12 centres de sant ruraux, 800 femmes suivies. Ce travail s'inscrit dans le contexte de Togo. La mthodologie adopte est Recherche applique. Les rsultats obtenus constituent une contribution significative au domaine de Mobile.",Mobile,Recherche applique,Master 1,2020,Etudiant_0289,Dr. Professeur_07,11.72,kotlin|mobile-money|offline|react-native,4,1,7,Mobile,femmes|hors|kotlin|mobile-money|offline|react-native|sans connexion|suivi|suivies
MEM-0290,Migration infrastructure on-premise vers AWS,"Planification et excution complte de la migration cloud d'une PME locale. Architecture 3-tiers sur AWS avec auto-scaling, backup automatique et rduction des cots d'infrastructure de 40%.","Planification et excution complte de la migration cloud d'une PME locale. Architecture 3-tiers sur AWS avec auto-scaling, backup automatique et rduction des cots d'infrastructure de 40%. Ce travail s'inscrit dans le contexte de langues locales. La mthodologie adopte est tude de cas. Les rsultats obtenus constituent une contribution significative au domaine de Cloud / DevOps.","Migration infrastructure on-premise vers AWS. Planification et excution complte de la migration cloud d'une PME locale. Architecture 3-tiers sur AWS avec auto-scaling, backup automatique et rduction des cots d'infrastructure de 40%. Planification et excution complte de la migration cloud d'une PME locale. Architecture 3-tiers sur AWS avec auto-scaling, backup automatique et rduction des cots d'infrastructure de 40%. Ce travail s'inscrit dans le contexte de langues locales. La mthodologie adopte est tude de cas. Les rsultats obtenus constituent une contribution significative au domaine de Cloud / DevOps.",Cloud / DevOps,tude de cas,Master 1,2023,Etudiant_0290,Dr. Professeur_01,18.97,aws|ci-cd|monitoring,3,1,5,Rseaux,automatique et|aws|aws avec|ci-cd|infrastructure|migration|monitoring
MEM-0291,Golocalisation des transports en commun  Lom,Systme de suivi temps rel des bus et taxis-motos avec application mobile passager et dashboard chauffeur. Architecture microservices avec WebSockets pour les mises  jour en temps rel.,Systme de suivi temps rel des bus et taxis-motos avec application mobile passager et dashboard chauffeur. Architecture microservices avec WebSockets pour les mises  jour en temps rel. Ce travail s'inscrit dans le contexte de PME africaine. La mthodologie adopte est Recherche applique. Les rsultats obtenus constituent une contribution significative au domaine de Mobile.,Golocalisation des transports en commun  Lom. Systme de suivi temps rel des bus et taxis-motos avec application mobile passager et dashboard chauffeur. Architecture microservices avec WebSockets pour les mises  jour en temps rel. Systme de suivi temps rel des bus et taxis-motos avec application mobile passager et dashboard chauffeur. Architecture microservices avec WebSockets pour les mises  jour en temps rel. Ce travail s'inscrit dans le contexte de PME africaine. La mthodologie adopte est Recherche applique. Les rsultats obtenus constituent une contribution significative au domaine de Mobile.,Mobile,Recherche applique,Master 1,2024,Etudiant_0291,Dr. Professeur_06,17.74,afrique|flutter|geolocalisation|kotlin|microservices|react-native|ux,7,1,3,Dveloppement Web,afrique|application mobile|architecture microservices|flutter|geolocalisation|kotlin|les mises|microservices|react-native|rel|temps rel|ux
MEM-0292,Systme de monitoring applicatif temps rel,"Dploiement d'une stack de monitoring avec Prometheus, Grafana et alerting automatique. Couverture de 15 microservices avec dashboards mtier et techniques. MTTR rduit de 4h  20min.","Dploiement d'une stack de monitoring avec Prometheus, Grafana et alerting automatique. Couverture de 15 microservices avec dashboards mtier et techniques. MTTR rduit de 4h  20min. Ce travail s'inscrit dans le contexte de contexte africain. La mthodologie adopte est Recherche-action. Les rsultats obtenus constituent une contribution significative au domaine de Cloud / DevOps.","Systme de monitoring applicatif temps rel. Dploiement d'une stack de monitoring avec Prometheus, Grafana et alerting automatique. Couverture de 15 microservices avec dashboards mtier et techniques. MTTR rduit de 4h  20min. Dploiement d'une stack de monitoring avec Prometheus, Grafana et alerting automatique. Couverture de 15 microservices avec dashboards mtier et techniques. MTTR rduit de 4h  20min. Ce travail s'inscrit dans le contexte de contexte africain. La mthodologie adopte est Recherche-action. Les rsultats obtenus constituent une contribution significative au domaine de Cloud / DevOps.",Cloud / DevOps,Recherche-action,Licence 3,2019,Etudiant_0292,Dr. Professeur_09,18.21,ci-cd|devops|microservices|monitoring,4,1,6,Cloud / DevOps,ci-cd|de monitoring|devops|microservices|monitoring|monitoring avec|mttr|une stack
MEM-0293,Portail de tlmdecine pour zones rurales,"Application web de consultation mdicale  distance intgrant la golocalisation des centres de sant, la prise de rendez-vous et le dossier mdical numrique simplifi. Mode offline disponible.","Application web de consultation mdicale  distance intgrant la golocalisation des centres de sant, la prise de rendez-vous et le dossier mdical numrique simplifi. Mode offline disponible. Ce travail s'inscrit dans le contexte de mobile money. La mthodologie adopte est Recherche-action. Les rsultats obtenus constituent une contribution significative au domaine de Dveloppement Web.","Portail de tlmdecine pour zones rurales. Application web de consultation mdicale  distance intgrant la golocalisation des centres de sant, la prise de rendez-vous et le dossier mdical numrique simplifi. Mode offline disponible. Application web de consultation mdicale  distance intgrant la golocalisation des centres de sant, la prise de rendez-vous et le dossier mdical numrique simplifi. Mode offline disponible. Ce travail s'inscrit dans le contexte de mobile money. La mthodologie adopte est Recherche-action. Les rsultats obtenus constituent une contribution significative au domaine de Dveloppement Web.",Dveloppement Web,Recherche-action,Master 2,2021,Etudiant_0293,Dr. Professeur_04,18.37,docker|fastapi|react,3,0,7,Mobile,application web|consultation mdicale|docker|fastapi|react|vous|web|web de
MEM-0294,Prdiction du dcrochage scolaire par machine learning,Ce projet applique Random Forest et XGBoost pour identifier les tudiants  risque de dcrochage  partir de donnes acadmiques et comportementales. Un tableau de bord de visualisation est dvelopp pour les responsables.,Ce projet applique Random Forest et XGBoost pour identifier les tudiants  risque de dcrochage  partir de donnes acadmiques et comportementales. Un tableau de bord de visualisation est dvelopp pour les responsables. Ce travail s'inscrit dans le contexte de Togo. La mthodologie adopte est Recherche-action. Les rsultats obtenus constituent une contribution significative au domaine de IA / Machine Learning.,Prdiction du dcrochage scolaire par machine learning. Ce projet applique Random Forest et XGBoost pour identifier les tudiants  risque de dcrochage  partir de donnes acadmiques et comportementales. Un tableau de bord de visualisation est dvelopp pour les responsables. Ce projet applique Random Forest et XGBoost pour identifier les tudiants  risque de dcrochage  partir de donnes acadmiques et comportementales. Un tableau de bord de visualisation est dvelopp pour les responsables. Ce travail s'inscrit dans le contexte de Togo. La mthodologie adopte est Recherche-action. Les rsultats obtenus constituent une contribution significative au domaine de IA / Machine Learning.,IA / Machine Learning,Recherche-action,Licence 3,2020,Etudiant_0294,Dr. Professeur_08,12.42,machine-learning|prediction|python|tensorflow,4,1,3,Dveloppement Web,dcrochage|dvelopp pour|machine-learning|prediction|python|tableau|tableau de|tensorflow|xgboost
MEM-0295,Implmentation d'un SIEM open source,Dploiement et configuration de Wazuh/ELK Stack pour la dtection d'intrusions en temps rel. Dfinition de 120 rgles de corrlation et procdures de rponse aux incidents pour une PME.,Dploiement et configuration de Wazuh/ELK Stack pour la dtection d'intrusions en temps rel. Dfinition de 120 rgles de corrlation et procdures de rponse aux incidents pour une PME. Ce travail s'inscrit dans le contexte de langues locales. La mthodologie adopte est Prototypage rapide. Les rsultats obtenus constituent une contribution significative au domaine de Cyberscurit.,Implmentation d'un SIEM open source. Dploiement et configuration de Wazuh/ELK Stack pour la dtection d'intrusions en temps rel. Dfinition de 120 rgles de corrlation et procdures de rponse aux incidents pour une PME. Dploiement et configuration de Wazuh/ELK Stack pour la dtection d'intrusions en temps rel. Dfinition de 120 rgles de corrlation et procdures de rponse aux incidents pour une PME. Ce travail s'inscrit dans le contexte de langues locales. La mthodologie adopte est Prototypage rapide. Les rsultats obtenus constituent une contribution significative au domaine de Cyberscurit.,Cyberscurit,Prototypage rapide,Master 2,2020,Etudiant_0295,Dr. Professeur_01,10.27,intrusion|owasp|pentesting|vulnerabilite,4,1,3,Dveloppement Web,incidents pour|intrusion|owasp|pentesting|procdures de|rel dfinition|rgles|rgles de|vulnerabilite
MEM-0296,Rseau WiFi communautaire  faible cot,"Conception et dploiement d'une infrastructure WiFi dans un quartier de Lom avec quipements open source (OpenWRT). Couverture de 2km, 120 utilisateurs connects simultanment, cot 40% infrieur au march.","Conception et dploiement d'une infrastructure WiFi dans un quartier de Lom avec quipements open source (OpenWRT). Couverture de 2km, 120 utilisateurs connects simultanment, cot 40% infrieur au march. Ce travail s'inscrit dans le contexte de Togo. La mthodologie adopte est Recherche-action. Les rsultats obtenus constituent une contribution significative au domaine de Rseaux.","Rseau WiFi communautaire  faible cot. Conception et dploiement d'une infrastructure WiFi dans un quartier de Lom avec quipements open source (OpenWRT). Couverture de 2km, 120 utilisateurs connects simultanment, cot 40% infrieur au march. Conception et dploiement d'une infrastructure WiFi dans un quartier de Lom avec quipements open source (OpenWRT). Couverture de 2km, 120 utilisateurs connects simultanment, cot 40% infrieur au march. Ce travail s'inscrit dans le contexte de Togo. La mthodologie adopte est Recherche-action. Les rsultats obtenus constituent une contribution significative au domaine de Rseaux.",Rseaux,Recherche-action,Licence 3,2023,Etudiant_0296,Dr. Professeur_13,18.65,afrique|cisco|qos|tcp-ip,4,1,5,Rseaux,afrique|cisco|cot|infrastructure wifi|infrieur|march|qos|tcp-ip|wifi
MEM-0297,Entrept de donnes pour le Ministre de la Sant,"Conception d'un data warehouse selon modlisation en toile pour centraliser les donnes pidmiologiques nationales. Pipeline ETL automatis, 50M enregistrements, requtes analytiques en < 2s.","Conception d'un data warehouse selon modlisation en toile pour centraliser les donnes pidmiologiques nationales. Pipeline ETL automatis, 50M enregistrements, requtes analytiques en < 2s. Ce travail s'inscrit dans le contexte de langues locales. La mthodologie adopte est Recherche-action. Les rsultats obtenus constituent une contribution significative au domaine de Bases de donnes.","Entrept de donnes pour le Ministre de la Sant. Conception d'un data warehouse selon modlisation en toile pour centraliser les donnes pidmiologiques nationales. Pipeline ETL automatis, 50M enregistrements, requtes analytiques en < 2s. Conception d'un data warehouse selon modlisation en toile pour centraliser les donnes pidmiologiques nationales. Pipeline ETL automatis, 50M enregistrements, requtes analytiques en < 2s. Ce travail s'inscrit dans le contexte de langues locales. La mthodologie adopte est Recherche-action. Les rsultats obtenus constituent une contribution significative au domaine de Bases de donnes.",Bases de donnes,Recherche-action,Licence 3,2022,Etudiant_0297,Dr. Professeur_12,17.13,datawarehouse|etl|sql,3,1,1,Bases de donnes,50m enregistrements|datawarehouse|donnes|en|etl|pipeline etl|sql|toile
MEM-0298,Pipeline CI/CD pour quipe de dveloppement,"Mise en place d'un pipeline d'intgration et dploiement continus avec GitHub Actions, Docker et Kubernetes. Rduction du temps de dploiement de 2 jours  15 minutes. 0 rgression en production.","Mise en place d'un pipeline d'intgration et dploiement continus avec GitHub Actions, Docker et Kubernetes. Rduction du temps de dploiement de 2 jours  15 minutes. 0 rgression en production. Ce travail s'inscrit dans le contexte de Lom. La mthodologie adopte est Dveloppement dirig par les tests (TDD). Les rsultats obtenus constituent une contribution significative au domaine de Cloud / DevOps.","Pipeline CI/CD pour quipe de dveloppement. Mise en place d'un pipeline d'intgration et dploiement continus avec GitHub Actions, Docker et Kubernetes. Rduction du temps de dploiement de 2 jours  15 minutes. 0 rgression en production. Mise en place d'un pipeline d'intgration et dploiement continus avec GitHub Actions, Docker et Kubernetes. Rduction du temps de dploiement de 2 jours  15 minutes. 0 rgression en production. Ce travail s'inscrit dans le contexte de Lom. La mthodologie adopte est Dveloppement dirig par les tests (TDD). Les rsultats obtenus constituent une contribution significative au domaine de Cloud / DevOps.",Cloud / DevOps,Dveloppement dirig par les tests (TDD),Master 1,2021,Etudiant_0298,Dr. Professeur_01,15.84,ci-cd|devops|docker|kubernetes|terraform,5,1,1,Bases de donnes,actions docker|ci-cd|devops|docker|dploiement|en|kubernetes|pipeline|pipeline intgration|terraform
MEM-0299,Contrle d'accs biomtrique  faible cot,Systme de contrle d'accs par empreinte digitale et reconnaissance faciale pour scuriser des locaux  budget limit. Cot matriel sous 50 000 FCFA. Dploy dans 3 tablissements scolaires.,Systme de contrle d'accs par empreinte digitale et reconnaissance faciale pour scuriser des locaux  budget limit. Cot matriel sous 50 000 FCFA. Dploy dans 3 tablissements scolaires. Ce travail s'inscrit dans le contexte de Afrique de l'Ouest. La mthodologie adopte est Recherche-action. Les rsultats obtenus constituent une contribution significative au domaine de Systmes Embarqus.,Contrle d'accs biomtrique  faible cot. Systme de contrle d'accs par empreinte digitale et reconnaissance faciale pour scuriser des locaux  budget limit. Cot matriel sous 50 000 FCFA. Dploy dans 3 tablissements scolaires. Systme de contrle d'accs par empreinte digitale et reconnaissance faciale pour scuriser des locaux  budget limit. Cot matriel sous 50 000 FCFA. Dploy dans 3 tablissements scolaires. Ce travail s'inscrit dans le contexte de Afrique de l'Ouest. La mthodologie adopte est Recherche-action. Les rsultats obtenus constituent une contribution significative au domaine de Systmes Embarqus.,Systmes Embarqus,Recherche-action,Master 2,2022,Etudiant_0299,Dr. Professeur_05,13.36,arduino|capteurs|mqtt|temps-reel,4,1,0,Systmes Embarqus,accs|accs par|arduino|capteurs|contrle|contrle accs|cot|mqtt|temps-reel
MEM-0300,Golocalisation des transports en commun  Lom,Systme de suivi temps rel des bus et taxis-motos avec application mobile passager et dashboard chauffeur. Architecture microservices avec WebSockets pour les mises  jour en temps rel.,Systme de suivi temps rel des bus et taxis-motos avec application mobile passager et dashboard chauffeur. Architecture microservices avec WebSockets pour les mises  jour en temps rel. Ce travail s'inscrit dans le contexte de Togo. La mthodologie adopte est Recherche-action. Les rsultats obtenus constituent une contribution significative au domaine de Mobile.,Golocalisation des transports en commun  Lom. Systme de suivi temps rel des bus et taxis-motos avec application mobile passager et dashboard chauffeur. Architecture microservices avec WebSockets pour les mises  jour en temps rel. Systme de suivi temps rel des bus et taxis-motos avec application mobile passager et dashboard chauffeur. Architecture microservices avec WebSockets pour les mises  jour en temps rel. Ce travail s'inscrit dans le contexte de Togo. La mthodologie adopte est Recherche-action. Les rsultats obtenus constituent une contribution significative au domaine de Mobile.,Mobile,Recherche-action,Master 2,2023,Etudiant_0300,Dr. Professeur_13,18.05,afrique|flutter|microservices|mobile-money|offline|react-native,6,1,3,Dveloppement Web,afrique|flutter|jour en|microservices|mobile-money|offline|react-native|rel|suivi temps|temps rel|websockets pour
