id_correction,id_soumission,id_memoire,type,page,urgence,est_resolue,commentaire
COR-00001,SUB-0001,MEM-0164,Graphique illisible,13,BLOQUANT,1,Correction #1 sur version 1
COR-00002,SUB-0001,MEM-0164,Citation manquante,25,ELEVE,1,Correction #2 sur version 1
COR-00003,SUB-0001,MEM-0164,Code non comment,4,MOYEN,0,Correction #3 sur version 1
COR-00004,SUB-0001,MEM-0164,Problme de structure,10,MOYEN,0,Correction #4 sur version 1
COR-00005,SUB-0001,MEM-0164,Faute d'orthographe,7,ELEVE,0,Correction #5 sur version 1
COR-00006,SUB-0001,MEM-0164,Conclusion absente,8,FAIBLE,0,Correction #6 sur version 1
COR-00007,SUB-0001,MEM-0164,Argument insuffisant,19,FAIBLE,0,Correction #7 sur version 1
COR-00008,SUB-0002,MEM-0060,Graphique illisible,24,BLOQUANT,1,Correction #1 sur version 5
COR-00009,SUB-0002,MEM-0060,Problme de structure,64,FAIBLE,1,Correction #2 sur version 5
COR-00010,SUB-0002,MEM-0060,Citation manquante,51,MOYEN,1,Correction #3 sur version 5
COR-00011,SUB-0002,MEM-0060,Conclusion absente,3,FAIBLE,1,Correction #4 sur version 5
COR-00012,SUB-0002,MEM-0060,Problme de structure,63,MOYEN,1,Correction #5 sur version 5
COR-00013,SUB-0002,MEM-0060,Problme de structure,27,ELEVE,1,Correction #6 sur version 5
COR-00014,SUB-0002,MEM-0060,Introduction incomplte,49,ELEVE,1,Correction #7 sur version 5
COR-00015,SUB-0002,MEM-0060,Code non comment,58,MOYEN,1,Correction #8 sur version 5
COR-00016,SUB-0004,MEM-0187,Argument insuffisant,20,FAIBLE,0,Correction #1 sur version 4
COR-00017,SUB-0004,MEM-0187,Argument insuffisant,37,FAIBLE,0,Correction #2 sur version 4
COR-00018,SUB-0004,MEM-0187,Plagiat dtect,3,ELEVE,0,Correction #3 sur version 4
COR-00019,SUB-0005,MEM-0060,Mthodologie floue,45,FAIBLE,1,Correction #1 sur version 1
COR-00020,SUB-0005,MEM-0060,Plagiat dtect,77,MOYEN,1,Correction #2 sur version 1
COR-00021,SUB-0005,MEM-0060,Faute d'orthographe,21,ELEVE,0,Correction #3 sur version 1
COR-00022,SUB-0005,MEM-0060,Rsultats non interprts,33,ELEVE,0,Correction #4 sur version 1
COR-00023,SUB-0005,MEM-0060,Citation manquante,78,FAIBLE,0,Correction #5 sur version 1
COR-00024,SUB-0005,MEM-0060,Bibliographie incorrecte,3,FAIBLE,0,Correction #6 sur version 1
COR-00025,SUB-0005,MEM-0060,Bibliographie incorrecte,98,ELEVE,0,Correction #7 sur version 1
COR-00026,SUB-0005,MEM-0060,Citation manquante,111,FAIBLE,0,Correction #8 sur version 1
COR-00027,SUB-0005,MEM-0060,Problme de structure,28,MOYEN,0,Correction #9 sur version 1
COR-00028,SUB-0005,MEM-0060,Mthodologie floue,18,FAIBLE,0,Correction #10 sur version 1
COR-00029,SUB-0005,MEM-0060,Problme de structure,94,FAIBLE,0,Correction #11 sur version 1
COR-00030,SUB-0008,MEM-0103,Argument insuffisant,35,ELEVE,1,Correction #1 sur version 3
COR-00031,SUB-0008,MEM-0103,Conclusion absente,26,MOYEN,1,Correction #2 sur version 3
COR-00032,SUB-0008,MEM-0103,Mthodologie floue,91,FAIBLE,1,Correction #3 sur version 3
COR-00033,SUB-0008,MEM-0103,Code non comment,38,ELEVE,1,Correction #4 sur version 3
COR-00034,SUB-0008,MEM-0103,Rsultats non interprts,104,MOYEN,1,Correction #5 sur version 3
COR-00035,SUB-0008,MEM-0103,Introduction incomplte,66,MOYEN,1,Correction #6 sur version 3
COR-00036,SUB-0008,MEM-0103,Citation manquante,33,MOYEN,1,Correction #7 sur version 3
COR-00037,SUB-0008,MEM-0103,Citation manquante,88,FAIBLE,0,Correction #8 sur version 3
COR-00038,SUB-0008,MEM-0103,Graphique illisible,51,ELEVE,0,Correction #9 sur version 3
COR-00039,SUB-0008,MEM-0103,Plagiat dtect,102,FAIBLE,0,Correction #10 sur version 3
COR-00040,SUB-0010,MEM-0196,Graphique illisible,11,ELEVE,1,Correction #1 sur version 2
COR-00041,SUB-0010,MEM-0196,Rsultats non interprts,32,FAIBLE,1,Correction #2 sur version 2
COR-00042,SUB-0010,MEM-0196,Conclusion absente,28,MOYEN,1,Correction #3 sur version 2
COR-00043,SUB-0010,MEM-0196,Rsultats non interprts,18,ELEVE,1,Correction #4 sur version 2
COR-00044,SUB-0010,MEM-0196,Plagiat dtect,7,MOYEN,1,Correction #5 sur version 2
COR-00045,SUB-0010,MEM-0196,Introduction incomplte,28,ELEVE,1,Correction #6 sur version 2
COR-00046,SUB-0010,MEM-0196,Plagiat dtect,23,FAIBLE,1,Correction #7 sur version 2
COR-00047,SUB-0010,MEM-0196,Code non comment,5,MOYEN,1,Correction #8 sur version 2
COR-00048,SUB-0010,MEM-0196,Argument insuffisant,3,MOYEN,1,Correction #9 sur version 2
COR-00049,SUB-0010,MEM-0196,Graphique illisible,38,ELEVE,0,Correction #10 sur version 2
COR-00050,SUB-0010,MEM-0196,Graphique illisible,39,MOYEN,0,Correction #11 sur version 2
COR-00051,SUB-0010,MEM-0196,Bibliographie incorrecte,23,ELEVE,0,Correction #12 sur version 2
COR-00052,SUB-0010,MEM-0196,Faute d'orthographe,8,MOYEN,0,Correction #13 sur version 2
COR-00053,SUB-0010,MEM-0196,Mthodologie floue,28,FAIBLE,0,Correction #14 sur version 2
COR-00054,SUB-0010,MEM-0196,Mthodologie floue,16,FAIBLE,0,Correction #15 sur version 2
COR-00055,SUB-0010,MEM-0196,Citation manquante,43,FAIBLE,0,Correction #16 sur version 2
COR-00056,SUB-0010,MEM-0196,Mthodologie floue,10,MOYEN,0,Correction #17 sur version 2
COR-00057,SUB-0011,MEM-0126,Problme de structure,1,MOYEN,1,Correction #1 sur version 1
COR-00058,SUB-0011,MEM-0126,Rsultats non interprts,1,MOYEN,1,Correction #2 sur version 1
COR-00059,SUB-0011,MEM-0126,Mthodologie floue,14,ELEVE,1,Correction #3 sur version 1
COR-00060,SUB-0011,MEM-0126,Plagiat dtect,21,MOYEN,0,Correction #4 sur version 1
COR-00061,SUB-0011,MEM-0126,Bibliographie incorrecte,5,FAIBLE,0,Correction #5 sur version 1
COR-00062,SUB-0011,MEM-0126,Graphique illisible,39,MOYEN,0,Correction #6 sur version 1
COR-00063,SUB-0011,MEM-0126,Bibliographie incorrecte,14,FAIBLE,0,Correction #7 sur version 1
COR-00064,SUB-0011,MEM-0126,Bibliographie incorrecte,18,FAIBLE,0,Correction #8 sur version 1
COR-00065,SUB-0011,MEM-0126,Plagiat dtect,5,ELEVE,0,Correction #9 sur version 1
COR-00066,SUB-0012,MEM-0137,Plagiat dtect,83,BLOQUANT,1,Correction #1 sur version 2
COR-00067,SUB-0012,MEM-0137,Code non comment,97,MOYEN,1,Correction #2 sur version 2
COR-00068,SUB-0012,MEM-0137,Mthodologie floue,41,MOYEN,0,Correction #3 sur version 2
COR-00069,SUB-0012,MEM-0137,Citation manquante,7,FAIBLE,0,Correction #4 sur version 2
COR-00070,SUB-0012,MEM-0137,Conclusion absente,6,MOYEN,0,Correction #5 sur version 2
COR-00071,SUB-0012,MEM-0137,Introduction incomplte,16,MOYEN,0,Correction #6 sur version 2
COR-00072,SUB-0012,MEM-0137,Conclusion absente,22,FAIBLE,0,Correction #7 sur version 2
COR-00073,SUB-0012,MEM-0137,Mthodologie floue,76,ELEVE,0,Correction #8 sur version 2
COR-00074,SUB-0012,MEM-0137,Citation manquante,74,MOYEN,0,Correction #9 sur version 2
COR-00075,SUB-0012,MEM-0137,Graphique illisible,3,FAIBLE,0,Correction #10 sur version 2
COR-00076,SUB-0012,MEM-0137,Plagiat dtect,1,ELEVE,0,Correction #11 sur version 2
COR-00077,SUB-0012,MEM-0137,Graphique illisible,17,MOYEN,0,Correction #12 sur version 2
COR-00078,SUB-0012,MEM-0137,Faute d'orthographe,69,MOYEN,0,Correction #13 sur version 2
COR-00079,SUB-0012,MEM-0137,Faute d'orthographe,44,ELEVE,0,Correction #14 sur version 2
COR-00080,SUB-0013,MEM-0103,Faute d'orthographe,9,ELEVE,1,Correction #1 sur version 6
COR-00081,SUB-0015,MEM-0122,Conclusion absente,13,BLOQUANT,1,Correction #1 sur version 4
COR-00082,SUB-0015,MEM-0122,Rsultats non interprts,39,MOYEN,1,Correction #2 sur version 4
COR-00083,SUB-0015,MEM-0122,Mthodologie floue,45,MOYEN,0,Correction #3 sur version 4
COR-00084,SUB-0015,MEM-0122,Problme de structure,72,MOYEN,0,Correction #4 sur version 4
COR-00085,SUB-0017,MEM-0114,Conclusion absente,79,MOYEN,0,Correction #1 sur version 5
COR-00086,SUB-0017,MEM-0114,Introduction incomplte,39,FAIBLE,0,Correction #2 sur version 5
COR-00087,SUB-0017,MEM-0114,Conclusion absente,64,ELEVE,0,Correction #3 sur version 5
COR-00088,SUB-0017,MEM-0114,Problme de structure,48,ELEVE,0,Correction #4 sur version 5
COR-00089,SUB-0017,MEM-0114,Problme de structure,4,ELEVE,0,Correction #5 sur version 5
COR-00090,SUB-0018,MEM-0001,Citation manquante,7,BLOQUANT,1,Correction #1 sur version 4
COR-00091,SUB-0018,MEM-0001,Argument insuffisant,14,FAIBLE,1,Correction #2 sur version 4
COR-00092,SUB-0018,MEM-0001,Rsultats non interprts,93,MOYEN,0,Correction #3 sur version 4
COR-00093,SUB-0018,MEM-0001,Citation manquante,22,MOYEN,0,Correction #4 sur version 4
COR-00094,SUB-0018,MEM-0001,Citation manquante,93,FAIBLE,0,Correction #5 sur version 4
COR-00095,SUB-0019,MEM-0076,Bibliographie incorrecte,1,MOYEN,0,Correction #1 sur version 2
COR-00096,SUB-0019,MEM-0076,Faute d'orthographe,34,ELEVE,0,Correction #2 sur version 2
COR-00097,SUB-0019,MEM-0076,Problme de structure,7,FAIBLE,0,Correction #3 sur version 2
COR-00098,SUB-0019,MEM-0076,Problme de structure,34,MOYEN,0,Correction #4 sur version 2
COR-00099,SUB-0019,MEM-0076,Rsultats non interprts,79,MOYEN,0,Correction #5 sur version 2
COR-00100,SUB-0019,MEM-0076,Graphique illisible,90,MOYEN,0,Correction #6 sur version 2
COR-00101,SUB-0019,MEM-0076,Argument insuffisant,75,FAIBLE,0,Correction #7 sur version 2
COR-00102,SUB-0019,MEM-0076,Problme de structure,17,MOYEN,0,Correction #8 sur version 2
COR-00103,SUB-0019,MEM-0076,Argument insuffisant,75,MOYEN,0,Correction #9 sur version 2
COR-00104,SUB-0019,MEM-0076,Code non comment,58,MOYEN,0,Correction #10 sur version 2
COR-00105,SUB-0019,MEM-0076,Problme de structure,67,ELEVE,0,Correction #11 sur version 2
COR-00106,SUB-0019,MEM-0076,Citation manquante,74,ELEVE,0,Correction #12 sur version 2
COR-00107,SUB-0019,MEM-0076,Code non comment,63,MOYEN,0,Correction #13 sur version 2
COR-00108,SUB-0019,MEM-0076,Mthodologie floue,62,MOYEN,0,Correction #14 sur version 2
COR-00109,SUB-0020,MEM-0131,Citation manquante,6,BLOQUANT,1,Correction #1 sur version 1
COR-00110,SUB-0020,MEM-0131,Graphique illisible,6,MOYEN,1,Correction #2 sur version 1
COR-00111,SUB-0021,MEM-0149,Bibliographie incorrecte,32,MOYEN,1,Correction #1 sur version 5
COR-00112,SUB-0021,MEM-0149,Code non comment,27,ELEVE,1,Correction #2 sur version 5
COR-00113,SUB-0021,MEM-0149,Problme de structure,10,ELEVE,1,Correction #3 sur version 5
COR-00114,SUB-0021,MEM-0149,Faute d'orthographe,28,MOYEN,1,Correction #4 sur version 5
COR-00115,SUB-0021,MEM-0149,Code non comment,28,FAIBLE,0,Correction #5 sur version 5
COR-00116,SUB-0021,MEM-0149,Introduction incomplte,25,MOYEN,0,Correction #6 sur version 5
COR-00117,SUB-0022,MEM-0193,Problme de structure,22,MOYEN,1,Correction #1 sur version 1
COR-00118,SUB-0022,MEM-0193,Plagiat dtect,34,FAIBLE,1,Correction #2 sur version 1
COR-00119,SUB-0022,MEM-0193,Mthodologie floue,20,ELEVE,1,Correction #3 sur version 1
COR-00120,SUB-0022,MEM-0193,Conclusion absente,42,ELEVE,0,Correction #4 sur version 1
COR-00121,SUB-0022,MEM-0193,Bibliographie incorrecte,7,FAIBLE,0,Correction #5 sur version 1
COR-00122,SUB-0022,MEM-0193,Citation manquante,24,FAIBLE,0,Correction #6 sur version 1
COR-00123,SUB-0022,MEM-0193,Conclusion absente,40,MOYEN,0,Correction #7 sur version 1
COR-00124,SUB-0022,MEM-0193,Citation manquante,26,ELEVE,0,Correction #8 sur version 1
COR-00125,SUB-0022,MEM-0193,Problme de structure,18,FAIBLE,0,Correction #9 sur version 1
COR-00126,SUB-0022,MEM-0193,Argument insuffisant,44,MOYEN,0,Correction #10 sur version 1
COR-00127,SUB-0022,MEM-0193,Plagiat dtect,42,MOYEN,0,Correction #11 sur version 1
COR-00128,SUB-0022,MEM-0193,Argument insuffisant,30,FAIBLE,0,Correction #12 sur version 1
COR-00129,SUB-0022,MEM-0193,Rsultats non interprts,8,FAIBLE,0,Correction #13 sur version 1
COR-00130,SUB-0022,MEM-0193,Faute d'orthographe,30,FAIBLE,0,Correction #14 sur version 1
COR-00131,SUB-0022,MEM-0193,Graphique illisible,2,FAIBLE,0,Correction #15 sur version 1
COR-00132,SUB-0022,MEM-0193,Code non comment,34,MOYEN,0,Correction #16 sur version 1
COR-00133,SUB-0022,MEM-0193,Mthodologie floue,17,MOYEN,0,Correction #17 sur version 1
COR-00134,SUB-0022,MEM-0193,Bibliographie incorrecte,6,FAIBLE,0,Correction #18 sur version 1
COR-00135,SUB-0023,MEM-0063,Introduction incomplte,28,MOYEN,1,Correction #1 sur version 3
COR-00136,SUB-0023,MEM-0063,Introduction incomplte,65,FAIBLE,1,Correction #2 sur version 3
COR-00137,SUB-0023,MEM-0063,Bibliographie incorrecte,43,MOYEN,1,Correction #3 sur version 3
COR-00138,SUB-0023,MEM-0063,Conclusion absente,35,FAIBLE,1,Correction #4 sur version 3
COR-00139,SUB-0023,MEM-0063,Problme de structure,7,MOYEN,1,Correction #5 sur version 3
COR-00140,SUB-0023,MEM-0063,Introduction incomplte,94,ELEVE,1,Correction #6 sur version 3
COR-00141,SUB-0023,MEM-0063,Citation manquante,38,MOYEN,1,Correction #7 sur version 3
COR-00142,SUB-0023,MEM-0063,Introduction incomplte,23,FAIBLE,1,Correction #8 sur version 3
COR-00143,SUB-0023,MEM-0063,Graphique illisible,68,ELEVE,1,Correction #9 sur version 3
COR-00144,SUB-0023,MEM-0063,Conclusion absente,67,ELEVE,1,Correction #10 sur version 3
COR-00145,SUB-0023,MEM-0063,Problme de structure,88,MOYEN,1,Correction #11 sur version 3
COR-00146,SUB-0024,MEM-0028,Code non comment,32,FAIBLE,1,Correction #1 sur version 6
COR-00147,SUB-0024,MEM-0028,Citation manquante,15,FAIBLE,0,Correction #2 sur version 6
COR-00148,SUB-0024,MEM-0028,Faute d'orthographe,74,FAIBLE,0,Correction #3 sur version 6
COR-00149,SUB-0024,MEM-0028,Citation manquante,9,MOYEN,0,Correction #4 sur version 6
COR-00150,SUB-0026,MEM-0177,Bibliographie incorrecte,7,BLOQUANT,1,Correction #1 sur version 2
COR-00151,SUB-0026,MEM-0177,Citation manquante,26,MOYEN,1,Correction #2 sur version 2
COR-00152,SUB-0026,MEM-0177,Introduction incomplte,7,MOYEN,1,Correction #3 sur version 2
COR-00153,SUB-0026,MEM-0177,Rsultats non interprts,18,FAIBLE,1,Correction #4 sur version 2
COR-00154,SUB-0026,MEM-0177,Citation manquante,11,MOYEN,0,Correction #5 sur version 2
COR-00155,SUB-0026,MEM-0177,Mthodologie floue,19,FAIBLE,0,Correction #6 sur version 2
COR-00156,SUB-0026,MEM-0177,Plagiat dtect,19,ELEVE,0,Correction #7 sur version 2
COR-00157,SUB-0026,MEM-0177,Faute d'orthographe,7,ELEVE,0,Correction #8 sur version 2
COR-00158,SUB-0026,MEM-0177,Bibliographie incorrecte,31,FAIBLE,0,Correction #9 sur version 2
COR-00159,SUB-0026,MEM-0177,Graphique illisible,16,ELEVE,0,Correction #10 sur version 2
COR-00160,SUB-0026,MEM-0177,Mthodologie floue,5,FAIBLE,0,Correction #11 sur version 2
COR-00161,SUB-0026,MEM-0177,Argument insuffisant,22,FAIBLE,0,Correction #12 sur version 2
COR-00162,SUB-0026,MEM-0177,Argument insuffisant,1,MOYEN,0,Correction #13 sur version 2
COR-00163,SUB-0026,MEM-0177,Conclusion absente,28,ELEVE,0,Correction #14 sur version 2
COR-00164,SUB-0026,MEM-0177,Faute d'orthographe,12,MOYEN,0,Correction #15 sur version 2
COR-00165,SUB-0027,MEM-0092,Graphique illisible,5,BLOQUANT,1,Correction #1 sur version 2
COR-00166,SUB-0027,MEM-0092,Code non comment,49,FAIBLE,1,Correction #2 sur version 2
COR-00167,SUB-0027,MEM-0092,Plagiat dtect,23,FAIBLE,1,Correction #3 sur version 2
COR-00168,SUB-0027,MEM-0092,Plagiat dtect,1,MOYEN,1,Correction #4 sur version 2
COR-00169,SUB-0027,MEM-0092,Citation manquante,31,MOYEN,1,Correction #5 sur version 2
COR-00170,SUB-0027,MEM-0092,Faute d'orthographe,2,FAIBLE,1,Correction #6 sur version 2
COR-00171,SUB-0027,MEM-0092,Code non comment,19,ELEVE,1,Correction #7 sur version 2
COR-00172,SUB-0027,MEM-0092,Bibliographie incorrecte,33,FAIBLE,1,Correction #8 sur version 2
COR-00173,SUB-0028,MEM-0046,Argument insuffisant,100,FAIBLE,1,Correction #1 sur version 4
COR-00174,SUB-0029,MEM-0118,Problme de structure,13,BLOQUANT,0,Correction #1 sur version 3
COR-00175,SUB-0030,MEM-0090,Rsultats non interprts,43,MOYEN,1,Correction #1 sur version 6
COR-00176,SUB-0030,MEM-0090,Conclusion absente,95,MOYEN,0,Correction #2 sur version 6
COR-00177,SUB-0031,MEM-0089,Mthodologie floue,70,BLOQUANT,0,Correction #1 sur version 6
COR-00178,SUB-0033,MEM-0185,Code non comment,63,MOYEN,1,Correction #1 sur version 3
COR-00179,SUB-0033,MEM-0185,Mthodologie floue,59,MOYEN,1,Correction #2 sur version 3
COR-00180,SUB-0033,MEM-0185,Mthodologie floue,39,FAIBLE,1,Correction #3 sur version 3
COR-00181,SUB-0033,MEM-0185,Mthodologie floue,115,ELEVE,0,Correction #4 sur version 3
COR-00182,SUB-0038,MEM-0013,Bibliographie incorrecte,85,BLOQUANT,0,Correction #1 sur version 5
COR-00183,SUB-0038,MEM-0013,Conclusion absente,15,ELEVE,0,Correction #2 sur version 5
COR-00184,SUB-0039,MEM-0157,Graphique illisible,44,BLOQUANT,1,Correction #1 sur version 6
COR-00185,SUB-0039,MEM-0157,Rsultats non interprts,41,ELEVE,0,Correction #2 sur version 6
COR-00186,SUB-0040,MEM-0197,Argument insuffisant,53,FAIBLE,0,Correction #1 sur version 5
COR-00187,SUB-0040,MEM-0197,Code non comment,19,FAIBLE,0,Correction #2 sur version 5
COR-00188,SUB-0041,MEM-0178,Mthodologie floue,32,BLOQUANT,1,Correction #1 sur version 2
COR-00189,SUB-0041,MEM-0178,Citation manquante,37,FAIBLE,1,Correction #2 sur version 2
COR-00190,SUB-0041,MEM-0178,Rsultats non interprts,28,ELEVE,1,Correction #3 sur version 2
COR-00191,SUB-0041,MEM-0178,Citation manquante,6,MOYEN,1,Correction #4 sur version 2
COR-00192,SUB-0041,MEM-0178,Introduction incomplte,7,FAIBLE,1,Correction #5 sur version 2
COR-00193,SUB-0041,MEM-0178,Code non comment,35,MOYEN,0,Correction #6 sur version 2
COR-00194,SUB-0041,MEM-0178,Bibliographie incorrecte,12,MOYEN,0,Correction #7 sur version 2
COR-00195,SUB-0041,MEM-0178,Code non comment,23,MOYEN,0,Correction #8 sur version 2
COR-00196,SUB-0041,MEM-0178,Introduction incomplte,27,MOYEN,0,Correction #9 sur version 2
COR-00197,SUB-0041,MEM-0178,Graphique illisible,13,MOYEN,0,Correction #10 sur version 2
COR-00198,SUB-0043,MEM-0125,Faute d'orthographe,38,BLOQUANT,1,Correction #1 sur version 2
COR-00199,SUB-0043,MEM-0125,Rsultats non interprts,22,ELEVE,1,Correction #2 sur version 2
COR-00200,SUB-0043,MEM-0125,Problme de structure,28,ELEVE,1,Correction #3 sur version 2
COR-00201,SUB-0043,MEM-0125,Plagiat dtect,51,MOYEN,1,Correction #4 sur version 2
COR-00202,SUB-0043,MEM-0125,Graphique illisible,8,MOYEN,1,Correction #5 sur version 2
COR-00203,SUB-0043,MEM-0125,Conclusion absente,44,FAIBLE,0,Correction #6 sur version 2
COR-00204,SUB-0043,MEM-0125,Conclusion absente,44,FAIBLE,0,Correction #7 sur version 2
COR-00205,SUB-0043,MEM-0125,Bibliographie incorrecte,19,FAIBLE,0,Correction #8 sur version 2
COR-00206,SUB-0043,MEM-0125,Bibliographie incorrecte,43,ELEVE,0,Correction #9 sur version 2
COR-00207,SUB-0044,MEM-0101,Argument insuffisant,20,BLOQUANT,1,Correction #1 sur version 5
COR-00208,SUB-0044,MEM-0101,Graphique illisible,5,MOYEN,1,Correction #2 sur version 5
COR-00209,SUB-0044,MEM-0101,Faute d'orthographe,30,MOYEN,1,Correction #3 sur version 5
COR-00210,SUB-0044,MEM-0101,Citation manquante,19,FAIBLE,1,Correction #4 sur version 5
COR-00211,SUB-0044,MEM-0101,Problme de structure,4,ELEVE,1,Correction #5 sur version 5
COR-00212,SUB-0044,MEM-0101,Graphique illisible,1,MOYEN,1,Correction #6 sur version 5
COR-00213,SUB-0044,MEM-0101,Mthodologie floue,1,MOYEN,0,Correction #7 sur version 5
COR-00214,SUB-0044,MEM-0101,Graphique illisible,9,FAIBLE,0,Correction #8 sur version 5
COR-00215,SUB-0045,MEM-0084,Mthodologie floue,37,BLOQUANT,1,Correction #1 sur version 3
COR-00216,SUB-0045,MEM-0084,Code non comment,99,ELEVE,1,Correction #2 sur version 3
COR-00217,SUB-0045,MEM-0084,Argument insuffisant,12,ELEVE,1,Correction #3 sur version 3
COR-00218,SUB-0045,MEM-0084,Graphique illisible,19,ELEVE,1,Correction #4 sur version 3
COR-00219,SUB-0045,MEM-0084,Citation manquante,56,ELEVE,0,Correction #5 sur version 3
COR-00220,SUB-0045,MEM-0084,Problme de structure,38,ELEVE,0,Correction #6 sur version 3
COR-00221,SUB-0045,MEM-0084,Faute d'orthographe,61,FAIBLE,0,Correction #7 sur version 3
COR-00222,SUB-0048,MEM-0184,Citation manquante,87,MOYEN,1,Correction #1 sur version 2
COR-00223,SUB-0048,MEM-0184,Introduction incomplte,55,ELEVE,1,Correction #2 sur version 2
COR-00224,SUB-0048,MEM-0184,Problme de structure,34,MOYEN,1,Correction #3 sur version 2
COR-00225,SUB-0048,MEM-0184,Plagiat dtect,40,MOYEN,1,Correction #4 sur version 2
COR-00226,SUB-0048,MEM-0184,Plagiat dtect,56,FAIBLE,1,Correction #5 sur version 2
COR-00227,SUB-0048,MEM-0184,Mthodologie floue,75,ELEVE,1,Correction #6 sur version 2
COR-00228,SUB-0048,MEM-0184,Code non comment,99,FAIBLE,1,Correction #7 sur version 2
COR-00229,SUB-0048,MEM-0184,Graphique illisible,18,FAIBLE,0,Correction #8 sur version 2
COR-00230,SUB-0048,MEM-0184,Bibliographie incorrecte,26,MOYEN,0,Correction #9 sur version 2
COR-00231,SUB-0048,MEM-0184,Graphique illisible,11,MOYEN,0,Correction #10 sur version 2
COR-00232,SUB-0048,MEM-0184,Plagiat dtect,81,MOYEN,0,Correction #11 sur version 2
COR-00233,SUB-0048,MEM-0184,Bibliographie incorrecte,24,MOYEN,0,Correction #12 sur version 2
COR-00234,SUB-0048,MEM-0184,Introduction incomplte,13,MOYEN,0,Correction #13 sur version 2
COR-00235,SUB-0048,MEM-0184,Bibliographie incorrecte,57,FAIBLE,0,Correction #14 sur version 2
COR-00236,SUB-0048,MEM-0184,Mthodologie floue,65,ELEVE,0,Correction #15 sur version 2
COR-00237,SUB-0048,MEM-0184,Rsultats non interprts,46,ELEVE,0,Correction #16 sur version 2
COR-00238,SUB-0048,MEM-0184,Mthodologie floue,55,MOYEN,0,Correction #17 sur version 2
COR-00239,SUB-0049,MEM-0018,Conclusion absente,54,BLOQUANT,1,Correction #1 sur version 5
COR-00240,SUB-0050,MEM-0188,Introduction incomplte,60,BLOQUANT,1,Correction #1 sur version 5
COR-00241,SUB-0050,MEM-0188,Bibliographie incorrecte,4,FAIBLE,1,Correction #2 sur version 5
COR-00242,SUB-0050,MEM-0188,Problme de structure,97,MOYEN,1,Correction #3 sur version 5
COR-00243,SUB-0050,MEM-0188,Plagiat dtect,39,FAIBLE,0,Correction #4 sur version 5
COR-00244,SUB-0050,MEM-0188,Plagiat dtect,66,FAIBLE,0,Correction #5 sur version 5
COR-00245,SUB-0051,MEM-0072,Mthodologie floue,9,BLOQUANT,1,Correction #1 sur version 4
COR-00246,SUB-0051,MEM-0072,Bibliographie incorrecte,19,ELEVE,1,Correction #2 sur version 4
COR-00247,SUB-0051,MEM-0072,Introduction incomplte,9,FAIBLE,1,Correction #3 sur version 4
COR-00248,SUB-0051,MEM-0072,Code non comment,1,MOYEN,1,Correction #4 sur version 4
COR-00249,SUB-0051,MEM-0072,Bibliographie incorrecte,30,MOYEN,1,Correction #5 sur version 4
COR-00250,SUB-0051,MEM-0072,Problme de structure,4,FAIBLE,1,Correction #6 sur version 4
COR-00251,SUB-0051,MEM-0072,Code non comment,7,MOYEN,1,Correction #7 sur version 4
COR-00252,SUB-0051,MEM-0072,Plagiat dtect,7,MOYEN,1,Correction #8 sur version 4
COR-00253,SUB-0051,MEM-0072,Plagiat dtect,31,MOYEN,1,Correction #9 sur version 4
COR-00254,SUB-0051,MEM-0072,Mthodologie floue,4,ELEVE,1,Correction #10 sur version 4
COR-00255,SUB-0052,MEM-0067,Rsultats non interprts,75,FAIBLE,1,Correction #1 sur version 3
COR-00256,SUB-0052,MEM-0067,Bibliographie incorrecte,7,ELEVE,1,Correction #2 sur version 3
COR-00257,SUB-0058,MEM-0116,Citation manquante,34,ELEVE,1,Correction #1 sur version 4
COR-00258,SUB-0058,MEM-0116,Bibliographie incorrecte,48,FAIBLE,1,Correction #2 sur version 4
COR-00259,SUB-0058,MEM-0116,Argument insuffisant,15,MOYEN,0,Correction #3 sur version 4
COR-00260,SUB-0058,MEM-0116,Code non comment,55,ELEVE,0,Correction #4 sur version 4
COR-00261,SUB-0059,MEM-0020,Graphique illisible,81,FAIBLE,1,Correction #1 sur version 2
COR-00262,SUB-0059,MEM-0020,Rsultats non interprts,120,MOYEN,1,Correction #2 sur version 2
COR-00263,SUB-0059,MEM-0020,Conclusion absente,80,FAIBLE,1,Correction #3 sur version 2
COR-00264,SUB-0059,MEM-0020,Citation manquante,15,ELEVE,1,Correction #4 sur version 2
COR-00265,SUB-0059,MEM-0020,Faute d'orthographe,20,FAIBLE,1,Correction #5 sur version 2
COR-00266,SUB-0059,MEM-0020,Problme de structure,67,ELEVE,1,Correction #6 sur version 2
COR-00267,SUB-0059,MEM-0020,Citation manquante,27,FAIBLE,1,Correction #7 sur version 2
COR-00268,SUB-0059,MEM-0020,Conclusion absente,4,FAIBLE,1,Correction #8 sur version 2
COR-00269,SUB-0059,MEM-0020,Conclusion absente,51,ELEVE,1,Correction #9 sur version 2
COR-00270,SUB-0059,MEM-0020,Problme de structure,39,FAIBLE,1,Correction #10 sur version 2
COR-00271,SUB-0059,MEM-0020,Conclusion absente,24,MOYEN,1,Correction #11 sur version 2
COR-00272,SUB-0059,MEM-0020,Bibliographie incorrecte,34,FAIBLE,1,Correction #12 sur version 2
COR-00273,SUB-0059,MEM-0020,Code non comment,57,ELEVE,1,Correction #13 sur version 2
COR-00274,SUB-0059,MEM-0020,Plagiat dtect,16,ELEVE,1,Correction #14 sur version 2
COR-00275,SUB-0059,MEM-0020,Argument insuffisant,82,MOYEN,1,Correction #15 sur version 2
COR-00276,SUB-0059,MEM-0020,Argument insuffisant,19,FAIBLE,0,Correction #16 sur version 2
COR-00277,SUB-0062,MEM-0113,Code non comment,16,ELEVE,1,Correction #1 sur version 1
COR-00278,SUB-0062,MEM-0113,Bibliographie incorrecte,48,FAIBLE,1,Correction #2 sur version 1
COR-00279,SUB-0062,MEM-0113,Bibliographie incorrecte,13,ELEVE,1,Correction #3 sur version 1
COR-00280,SUB-0062,MEM-0113,Conclusion absente,19,MOYEN,1,Correction #4 sur version 1
COR-00281,SUB-0062,MEM-0113,Code non comment,7,MOYEN,1,Correction #5 sur version 1
COR-00282,SUB-0062,MEM-0113,Conclusion absente,24,ELEVE,1,Correction #6 sur version 1
COR-00283,SUB-0062,MEM-0113,Graphique illisible,26,ELEVE,1,Correction #7 sur version 1
COR-00284,SUB-0062,MEM-0113,Rsultats non interprts,52,MOYEN,1,Correction #8 sur version 1
COR-00285,SUB-0062,MEM-0113,Conclusion absente,27,FAIBLE,1,Correction #9 sur version 1
COR-00286,SUB-0062,MEM-0113,Argument insuffisant,2,MOYEN,0,Correction #10 sur version 1
COR-00287,SUB-0065,MEM-0117,Graphique illisible,59,BLOQUANT,1,Correction #1 sur version 1
COR-00288,SUB-0065,MEM-0117,Plagiat dtect,50,FAIBLE,1,Correction #2 sur version 1
COR-00289,SUB-0065,MEM-0117,Plagiat dtect,39,FAIBLE,1,Correction #3 sur version 1
COR-00290,SUB-0065,MEM-0117,Code non comment,80,FAIBLE,1,Correction #4 sur version 1
COR-00291,SUB-0065,MEM-0117,Faute d'orthographe,46,MOYEN,1,Correction #5 sur version 1
COR-00292,SUB-0065,MEM-0117,Conclusion absente,59,FAIBLE,1,Correction #6 sur version 1
COR-00293,SUB-0065,MEM-0117,Faute d'orthographe,21,MOYEN,1,Correction #7 sur version 1
COR-00294,SUB-0065,MEM-0117,Bibliographie incorrecte,65,MOYEN,1,Correction #8 sur version 1
COR-00295,SUB-0065,MEM-0117,Mthodologie floue,68,FAIBLE,0,Correction #9 sur version 1
COR-00296,SUB-0065,MEM-0117,Bibliographie incorrecte,9,MOYEN,0,Correction #10 sur version 1
COR-00297,SUB-0065,MEM-0117,Code non comment,20,FAIBLE,0,Correction #11 sur version 1
COR-00298,SUB-0065,MEM-0117,Code non comment,73,MOYEN,0,Correction #12 sur version 1
COR-00299,SUB-0067,MEM-0182,Mthodologie floue,59,BLOQUANT,1,Correction #1 sur version 2
COR-00300,SUB-0067,MEM-0182,Argument insuffisant,36,ELEVE,0,Correction #2 sur version 2
COR-00301,SUB-0067,MEM-0182,Graphique illisible,51,ELEVE,0,Correction #3 sur version 2
COR-00302,SUB-0067,MEM-0182,Code non comment,62,FAIBLE,0,Correction #4 sur version 2
COR-00303,SUB-0067,MEM-0182,Conclusion absente,78,MOYEN,0,Correction #5 sur version 2
COR-00304,SUB-0067,MEM-0182,Argument insuffisant,74,ELEVE,0,Correction #6 sur version 2
COR-00305,SUB-0067,MEM-0182,Bibliographie incorrecte,100,ELEVE,0,Correction #7 sur version 2
COR-00306,SUB-0067,MEM-0182,Bibliographie incorrecte,34,ELEVE,0,Correction #8 sur version 2
COR-00307,SUB-0067,MEM-0182,Rsultats non interprts,42,FAIBLE,0,Correction #9 sur version 2
COR-00308,SUB-0067,MEM-0182,Plagiat dtect,45,ELEVE,0,Correction #10 sur version 2
COR-00309,SUB-0069,MEM-0018,Plagiat dtect,52,ELEVE,1,Correction #1 sur version 3
COR-00310,SUB-0069,MEM-0018,Faute d'orthographe,4,FAIBLE,1,Correction #2 sur version 3
COR-00311,SUB-0069,MEM-0018,Argument insuffisant,30,ELEVE,1,Correction #3 sur version 3
COR-00312,SUB-0069,MEM-0018,Code non comment,14,FAIBLE,1,Correction #4 sur version 3
COR-00313,SUB-0070,MEM-0115,Conclusion absente,61,BLOQUANT,1,Correction #1 sur version 5
COR-00314,SUB-0070,MEM-0115,Citation manquante,31,MOYEN,1,Correction #2 sur version 5
COR-00315,SUB-0070,MEM-0115,Argument insuffisant,50,FAIBLE,1,Correction #3 sur version 5
COR-00316,SUB-0070,MEM-0115,Problme de structure,8,MOYEN,0,Correction #4 sur version 5
COR-00317,SUB-0070,MEM-0115,Graphique illisible,15,ELEVE,0,Correction #5 sur version 5
COR-00318,SUB-0072,MEM-0127,Faute d'orthographe,5,BLOQUANT,1,Correction #1 sur version 1
COR-00319,SUB-0072,MEM-0127,Mthodologie floue,39,MOYEN,0,Correction #2 sur version 1
COR-00320,SUB-0072,MEM-0127,Faute d'orthographe,12,ELEVE,0,Correction #3 sur version 1
COR-00321,SUB-0072,MEM-0127,Problme de structure,29,MOYEN,0,Correction #4 sur version 1
COR-00322,SUB-0072,MEM-0127,Argument insuffisant,41,MOYEN,0,Correction #5 sur version 1
COR-00323,SUB-0072,MEM-0127,Bibliographie incorrecte,13,ELEVE,0,Correction #6 sur version 1
COR-00324,SUB-0072,MEM-0127,Graphique illisible,32,FAIBLE,0,Correction #7 sur version 1
COR-00325,SUB-0072,MEM-0127,Code non comment,19,MOYEN,0,Correction #8 sur version 1
COR-00326,SUB-0072,MEM-0127,Citation manquante,11,FAIBLE,0,Correction #9 sur version 1
COR-00327,SUB-0072,MEM-0127,Bibliographie incorrecte,13,MOYEN,0,Correction #10 sur version 1
COR-00328,SUB-0075,MEM-0112,Plagiat dtect,2,FAIBLE,1,Correction #1 sur version 1
COR-00329,SUB-0075,MEM-0112,Code non comment,7,ELEVE,1,Correction #2 sur version 1
COR-00330,SUB-0075,MEM-0112,Faute d'orthographe,9,FAIBLE,1,Correction #3 sur version 1
COR-00331,SUB-0076,MEM-0096,Mthodologie floue,53,FAIBLE,1,Correction #1 sur version 4
COR-00332,SUB-0076,MEM-0096,Bibliographie incorrecte,10,ELEVE,1,Correction #2 sur version 4
COR-00333,SUB-0076,MEM-0096,Argument insuffisant,68,MOYEN,0,Correction #3 sur version 4
COR-00334,SUB-0076,MEM-0096,Citation manquante,27,MOYEN,0,Correction #4 sur version 4
COR-00335,SUB-0076,MEM-0096,Conclusion absente,65,ELEVE,0,Correction #5 sur version 4
COR-00336,SUB-0076,MEM-0096,Mthodologie floue,72,MOYEN,0,Correction #6 sur version 4
COR-00337,SUB-0076,MEM-0096,Problme de structure,57,FAIBLE,0,Correction #7 sur version 4
COR-00338,SUB-0076,MEM-0096,Code non comment,49,MOYEN,0,Correction #8 sur version 4
COR-00339,SUB-0076,MEM-0096,Plagiat dtect,11,FAIBLE,0,Correction #9 sur version 4
COR-00340,SUB-0077,MEM-0164,Argument insuffisant,101,BLOQUANT,1,Correction #1 sur version 3
COR-00341,SUB-0077,MEM-0164,Graphique illisible,13,ELEVE,1,Correction #2 sur version 3
COR-00342,SUB-0077,MEM-0164,Conclusion absente,30,FAIBLE,1,Correction #3 sur version 3
COR-00343,SUB-0077,MEM-0164,Plagiat dtect,70,FAIBLE,1,Correction #4 sur version 3
COR-00344,SUB-0077,MEM-0164,Faute d'orthographe,29,MOYEN,0,Correction #5 sur version 3
COR-00345,SUB-0077,MEM-0164,Graphique illisible,50,MOYEN,0,Correction #6 sur version 3
COR-00346,SUB-0077,MEM-0164,Mthodologie floue,9,ELEVE,0,Correction #7 sur version 3
COR-00347,SUB-0077,MEM-0164,Graphique illisible,10,FAIBLE,0,Correction #8 sur version 3
COR-00348,SUB-0078,MEM-0117,Bibliographie incorrecte,74,BLOQUANT,1,Correction #1 sur version 3
COR-00349,SUB-0078,MEM-0117,Bibliographie incorrecte,65,FAIBLE,0,Correction #2 sur version 3
COR-00350,SUB-0078,MEM-0117,Introduction incomplte,8,MOYEN,0,Correction #3 sur version 3
COR-00351,SUB-0078,MEM-0117,Rsultats non interprts,15,ELEVE,0,Correction #4 sur version 3
COR-00352,SUB-0078,MEM-0117,Conclusion absente,34,ELEVE,0,Correction #5 sur version 3
COR-00353,SUB-0078,MEM-0117,Faute d'orthographe,5,ELEVE,0,Correction #6 sur version 3
COR-00354,SUB-0078,MEM-0117,Introduction incomplte,34,MOYEN,0,Correction #7 sur version 3
COR-00355,SUB-0078,MEM-0117,Mthodologie floue,8,FAIBLE,0,Correction #8 sur version 3
COR-00356,SUB-0078,MEM-0117,Citation manquante,71,FAIBLE,0,Correction #9 sur version 3
COR-00357,SUB-0081,MEM-0070,Mthodologie floue,4,ELEVE,1,Correction #1 sur version 2
COR-00358,SUB-0081,MEM-0070,Conclusion absente,5,FAIBLE,1,Correction #2 sur version 2
COR-00359,SUB-0081,MEM-0070,Plagiat dtect,3,ELEVE,1,Correction #3 sur version 2
COR-00360,SUB-0081,MEM-0070,Problme de structure,27,MOYEN,1,Correction #4 sur version 2
COR-00361,SUB-0081,MEM-0070,Rsultats non interprts,6,ELEVE,1,Correction #5 sur version 2
COR-00362,SUB-0081,MEM-0070,Conclusion absente,9,ELEVE,1,Correction #6 sur version 2
COR-00363,SUB-0081,MEM-0070,Rsultats non interprts,3,MOYEN,1,Correction #7 sur version 2
COR-00364,SUB-0081,MEM-0070,Faute d'orthographe,32,FAIBLE,1,Correction #8 sur version 2
COR-00365,SUB-0081,MEM-0070,Citation manquante,23,ELEVE,1,Correction #9 sur version 2
COR-00366,SUB-0081,MEM-0070,Conclusion absente,20,MOYEN,1,Correction #10 sur version 2
COR-00367,SUB-0081,MEM-0070,Faute d'orthographe,4,FAIBLE,1,Correction #11 sur version 2
COR-00368,SUB-0081,MEM-0070,Citation manquante,35,FAIBLE,1,Correction #12 sur version 2
COR-00369,SUB-0082,MEM-0143,Plagiat dtect,111,BLOQUANT,1,Correction #1 sur version 3
COR-00370,SUB-0082,MEM-0143,Code non comment,88,MOYEN,1,Correction #2 sur version 3
COR-00371,SUB-0083,MEM-0096,Faute d'orthographe,71,ELEVE,1,Correction #1 sur version 1
COR-00372,SUB-0083,MEM-0096,Faute d'orthographe,50,MOYEN,1,Correction #2 sur version 1
COR-00373,SUB-0083,MEM-0096,Rsultats non interprts,17,MOYEN,1,Correction #3 sur version 1
COR-00374,SUB-0083,MEM-0096,Rsultats non interprts,55,MOYEN,1,Correction #4 sur version 1
COR-00375,SUB-0083,MEM-0096,Argument insuffisant,15,ELEVE,1,Correction #5 sur version 1
COR-00376,SUB-0083,MEM-0096,Problme de structure,79,MOYEN,1,Correction #6 sur version 1
COR-00377,SUB-0083,MEM-0096,Mthodologie floue,25,MOYEN,1,Correction #7 sur version 1
COR-00378,SUB-0083,MEM-0096,Introduction incomplte,8,MOYEN,1,Correction #8 sur version 1
COR-00379,SUB-0083,MEM-0096,Citation manquante,12,FAIBLE,1,Correction #9 sur version 1
COR-00380,SUB-0083,MEM-0096,Faute d'orthographe,30,ELEVE,1,Correction #10 sur version 1
COR-00381,SUB-0083,MEM-0096,Rsultats non interprts,97,MOYEN,1,Correction #11 sur version 1
COR-00382,SUB-0083,MEM-0096,Plagiat dtect,6,ELEVE,1,Correction #12 sur version 1
COR-00383,SUB-0083,MEM-0096,Rsultats non interprts,32,FAIBLE,1,Correction #13 sur version 1
COR-00384,SUB-0083,MEM-0096,Problme de structure,8,FAIBLE,1,Correction #14 sur version 1
COR-00385,SUB-0083,MEM-0096,Conclusion absente,24,FAIBLE,1,Correction #15 sur version 1
COR-00386,SUB-0083,MEM-0096,Faute d'orthographe,41,MOYEN,1,Correction #16 sur version 1
COR-00387,SUB-0083,MEM-0096,Plagiat dtect,84,MOYEN,1,Correction #17 sur version 1
COR-00388,SUB-0083,MEM-0096,Graphique illisible,17,FAIBLE,0,Correction #18 sur version 1
COR-00389,SUB-0083,MEM-0096,Introduction incomplte,62,ELEVE,0,Correction #19 sur version 1
COR-00390,SUB-0084,MEM-0030,Problme de structure,85,ELEVE,1,Correction #1 sur version 2
COR-00391,SUB-0084,MEM-0030,Problme de structure,33,FAIBLE,0,Correction #2 sur version 2
COR-00392,SUB-0084,MEM-0030,Citation manquante,64,ELEVE,0,Correction #3 sur version 2
COR-00393,SUB-0084,MEM-0030,Rsultats non interprts,46,ELEVE,0,Correction #4 sur version 2
COR-00394,SUB-0084,MEM-0030,Conclusion absente,39,FAIBLE,0,Correction #5 sur version 2
COR-00395,SUB-0084,MEM-0030,Bibliographie incorrecte,38,MOYEN,0,Correction #6 sur version 2
COR-00396,SUB-0084,MEM-0030,Citation manquante,68,ELEVE,0,Correction #7 sur version 2
COR-00397,SUB-0084,MEM-0030,Mthodologie floue,70,MOYEN,0,Correction #8 sur version 2
COR-00398,SUB-0084,MEM-0030,Problme de structure,7,ELEVE,0,Correction #9 sur version 2
COR-00399,SUB-0084,MEM-0030,Introduction incomplte,80,MOYEN,0,Correction #10 sur version 2
COR-00400,SUB-0084,MEM-0030,Graphique illisible,11,MOYEN,0,Correction #11 sur version 2
COR-00401,SUB-0084,MEM-0030,Argument insuffisant,67,FAIBLE,0,Correction #12 sur version 2
COR-00402,SUB-0085,MEM-0151,Citation manquante,40,BLOQUANT,0,Correction #1 sur version 6
COR-00403,SUB-0085,MEM-0151,Bibliographie incorrecte,27,ELEVE,0,Correction #2 sur version 6
COR-00404,SUB-0085,MEM-0151,Mthodologie floue,19,FAIBLE,0,Correction #3 sur version 6
COR-00405,SUB-0085,MEM-0151,Citation manquante,57,FAIBLE,0,Correction #4 sur version 6
COR-00406,SUB-0085,MEM-0151,Conclusion absente,15,ELEVE,0,Correction #5 sur version 6
COR-00407,SUB-0086,MEM-0056,Conclusion absente,5,FAIBLE,0,Correction #1 sur version 4
COR-00408,SUB-0086,MEM-0056,Graphique illisible,50,MOYEN,0,Correction #2 sur version 4
COR-00409,SUB-0089,MEM-0005,Graphique illisible,11,BLOQUANT,1,Correction #1 sur version 2
COR-00410,SUB-0089,MEM-0005,Graphique illisible,50,FAIBLE,1,Correction #2 sur version 2
COR-00411,SUB-0089,MEM-0005,Faute d'orthographe,49,MOYEN,1,Correction #3 sur version 2
COR-00412,SUB-0089,MEM-0005,Conclusion absente,6,MOYEN,1,Correction #4 sur version 2
COR-00413,SUB-0089,MEM-0005,Citation manquante,49,FAIBLE,1,Correction #5 sur version 2
COR-00414,SUB-0089,MEM-0005,Code non comment,56,FAIBLE,1,Correction #6 sur version 2
COR-00415,SUB-0089,MEM-0005,Faute d'orthographe,40,ELEVE,1,Correction #7 sur version 2
COR-00416,SUB-0089,MEM-0005,Bibliographie incorrecte,45,FAIBLE,1,Correction #8 sur version 2
COR-00417,SUB-0089,MEM-0005,Plagiat dtect,44,FAIBLE,0,Correction #9 sur version 2
COR-00418,SUB-0089,MEM-0005,Plagiat dtect,28,MOYEN,0,Correction #10 sur version 2
COR-00419,SUB-0090,MEM-0012,Faute d'orthographe,22,BLOQUANT,1,Correction #1 sur version 6
COR-00420,SUB-0092,MEM-0153,Rsultats non interprts,54,BLOQUANT,0,Correction #1 sur version 5
COR-00421,SUB-0095,MEM-0074,Plagiat dtect,28,BLOQUANT,1,Correction #1 sur version 5
COR-00422,SUB-0095,MEM-0074,Rsultats non interprts,4,MOYEN,0,Correction #2 sur version 5
COR-00423,SUB-0095,MEM-0074,Bibliographie incorrecte,25,FAIBLE,0,Correction #3 sur version 5
COR-00424,SUB-0095,MEM-0074,Code non comment,19,ELEVE,0,Correction #4 sur version 5
COR-00425,SUB-0096,MEM-0196,Conclusion absente,55,ELEVE,1,Correction #1 sur version 3
COR-00426,SUB-0096,MEM-0196,Rsultats non interprts,34,ELEVE,1,Correction #2 sur version 3
COR-00427,SUB-0096,MEM-0196,Introduction incomplte,60,FAIBLE,1,Correction #3 sur version 3
COR-00428,SUB-0096,MEM-0196,Citation manquante,17,ELEVE,1,Correction #4 sur version 3
COR-00429,SUB-0096,MEM-0196,Graphique illisible,36,FAIBLE,1,Correction #5 sur version 3
COR-00430,SUB-0096,MEM-0196,Citation manquante,38,FAIBLE,1,Correction #6 sur version 3
COR-00431,SUB-0096,MEM-0196,Plagiat dtect,51,MOYEN,1,Correction #7 sur version 3
COR-00432,SUB-0096,MEM-0196,Plagiat dtect,36,FAIBLE,1,Correction #8 sur version 3
COR-00433,SUB-0096,MEM-0196,Graphique illisible,33,MOYEN,1,Correction #9 sur version 3
COR-00434,SUB-0096,MEM-0196,Plagiat dtect,2,ELEVE,0,Correction #10 sur version 3
COR-00435,SUB-0096,MEM-0196,Graphique illisible,42,FAIBLE,0,Correction #11 sur version 3
COR-00436,SUB-0097,MEM-0047,Graphique illisible,23,BLOQUANT,0,Correction #1 sur version 2
COR-00437,SUB-0100,MEM-0196,Conclusion absente,60,BLOQUANT,1,Correction #1 sur version 3
COR-00438,SUB-0100,MEM-0196,Conclusion absente,2,FAIBLE,1,Correction #2 sur version 3
COR-00439,SUB-0100,MEM-0196,Faute d'orthographe,46,MOYEN,1,Correction #3 sur version 3
COR-00440,SUB-0100,MEM-0196,Code non comment,109,MOYEN,1,Correction #4 sur version 3
COR-00441,SUB-0100,MEM-0196,Citation manquante,53,ELEVE,1,Correction #5 sur version 3
COR-00442,SUB-0100,MEM-0196,Plagiat dtect,11,FAIBLE,1,Correction #6 sur version 3
COR-00443,SUB-0100,MEM-0196,Plagiat dtect,71,MOYEN,0,Correction #7 sur version 3
COR-00444,SUB-0100,MEM-0196,Problme de structure,57,MOYEN,0,Correction #8 sur version 3
COR-00445,SUB-0100,MEM-0196,Graphique illisible,99,FAIBLE,0,Correction #9 sur version 3
COR-00446,SUB-0102,MEM-0104,Graphique illisible,17,BLOQUANT,1,Correction #1 sur version 1
COR-00447,SUB-0102,MEM-0104,Argument insuffisant,15,MOYEN,1,Correction #2 sur version 1
COR-00448,SUB-0102,MEM-0104,Argument insuffisant,10,ELEVE,1,Correction #3 sur version 1
COR-00449,SUB-0102,MEM-0104,Code non comment,4,ELEVE,1,Correction #4 sur version 1
COR-00450,SUB-0102,MEM-0104,Problme de structure,42,FAIBLE,1,Correction #5 sur version 1
COR-00451,SUB-0102,MEM-0104,Argument insuffisant,33,FAIBLE,1,Correction #6 sur version 1
COR-00452,SUB-0102,MEM-0104,Plagiat dtect,21,MOYEN,1,Correction #7 sur version 1
COR-00453,SUB-0102,MEM-0104,Bibliographie incorrecte,15,FAIBLE,1,Correction #8 sur version 1
COR-00454,SUB-0102,MEM-0104,Rsultats non interprts,17,FAIBLE,1,Correction #9 sur version 1
COR-00455,SUB-0102,MEM-0104,Faute d'orthographe,23,MOYEN,1,Correction #10 sur version 1
COR-00456,SUB-0102,MEM-0104,Rsultats non interprts,3,ELEVE,1,Correction #11 sur version 1
COR-00457,SUB-0102,MEM-0104,Citation manquante,23,ELEVE,1,Correction #12 sur version 1
COR-00458,SUB-0102,MEM-0104,Problme de structure,33,FAIBLE,1,Correction #13 sur version 1
COR-00459,SUB-0102,MEM-0104,Problme de structure,33,MOYEN,1,Correction #14 sur version 1
COR-00460,SUB-0102,MEM-0104,Citation manquante,14,FAIBLE,0,Correction #15 sur version 1
COR-00461,SUB-0102,MEM-0104,Plagiat dtect,24,MOYEN,0,Correction #16 sur version 1
COR-00462,SUB-0102,MEM-0104,Introduction incomplte,5,ELEVE,0,Correction #17 sur version 1
COR-00463,SUB-0102,MEM-0104,Introduction incomplte,19,ELEVE,0,Correction #18 sur version 1
COR-00464,SUB-0102,MEM-0104,Faute d'orthographe,21,FAIBLE,0,Correction #19 sur version 1
COR-00465,SUB-0103,MEM-0135,Mthodologie floue,43,ELEVE,1,Correction #1 sur version 1
COR-00466,SUB-0103,MEM-0135,Code non comment,48,MOYEN,1,Correction #2 sur version 1
COR-00467,SUB-0103,MEM-0135,Graphique illisible,80,MOYEN,1,Correction #3 sur version 1
COR-00468,SUB-0103,MEM-0135,Argument insuffisant,48,FAIBLE,0,Correction #4 sur version 1
COR-00469,SUB-0103,MEM-0135,Graphique illisible,20,FAIBLE,0,Correction #5 sur version 1
COR-00470,SUB-0103,MEM-0135,Faute d'orthographe,14,ELEVE,0,Correction #6 sur version 1
COR-00471,SUB-0103,MEM-0135,Citation manquante,41,ELEVE,0,Correction #7 sur version 1
COR-00472,SUB-0103,MEM-0135,Rsultats non interprts,95,ELEVE,0,Correction #8 sur version 1
COR-00473,SUB-0103,MEM-0135,Plagiat dtect,92,ELEVE,0,Correction #9 sur version 1
COR-00474,SUB-0103,MEM-0135,Citation manquante,49,MOYEN,0,Correction #10 sur version 1
COR-00475,SUB-0105,MEM-0198,Faute d'orthographe,10,ELEVE,1,Correction #1 sur version 6
COR-00476,SUB-0105,MEM-0198,Code non comment,6,MOYEN,1,Correction #2 sur version 6
COR-00477,SUB-0105,MEM-0198,Citation manquante,37,FAIBLE,1,Correction #3 sur version 6
COR-00478,SUB-0107,MEM-0190,Bibliographie incorrecte,74,BLOQUANT,1,Correction #1 sur version 1
COR-00479,SUB-0107,MEM-0190,Bibliographie incorrecte,94,ELEVE,1,Correction #2 sur version 1
COR-00480,SUB-0107,MEM-0190,Bibliographie incorrecte,94,MOYEN,1,Correction #3 sur version 1
COR-00481,SUB-0107,MEM-0190,Bibliographie incorrecte,7,FAIBLE,1,Correction #4 sur version 1
COR-00482,SUB-0107,MEM-0190,Conclusion absente,85,ELEVE,1,Correction #5 sur version 1
COR-00483,SUB-0107,MEM-0190,Bibliographie incorrecte,57,ELEVE,1,Correction #6 sur version 1
COR-00484,SUB-0107,MEM-0190,Graphique illisible,25,MOYEN,0,Correction #7 sur version 1
COR-00485,SUB-0107,MEM-0190,Graphique illisible,32,ELEVE,0,Correction #8 sur version 1
COR-00486,SUB-0107,MEM-0190,Citation manquante,47,MOYEN,0,Correction #9 sur version 1
COR-00487,SUB-0107,MEM-0190,Conclusion absente,41,FAIBLE,0,Correction #10 sur version 1
COR-00488,SUB-0107,MEM-0190,Problme de structure,89,ELEVE,0,Correction #11 sur version 1
COR-00489,SUB-0107,MEM-0190,Conclusion absente,94,FAIBLE,0,Correction #12 sur version 1
COR-00490,SUB-0107,MEM-0190,Mthodologie floue,11,MOYEN,0,Correction #13 sur version 1
COR-00491,SUB-0107,MEM-0190,Bibliographie incorrecte,65,MOYEN,0,Correction #14 sur version 1
COR-00492,SUB-0107,MEM-0190,Mthodologie floue,84,FAIBLE,0,Correction #15 sur version 1
COR-00493,SUB-0107,MEM-0190,Plagiat dtect,30,MOYEN,0,Correction #16 sur version 1
COR-00494,SUB-0107,MEM-0190,Introduction incomplte,30,MOYEN,0,Correction #17 sur version 1
COR-00495,SUB-0107,MEM-0190,Argument insuffisant,69,ELEVE,0,Correction #18 sur version 1
COR-00496,SUB-0107,MEM-0190,Introduction incomplte,87,FAIBLE,0,Correction #19 sur version 1
COR-00497,SUB-0107,MEM-0190,Code non comment,18,ELEVE,0,Correction #20 sur version 1
COR-00498,SUB-0108,MEM-0116,Graphique illisible,102,ELEVE,1,Correction #1 sur version 1
COR-00499,SUB-0108,MEM-0116,Mthodologie floue,41,MOYEN,1,Correction #2 sur version 1
COR-00500,SUB-0109,MEM-0157,Problme de structure,53,FAIBLE,1,Correction #1 sur version 2
COR-00501,SUB-0109,MEM-0157,Bibliographie incorrecte,19,MOYEN,1,Correction #2 sur version 2
COR-00502,SUB-0109,MEM-0157,Conclusion absente,26,ELEVE,1,Correction #3 sur version 2
COR-00503,SUB-0109,MEM-0157,Conclusion absente,2,FAIBLE,1,Correction #4 sur version 2
COR-00504,SUB-0109,MEM-0157,Problme de structure,54,FAIBLE,1,Correction #5 sur version 2
COR-00505,SUB-0109,MEM-0157,Bibliographie incorrecte,61,MOYEN,1,Correction #6 sur version 2
COR-00506,SUB-0109,MEM-0157,Problme de structure,17,ELEVE,0,Correction #7 sur version 2
COR-00507,SUB-0109,MEM-0157,Introduction incomplte,4,FAIBLE,0,Correction #8 sur version 2
COR-00508,SUB-0109,MEM-0157,Argument insuffisant,10,ELEVE,0,Correction #9 sur version 2
COR-00509,SUB-0110,MEM-0169,Bibliographie incorrecte,111,FAIBLE,1,Correction #1 sur version 5
COR-00510,SUB-0110,MEM-0169,Introduction incomplte,116,ELEVE,1,Correction #2 sur version 5
COR-00511,SUB-0110,MEM-0169,Mthodologie floue,17,MOYEN,1,Correction #3 sur version 5
COR-00512,SUB-0110,MEM-0169,Rsultats non interprts,72,MOYEN,1,Correction #4 sur version 5
COR-00513,SUB-0110,MEM-0169,Rsultats non interprts,38,FAIBLE,1,Correction #5 sur version 5
COR-00514,SUB-0110,MEM-0169,Mthodologie floue,115,FAIBLE,0,Correction #6 sur version 5
COR-00515,SUB-0111,MEM-0097,Mthodologie floue,76,BLOQUANT,0,Correction #1 sur version 6
COR-00516,SUB-0115,MEM-0119,Plagiat dtect,14,ELEVE,1,Correction #1 sur version 3
COR-00517,SUB-0115,MEM-0119,Faute d'orthographe,10,ELEVE,1,Correction #2 sur version 3
COR-00518,SUB-0115,MEM-0119,Mthodologie floue,58,ELEVE,0,Correction #3 sur version 3
COR-00519,SUB-0115,MEM-0119,Code non comment,58,MOYEN,0,Correction #4 sur version 3
COR-00520,SUB-0115,MEM-0119,Introduction incomplte,38,ELEVE,0,Correction #5 sur version 3
COR-00521,SUB-0115,MEM-0119,Rsultats non interprts,18,MOYEN,0,Correction #6 sur version 3
COR-00522,SUB-0115,MEM-0119,Argument insuffisant,93,ELEVE,0,Correction #7 sur version 3
COR-00523,SUB-0116,MEM-0133,Plagiat dtect,33,BLOQUANT,1,Correction #1 sur version 1
COR-00524,SUB-0116,MEM-0133,Argument insuffisant,1,FAIBLE,1,Correction #2 sur version 1
COR-00525,SUB-0116,MEM-0133,Plagiat dtect,24,ELEVE,1,Correction #3 sur version 1
COR-00526,SUB-0116,MEM-0133,Code non comment,30,ELEVE,1,Correction #4 sur version 1
COR-00527,SUB-0116,MEM-0133,Mthodologie floue,29,MOYEN,1,Correction #5 sur version 1
COR-00528,SUB-0116,MEM-0133,Bibliographie incorrecte,38,FAIBLE,1,Correction #6 sur version 1
COR-00529,SUB-0116,MEM-0133,Problme de structure,15,MOYEN,1,Correction #7 sur version 1
COR-00530,SUB-0116,MEM-0133,Conclusion absente,22,MOYEN,0,Correction #8 sur version 1
COR-00531,SUB-0117,MEM-0116,Faute d'orthographe,73,BLOQUANT,1,Correction #1 sur version 3
COR-00532,SUB-0117,MEM-0116,Bibliographie incorrecte,75,ELEVE,1,Correction #2 sur version 3
COR-00533,SUB-0117,MEM-0116,Introduction incomplte,37,ELEVE,1,Correction #3 sur version 3
COR-00534,SUB-0117,MEM-0116,Introduction incomplte,41,MOYEN,1,Correction #4 sur version 3
COR-00535,SUB-0117,MEM-0116,Argument insuffisant,6,FAIBLE,0,Correction #5 sur version 3
COR-00536,SUB-0117,MEM-0116,Rsultats non interprts,27,ELEVE,0,Correction #6 sur version 3
COR-00537,SUB-0119,MEM-0021,Introduction incomplte,34,BLOQUANT,1,Correction #1 sur version 1
COR-00538,SUB-0119,MEM-0021,Plagiat dtect,40,MOYEN,1,Correction #2 sur version 1
COR-00539,SUB-0119,MEM-0021,Problme de structure,23,MOYEN,1,Correction #3 sur version 1
COR-00540,SUB-0119,MEM-0021,Argument insuffisant,8,MOYEN,1,Correction #4 sur version 1
COR-00541,SUB-0119,MEM-0021,Graphique illisible,32,MOYEN,1,Correction #5 sur version 1
COR-00542,SUB-0119,MEM-0021,Citation manquante,11,MOYEN,1,Correction #6 sur version 1
COR-00543,SUB-0119,MEM-0021,Graphique illisible,39,MOYEN,1,Correction #7 sur version 1
COR-00544,SUB-0119,MEM-0021,Citation manquante,43,FAIBLE,1,Correction #8 sur version 1
COR-00545,SUB-0119,MEM-0021,Argument insuffisant,7,MOYEN,1,Correction #9 sur version 1
COR-00546,SUB-0119,MEM-0021,Bibliographie incorrecte,33,FAIBLE,1,Correction #10 sur version 1
COR-00547,SUB-0119,MEM-0021,Faute d'orthographe,39,FAIBLE,1,Correction #11 sur version 1
COR-00548,SUB-0119,MEM-0021,Bibliographie incorrecte,35,FAIBLE,1,Correction #12 sur version 1
COR-00549,SUB-0119,MEM-0021,Faute d'orthographe,32,FAIBLE,1,Correction #13 sur version 1
COR-00550,SUB-0119,MEM-0021,Mthodologie floue,14,FAIBLE,1,Correction #14 sur version 1
COR-00551,SUB-0119,MEM-0021,Plagiat dtect,28,MOYEN,1,Correction #15 sur version 1
COR-00552,SUB-0119,MEM-0021,Conclusion absente,34,ELEVE,1,Correction #16 sur version 1
COR-00553,SUB-0119,MEM-0021,Conclusion absente,19,FAIBLE,0,Correction #17 sur version 1
COR-00554,SUB-0120,MEM-0013,Problme de structure,92,BLOQUANT,1,Correction #1 sur version 2
COR-00555,SUB-0120,MEM-0013,Problme de structure,57,ELEVE,0,Correction #2 sur version 2
COR-00556,SUB-0120,MEM-0013,Conclusion absente,34,MOYEN,0,Correction #3 sur version 2
COR-00557,SUB-0120,MEM-0013,Argument insuffisant,36,FAIBLE,0,Correction #4 sur version 2
COR-00558,SUB-0120,MEM-0013,Code non comment,15,ELEVE,0,Correction #5 sur version 2
COR-00559,SUB-0120,MEM-0013,Problme de structure,96,MOYEN,0,Correction #6 sur version 2
COR-00560,SUB-0120,MEM-0013,Rsultats non interprts,10,FAIBLE,0,Correction #7 sur version 2
COR-00561,SUB-0120,MEM-0013,Argument insuffisant,65,MOYEN,0,Correction #8 sur version 2
COR-00562,SUB-0120,MEM-0013,Graphique illisible,59,MOYEN,0,Correction #9 sur version 2
COR-00563,SUB-0120,MEM-0013,Rsultats non interprts,66,ELEVE,0,Correction #10 sur version 2
COR-00564,SUB-0120,MEM-0013,Problme de structure,91,ELEVE,0,Correction #11 sur version 2
COR-00565,SUB-0121,MEM-0184,Rsultats non interprts,41,BLOQUANT,1,Correction #1 sur version 2
COR-00566,SUB-0121,MEM-0184,Introduction incomplte,13,FAIBLE,1,Correction #2 sur version 2
COR-00567,SUB-0121,MEM-0184,Bibliographie incorrecte,41,ELEVE,1,Correction #3 sur version 2
COR-00568,SUB-0121,MEM-0184,Bibliographie incorrecte,85,FAIBLE,0,Correction #4 sur version 2
COR-00569,SUB-0121,MEM-0184,Faute d'orthographe,82,ELEVE,0,Correction #5 sur version 2
COR-00570,SUB-0121,MEM-0184,Faute d'orthographe,32,ELEVE,0,Correction #6 sur version 2
COR-00571,SUB-0121,MEM-0184,Plagiat dtect,49,FAIBLE,0,Correction #7 sur version 2
COR-00572,SUB-0121,MEM-0184,Code non comment,26,FAIBLE,0,Correction #8 sur version 2
COR-00573,SUB-0122,MEM-0018,Graphique illisible,61,BLOQUANT,1,Correction #1 sur version 5
COR-00574,SUB-0122,MEM-0018,Conclusion absente,24,FAIBLE,1,Correction #2 sur version 5
COR-00575,SUB-0122,MEM-0018,Conclusion absente,37,ELEVE,1,Correction #3 sur version 5
COR-00576,SUB-0122,MEM-0018,Citation manquante,82,FAIBLE,1,Correction #4 sur version 5
COR-00577,SUB-0123,MEM-0005,Bibliographie incorrecte,93,FAIBLE,1,Correction #1 sur version 3
COR-00578,SUB-0123,MEM-0005,Citation manquante,1,ELEVE,0,Correction #2 sur version 3
COR-00579,SUB-0123,MEM-0005,Problme de structure,63,MOYEN,0,Correction #3 sur version 3
COR-00580,SUB-0123,MEM-0005,Plagiat dtect,27,ELEVE,0,Correction #4 sur version 3
COR-00581,SUB-0123,MEM-0005,Argument insuffisant,5,ELEVE,0,Correction #5 sur version 3
COR-00582,SUB-0123,MEM-0005,Rsultats non interprts,34,MOYEN,0,Correction #6 sur version 3
COR-00583,SUB-0123,MEM-0005,Introduction incomplte,81,ELEVE,0,Correction #7 sur version 3
COR-00584,SUB-0123,MEM-0005,Citation manquante,82,ELEVE,0,Correction #8 sur version 3
COR-00585,SUB-0123,MEM-0005,Conclusion absente,68,MOYEN,0,Correction #9 sur version 3
COR-00586,SUB-0123,MEM-0005,Argument insuffisant,39,ELEVE,0,Correction #10 sur version 3
COR-00587,SUB-0123,MEM-0005,Graphique illisible,86,FAIBLE,0,Correction #11 sur version 3
COR-00588,SUB-0123,MEM-0005,Conclusion absente,81,MOYEN,0,Correction #12 sur version 3
COR-00589,SUB-0123,MEM-0005,Plagiat dtect,46,MOYEN,0,Correction #13 sur version 3
COR-00590,SUB-0123,MEM-0005,Conclusion absente,38,ELEVE,0,Correction #14 sur version 3
COR-00591,SUB-0126,MEM-0099,Problme de structure,29,BLOQUANT,1,Correction #1 sur version 3
COR-00592,SUB-0126,MEM-0099,Graphique illisible,54,FAIBLE,1,Correction #2 sur version 3
COR-00593,SUB-0126,MEM-0099,Mthodologie floue,32,MOYEN,1,Correction #3 sur version 3
COR-00594,SUB-0126,MEM-0099,Introduction incomplte,15,ELEVE,1,Correction #4 sur version 3
COR-00595,SUB-0126,MEM-0099,Conclusion absente,41,FAIBLE,1,Correction #5 sur version 3
COR-00596,SUB-0126,MEM-0099,Problme de structure,45,ELEVE,0,Correction #6 sur version 3
COR-00597,SUB-0126,MEM-0099,Introduction incomplte,17,ELEVE,0,Correction #7 sur version 3
COR-00598,SUB-0126,MEM-0099,Conclusion absente,77,MOYEN,0,Correction #8 sur version 3
COR-00599,SUB-0126,MEM-0099,Code non comment,31,MOYEN,0,Correction #9 sur version 3
COR-00600,SUB-0127,MEM-0083,Faute d'orthographe,19,BLOQUANT,1,Correction #1 sur version 1
COR-00601,SUB-0127,MEM-0083,Bibliographie incorrecte,14,MOYEN,1,Correction #2 sur version 1
COR-00602,SUB-0127,MEM-0083,Faute d'orthographe,36,MOYEN,1,Correction #3 sur version 1
COR-00603,SUB-0127,MEM-0083,Graphique illisible,44,MOYEN,1,Correction #4 sur version 1
COR-00604,SUB-0127,MEM-0083,Introduction incomplte,26,MOYEN,1,Correction #5 sur version 1
COR-00605,SUB-0127,MEM-0083,Introduction incomplte,26,MOYEN,1,Correction #6 sur version 1
COR-00606,SUB-0127,MEM-0083,Faute d'orthographe,18,MOYEN,1,Correction #7 sur version 1
COR-00607,SUB-0127,MEM-0083,Rsultats non interprts,15,MOYEN,0,Correction #8 sur version 1
COR-00608,SUB-0127,MEM-0083,Code non comment,3,MOYEN,0,Correction #9 sur version 1
COR-00609,SUB-0128,MEM-0115,Conclusion absente,53,MOYEN,1,Correction #1 sur version 1
COR-00610,SUB-0128,MEM-0115,Plagiat dtect,113,FAIBLE,1,Correction #2 sur version 1
COR-00611,SUB-0128,MEM-0115,Bibliographie incorrecte,27,FAIBLE,1,Correction #3 sur version 1
COR-00612,SUB-0128,MEM-0115,Problme de structure,79,ELEVE,1,Correction #4 sur version 1
COR-00613,SUB-0128,MEM-0115,Mthodologie floue,17,ELEVE,1,Correction #5 sur version 1
COR-00614,SUB-0128,MEM-0115,Bibliographie incorrecte,3,ELEVE,1,Correction #6 sur version 1
COR-00615,SUB-0128,MEM-0115,Faute d'orthographe,103,ELEVE,1,Correction #7 sur version 1
COR-00616,SUB-0128,MEM-0115,Problme de structure,100,MOYEN,1,Correction #8 sur version 1
COR-00617,SUB-0128,MEM-0115,Mthodologie floue,46,ELEVE,1,Correction #9 sur version 1
COR-00618,SUB-0128,MEM-0115,Problme de structure,84,ELEVE,1,Correction #10 sur version 1
COR-00619,SUB-0128,MEM-0115,Bibliographie incorrecte,27,FAIBLE,1,Correction #11 sur version 1
COR-00620,SUB-0128,MEM-0115,Bibliographie incorrecte,26,MOYEN,1,Correction #12 sur version 1
COR-00621,SUB-0128,MEM-0115,Bibliographie incorrecte,51,FAIBLE,1,Correction #13 sur version 1
COR-00622,SUB-0128,MEM-0115,Citation manquante,38,ELEVE,0,Correction #14 sur version 1
COR-00623,SUB-0128,MEM-0115,Mthodologie floue,43,FAIBLE,0,Correction #15 sur version 1
COR-00624,SUB-0128,MEM-0115,Citation manquante,71,MOYEN,0,Correction #16 sur version 1
COR-00625,SUB-0128,MEM-0115,Citation manquante,2,ELEVE,0,Correction #17 sur version 1
COR-00626,SUB-0128,MEM-0115,Faute d'orthographe,97,FAIBLE,0,Correction #18 sur version 1
COR-00627,SUB-0128,MEM-0115,Problme de structure,65,ELEVE,0,Correction #19 sur version 1
COR-00628,SUB-0129,MEM-0192,Conclusion absente,6,MOYEN,1,Correction #1 sur version 6
COR-00629,SUB-0129,MEM-0192,Graphique illisible,39,FAIBLE,1,Correction #2 sur version 6
COR-00630,SUB-0129,MEM-0192,Citation manquante,81,FAIBLE,1,Correction #3 sur version 6
COR-00631,SUB-0129,MEM-0192,Citation manquante,5,ELEVE,0,Correction #4 sur version 6
COR-00632,SUB-0131,MEM-0189,Graphique illisible,96,BLOQUANT,1,Correction #1 sur version 2
COR-00633,SUB-0131,MEM-0189,Introduction incomplte,84,FAIBLE,0,Correction #2 sur version 2
COR-00634,SUB-0131,MEM-0189,Argument insuffisant,105,MOYEN,0,Correction #3 sur version 2
COR-00635,SUB-0131,MEM-0189,Graphique illisible,11,ELEVE,0,Correction #4 sur version 2
COR-00636,SUB-0131,MEM-0189,Problme de structure,65,FAIBLE,0,Correction #5 sur version 2
COR-00637,SUB-0131,MEM-0189,Rsultats non interprts,98,ELEVE,0,Correction #6 sur version 2
COR-00638,SUB-0131,MEM-0189,Introduction incomplte,3,ELEVE,0,Correction #7 sur version 2
COR-00639,SUB-0131,MEM-0189,Rsultats non interprts,107,FAIBLE,0,Correction #8 sur version 2
COR-00640,SUB-0131,MEM-0189,Plagiat dtect,20,ELEVE,0,Correction #9 sur version 2
COR-00641,SUB-0131,MEM-0189,Rsultats non interprts,76,FAIBLE,0,Correction #10 sur version 2
COR-00642,SUB-0131,MEM-0189,Citation manquante,107,MOYEN,0,Correction #11 sur version 2
COR-00643,SUB-0131,MEM-0189,Graphique illisible,101,ELEVE,0,Correction #12 sur version 2
COR-00644,SUB-0131,MEM-0189,Introduction incomplte,66,MOYEN,0,Correction #13 sur version 2
COR-00645,SUB-0131,MEM-0189,Faute d'orthographe,39,ELEVE,0,Correction #14 sur version 2
COR-00646,SUB-0132,MEM-0052,Graphique illisible,30,BLOQUANT,1,Correction #1 sur version 1
COR-00647,SUB-0132,MEM-0052,Problme de structure,17,FAIBLE,1,Correction #2 sur version 1
COR-00648,SUB-0132,MEM-0052,Plagiat dtect,31,ELEVE,1,Correction #3 sur version 1
COR-00649,SUB-0132,MEM-0052,Graphique illisible,28,MOYEN,1,Correction #4 sur version 1
COR-00650,SUB-0132,MEM-0052,Citation manquante,27,FAIBLE,1,Correction #5 sur version 1
COR-00651,SUB-0133,MEM-0182,Graphique illisible,31,ELEVE,1,Correction #1 sur version 1
COR-00652,SUB-0133,MEM-0182,Rsultats non interprts,35,MOYEN,1,Correction #2 sur version 1
COR-00653,SUB-0133,MEM-0182,Citation manquante,25,ELEVE,0,Correction #3 sur version 1
COR-00654,SUB-0133,MEM-0182,Conclusion absente,26,FAIBLE,0,Correction #4 sur version 1
COR-00655,SUB-0133,MEM-0182,Bibliographie incorrecte,7,MOYEN,0,Correction #5 sur version 1
COR-00656,SUB-0133,MEM-0182,Citation manquante,37,MOYEN,0,Correction #6 sur version 1
COR-00657,SUB-0133,MEM-0182,Introduction incomplte,15,FAIBLE,0,Correction #7 sur version 1
COR-00658,SUB-0133,MEM-0182,Mthodologie floue,31,MOYEN,0,Correction #8 sur version 1
COR-00659,SUB-0133,MEM-0182,Problme de structure,42,ELEVE,0,Correction #9 sur version 1
COR-00660,SUB-0134,MEM-0061,Mthodologie floue,19,MOYEN,1,Correction #1 sur version 4
COR-00661,SUB-0134,MEM-0061,Problme de structure,13,ELEVE,0,Correction #2 sur version 4
COR-00662,SUB-0135,MEM-0148,Bibliographie incorrecte,22,BLOQUANT,1,Correction #1 sur version 1
COR-00663,SUB-0135,MEM-0148,Conclusion absente,76,FAIBLE,0,Correction #2 sur version 1
COR-00664,SUB-0138,MEM-0160,Problme de structure,19,FAIBLE,0,Correction #1 sur version 6
COR-00665,SUB-0138,MEM-0160,Plagiat dtect,61,MOYEN,0,Correction #2 sur version 6
COR-00666,SUB-0138,MEM-0160,Rsultats non interprts,73,ELEVE,0,Correction #3 sur version 6
COR-00667,SUB-0139,MEM-0008,Citation manquante,8,BLOQUANT,1,Correction #1 sur version 4
COR-00668,SUB-0139,MEM-0008,Graphique illisible,53,MOYEN,1,Correction #2 sur version 4
COR-00669,SUB-0139,MEM-0008,Rsultats non interprts,44,MOYEN,1,Correction #3 sur version 4
COR-00670,SUB-0139,MEM-0008,Faute d'orthographe,42,FAIBLE,1,Correction #4 sur version 4
COR-00671,SUB-0139,MEM-0008,Plagiat dtect,77,ELEVE,0,Correction #5 sur version 4
COR-00672,SUB-0139,MEM-0008,Faute d'orthographe,35,MOYEN,0,Correction #6 sur version 4
COR-00673,SUB-0139,MEM-0008,Citation manquante,97,ELEVE,0,Correction #7 sur version 4
COR-00674,SUB-0139,MEM-0008,Conclusion absente,70,ELEVE,0,Correction #8 sur version 4
COR-00675,SUB-0139,MEM-0008,Mthodologie floue,84,MOYEN,0,Correction #9 sur version 4
COR-00676,SUB-0139,MEM-0008,Mthodologie floue,60,FAIBLE,0,Correction #10 sur version 4
COR-00677,SUB-0139,MEM-0008,Conclusion absente,66,ELEVE,0,Correction #11 sur version 4
COR-00678,SUB-0140,MEM-0041,Rsultats non interprts,6,ELEVE,0,Correction #1 sur version 4
COR-00679,SUB-0141,MEM-0120,Problme de structure,55,BLOQUANT,0,Correction #1 sur version 1
COR-00680,SUB-0141,MEM-0120,Problme de structure,49,ELEVE,0,Correction #2 sur version 1
COR-00681,SUB-0141,MEM-0120,Faute d'orthographe,21,FAIBLE,0,Correction #3 sur version 1
COR-00682,SUB-0143,MEM-0130,Bibliographie incorrecte,96,BLOQUANT,0,Correction #1 sur version 4
COR-00683,SUB-0143,MEM-0130,Argument insuffisant,26,FAIBLE,0,Correction #2 sur version 4
COR-00684,SUB-0144,MEM-0028,Conclusion absente,15,BLOQUANT,1,Correction #1 sur version 4
COR-00685,SUB-0144,MEM-0028,Introduction incomplte,64,FAIBLE,0,Correction #2 sur version 4
COR-00686,SUB-0147,MEM-0084,Argument insuffisant,81,BLOQUANT,1,Correction #1 sur version 5
COR-00687,SUB-0147,MEM-0084,Conclusion absente,18,ELEVE,1,Correction #2 sur version 5
COR-00688,SUB-0147,MEM-0084,Bibliographie incorrecte,54,ELEVE,1,Correction #3 sur version 5
COR-00689,SUB-0147,MEM-0084,Faute d'orthographe,38,MOYEN,1,Correction #4 sur version 5
COR-00690,SUB-0147,MEM-0084,Introduction incomplte,38,FAIBLE,0,Correction #5 sur version 5
COR-00691,SUB-0147,MEM-0084,Code non comment,35,ELEVE,0,Correction #6 sur version 5
COR-00692,SUB-0147,MEM-0084,Mthodologie floue,79,ELEVE,0,Correction #7 sur version 5
COR-00693,SUB-0149,MEM-0185,Mthodologie floue,37,BLOQUANT,1,Correction #1 sur version 1
COR-00694,SUB-0149,MEM-0185,Argument insuffisant,10,ELEVE,1,Correction #2 sur version 1
COR-00695,SUB-0149,MEM-0185,Bibliographie incorrecte,44,MOYEN,1,Correction #3 sur version 1
COR-00696,SUB-0149,MEM-0185,Plagiat dtect,46,FAIBLE,1,Correction #4 sur version 1
COR-00697,SUB-0149,MEM-0185,Bibliographie incorrecte,39,MOYEN,1,Correction #5 sur version 1
COR-00698,SUB-0149,MEM-0185,Conclusion absente,30,MOYEN,1,Correction #6 sur version 1
COR-00699,SUB-0149,MEM-0185,Mthodologie floue,48,FAIBLE,1,Correction #7 sur version 1
COR-00700,SUB-0149,MEM-0185,Argument insuffisant,11,ELEVE,1,Correction #8 sur version 1
COR-00701,SUB-0149,MEM-0185,Rsultats non interprts,31,ELEVE,1,Correction #9 sur version 1
COR-00702,SUB-0149,MEM-0185,Mthodologie floue,27,FAIBLE,1,Correction #10 sur version 1
COR-00703,SUB-0149,MEM-0185,Argument insuffisant,31,FAIBLE,1,Correction #11 sur version 1
COR-00704,SUB-0149,MEM-0185,Faute d'orthographe,20,FAIBLE,1,Correction #12 sur version 1
COR-00705,SUB-0149,MEM-0185,Citation manquante,13,ELEVE,1,Correction #13 sur version 1
COR-00706,SUB-0149,MEM-0185,Problme de structure,35,ELEVE,1,Correction #14 sur version 1
COR-00707,SUB-0149,MEM-0185,Mthodologie floue,7,MOYEN,1,Correction #15 sur version 1
COR-00708,SUB-0149,MEM-0185,Plagiat dtect,30,FAIBLE,1,Correction #16 sur version 1
COR-00709,SUB-0149,MEM-0185,Argument insuffisant,5,ELEVE,1,Correction #17 sur version 1
COR-00710,SUB-0149,MEM-0185,Code non comment,36,MOYEN,1,Correction #18 sur version 1
COR-00711,SUB-0149,MEM-0185,Mthodologie floue,41,FAIBLE,1,Correction #19 sur version 1
COR-00712,SUB-0149,MEM-0185,Citation manquante,18,FAIBLE,0,Correction #20 sur version 1
COR-00713,SUB-0150,MEM-0180,Graphique illisible,106,BLOQUANT,1,Correction #1 sur version 1
COR-00714,SUB-0150,MEM-0180,Plagiat dtect,94,MOYEN,1,Correction #2 sur version 1
COR-00715,SUB-0150,MEM-0180,Mthodologie floue,80,MOYEN,0,Correction #3 sur version 1
COR-00716,SUB-0150,MEM-0180,Graphique illisible,72,MOYEN,0,Correction #4 sur version 1
COR-00717,SUB-0150,MEM-0180,Code non comment,85,ELEVE,0,Correction #5 sur version 1
COR-00718,SUB-0150,MEM-0180,Problme de structure,76,FAIBLE,0,Correction #6 sur version 1
COR-00719,SUB-0150,MEM-0180,Problme de structure,94,FAIBLE,0,Correction #7 sur version 1
COR-00720,SUB-0150,MEM-0180,Graphique illisible,23,FAIBLE,0,Correction #8 sur version 1
COR-00721,SUB-0150,MEM-0180,Plagiat dtect,14,MOYEN,0,Correction #9 sur version 1
COR-00722,SUB-0150,MEM-0180,Bibliographie incorrecte,76,FAIBLE,0,Correction #10 sur version 1
COR-00723,SUB-0150,MEM-0180,Introduction incomplte,43,ELEVE,0,Correction #11 sur version 1
COR-00724,SUB-0150,MEM-0180,Plagiat dtect,78,ELEVE,0,Correction #12 sur version 1
COR-00725,SUB-0150,MEM-0180,Rsultats non interprts,112,MOYEN,0,Correction #13 sur version 1
COR-00726,SUB-0152,MEM-0140,Plagiat dtect,43,BLOQUANT,1,Correction #1 sur version 3
COR-00727,SUB-0152,MEM-0140,Citation manquante,11,MOYEN,1,Correction #2 sur version 3
COR-00728,SUB-0152,MEM-0140,Citation manquante,14,FAIBLE,1,Correction #3 sur version 3
COR-00729,SUB-0152,MEM-0140,Plagiat dtect,10,FAIBLE,1,Correction #4 sur version 3
COR-00730,SUB-0152,MEM-0140,Argument insuffisant,31,FAIBLE,1,Correction #5 sur version 3
COR-00731,SUB-0152,MEM-0140,Mthodologie floue,5,FAIBLE,1,Correction #6 sur version 3
COR-00732,SUB-0152,MEM-0140,Argument insuffisant,33,FAIBLE,1,Correction #7 sur version 3
COR-00733,SUB-0152,MEM-0140,Introduction incomplte,43,MOYEN,1,Correction #8 sur version 3
COR-00734,SUB-0152,MEM-0140,Mthodologie floue,20,MOYEN,1,Correction #9 sur version 3
COR-00735,SUB-0152,MEM-0140,Problme de structure,16,ELEVE,1,Correction #10 sur version 3
COR-00736,SUB-0152,MEM-0140,Introduction incomplte,25,ELEVE,1,Correction #11 sur version 3
COR-00737,SUB-0152,MEM-0140,Rsultats non interprts,31,MOYEN,1,Correction #12 sur version 3
COR-00738,SUB-0152,MEM-0140,Graphique illisible,54,MOYEN,0,Correction #13 sur version 3
COR-00739,SUB-0152,MEM-0140,Mthodologie floue,34,ELEVE,0,Correction #14 sur version 3
COR-00740,SUB-0153,MEM-0181,Plagiat dtect,108,FAIBLE,1,Correction #1 sur version 2
COR-00741,SUB-0153,MEM-0181,Argument insuffisant,82,FAIBLE,1,Correction #2 sur version 2
COR-00742,SUB-0153,MEM-0181,Rsultats non interprts,19,MOYEN,1,Correction #3 sur version 2
COR-00743,SUB-0153,MEM-0181,Bibliographie incorrecte,57,MOYEN,1,Correction #4 sur version 2
COR-00744,SUB-0153,MEM-0181,Rsultats non interprts,101,MOYEN,1,Correction #5 sur version 2
COR-00745,SUB-0153,MEM-0181,Code non comment,16,MOYEN,0,Correction #6 sur version 2
COR-00746,SUB-0153,MEM-0181,Introduction incomplte,84,ELEVE,0,Correction #7 sur version 2
COR-00747,SUB-0153,MEM-0181,Argument insuffisant,4,MOYEN,0,Correction #8 sur version 2
COR-00748,SUB-0153,MEM-0181,Conclusion absente,99,MOYEN,0,Correction #9 sur version 2
COR-00749,SUB-0153,MEM-0181,Mthodologie floue,94,ELEVE,0,Correction #10 sur version 2
COR-00750,SUB-0153,MEM-0181,Citation manquante,79,MOYEN,0,Correction #11 sur version 2
COR-00751,SUB-0153,MEM-0181,Citation manquante,49,ELEVE,0,Correction #12 sur version 2
COR-00752,SUB-0155,MEM-0144,Argument insuffisant,48,MOYEN,1,Correction #1 sur version 6
COR-00753,SUB-0155,MEM-0144,Citation manquante,29,FAIBLE,0,Correction #2 sur version 6
COR-00754,SUB-0155,MEM-0144,Bibliographie incorrecte,13,MOYEN,0,Correction #3 sur version 6
COR-00755,SUB-0156,MEM-0198,Faute d'orthographe,76,BLOQUANT,1,Correction #1 sur version 2
COR-00756,SUB-0156,MEM-0198,Mthodologie floue,13,MOYEN,0,Correction #2 sur version 2
COR-00757,SUB-0157,MEM-0074,Graphique illisible,33,MOYEN,1,Correction #1 sur version 6
COR-00758,SUB-0157,MEM-0074,Plagiat dtect,18,FAIBLE,1,Correction #2 sur version 6
COR-00759,SUB-0157,MEM-0074,Code non comment,18,FAIBLE,1,Correction #3 sur version 6
COR-00760,SUB-0157,MEM-0074,Conclusion absente,26,ELEVE,1,Correction #4 sur version 6
COR-00761,SUB-0157,MEM-0074,Rsultats non interprts,46,FAIBLE,0,Correction #5 sur version 6
COR-00762,SUB-0160,MEM-0076,Graphique illisible,36,BLOQUANT,1,Correction #1 sur version 5
COR-00763,SUB-0160,MEM-0076,Faute d'orthographe,4,ELEVE,1,Correction #2 sur version 5
COR-00764,SUB-0160,MEM-0076,Conclusion absente,59,ELEVE,1,Correction #3 sur version 5
COR-00765,SUB-0160,MEM-0076,Argument insuffisant,61,MOYEN,1,Correction #4 sur version 5
COR-00766,SUB-0160,MEM-0076,Code non comment,70,ELEVE,1,Correction #5 sur version 5
COR-00767,SUB-0160,MEM-0076,Faute d'orthographe,48,FAIBLE,1,Correction #6 sur version 5
COR-00768,SUB-0160,MEM-0076,Plagiat dtect,20,FAIBLE,0,Correction #7 sur version 5
COR-00769,SUB-0161,MEM-0123,Rsultats non interprts,23,BLOQUANT,1,Correction #1 sur version 3
COR-00770,SUB-0161,MEM-0123,Problme de structure,54,FAIBLE,0,Correction #2 sur version 3
COR-00771,SUB-0161,MEM-0123,Faute d'orthographe,57,FAIBLE,0,Correction #3 sur version 3
COR-00772,SUB-0161,MEM-0123,Rsultats non interprts,8,ELEVE,0,Correction #4 sur version 3
COR-00773,SUB-0161,MEM-0123,Problme de structure,36,MOYEN,0,Correction #5 sur version 3
COR-00774,SUB-0161,MEM-0123,Code non comment,3,FAIBLE,0,Correction #6 sur version 3
COR-00775,SUB-0163,MEM-0177,Code non comment,41,MOYEN,1,Correction #1 sur version 1
COR-00776,SUB-0163,MEM-0177,Argument insuffisant,76,ELEVE,1,Correction #2 sur version 1
COR-00777,SUB-0163,MEM-0177,Mthodologie floue,67,ELEVE,1,Correction #3 sur version 1
COR-00778,SUB-0163,MEM-0177,Code non comment,52,FAIBLE,1,Correction #4 sur version 1
COR-00779,SUB-0163,MEM-0177,Code non comment,86,MOYEN,1,Correction #5 sur version 1
COR-00780,SUB-0163,MEM-0177,Problme de structure,25,FAIBLE,1,Correction #6 sur version 1
COR-00781,SUB-0163,MEM-0177,Argument insuffisant,35,ELEVE,1,Correction #7 sur version 1
COR-00782,SUB-0163,MEM-0177,Argument insuffisant,57,FAIBLE,1,Correction #8 sur version 1
COR-00783,SUB-0163,MEM-0177,Graphique illisible,78,FAIBLE,1,Correction #9 sur version 1
COR-00784,SUB-0163,MEM-0177,Rsultats non interprts,65,FAIBLE,0,Correction #10 sur version 1
COR-00785,SUB-0163,MEM-0177,Argument insuffisant,82,MOYEN,0,Correction #11 sur version 1
COR-00786,SUB-0165,MEM-0016,Rsultats non interprts,108,BLOQUANT,1,Correction #1 sur version 5
COR-00787,SUB-0165,MEM-0016,Graphique illisible,36,FAIBLE,0,Correction #2 sur version 5
COR-00788,SUB-0165,MEM-0016,Mthodologie floue,16,ELEVE,0,Correction #3 sur version 5
COR-00789,SUB-0165,MEM-0016,Conclusion absente,73,MOYEN,0,Correction #4 sur version 5
COR-00790,SUB-0165,MEM-0016,Problme de structure,73,ELEVE,0,Correction #5 sur version 5
COR-00791,SUB-0166,MEM-0131,Conclusion absente,6,BLOQUANT,1,Correction #1 sur version 4
COR-00792,SUB-0166,MEM-0131,Problme de structure,12,FAIBLE,1,Correction #2 sur version 4
COR-00793,SUB-0166,MEM-0131,Problme de structure,12,ELEVE,1,Correction #3 sur version 4
COR-00794,SUB-0166,MEM-0131,Plagiat dtect,2,MOYEN,1,Correction #4 sur version 4
COR-00795,SUB-0166,MEM-0131,Faute d'orthographe,14,FAIBLE,1,Correction #5 sur version 4
COR-00796,SUB-0166,MEM-0131,Mthodologie floue,30,ELEVE,1,Correction #6 sur version 4
COR-00797,SUB-0166,MEM-0131,Rsultats non interprts,16,FAIBLE,0,Correction #7 sur version 4
COR-00798,SUB-0167,MEM-0102,Graphique illisible,108,BLOQUANT,1,Correction #1 sur version 3
COR-00799,SUB-0167,MEM-0102,Code non comment,116,ELEVE,0,Correction #2 sur version 3
COR-00800,SUB-0167,MEM-0102,Rsultats non interprts,97,FAIBLE,0,Correction #3 sur version 3
COR-00801,SUB-0167,MEM-0102,Argument insuffisant,40,ELEVE,0,Correction #4 sur version 3
COR-00802,SUB-0167,MEM-0102,Introduction incomplte,91,FAIBLE,0,Correction #5 sur version 3
COR-00803,SUB-0167,MEM-0102,Argument insuffisant,36,MOYEN,0,Correction #6 sur version 3
COR-00804,SUB-0167,MEM-0102,Plagiat dtect,41,FAIBLE,0,Correction #7 sur version 3
COR-00805,SUB-0167,MEM-0102,Citation manquante,107,MOYEN,0,Correction #8 sur version 3
COR-00806,SUB-0167,MEM-0102,Graphique illisible,114,FAIBLE,0,Correction #9 sur version 3
COR-00807,SUB-0167,MEM-0102,Argument insuffisant,38,FAIBLE,0,Correction #10 sur version 3
COR-00808,SUB-0167,MEM-0102,Rsultats non interprts,57,MOYEN,0,Correction #11 sur version 3
COR-00809,SUB-0167,MEM-0102,Problme de structure,63,MOYEN,0,Correction #12 sur version 3
COR-00810,SUB-0168,MEM-0121,Mthodologie floue,75,BLOQUANT,1,Correction #1 sur version 1
COR-00811,SUB-0168,MEM-0121,Mthodologie floue,83,MOYEN,1,Correction #2 sur version 1
COR-00812,SUB-0168,MEM-0121,Conclusion absente,81,ELEVE,1,Correction #3 sur version 1
COR-00813,SUB-0168,MEM-0121,Argument insuffisant,5,ELEVE,0,Correction #4 sur version 1
COR-00814,SUB-0169,MEM-0097,Introduction incomplte,20,ELEVE,1,Correction #1 sur version 1
COR-00815,SUB-0169,MEM-0097,Plagiat dtect,27,ELEVE,1,Correction #2 sur version 1
COR-00816,SUB-0169,MEM-0097,Introduction incomplte,45,ELEVE,1,Correction #3 sur version 1
COR-00817,SUB-0169,MEM-0097,Code non comment,37,ELEVE,1,Correction #4 sur version 1
COR-00818,SUB-0169,MEM-0097,Mthodologie floue,90,FAIBLE,0,Correction #5 sur version 1
COR-00819,SUB-0169,MEM-0097,Bibliographie incorrecte,96,ELEVE,0,Correction #6 sur version 1
COR-00820,SUB-0169,MEM-0097,Problme de structure,66,MOYEN,0,Correction #7 sur version 1
COR-00821,SUB-0169,MEM-0097,Graphique illisible,28,FAIBLE,0,Correction #8 sur version 1
COR-00822,SUB-0169,MEM-0097,Graphique illisible,5,MOYEN,0,Correction #9 sur version 1
COR-00823,SUB-0169,MEM-0097,Bibliographie incorrecte,85,FAIBLE,0,Correction #10 sur version 1
COR-00824,SUB-0169,MEM-0097,Argument insuffisant,61,ELEVE,0,Correction #11 sur version 1
COR-00825,SUB-0169,MEM-0097,Conclusion absente,76,FAIBLE,0,Correction #12 sur version 1
COR-00826,SUB-0169,MEM-0097,Mthodologie floue,73,MOYEN,0,Correction #13 sur version 1
COR-00827,SUB-0169,MEM-0097,Code non comment,76,MOYEN,0,Correction #14 sur version 1
COR-00828,SUB-0169,MEM-0097,Mthodologie floue,90,FAIBLE,0,Correction #15 sur version 1
COR-00829,SUB-0169,MEM-0097,Code non comment,46,FAIBLE,0,Correction #16 sur version 1
COR-00830,SUB-0169,MEM-0097,Argument insuffisant,54,FAIBLE,0,Correction #17 sur version 1
COR-00831,SUB-0170,MEM-0058,Conclusion absente,43,BLOQUANT,1,Correction #1 sur version 1
COR-00832,SUB-0170,MEM-0058,Code non comment,13,MOYEN,1,Correction #2 sur version 1
COR-00833,SUB-0170,MEM-0058,Mthodologie floue,40,FAIBLE,1,Correction #3 sur version 1
COR-00834,SUB-0170,MEM-0058,Conclusion absente,70,FAIBLE,1,Correction #4 sur version 1
COR-00835,SUB-0170,MEM-0058,Faute d'orthographe,57,FAIBLE,1,Correction #5 sur version 1
COR-00836,SUB-0170,MEM-0058,Conclusion absente,76,ELEVE,1,Correction #6 sur version 1
COR-00837,SUB-0170,MEM-0058,Rsultats non interprts,56,ELEVE,1,Correction #7 sur version 1
COR-00838,SUB-0170,MEM-0058,Introduction incomplte,61,ELEVE,1,Correction #8 sur version 1
COR-00839,SUB-0170,MEM-0058,Graphique illisible,93,FAIBLE,1,Correction #9 sur version 1
COR-00840,SUB-0170,MEM-0058,Plagiat dtect,44,MOYEN,1,Correction #10 sur version 1
COR-00841,SUB-0170,MEM-0058,Code non comment,52,MOYEN,0,Correction #11 sur version 1
COR-00842,SUB-0170,MEM-0058,Faute d'orthographe,30,MOYEN,0,Correction #12 sur version 1
COR-00843,SUB-0170,MEM-0058,Problme de structure,54,ELEVE,0,Correction #13 sur version 1
COR-00844,SUB-0170,MEM-0058,Graphique illisible,74,MOYEN,0,Correction #14 sur version 1
COR-00845,SUB-0173,MEM-0036,Plagiat dtect,2,MOYEN,1,Correction #1 sur version 5
COR-00846,SUB-0173,MEM-0036,Bibliographie incorrecte,11,FAIBLE,1,Correction #2 sur version 5
COR-00847,SUB-0173,MEM-0036,Plagiat dtect,45,MOYEN,0,Correction #3 sur version 5
COR-00848,SUB-0173,MEM-0036,Citation manquante,37,ELEVE,0,Correction #4 sur version 5
COR-00849,SUB-0173,MEM-0036,Argument insuffisant,43,FAIBLE,0,Correction #5 sur version 5
COR-00850,SUB-0173,MEM-0036,Faute d'orthographe,6,MOYEN,0,Correction #6 sur version 5
COR-00851,SUB-0180,MEM-0095,Graphique illisible,10,BLOQUANT,0,Correction #1 sur version 3
COR-00852,SUB-0182,MEM-0185,Conclusion absente,51,MOYEN,1,Correction #1 sur version 5
COR-00853,SUB-0182,MEM-0185,Conclusion absente,1,FAIBLE,1,Correction #2 sur version 5
COR-00854,SUB-0182,MEM-0185,Argument insuffisant,26,ELEVE,1,Correction #3 sur version 5
COR-00855,SUB-0182,MEM-0185,Graphique illisible,40,FAIBLE,1,Correction #4 sur version 5
COR-00856,SUB-0182,MEM-0185,Argument insuffisant,31,FAIBLE,1,Correction #5 sur version 5
COR-00857,SUB-0183,MEM-0060,Citation manquante,56,BLOQUANT,1,Correction #1 sur version 1
COR-00858,SUB-0183,MEM-0060,Rsultats non interprts,32,FAIBLE,1,Correction #2 sur version 1
COR-00859,SUB-0183,MEM-0060,Code non comment,72,FAIBLE,1,Correction #3 sur version 1
COR-00860,SUB-0183,MEM-0060,Faute d'orthographe,62,MOYEN,1,Correction #4 sur version 1
COR-00861,SUB-0183,MEM-0060,Mthodologie floue,13,FAIBLE,1,Correction #5 sur version 1
COR-00862,SUB-0183,MEM-0060,Bibliographie incorrecte,88,MOYEN,1,Correction #6 sur version 1
COR-00863,SUB-0183,MEM-0060,Rsultats non interprts,28,MOYEN,1,Correction #7 sur version 1
COR-00864,SUB-0183,MEM-0060,Code non comment,49,MOYEN,1,Correction #8 sur version 1
COR-00865,SUB-0183,MEM-0060,Rsultats non interprts,32,MOYEN,1,Correction #9 sur version 1
COR-00866,SUB-0183,MEM-0060,Introduction incomplte,17,FAIBLE,1,Correction #10 sur version 1
COR-00867,SUB-0183,MEM-0060,Argument insuffisant,52,MOYEN,1,Correction #11 sur version 1
COR-00868,SUB-0183,MEM-0060,Graphique illisible,105,MOYEN,1,Correction #12 sur version 1
COR-00869,SUB-0183,MEM-0060,Rsultats non interprts,112,ELEVE,1,Correction #13 sur version 1
COR-00870,SUB-0183,MEM-0060,Plagiat dtect,51,MOYEN,1,Correction #14 sur version 1
COR-00871,SUB-0183,MEM-0060,Problme de structure,45,ELEVE,0,Correction #15 sur version 1
COR-00872,SUB-0183,MEM-0060,Code non comment,95,MOYEN,0,Correction #16 sur version 1
COR-00873,SUB-0184,MEM-0106,Plagiat dtect,2,BLOQUANT,1,Correction #1 sur version 1
COR-00874,SUB-0184,MEM-0106,Plagiat dtect,12,FAIBLE,1,Correction #2 sur version 1
COR-00875,SUB-0184,MEM-0106,Mthodologie floue,24,FAIBLE,1,Correction #3 sur version 1
COR-00876,SUB-0184,MEM-0106,Bibliographie incorrecte,1,MOYEN,1,Correction #4 sur version 1
COR-00877,SUB-0184,MEM-0106,Plagiat dtect,49,ELEVE,1,Correction #5 sur version 1
COR-00878,SUB-0184,MEM-0106,Problme de structure,42,MOYEN,1,Correction #6 sur version 1
COR-00879,SUB-0184,MEM-0106,Argument insuffisant,32,FAIBLE,1,Correction #7 sur version 1
COR-00880,SUB-0184,MEM-0106,Faute d'orthographe,14,FAIBLE,1,Correction #8 sur version 1
COR-00881,SUB-0184,MEM-0106,Introduction incomplte,6,MOYEN,1,Correction #9 sur version 1
COR-00882,SUB-0184,MEM-0106,Introduction incomplte,42,MOYEN,0,Correction #10 sur version 1
COR-00883,SUB-0184,MEM-0106,Introduction incomplte,10,FAIBLE,0,Correction #11 sur version 1
COR-00884,SUB-0184,MEM-0106,Graphique illisible,25,MOYEN,0,Correction #12 sur version 1
COR-00885,SUB-0184,MEM-0106,Conclusion absente,3,ELEVE,0,Correction #13 sur version 1
COR-00886,SUB-0184,MEM-0106,Introduction incomplte,12,MOYEN,0,Correction #14 sur version 1
COR-00887,SUB-0184,MEM-0106,Introduction incomplte,44,FAIBLE,0,Correction #15 sur version 1
COR-00888,SUB-0184,MEM-0106,Problme de structure,30,ELEVE,0,Correction #16 sur version 1
COR-00889,SUB-0184,MEM-0106,Mthodologie floue,44,FAIBLE,0,Correction #17 sur version 1
COR-00890,SUB-0185,MEM-0135,Rsultats non interprts,13,BLOQUANT,1,Correction #1 sur version 2
COR-00891,SUB-0185,MEM-0135,Introduction incomplte,2,ELEVE,1,Correction #2 sur version 2
COR-00892,SUB-0185,MEM-0135,Mthodologie floue,17,FAIBLE,0,Correction #3 sur version 2
COR-00893,SUB-0185,MEM-0135,Bibliographie incorrecte,50,ELEVE,0,Correction #4 sur version 2
COR-00894,SUB-0185,MEM-0135,Conclusion absente,2,ELEVE,0,Correction #5 sur version 2
COR-00895,SUB-0187,MEM-0180,Code non comment,86,MOYEN,1,Correction #1 sur version 2
COR-00896,SUB-0187,MEM-0180,Introduction incomplte,99,MOYEN,1,Correction #2 sur version 2
COR-00897,SUB-0187,MEM-0180,Graphique illisible,55,FAIBLE,1,Correction #3 sur version 2
COR-00898,SUB-0187,MEM-0180,Rsultats non interprts,82,MOYEN,1,Correction #4 sur version 2
COR-00899,SUB-0187,MEM-0180,Plagiat dtect,104,FAIBLE,1,Correction #5 sur version 2
COR-00900,SUB-0187,MEM-0180,Bibliographie incorrecte,48,MOYEN,1,Correction #6 sur version 2
COR-00901,SUB-0187,MEM-0180,Rsultats non interprts,43,MOYEN,1,Correction #7 sur version 2
COR-00902,SUB-0187,MEM-0180,Mthodologie floue,15,ELEVE,1,Correction #8 sur version 2
COR-00903,SUB-0187,MEM-0180,Introduction incomplte,69,FAIBLE,1,Correction #9 sur version 2
COR-00904,SUB-0187,MEM-0180,Code non comment,11,MOYEN,1,Correction #10 sur version 2
COR-00905,SUB-0187,MEM-0180,Faute d'orthographe,44,FAIBLE,0,Correction #11 sur version 2
COR-00906,SUB-0187,MEM-0180,Plagiat dtect,34,ELEVE,0,Correction #12 sur version 2
COR-00907,SUB-0187,MEM-0180,Bibliographie incorrecte,105,FAIBLE,0,Correction #13 sur version 2
COR-00908,SUB-0187,MEM-0180,Rsultats non interprts,112,ELEVE,0,Correction #14 sur version 2
COR-00909,SUB-0187,MEM-0180,Introduction incomplte,7,MOYEN,0,Correction #15 sur version 2
COR-00910,SUB-0187,MEM-0180,Graphique illisible,6,MOYEN,0,Correction #16 sur version 2
COR-00911,SUB-0187,MEM-0180,Conclusion absente,59,FAIBLE,0,Correction #17 sur version 2
COR-00912,SUB-0189,MEM-0077,Mthodologie floue,4,BLOQUANT,1,Correction #1 sur version 2
COR-00913,SUB-0189,MEM-0077,Code non comment,24,ELEVE,1,Correction #2 sur version 2
COR-00914,SUB-0189,MEM-0077,Introduction incomplte,22,MOYEN,1,Correction #3 sur version 2
COR-00915,SUB-0189,MEM-0077,Graphique illisible,2,ELEVE,1,Correction #4 sur version 2
COR-00916,SUB-0189,MEM-0077,Graphique illisible,12,ELEVE,1,Correction #5 sur version 2
COR-00917,SUB-0189,MEM-0077,Mthodologie floue,27,MOYEN,1,Correction #6 sur version 2
COR-00918,SUB-0189,MEM-0077,Conclusion absente,21,FAIBLE,1,Correction #7 sur version 2
COR-00919,SUB-0189,MEM-0077,Code non comment,3,MOYEN,1,Correction #8 sur version 2
COR-00920,SUB-0189,MEM-0077,Problme de structure,23,ELEVE,0,Correction #9 sur version 2
COR-00921,SUB-0190,MEM-0089,Rsultats non interprts,5,BLOQUANT,1,Correction #1 sur version 1
COR-00922,SUB-0190,MEM-0089,Rsultats non interprts,51,ELEVE,0,Correction #2 sur version 1
COR-00923,SUB-0191,MEM-0116,Citation manquante,23,BLOQUANT,1,Correction #1 sur version 4
COR-00924,SUB-0191,MEM-0116,Bibliographie incorrecte,13,FAIBLE,1,Correction #2 sur version 4
COR-00925,SUB-0191,MEM-0116,Rsultats non interprts,19,FAIBLE,1,Correction #3 sur version 4
COR-00926,SUB-0192,MEM-0040,Conclusion absente,56,ELEVE,1,Correction #1 sur version 4
COR-00927,SUB-0192,MEM-0040,Mthodologie floue,59,MOYEN,1,Correction #2 sur version 4
COR-00928,SUB-0192,MEM-0040,Plagiat dtect,32,ELEVE,0,Correction #3 sur version 4
COR-00929,SUB-0193,MEM-0048,Bibliographie incorrecte,37,ELEVE,0,Correction #1 sur version 4
COR-00930,SUB-0193,MEM-0048,Faute d'orthographe,5,MOYEN,0,Correction #2 sur version 4
COR-00931,SUB-0193,MEM-0048,Mthodologie floue,3,MOYEN,0,Correction #3 sur version 4
COR-00932,SUB-0193,MEM-0048,Plagiat dtect,41,FAIBLE,0,Correction #4 sur version 4
COR-00933,SUB-0194,MEM-0106,Problme de structure,25,BLOQUANT,1,Correction #1 sur version 4
COR-00934,SUB-0194,MEM-0106,Rsultats non interprts,6,ELEVE,1,Correction #2 sur version 4
COR-00935,SUB-0194,MEM-0106,Code non comment,20,MOYEN,1,Correction #3 sur version 4
COR-00936,SUB-0194,MEM-0106,Introduction incomplte,2,MOYEN,0,Correction #4 sur version 4
COR-00937,SUB-0194,MEM-0106,Rsultats non interprts,17,FAIBLE,0,Correction #5 sur version 4
COR-00938,SUB-0194,MEM-0106,Code non comment,6,ELEVE,0,Correction #6 sur version 4
COR-00939,SUB-0194,MEM-0106,Problme de structure,13,MOYEN,0,Correction #7 sur version 4
COR-00940,SUB-0194,MEM-0106,Graphique illisible,20,ELEVE,0,Correction #8 sur version 4
COR-00941,SUB-0195,MEM-0017,Bibliographie incorrecte,70,ELEVE,1,Correction #1 sur version 2
COR-00942,SUB-0195,MEM-0017,Rsultats non interprts,103,FAIBLE,1,Correction #2 sur version 2
COR-00943,SUB-0195,MEM-0017,Mthodologie floue,74,FAIBLE,1,Correction #3 sur version 2
COR-00944,SUB-0195,MEM-0017,Citation manquante,98,MOYEN,1,Correction #4 sur version 2
COR-00945,SUB-0195,MEM-0017,Graphique illisible,96,MOYEN,1,Correction #5 sur version 2
COR-00946,SUB-0195,MEM-0017,Argument insuffisant,36,ELEVE,1,Correction #6 sur version 2
COR-00947,SUB-0195,MEM-0017,Code non comment,6,ELEVE,1,Correction #7 sur version 2
COR-00948,SUB-0195,MEM-0017,Introduction incomplte,24,ELEVE,1,Correction #8 sur version 2
COR-00949,SUB-0195,MEM-0017,Graphique illisible,35,ELEVE,1,Correction #9 sur version 2
COR-00950,SUB-0195,MEM-0017,Introduction incomplte,27,FAIBLE,1,Correction #10 sur version 2
COR-00951,SUB-0195,MEM-0017,Introduction incomplte,85,FAIBLE,1,Correction #11 sur version 2
COR-00952,SUB-0195,MEM-0017,Graphique illisible,35,FAIBLE,1,Correction #12 sur version 2
COR-00953,SUB-0196,MEM-0078,Conclusion absente,41,BLOQUANT,1,Correction #1 sur version 1
COR-00954,SUB-0196,MEM-0078,Citation manquante,29,FAIBLE,1,Correction #2 sur version 1
COR-00955,SUB-0196,MEM-0078,Rsultats non interprts,42,FAIBLE,1,Correction #3 sur version 1
COR-00956,SUB-0196,MEM-0078,Problme de structure,37,FAIBLE,1,Correction #4 sur version 1
COR-00957,SUB-0196,MEM-0078,Rsultats non interprts,59,ELEVE,1,Correction #5 sur version 1
COR-00958,SUB-0196,MEM-0078,Introduction incomplte,43,ELEVE,1,Correction #6 sur version 1
COR-00959,SUB-0196,MEM-0078,Introduction incomplte,61,ELEVE,1,Correction #7 sur version 1
COR-00960,SUB-0196,MEM-0078,Faute d'orthographe,44,ELEVE,1,Correction #8 sur version 1
COR-00961,SUB-0196,MEM-0078,Mthodologie floue,45,MOYEN,1,Correction #9 sur version 1
COR-00962,SUB-0196,MEM-0078,Argument insuffisant,60,MOYEN,1,Correction #10 sur version 1
COR-00963,SUB-0196,MEM-0078,Conclusion absente,27,ELEVE,1,Correction #11 sur version 1
COR-00964,SUB-0196,MEM-0078,Rsultats non interprts,22,ELEVE,1,Correction #12 sur version 1
COR-00965,SUB-0196,MEM-0078,Introduction incomplte,33,ELEVE,0,Correction #13 sur version 1
COR-00966,SUB-0196,MEM-0078,Faute d'orthographe,11,MOYEN,0,Correction #14 sur version 1
COR-00967,SUB-0196,MEM-0078,Conclusion absente,72,ELEVE,0,Correction #15 sur version 1
COR-00968,SUB-0196,MEM-0078,Problme de structure,27,MOYEN,0,Correction #16 sur version 1
COR-00969,SUB-0196,MEM-0078,Bibliographie incorrecte,48,ELEVE,0,Correction #17 sur version 1
COR-00970,SUB-0196,MEM-0078,Graphique illisible,41,MOYEN,0,Correction #18 sur version 1
COR-00971,SUB-0196,MEM-0078,Code non comment,60,MOYEN,0,Correction #19 sur version 1
COR-00972,SUB-0197,MEM-0077,Faute d'orthographe,20,BLOQUANT,1,Correction #1 sur version 3
COR-00973,SUB-0197,MEM-0077,Plagiat dtect,22,ELEVE,1,Correction #2 sur version 3
COR-00974,SUB-0197,MEM-0077,Mthodologie floue,56,ELEVE,1,Correction #3 sur version 3
COR-00975,SUB-0197,MEM-0077,Faute d'orthographe,37,MOYEN,1,Correction #4 sur version 3
COR-00976,SUB-0197,MEM-0077,Rsultats non interprts,63,ELEVE,1,Correction #5 sur version 3
COR-00977,SUB-0197,MEM-0077,Introduction incomplte,17,FAIBLE,0,Correction #6 sur version 3
COR-00978,SUB-0197,MEM-0077,Plagiat dtect,16,MOYEN,0,Correction #7 sur version 3
COR-00979,SUB-0197,MEM-0077,Introduction incomplte,28,FAIBLE,0,Correction #8 sur version 3
COR-00980,SUB-0197,MEM-0077,Problme de structure,38,FAIBLE,0,Correction #9 sur version 3
COR-00981,SUB-0198,MEM-0084,Argument insuffisant,52,FAIBLE,0,Correction #1 sur version 4
COR-00982,SUB-0198,MEM-0084,Introduction incomplte,46,ELEVE,0,Correction #2 sur version 4
COR-00983,SUB-0200,MEM-0150,Introduction incomplte,58,FAIBLE,1,Correction #1 sur version 4
COR-00984,SUB-0200,MEM-0150,Graphique illisible,21,ELEVE,1,Correction #2 sur version 4
COR-00985,SUB-0200,MEM-0150,Code non comment,7,MOYEN,1,Correction #3 sur version 4
COR-00986,SUB-0200,MEM-0150,Code non comment,41,ELEVE,1,Correction #4 sur version 4
COR-00987,SUB-0202,MEM-0101,Code non comment,41,BLOQUANT,1,Correction #1 sur version 4
COR-00988,SUB-0202,MEM-0101,Bibliographie incorrecte,51,ELEVE,1,Correction #2 sur version 4
COR-00989,SUB-0202,MEM-0101,Introduction incomplte,64,FAIBLE,0,Correction #3 sur version 4
COR-00990,SUB-0202,MEM-0101,Graphique illisible,58,MOYEN,0,Correction #4 sur version 4
COR-00991,SUB-0202,MEM-0101,Argument insuffisant,52,FAIBLE,0,Correction #5 sur version 4
COR-00992,SUB-0202,MEM-0101,Faute d'orthographe,43,MOYEN,0,Correction #6 sur version 4
COR-00993,SUB-0202,MEM-0101,Code non comment,23,MOYEN,0,Correction #7 sur version 4
COR-00994,SUB-0203,MEM-0187,Code non comment,13,BLOQUANT,1,Correction #1 sur version 2
COR-00995,SUB-0203,MEM-0187,Plagiat dtect,84,MOYEN,1,Correction #2 sur version 2
COR-00996,SUB-0203,MEM-0187,Introduction incomplte,53,MOYEN,1,Correction #3 sur version 2
COR-00997,SUB-0204,MEM-0182,Code non comment,4,FAIBLE,1,Correction #1 sur version 1
COR-00998,SUB-0204,MEM-0182,Citation manquante,18,ELEVE,0,Correction #2 sur version 1
COR-00999,SUB-0204,MEM-0182,Plagiat dtect,65,ELEVE,0,Correction #3 sur version 1
COR-01000,SUB-0207,MEM-0157,Plagiat dtect,37,FAIBLE,1,Correction #1 sur version 4
COR-01001,SUB-0207,MEM-0157,Introduction incomplte,2,ELEVE,1,Correction #2 sur version 4
COR-01002,SUB-0207,MEM-0157,Plagiat dtect,16,MOYEN,1,Correction #3 sur version 4
COR-01003,SUB-0207,MEM-0157,Plagiat dtect,41,FAIBLE,1,Correction #4 sur version 4
COR-01004,SUB-0207,MEM-0157,Code non comment,6,MOYEN,0,Correction #5 sur version 4
COR-01005,SUB-0208,MEM-0178,Mthodologie floue,3,BLOQUANT,1,Correction #1 sur version 2
COR-01006,SUB-0209,MEM-0126,Rsultats non interprts,39,BLOQUANT,0,Correction #1 sur version 3
COR-01007,SUB-0209,MEM-0126,Introduction incomplte,36,ELEVE,0,Correction #2 sur version 3
COR-01008,SUB-0209,MEM-0126,Citation manquante,11,ELEVE,0,Correction #3 sur version 3
COR-01009,SUB-0209,MEM-0126,Mthodologie floue,47,MOYEN,0,Correction #4 sur version 3
COR-01010,SUB-0209,MEM-0126,Argument insuffisant,31,FAIBLE,0,Correction #5 sur version 3
COR-01011,SUB-0209,MEM-0126,Citation manquante,21,ELEVE,0,Correction #6 sur version 3
COR-01012,SUB-0209,MEM-0126,Graphique illisible,5,FAIBLE,0,Correction #7 sur version 3
COR-01013,SUB-0209,MEM-0126,Citation manquante,37,FAIBLE,0,Correction #8 sur version 3
COR-01014,SUB-0211,MEM-0118,Conclusion absente,32,MOYEN,1,Correction #1 sur version 5
COR-01015,SUB-0211,MEM-0118,Plagiat dtect,57,ELEVE,1,Correction #2 sur version 5
COR-01016,SUB-0211,MEM-0118,Argument insuffisant,60,FAIBLE,1,Correction #3 sur version 5
COR-01017,SUB-0211,MEM-0118,Code non comment,15,ELEVE,1,Correction #4 sur version 5
COR-01018,SUB-0211,MEM-0118,Mthodologie floue,21,ELEVE,0,Correction #5 sur version 5
COR-01019,SUB-0212,MEM-0113,Citation manquante,60,BLOQUANT,1,Correction #1 sur version 5
COR-01020,SUB-0212,MEM-0113,Problme de structure,1,ELEVE,1,Correction #2 sur version 5
COR-01021,SUB-0212,MEM-0113,Faute d'orthographe,53,ELEVE,1,Correction #3 sur version 5
COR-01022,SUB-0212,MEM-0113,Conclusion absente,50,ELEVE,0,Correction #4 sur version 5
COR-01023,SUB-0212,MEM-0113,Introduction incomplte,34,FAIBLE,0,Correction #5 sur version 5
COR-01024,SUB-0212,MEM-0113,Bibliographie incorrecte,16,ELEVE,0,Correction #6 sur version 5
COR-01025,SUB-0212,MEM-0113,Plagiat dtect,69,ELEVE,0,Correction #7 sur version 5
COR-01026,SUB-0212,MEM-0113,Faute d'orthographe,57,ELEVE,0,Correction #8 sur version 5
COR-01027,SUB-0213,MEM-0199,Rsultats non interprts,4,MOYEN,1,Correction #1 sur version 2
COR-01028,SUB-0213,MEM-0199,Introduction incomplte,54,MOYEN,1,Correction #2 sur version 2
COR-01029,SUB-0213,MEM-0199,Faute d'orthographe,24,ELEVE,1,Correction #3 sur version 2
COR-01030,SUB-0213,MEM-0199,Rsultats non interprts,33,MOYEN,1,Correction #4 sur version 2
COR-01031,SUB-0213,MEM-0199,Code non comment,29,ELEVE,1,Correction #5 sur version 2
COR-01032,SUB-0213,MEM-0199,Problme de structure,7,MOYEN,1,Correction #6 sur version 2
COR-01033,SUB-0213,MEM-0199,Graphique illisible,49,FAIBLE,0,Correction #7 sur version 2
COR-01034,SUB-0213,MEM-0199,Problme de structure,47,ELEVE,0,Correction #8 sur version 2
COR-01035,SUB-0214,MEM-0044,Argument insuffisant,24,BLOQUANT,1,Correction #1 sur version 3
COR-01036,SUB-0214,MEM-0044,Code non comment,22,MOYEN,1,Correction #2 sur version 3
COR-01037,SUB-0214,MEM-0044,Citation manquante,31,FAIBLE,1,Correction #3 sur version 3
COR-01038,SUB-0214,MEM-0044,Graphique illisible,7,FAIBLE,1,Correction #4 sur version 3
COR-01039,SUB-0214,MEM-0044,Code non comment,5,MOYEN,0,Correction #5 sur version 3
COR-01040,SUB-0214,MEM-0044,Rsultats non interprts,32,MOYEN,0,Correction #6 sur version 3
COR-01041,SUB-0214,MEM-0044,Graphique illisible,22,FAIBLE,0,Correction #7 sur version 3
COR-01042,SUB-0214,MEM-0044,Rsultats non interprts,29,MOYEN,0,Correction #8 sur version 3
COR-01043,SUB-0214,MEM-0044,Conclusion absente,17,MOYEN,0,Correction #9 sur version 3
COR-01044,SUB-0214,MEM-0044,Graphique illisible,3,ELEVE,0,Correction #10 sur version 3
COR-01045,SUB-0214,MEM-0044,Argument insuffisant,34,FAIBLE,0,Correction #11 sur version 3
COR-01046,SUB-0214,MEM-0044,Faute d'orthographe,15,MOYEN,0,Correction #12 sur version 3
COR-01047,SUB-0215,MEM-0180,Mthodologie floue,73,BLOQUANT,1,Correction #1 sur version 2
COR-01048,SUB-0215,MEM-0180,Rsultats non interprts,38,MOYEN,1,Correction #2 sur version 2
COR-01049,SUB-0215,MEM-0180,Rsultats non interprts,21,MOYEN,1,Correction #3 sur version 2
COR-01050,SUB-0215,MEM-0180,Code non comment,40,ELEVE,0,Correction #4 sur version 2
COR-01051,SUB-0216,MEM-0116,Conclusion absente,92,BLOQUANT,1,Correction #1 sur version 1
COR-01052,SUB-0216,MEM-0116,Code non comment,38,MOYEN,0,Correction #2 sur version 1
COR-01053,SUB-0217,MEM-0199,Argument insuffisant,17,BLOQUANT,1,Correction #1 sur version 6
COR-01054,SUB-0217,MEM-0199,Plagiat dtect,38,FAIBLE,1,Correction #2 sur version 6
COR-01055,SUB-0217,MEM-0199,Graphique illisible,82,MOYEN,1,Correction #3 sur version 6
COR-01056,SUB-0217,MEM-0199,Faute d'orthographe,28,FAIBLE,1,Correction #4 sur version 6
COR-01057,SUB-0217,MEM-0199,Graphique illisible,19,ELEVE,1,Correction #5 sur version 6
COR-01058,SUB-0218,MEM-0087,Faute d'orthographe,34,ELEVE,1,Correction #1 sur version 5
COR-01059,SUB-0218,MEM-0087,Rsultats non interprts,66,MOYEN,1,Correction #2 sur version 5
COR-01060,SUB-0218,MEM-0087,Bibliographie incorrecte,52,ELEVE,0,Correction #3 sur version 5
COR-01061,SUB-0220,MEM-0161,Plagiat dtect,11,MOYEN,1,Correction #1 sur version 3
COR-01062,SUB-0220,MEM-0161,Code non comment,10,MOYEN,0,Correction #2 sur version 3
COR-01063,SUB-0220,MEM-0161,Bibliographie incorrecte,21,ELEVE,0,Correction #3 sur version 3
COR-01064,SUB-0220,MEM-0161,Mthodologie floue,25,ELEVE,0,Correction #4 sur version 3
COR-01065,SUB-0220,MEM-0161,Code non comment,11,MOYEN,0,Correction #5 sur version 3
COR-01066,SUB-0220,MEM-0161,Conclusion absente,12,ELEVE,0,Correction #6 sur version 3
COR-01067,SUB-0220,MEM-0161,Introduction incomplte,1,MOYEN,0,Correction #7 sur version 3
COR-01068,SUB-0221,MEM-0179,Code non comment,5,BLOQUANT,1,Correction #1 sur version 3
COR-01069,SUB-0221,MEM-0179,Citation manquante,20,MOYEN,1,Correction #2 sur version 3
COR-01070,SUB-0221,MEM-0179,Citation manquante,10,FAIBLE,0,Correction #3 sur version 3
COR-01071,SUB-0221,MEM-0179,Plagiat dtect,50,MOYEN,0,Correction #4 sur version 3
COR-01072,SUB-0221,MEM-0179,Problme de structure,42,ELEVE,0,Correction #5 sur version 3
COR-01073,SUB-0221,MEM-0179,Mthodologie floue,32,FAIBLE,0,Correction #6 sur version 3
COR-01074,SUB-0221,MEM-0179,Plagiat dtect,59,MOYEN,0,Correction #7 sur version 3
COR-01075,SUB-0222,MEM-0027,Faute d'orthographe,96,ELEVE,1,Correction #1 sur version 3
COR-01076,SUB-0222,MEM-0027,Citation manquante,95,ELEVE,1,Correction #2 sur version 3
COR-01077,SUB-0222,MEM-0027,Mthodologie floue,86,FAIBLE,1,Correction #3 sur version 3
COR-01078,SUB-0222,MEM-0027,Introduction incomplte,81,FAIBLE,1,Correction #4 sur version 3
COR-01079,SUB-0222,MEM-0027,Mthodologie floue,65,FAIBLE,1,Correction #5 sur version 3
COR-01080,SUB-0222,MEM-0027,Graphique illisible,71,FAIBLE,1,Correction #6 sur version 3
COR-01081,SUB-0223,MEM-0055,Rsultats non interprts,35,ELEVE,1,Correction #1 sur version 6
COR-01082,SUB-0223,MEM-0055,Faute d'orthographe,29,FAIBLE,1,Correction #2 sur version 6
COR-01083,SUB-0223,MEM-0055,Bibliographie incorrecte,16,ELEVE,1,Correction #3 sur version 6
COR-01084,SUB-0223,MEM-0055,Graphique illisible,12,FAIBLE,0,Correction #4 sur version 6
COR-01085,SUB-0224,MEM-0036,Code non comment,32,ELEVE,1,Correction #1 sur version 2
COR-01086,SUB-0224,MEM-0036,Rsultats non interprts,92,FAIBLE,1,Correction #2 sur version 2
COR-01087,SUB-0224,MEM-0036,Argument insuffisant,6,MOYEN,1,Correction #3 sur version 2
COR-01088,SUB-0224,MEM-0036,Graphique illisible,71,ELEVE,1,Correction #4 sur version 2
COR-01089,SUB-0224,MEM-0036,Problme de structure,96,MOYEN,1,Correction #5 sur version 2
COR-01090,SUB-0224,MEM-0036,Rsultats non interprts,9,FAIBLE,1,Correction #6 sur version 2
COR-01091,SUB-0224,MEM-0036,Bibliographie incorrecte,39,FAIBLE,1,Correction #7 sur version 2
COR-01092,SUB-0224,MEM-0036,Citation manquante,30,FAIBLE,1,Correction #8 sur version 2
COR-01093,SUB-0224,MEM-0036,Plagiat dtect,75,FAIBLE,1,Correction #9 sur version 2
COR-01094,SUB-0224,MEM-0036,Conclusion absente,13,MOYEN,0,Correction #10 sur version 2
COR-01095,SUB-0224,MEM-0036,Faute d'orthographe,41,ELEVE,0,Correction #11 sur version 2
COR-01096,SUB-0224,MEM-0036,Problme de structure,26,ELEVE,0,Correction #12 sur version 2
COR-01097,SUB-0224,MEM-0036,Problme de structure,57,MOYEN,0,Correction #13 sur version 2
COR-01098,SUB-0224,MEM-0036,Conclusion absente,26,FAIBLE,0,Correction #14 sur version 2
COR-01099,SUB-0225,MEM-0014,Bibliographie incorrecte,28,FAIBLE,1,Correction #1 sur version 2
COR-01100,SUB-0225,MEM-0014,Conclusion absente,39,ELEVE,1,Correction #2 sur version 2
COR-01101,SUB-0225,MEM-0014,Faute d'orthographe,56,ELEVE,1,Correction #3 sur version 2
COR-01102,SUB-0225,MEM-0014,Rsultats non interprts,57,FAIBLE,1,Correction #4 sur version 2
COR-01103,SUB-0225,MEM-0014,Citation manquante,59,ELEVE,1,Correction #5 sur version 2
COR-01104,SUB-0225,MEM-0014,Graphique illisible,53,FAIBLE,1,Correction #6 sur version 2
COR-01105,SUB-0225,MEM-0014,Graphique illisible,64,ELEVE,1,Correction #7 sur version 2
COR-01106,SUB-0225,MEM-0014,Argument insuffisant,43,ELEVE,1,Correction #8 sur version 2
COR-01107,SUB-0225,MEM-0014,Conclusion absente,66,ELEVE,1,Correction #9 sur version 2
COR-01108,SUB-0225,MEM-0014,Code non comment,39,MOYEN,1,Correction #10 sur version 2
COR-01109,SUB-0225,MEM-0014,Bibliographie incorrecte,32,MOYEN,0,Correction #11 sur version 2
COR-01110,SUB-0225,MEM-0014,Graphique illisible,65,MOYEN,0,Correction #12 sur version 2
COR-01111,SUB-0227,MEM-0130,Graphique illisible,81,BLOQUANT,1,Correction #1 sur version 3
COR-01112,SUB-0227,MEM-0130,Problme de structure,97,MOYEN,1,Correction #2 sur version 3
COR-01113,SUB-0227,MEM-0130,Conclusion absente,1,FAIBLE,1,Correction #3 sur version 3
COR-01114,SUB-0227,MEM-0130,Bibliographie incorrecte,61,MOYEN,1,Correction #4 sur version 3
COR-01115,SUB-0227,MEM-0130,Argument insuffisant,23,MOYEN,1,Correction #5 sur version 3
COR-01116,SUB-0227,MEM-0130,Introduction incomplte,87,FAIBLE,1,Correction #6 sur version 3
COR-01117,SUB-0227,MEM-0130,Problme de structure,111,MOYEN,0,Correction #7 sur version 3
COR-01118,SUB-0230,MEM-0031,Mthodologie floue,69,MOYEN,1,Correction #1 sur version 1
COR-01119,SUB-0230,MEM-0031,Citation manquante,14,FAIBLE,1,Correction #2 sur version 1
COR-01120,SUB-0230,MEM-0031,Citation manquante,40,FAIBLE,1,Correction #3 sur version 1
COR-01121,SUB-0230,MEM-0031,Graphique illisible,41,ELEVE,0,Correction #4 sur version 1
COR-01122,SUB-0230,MEM-0031,Conclusion absente,14,ELEVE,0,Correction #5 sur version 1
COR-01123,SUB-0231,MEM-0031,Code non comment,39,BLOQUANT,1,Correction #1 sur version 1
COR-01124,SUB-0231,MEM-0031,Citation manquante,74,ELEVE,1,Correction #2 sur version 1
COR-01125,SUB-0231,MEM-0031,Argument insuffisant,42,ELEVE,0,Correction #3 sur version 1
COR-01126,SUB-0231,MEM-0031,Citation manquante,51,FAIBLE,0,Correction #4 sur version 1
COR-01127,SUB-0231,MEM-0031,Argument insuffisant,79,FAIBLE,0,Correction #5 sur version 1
COR-01128,SUB-0231,MEM-0031,Argument insuffisant,42,ELEVE,0,Correction #6 sur version 1
COR-01129,SUB-0231,MEM-0031,Conclusion absente,84,ELEVE,0,Correction #7 sur version 1
COR-01130,SUB-0231,MEM-0031,Introduction incomplte,35,ELEVE,0,Correction #8 sur version 1
COR-01131,SUB-0231,MEM-0031,Graphique illisible,61,FAIBLE,0,Correction #9 sur version 1
COR-01132,SUB-0231,MEM-0031,Mthodologie floue,19,MOYEN,0,Correction #10 sur version 1
COR-01133,SUB-0231,MEM-0031,Mthodologie floue,46,MOYEN,0,Correction #11 sur version 1
COR-01134,SUB-0231,MEM-0031,Mthodologie floue,58,ELEVE,0,Correction #12 sur version 1
COR-01135,SUB-0231,MEM-0031,Introduction incomplte,73,MOYEN,0,Correction #13 sur version 1
COR-01136,SUB-0231,MEM-0031,Introduction incomplte,1,MOYEN,0,Correction #14 sur version 1
COR-01137,SUB-0231,MEM-0031,Faute d'orthographe,53,MOYEN,0,Correction #15 sur version 1
COR-01138,SUB-0231,MEM-0031,Code non comment,18,MOYEN,0,Correction #16 sur version 1
COR-01139,SUB-0233,MEM-0046,Graphique illisible,3,MOYEN,1,Correction #1 sur version 1
COR-01140,SUB-0233,MEM-0046,Citation manquante,27,ELEVE,1,Correction #2 sur version 1
COR-01141,SUB-0233,MEM-0046,Rsultats non interprts,33,ELEVE,1,Correction #3 sur version 1
COR-01142,SUB-0233,MEM-0046,Mthodologie floue,4,MOYEN,1,Correction #4 sur version 1
COR-01143,SUB-0233,MEM-0046,Introduction incomplte,49,MOYEN,1,Correction #5 sur version 1
COR-01144,SUB-0233,MEM-0046,Bibliographie incorrecte,72,MOYEN,1,Correction #6 sur version 1
COR-01145,SUB-0233,MEM-0046,Citation manquante,28,ELEVE,1,Correction #7 sur version 1
COR-01146,SUB-0233,MEM-0046,Bibliographie incorrecte,57,ELEVE,1,Correction #8 sur version 1
COR-01147,SUB-0233,MEM-0046,Problme de structure,10,MOYEN,1,Correction #9 sur version 1
COR-01148,SUB-0233,MEM-0046,Argument insuffisant,42,FAIBLE,1,Correction #10 sur version 1
COR-01149,SUB-0233,MEM-0046,Conclusion absente,76,ELEVE,1,Correction #11 sur version 1
COR-01150,SUB-0233,MEM-0046,Faute d'orthographe,50,MOYEN,1,Correction #12 sur version 1
COR-01151,SUB-0233,MEM-0046,Rsultats non interprts,63,ELEVE,1,Correction #13 sur version 1
COR-01152,SUB-0233,MEM-0046,Graphique illisible,78,FAIBLE,0,Correction #14 sur version 1
COR-01153,SUB-0233,MEM-0046,Introduction incomplte,8,ELEVE,0,Correction #15 sur version 1
COR-01154,SUB-0233,MEM-0046,Faute d'orthographe,82,FAIBLE,0,Correction #16 sur version 1
COR-01155,SUB-0233,MEM-0046,Graphique illisible,69,MOYEN,0,Correction #17 sur version 1
COR-01156,SUB-0233,MEM-0046,Conclusion absente,37,MOYEN,0,Correction #18 sur version 1
COR-01157,SUB-0233,MEM-0046,Conclusion absente,18,FAIBLE,0,Correction #19 sur version 1
COR-01158,SUB-0233,MEM-0046,Problme de structure,42,ELEVE,0,Correction #20 sur version 1
COR-01159,SUB-0234,MEM-0070,Rsultats non interprts,27,BLOQUANT,0,Correction #1 sur version 1
COR-01160,SUB-0236,MEM-0199,Argument insuffisant,56,BLOQUANT,1,Correction #1 sur version 2
COR-01161,SUB-0236,MEM-0199,Plagiat dtect,20,FAIBLE,0,Correction #2 sur version 2
COR-01162,SUB-0236,MEM-0199,Citation manquante,36,ELEVE,0,Correction #3 sur version 2
COR-01163,SUB-0236,MEM-0199,Conclusion absente,16,FAIBLE,0,Correction #4 sur version 2
COR-01164,SUB-0237,MEM-0086,Mthodologie floue,74,BLOQUANT,1,Correction #1 sur version 1
COR-01165,SUB-0237,MEM-0086,Code non comment,34,ELEVE,0,Correction #2 sur version 1
COR-01166,SUB-0237,MEM-0086,Bibliographie incorrecte,38,ELEVE,0,Correction #3 sur version 1
COR-01167,SUB-0237,MEM-0086,Faute d'orthographe,18,ELEVE,0,Correction #4 sur version 1
COR-01168,SUB-0237,MEM-0086,Rsultats non interprts,92,FAIBLE,0,Correction #5 sur version 1
COR-01169,SUB-0237,MEM-0086,Mthodologie floue,47,ELEVE,0,Correction #6 sur version 1
COR-01170,SUB-0237,MEM-0086,Rsultats non interprts,28,MOYEN,0,Correction #7 sur version 1
COR-01171,SUB-0237,MEM-0086,Mthodologie floue,60,FAIBLE,0,Correction #8 sur version 1
COR-01172,SUB-0237,MEM-0086,Conclusion absente,47,FAIBLE,0,Correction #9 sur version 1
COR-01173,SUB-0238,MEM-0183,Mthodologie floue,13,BLOQUANT,1,Correction #1 sur version 3
COR-01174,SUB-0238,MEM-0183,Rsultats non interprts,17,ELEVE,1,Correction #2 sur version 3
COR-01175,SUB-0238,MEM-0183,Plagiat dtect,2,MOYEN,1,Correction #3 sur version 3
COR-01176,SUB-0238,MEM-0183,Problme de structure,27,FAIBLE,1,Correction #4 sur version 3
COR-01177,SUB-0238,MEM-0183,Introduction incomplte,32,MOYEN,1,Correction #5 sur version 3
COR-01178,SUB-0238,MEM-0183,Bibliographie incorrecte,4,FAIBLE,1,Correction #6 sur version 3
COR-01179,SUB-0238,MEM-0183,Mthodologie floue,2,ELEVE,0,Correction #7 sur version 3
COR-01180,SUB-0238,MEM-0183,Introduction incomplte,3,ELEVE,0,Correction #8 sur version 3
COR-01181,SUB-0238,MEM-0183,Mthodologie floue,35,ELEVE,0,Correction #9 sur version 3
COR-01182,SUB-0238,MEM-0183,Graphique illisible,37,MOYEN,0,Correction #10 sur version 3
COR-01183,SUB-0240,MEM-0060,Code non comment,9,MOYEN,1,Correction #1 sur version 1
COR-01184,SUB-0240,MEM-0060,Problme de structure,73,ELEVE,1,Correction #2 sur version 1
COR-01185,SUB-0240,MEM-0060,Bibliographie incorrecte,15,FAIBLE,1,Correction #3 sur version 1
COR-01186,SUB-0240,MEM-0060,Argument insuffisant,66,ELEVE,0,Correction #4 sur version 1
COR-01187,SUB-0240,MEM-0060,Plagiat dtect,60,FAIBLE,0,Correction #5 sur version 1
COR-01188,SUB-0240,MEM-0060,Code non comment,25,ELEVE,0,Correction #6 sur version 1
COR-01189,SUB-0240,MEM-0060,Code non comment,56,FAIBLE,0,Correction #7 sur version 1
COR-01190,SUB-0240,MEM-0060,Conclusion absente,58,MOYEN,0,Correction #8 sur version 1
COR-01191,SUB-0240,MEM-0060,Argument insuffisant,84,ELEVE,0,Correction #9 sur version 1
COR-01192,SUB-0240,MEM-0060,Problme de structure,24,MOYEN,0,Correction #10 sur version 1
COR-01193,SUB-0240,MEM-0060,Plagiat dtect,44,ELEVE,0,Correction #11 sur version 1
COR-01194,SUB-0240,MEM-0060,Bibliographie incorrecte,56,MOYEN,0,Correction #12 sur version 1
COR-01195,SUB-0240,MEM-0060,Introduction incomplte,74,FAIBLE,0,Correction #13 sur version 1
COR-01196,SUB-0240,MEM-0060,Faute d'orthographe,80,MOYEN,0,Correction #14 sur version 1
COR-01197,SUB-0240,MEM-0060,Faute d'orthographe,2,MOYEN,0,Correction #15 sur version 1
COR-01198,SUB-0240,MEM-0060,Mthodologie floue,55,FAIBLE,0,Correction #16 sur version 1
COR-01199,SUB-0240,MEM-0060,Graphique illisible,29,FAIBLE,0,Correction #17 sur version 1
COR-01200,SUB-0240,MEM-0060,Code non comment,42,ELEVE,0,Correction #18 sur version 1
COR-01201,SUB-0244,MEM-0067,Conclusion absente,42,ELEVE,1,Correction #1 sur version 1
COR-01202,SUB-0244,MEM-0067,Citation manquante,37,ELEVE,1,Correction #2 sur version 1
COR-01203,SUB-0244,MEM-0067,Rsultats non interprts,37,MOYEN,1,Correction #3 sur version 1
COR-01204,SUB-0244,MEM-0067,Citation manquante,10,FAIBLE,1,Correction #4 sur version 1
COR-01205,SUB-0244,MEM-0067,Graphique illisible,12,FAIBLE,1,Correction #5 sur version 1
COR-01206,SUB-0244,MEM-0067,Faute d'orthographe,35,FAIBLE,1,Correction #6 sur version 1
COR-01207,SUB-0244,MEM-0067,Faute d'orthographe,9,ELEVE,1,Correction #7 sur version 1
COR-01208,SUB-0244,MEM-0067,Mthodologie floue,5,ELEVE,1,Correction #8 sur version 1
COR-01209,SUB-0244,MEM-0067,Mthodologie floue,15,MOYEN,1,Correction #9 sur version 1
COR-01210,SUB-0244,MEM-0067,Citation manquante,13,ELEVE,1,Correction #10 sur version 1
COR-01211,SUB-0244,MEM-0067,Argument insuffisant,28,MOYEN,1,Correction #11 sur version 1
COR-01212,SUB-0244,MEM-0067,Citation manquante,14,MOYEN,1,Correction #12 sur version 1
COR-01213,SUB-0244,MEM-0067,Faute d'orthographe,9,MOYEN,1,Correction #13 sur version 1
COR-01214,SUB-0244,MEM-0067,Problme de structure,25,MOYEN,1,Correction #14 sur version 1
COR-01215,SUB-0244,MEM-0067,Conclusion absente,14,FAIBLE,0,Correction #15 sur version 1
COR-01216,SUB-0244,MEM-0067,Faute d'orthographe,29,MOYEN,0,Correction #16 sur version 1
COR-01217,SUB-0244,MEM-0067,Introduction incomplte,13,MOYEN,0,Correction #17 sur version 1
COR-01218,SUB-0244,MEM-0067,Introduction incomplte,38,FAIBLE,0,Correction #18 sur version 1
COR-01219,SUB-0244,MEM-0067,Problme de structure,12,FAIBLE,0,Correction #19 sur version 1
COR-01220,SUB-0244,MEM-0067,Plagiat dtect,34,ELEVE,0,Correction #20 sur version 1
COR-01221,SUB-0246,MEM-0115,Problme de structure,21,BLOQUANT,1,Correction #1 sur version 2
COR-01222,SUB-0246,MEM-0115,Problme de structure,63,FAIBLE,1,Correction #2 sur version 2
COR-01223,SUB-0246,MEM-0115,Plagiat dtect,46,ELEVE,0,Correction #3 sur version 2
COR-01224,SUB-0246,MEM-0115,Mthodologie floue,54,ELEVE,0,Correction #4 sur version 2
COR-01225,SUB-0247,MEM-0036,Citation manquante,27,BLOQUANT,1,Correction #1 sur version 4
COR-01226,SUB-0247,MEM-0036,Bibliographie incorrecte,47,FAIBLE,1,Correction #2 sur version 4
COR-01227,SUB-0247,MEM-0036,Graphique illisible,66,MOYEN,1,Correction #3 sur version 4
COR-01228,SUB-0247,MEM-0036,Conclusion absente,3,FAIBLE,0,Correction #4 sur version 4
COR-01229,SUB-0247,MEM-0036,Introduction incomplte,54,FAIBLE,0,Correction #5 sur version 4
COR-01230,SUB-0247,MEM-0036,Problme de structure,46,MOYEN,0,Correction #6 sur version 4
COR-01231,SUB-0247,MEM-0036,Graphique illisible,9,MOYEN,0,Correction #7 sur version 4
COR-01232,SUB-0250,MEM-0152,Introduction incomplte,84,BLOQUANT,1,Correction #1 sur version 1
COR-01233,SUB-0250,MEM-0152,Citation manquante,90,MOYEN,1,Correction #2 sur version 1
COR-01234,SUB-0250,MEM-0152,Code non comment,83,FAIBLE,1,Correction #3 sur version 1
COR-01235,SUB-0250,MEM-0152,Conclusion absente,3,MOYEN,1,Correction #4 sur version 1
COR-01236,SUB-0250,MEM-0152,Rsultats non interprts,83,MOYEN,1,Correction #5 sur version 1
COR-01237,SUB-0250,MEM-0152,Faute d'orthographe,19,MOYEN,1,Correction #6 sur version 1
COR-01238,SUB-0250,MEM-0152,Argument insuffisant,73,FAIBLE,1,Correction #7 sur version 1
COR-01239,SUB-0250,MEM-0152,Argument insuffisant,67,FAIBLE,1,Correction #8 sur version 1
COR-01240,SUB-0250,MEM-0152,Argument insuffisant,89,FAIBLE,1,Correction #9 sur version 1
COR-01241,SUB-0250,MEM-0152,Faute d'orthographe,8,MOYEN,1,Correction #10 sur version 1
COR-01242,SUB-0250,MEM-0152,Citation manquante,95,ELEVE,1,Correction #11 sur version 1
COR-01243,SUB-0250,MEM-0152,Graphique illisible,48,ELEVE,1,Correction #12 sur version 1
COR-01244,SUB-0250,MEM-0152,Introduction incomplte,21,ELEVE,1,Correction #13 sur version 1
COR-01245,SUB-0250,MEM-0152,Argument insuffisant,23,MOYEN,1,Correction #14 sur version 1
COR-01246,SUB-0250,MEM-0152,Argument insuffisant,95,ELEVE,1,Correction #15 sur version 1
COR-01247,SUB-0250,MEM-0152,Argument insuffisant,47,ELEVE,1,Correction #16 sur version 1
COR-01248,SUB-0250,MEM-0152,Argument insuffisant,4,FAIBLE,1,Correction #17 sur version 1
COR-01249,SUB-0250,MEM-0152,Citation manquante,40,MOYEN,1,Correction #18 sur version 1
COR-01250,SUB-0251,MEM-0015,Code non comment,24,MOYEN,0,Correction #1 sur version 2
COR-01251,SUB-0251,MEM-0015,Plagiat dtect,21,MOYEN,0,Correction #2 sur version 2
COR-01252,SUB-0251,MEM-0015,Faute d'orthographe,22,FAIBLE,0,Correction #3 sur version 2
COR-01253,SUB-0251,MEM-0015,Conclusion absente,3,FAIBLE,0,Correction #4 sur version 2
COR-01254,SUB-0251,MEM-0015,Argument insuffisant,27,ELEVE,0,Correction #5 sur version 2
COR-01255,SUB-0251,MEM-0015,Bibliographie incorrecte,25,FAIBLE,0,Correction #6 sur version 2
COR-01256,SUB-0251,MEM-0015,Rsultats non interprts,34,ELEVE,0,Correction #7 sur version 2
COR-01257,SUB-0251,MEM-0015,Argument insuffisant,7,FAIBLE,0,Correction #8 sur version 2
COR-01258,SUB-0251,MEM-0015,Mthodologie floue,15,FAIBLE,0,Correction #9 sur version 2
COR-01259,SUB-0251,MEM-0015,Introduction incomplte,5,FAIBLE,0,Correction #10 sur version 2
COR-01260,SUB-0251,MEM-0015,Conclusion absente,30,FAIBLE,0,Correction #11 sur version 2
COR-01261,SUB-0251,MEM-0015,Bibliographie incorrecte,29,MOYEN,0,Correction #12 sur version 2
COR-01262,SUB-0253,MEM-0188,Plagiat dtect,104,FAIBLE,1,Correction #1 sur version 4
COR-01263,SUB-0253,MEM-0188,Faute d'orthographe,40,ELEVE,1,Correction #2 sur version 4
COR-01264,SUB-0253,MEM-0188,Conclusion absente,33,MOYEN,1,Correction #3 sur version 4
COR-01265,SUB-0253,MEM-0188,Mthodologie floue,85,FAIBLE,1,Correction #4 sur version 4
COR-01266,SUB-0253,MEM-0188,Mthodologie floue,79,ELEVE,1,Correction #5 sur version 4
COR-01267,SUB-0253,MEM-0188,Rsultats non interprts,13,ELEVE,0,Correction #6 sur version 4
COR-01268,SUB-0253,MEM-0188,Conclusion absente,96,MOYEN,0,Correction #7 sur version 4
COR-01269,SUB-0253,MEM-0188,Citation manquante,17,ELEVE,0,Correction #8 sur version 4
COR-01270,SUB-0253,MEM-0188,Bibliographie incorrecte,17,FAIBLE,0,Correction #9 sur version 4
COR-01271,SUB-0253,MEM-0188,Citation manquante,85,FAIBLE,0,Correction #10 sur version 4
COR-01272,SUB-0253,MEM-0188,Rsultats non interprts,13,FAIBLE,0,Correction #11 sur version 4
COR-01273,SUB-0254,MEM-0187,Introduction incomplte,37,ELEVE,1,Correction #1 sur version 1
COR-01274,SUB-0254,MEM-0187,Problme de structure,32,ELEVE,1,Correction #2 sur version 1
COR-01275,SUB-0254,MEM-0187,Graphique illisible,24,FAIBLE,1,Correction #3 sur version 1
COR-01276,SUB-0254,MEM-0187,Code non comment,39,ELEVE,1,Correction #4 sur version 1
COR-01277,SUB-0254,MEM-0187,Rsultats non interprts,60,MOYEN,1,Correction #5 sur version 1
COR-01278,SUB-0254,MEM-0187,Plagiat dtect,67,ELEVE,1,Correction #6 sur version 1
COR-01279,SUB-0254,MEM-0187,Plagiat dtect,35,ELEVE,1,Correction #7 sur version 1
COR-01280,SUB-0254,MEM-0187,Mthodologie floue,55,FAIBLE,1,Correction #8 sur version 1
COR-01281,SUB-0254,MEM-0187,Code non comment,19,MOYEN,1,Correction #9 sur version 1
COR-01282,SUB-0254,MEM-0187,Rsultats non interprts,5,ELEVE,1,Correction #10 sur version 1
COR-01283,SUB-0254,MEM-0187,Introduction incomplte,81,ELEVE,1,Correction #11 sur version 1
COR-01284,SUB-0254,MEM-0187,Citation manquante,24,FAIBLE,1,Correction #12 sur version 1
COR-01285,SUB-0255,MEM-0037,Faute d'orthographe,10,BLOQUANT,1,Correction #1 sur version 3
COR-01286,SUB-0255,MEM-0037,Faute d'orthographe,54,ELEVE,0,Correction #2 sur version 3
COR-01287,SUB-0255,MEM-0037,Argument insuffisant,26,FAIBLE,0,Correction #3 sur version 3
COR-01288,SUB-0255,MEM-0037,Faute d'orthographe,37,MOYEN,0,Correction #4 sur version 3
COR-01289,SUB-0256,MEM-0066,Conclusion absente,31,BLOQUANT,1,Correction #1 sur version 1
COR-01290,SUB-0256,MEM-0066,Citation manquante,41,MOYEN,1,Correction #2 sur version 1
COR-01291,SUB-0256,MEM-0066,Introduction incomplte,29,ELEVE,1,Correction #3 sur version 1
COR-01292,SUB-0256,MEM-0066,Conclusion absente,40,FAIBLE,1,Correction #4 sur version 1
COR-01293,SUB-0256,MEM-0066,Bibliographie incorrecte,29,MOYEN,1,Correction #5 sur version 1
COR-01294,SUB-0256,MEM-0066,Rsultats non interprts,18,FAIBLE,1,Correction #6 sur version 1
COR-01295,SUB-0256,MEM-0066,Bibliographie incorrecte,22,ELEVE,1,Correction #7 sur version 1
COR-01296,SUB-0256,MEM-0066,Argument insuffisant,17,MOYEN,1,Correction #8 sur version 1
COR-01297,SUB-0256,MEM-0066,Conclusion absente,50,MOYEN,1,Correction #9 sur version 1
COR-01298,SUB-0256,MEM-0066,Conclusion absente,43,ELEVE,1,Correction #10 sur version 1
COR-01299,SUB-0256,MEM-0066,Code non comment,22,FAIBLE,1,Correction #11 sur version 1
COR-01300,SUB-0256,MEM-0066,Graphique illisible,5,ELEVE,0,Correction #12 sur version 1
COR-01301,SUB-0256,MEM-0066,Introduction incomplte,42,MOYEN,0,Correction #13 sur version 1
COR-01302,SUB-0256,MEM-0066,Bibliographie incorrecte,9,FAIBLE,0,Correction #14 sur version 1
COR-01303,SUB-0257,MEM-0097,Problme de structure,15,BLOQUANT,1,Correction #1 sur version 3
COR-01304,SUB-0257,MEM-0097,Problme de structure,8,MOYEN,1,Correction #2 sur version 3
COR-01305,SUB-0257,MEM-0097,Rsultats non interprts,19,ELEVE,1,Correction #3 sur version 3
COR-01306,SUB-0257,MEM-0097,Mthodologie floue,20,FAIBLE,1,Correction #4 sur version 3
COR-01307,SUB-0257,MEM-0097,Introduction incomplte,6,MOYEN,1,Correction #5 sur version 3
COR-01308,SUB-0257,MEM-0097,Argument insuffisant,26,ELEVE,1,Correction #6 sur version 3
COR-01309,SUB-0257,MEM-0097,Citation manquante,10,ELEVE,1,Correction #7 sur version 3
COR-01310,SUB-0257,MEM-0097,Citation manquante,2,ELEVE,1,Correction #8 sur version 3
COR-01311,SUB-0257,MEM-0097,Rsultats non interprts,23,FAIBLE,1,Correction #9 sur version 3
COR-01312,SUB-0259,MEM-0041,Plagiat dtect,50,ELEVE,1,Correction #1 sur version 1
COR-01313,SUB-0259,MEM-0041,Plagiat dtect,56,FAIBLE,1,Correction #2 sur version 1
COR-01314,SUB-0259,MEM-0041,Bibliographie incorrecte,4,ELEVE,1,Correction #3 sur version 1
COR-01315,SUB-0259,MEM-0041,Mthodologie floue,35,ELEVE,0,Correction #4 sur version 1
COR-01316,SUB-0259,MEM-0041,Rsultats non interprts,34,FAIBLE,0,Correction #5 sur version 1
COR-01317,SUB-0259,MEM-0041,Mthodologie floue,11,FAIBLE,0,Correction #6 sur version 1
COR-01318,SUB-0261,MEM-0021,Problme de structure,88,BLOQUANT,1,Correction #1 sur version 4
COR-01319,SUB-0261,MEM-0021,Code non comment,82,FAIBLE,1,Correction #2 sur version 4
COR-01320,SUB-0261,MEM-0021,Citation manquante,108,ELEVE,1,Correction #3 sur version 4
COR-01321,SUB-0262,MEM-0098,Argument insuffisant,35,ELEVE,1,Correction #1 sur version 3
COR-01322,SUB-0262,MEM-0098,Introduction incomplte,13,ELEVE,1,Correction #2 sur version 3
COR-01323,SUB-0262,MEM-0098,Faute d'orthographe,26,MOYEN,1,Correction #3 sur version 3
COR-01324,SUB-0262,MEM-0098,Introduction incomplte,34,MOYEN,1,Correction #4 sur version 3
COR-01325,SUB-0262,MEM-0098,Conclusion absente,30,MOYEN,1,Correction #5 sur version 3
COR-01326,SUB-0262,MEM-0098,Argument insuffisant,20,MOYEN,1,Correction #6 sur version 3
COR-01327,SUB-0262,MEM-0098,Problme de structure,17,FAIBLE,1,Correction #7 sur version 3
COR-01328,SUB-0262,MEM-0098,Bibliographie incorrecte,20,ELEVE,0,Correction #8 sur version 3
COR-01329,SUB-0267,MEM-0028,Citation manquante,79,BLOQUANT,1,Correction #1 sur version 5
COR-01330,SUB-0267,MEM-0028,Problme de structure,8,ELEVE,1,Correction #2 sur version 5
COR-01331,SUB-0267,MEM-0028,Argument insuffisant,19,MOYEN,0,Correction #3 sur version 5
COR-01332,SUB-0267,MEM-0028,Argument insuffisant,32,MOYEN,0,Correction #4 sur version 5
COR-01333,SUB-0267,MEM-0028,Argument insuffisant,54,MOYEN,0,Correction #5 sur version 5
COR-01334,SUB-0268,MEM-0010,Introduction incomplte,25,BLOQUANT,1,Correction #1 sur version 2
COR-01335,SUB-0268,MEM-0010,Mthodologie floue,10,FAIBLE,1,Correction #2 sur version 2
COR-01336,SUB-0268,MEM-0010,Graphique illisible,18,FAIBLE,1,Correction #3 sur version 2
COR-01337,SUB-0268,MEM-0010,Problme de structure,20,MOYEN,1,Correction #4 sur version 2
COR-01338,SUB-0268,MEM-0010,Conclusion absente,19,FAIBLE,1,Correction #5 sur version 2
COR-01339,SUB-0268,MEM-0010,Graphique illisible,42,ELEVE,1,Correction #6 sur version 2
COR-01340,SUB-0268,MEM-0010,Code non comment,16,FAIBLE,1,Correction #7 sur version 2
COR-01341,SUB-0268,MEM-0010,Graphique illisible,68,ELEVE,1,Correction #8 sur version 2
COR-01342,SUB-0268,MEM-0010,Code non comment,61,FAIBLE,1,Correction #9 sur version 2
COR-01343,SUB-0268,MEM-0010,Code non comment,57,FAIBLE,1,Correction #10 sur version 2
COR-01344,SUB-0268,MEM-0010,Problme de structure,70,MOYEN,1,Correction #11 sur version 2
COR-01345,SUB-0268,MEM-0010,Plagiat dtect,59,ELEVE,1,Correction #12 sur version 2
COR-01346,SUB-0268,MEM-0010,Problme de structure,44,FAIBLE,0,Correction #13 sur version 2
COR-01347,SUB-0268,MEM-0010,Faute d'orthographe,49,MOYEN,0,Correction #14 sur version 2
COR-01348,SUB-0268,MEM-0010,Problme de structure,60,MOYEN,0,Correction #15 sur version 2
COR-01349,SUB-0268,MEM-0010,Plagiat dtect,22,MOYEN,0,Correction #16 sur version 2
COR-01350,SUB-0269,MEM-0069,Rsultats non interprts,89,BLOQUANT,1,Correction #1 sur version 3
COR-01351,SUB-0269,MEM-0069,Graphique illisible,29,MOYEN,1,Correction #2 sur version 3
COR-01352,SUB-0269,MEM-0069,Problme de structure,12,ELEVE,0,Correction #3 sur version 3
COR-01353,SUB-0270,MEM-0035,Rsultats non interprts,78,BLOQUANT,1,Correction #1 sur version 3
COR-01354,SUB-0270,MEM-0035,Mthodologie floue,31,ELEVE,1,Correction #2 sur version 3
COR-01355,SUB-0270,MEM-0035,Conclusion absente,108,ELEVE,0,Correction #3 sur version 3
COR-01356,SUB-0270,MEM-0035,Introduction incomplte,54,ELEVE,0,Correction #4 sur version 3
COR-01357,SUB-0272,MEM-0052,Code non comment,14,FAIBLE,1,Correction #1 sur version 1
COR-01358,SUB-0272,MEM-0052,Rsultats non interprts,36,MOYEN,1,Correction #2 sur version 1
COR-01359,SUB-0272,MEM-0052,Code non comment,66,MOYEN,1,Correction #3 sur version 1
COR-01360,SUB-0272,MEM-0052,Introduction incomplte,86,MOYEN,1,Correction #4 sur version 1
COR-01361,SUB-0272,MEM-0052,Mthodologie floue,11,MOYEN,1,Correction #5 sur version 1
COR-01362,SUB-0272,MEM-0052,Problme de structure,63,FAIBLE,1,Correction #6 sur version 1
COR-01363,SUB-0272,MEM-0052,Plagiat dtect,64,FAIBLE,1,Correction #7 sur version 1
COR-01364,SUB-0272,MEM-0052,Plagiat dtect,56,FAIBLE,1,Correction #8 sur version 1
COR-01365,SUB-0272,MEM-0052,Graphique illisible,14,ELEVE,1,Correction #9 sur version 1
COR-01366,SUB-0272,MEM-0052,Conclusion absente,72,ELEVE,1,Correction #10 sur version 1
COR-01367,SUB-0272,MEM-0052,Plagiat dtect,49,ELEVE,1,Correction #11 sur version 1
COR-01368,SUB-0273,MEM-0062,Bibliographie incorrecte,56,ELEVE,1,Correction #1 sur version 3
COR-01369,SUB-0273,MEM-0062,Introduction incomplte,3,ELEVE,1,Correction #2 sur version 3
COR-01370,SUB-0273,MEM-0062,Problme de structure,38,ELEVE,1,Correction #3 sur version 3
COR-01371,SUB-0273,MEM-0062,Problme de structure,37,ELEVE,1,Correction #4 sur version 3
COR-01372,SUB-0273,MEM-0062,Problme de structure,62,FAIBLE,1,Correction #5 sur version 3
COR-01373,SUB-0273,MEM-0062,Mthodologie floue,38,FAIBLE,1,Correction #6 sur version 3
COR-01374,SUB-0273,MEM-0062,Rsultats non interprts,58,ELEVE,1,Correction #7 sur version 3
COR-01375,SUB-0273,MEM-0062,Introduction incomplte,53,ELEVE,1,Correction #8 sur version 3
COR-01376,SUB-0273,MEM-0062,Rsultats non interprts,48,MOYEN,1,Correction #9 sur version 3
COR-01377,SUB-0274,MEM-0013,Mthodologie floue,57,FAIBLE,1,Correction #1 sur version 2
COR-01378,SUB-0274,MEM-0013,Plagiat dtect,67,MOYEN,0,Correction #2 sur version 2
COR-01379,SUB-0274,MEM-0013,Introduction incomplte,81,FAIBLE,0,Correction #3 sur version 2
COR-01380,SUB-0276,MEM-0120,Introduction incomplte,86,ELEVE,1,Correction #1 sur version 3
COR-01381,SUB-0276,MEM-0120,Citation manquante,73,FAIBLE,1,Correction #2 sur version 3
COR-01382,SUB-0276,MEM-0120,Faute d'orthographe,81,FAIBLE,1,Correction #3 sur version 3
COR-01383,SUB-0276,MEM-0120,Problme de structure,38,MOYEN,1,Correction #4 sur version 3
COR-01384,SUB-0276,MEM-0120,Faute d'orthographe,94,MOYEN,0,Correction #5 sur version 3
COR-01385,SUB-0276,MEM-0120,Graphique illisible,46,MOYEN,0,Correction #6 sur version 3
COR-01386,SUB-0277,MEM-0087,Mthodologie floue,23,ELEVE,1,Correction #1 sur version 3
COR-01387,SUB-0277,MEM-0087,Graphique illisible,29,FAIBLE,1,Correction #2 sur version 3
COR-01388,SUB-0278,MEM-0175,Faute d'orthographe,42,BLOQUANT,1,Correction #1 sur version 2
COR-01389,SUB-0278,MEM-0175,Rsultats non interprts,34,MOYEN,1,Correction #2 sur version 2
COR-01390,SUB-0278,MEM-0175,Citation manquante,72,FAIBLE,0,Correction #3 sur version 2
COR-01391,SUB-0278,MEM-0175,Code non comment,42,ELEVE,0,Correction #4 sur version 2
COR-01392,SUB-0278,MEM-0175,Introduction incomplte,45,ELEVE,0,Correction #5 sur version 2
COR-01393,SUB-0278,MEM-0175,Conclusion absente,12,FAIBLE,0,Correction #6 sur version 2
COR-01394,SUB-0279,MEM-0088,Mthodologie floue,79,MOYEN,1,Correction #1 sur version 6
COR-01395,SUB-0279,MEM-0088,Rsultats non interprts,104,ELEVE,1,Correction #2 sur version 6
COR-01396,SUB-0279,MEM-0088,Mthodologie floue,107,FAIBLE,1,Correction #3 sur version 6
COR-01397,SUB-0279,MEM-0088,Problme de structure,93,MOYEN,0,Correction #4 sur version 6
COR-01398,SUB-0279,MEM-0088,Code non comment,52,FAIBLE,0,Correction #5 sur version 6
COR-01399,SUB-0281,MEM-0076,Mthodologie floue,40,BLOQUANT,1,Correction #1 sur version 4
COR-01400,SUB-0281,MEM-0076,Code non comment,12,MOYEN,1,Correction #2 sur version 4
COR-01401,SUB-0281,MEM-0076,Citation manquante,17,MOYEN,1,Correction #3 sur version 4
COR-01402,SUB-0281,MEM-0076,Conclusion absente,23,ELEVE,1,Correction #4 sur version 4
COR-01403,SUB-0281,MEM-0076,Conclusion absente,24,MOYEN,1,Correction #5 sur version 4
COR-01404,SUB-0281,MEM-0076,Argument insuffisant,21,FAIBLE,1,Correction #6 sur version 4
COR-01405,SUB-0281,MEM-0076,Problme de structure,13,FAIBLE,1,Correction #7 sur version 4
COR-01406,SUB-0281,MEM-0076,Graphique illisible,33,ELEVE,1,Correction #8 sur version 4
COR-01407,SUB-0281,MEM-0076,Code non comment,36,ELEVE,1,Correction #9 sur version 4
COR-01408,SUB-0281,MEM-0076,Bibliographie incorrecte,35,MOYEN,0,Correction #10 sur version 4
COR-01409,SUB-0281,MEM-0076,Introduction incomplte,40,FAIBLE,0,Correction #11 sur version 4
COR-01410,SUB-0282,MEM-0106,Rsultats non interprts,10,BLOQUANT,1,Correction #1 sur version 1
COR-01411,SUB-0282,MEM-0106,Problme de structure,12,FAIBLE,1,Correction #2 sur version 1
COR-01412,SUB-0282,MEM-0106,Plagiat dtect,85,ELEVE,0,Correction #3 sur version 1
COR-01413,SUB-0282,MEM-0106,Graphique illisible,19,MOYEN,0,Correction #4 sur version 1
COR-01414,SUB-0282,MEM-0106,Mthodologie floue,69,ELEVE,0,Correction #5 sur version 1
COR-01415,SUB-0282,MEM-0106,Introduction incomplte,18,MOYEN,0,Correction #6 sur version 1
COR-01416,SUB-0285,MEM-0137,Problme de structure,109,MOYEN,1,Correction #1 sur version 2
COR-01417,SUB-0285,MEM-0137,Graphique illisible,79,ELEVE,1,Correction #2 sur version 2
COR-01418,SUB-0285,MEM-0137,Problme de structure,42,ELEVE,1,Correction #3 sur version 2
COR-01419,SUB-0285,MEM-0137,Conclusion absente,106,FAIBLE,0,Correction #4 sur version 2
COR-01420,SUB-0285,MEM-0137,Citation manquante,71,FAIBLE,0,Correction #5 sur version 2
COR-01421,SUB-0285,MEM-0137,Code non comment,36,FAIBLE,0,Correction #6 sur version 2
COR-01422,SUB-0285,MEM-0137,Conclusion absente,29,FAIBLE,0,Correction #7 sur version 2
COR-01423,SUB-0286,MEM-0151,Rsultats non interprts,29,BLOQUANT,1,Correction #1 sur version 3
COR-01424,SUB-0286,MEM-0151,Citation manquante,57,FAIBLE,1,Correction #2 sur version 3
COR-01425,SUB-0286,MEM-0151,Citation manquante,19,ELEVE,0,Correction #3 sur version 3
COR-01426,SUB-0287,MEM-0088,Graphique illisible,16,FAIBLE,0,Correction #1 sur version 4
COR-01427,SUB-0287,MEM-0088,Plagiat dtect,31,FAIBLE,0,Correction #2 sur version 4
COR-01428,SUB-0287,MEM-0088,Introduction incomplte,13,MOYEN,0,Correction #3 sur version 4
COR-01429,SUB-0288,MEM-0010,Argument insuffisant,109,MOYEN,0,Correction #1 sur version 4
COR-01430,SUB-0288,MEM-0010,Plagiat dtect,52,ELEVE,0,Correction #2 sur version 4
COR-01431,SUB-0288,MEM-0010,Plagiat dtect,114,ELEVE,0,Correction #3 sur version 4
COR-01432,SUB-0288,MEM-0010,Rsultats non interprts,34,MOYEN,0,Correction #4 sur version 4
COR-01433,SUB-0288,MEM-0010,Mthodologie floue,103,ELEVE,0,Correction #5 sur version 4
COR-01434,SUB-0288,MEM-0010,Introduction incomplte,48,MOYEN,0,Correction #6 sur version 4
COR-01435,SUB-0288,MEM-0010,Citation manquante,41,MOYEN,0,Correction #7 sur version 4
COR-01436,SUB-0288,MEM-0010,Mthodologie floue,10,ELEVE,0,Correction #8 sur version 4
COR-01437,SUB-0289,MEM-0122,Rsultats non interprts,9,BLOQUANT,0,Correction #1 sur version 6
COR-01438,SUB-0289,MEM-0122,Rsultats non interprts,16,MOYEN,0,Correction #2 sur version 6
COR-01439,SUB-0289,MEM-0122,Plagiat dtect,9,ELEVE,0,Correction #3 sur version 6
COR-01440,SUB-0289,MEM-0122,Bibliographie incorrecte,31,FAIBLE,0,Correction #4 sur version 6
COR-01441,SUB-0289,MEM-0122,Mthodologie floue,7,ELEVE,0,Correction #5 sur version 6
COR-01442,SUB-0290,MEM-0108,Plagiat dtect,15,BLOQUANT,1,Correction #1 sur version 1
COR-01443,SUB-0290,MEM-0108,Mthodologie floue,46,ELEVE,0,Correction #2 sur version 1
COR-01444,SUB-0290,MEM-0108,Code non comment,36,ELEVE,0,Correction #3 sur version 1
COR-01445,SUB-0290,MEM-0108,Conclusion absente,18,FAIBLE,0,Correction #4 sur version 1
COR-01446,SUB-0290,MEM-0108,Faute d'orthographe,30,ELEVE,0,Correction #5 sur version 1
COR-01447,SUB-0290,MEM-0108,Conclusion absente,32,ELEVE,0,Correction #6 sur version 1
COR-01448,SUB-0290,MEM-0108,Introduction incomplte,5,ELEVE,0,Correction #7 sur version 1
COR-01449,SUB-0290,MEM-0108,Faute d'orthographe,36,FAIBLE,0,Correction #8 sur version 1
COR-01450,SUB-0290,MEM-0108,Bibliographie incorrecte,42,MOYEN,0,Correction #9 sur version 1
COR-01451,SUB-0291,MEM-0134,Faute d'orthographe,23,BLOQUANT,0,Correction #1 sur version 2
COR-01452,SUB-0291,MEM-0134,Rsultats non interprts,10,MOYEN,0,Correction #2 sur version 2
COR-01453,SUB-0292,MEM-0001,Code non comment,23,FAIBLE,1,Correction #1 sur version 1
COR-01454,SUB-0292,MEM-0001,Rsultats non interprts,18,FAIBLE,1,Correction #2 sur version 1
COR-01455,SUB-0292,MEM-0001,Graphique illisible,2,ELEVE,1,Correction #3 sur version 1
COR-01456,SUB-0292,MEM-0001,Plagiat dtect,32,ELEVE,1,Correction #4 sur version 1
COR-01457,SUB-0292,MEM-0001,Rsultats non interprts,9,MOYEN,1,Correction #5 sur version 1
COR-01458,SUB-0292,MEM-0001,Citation manquante,29,MOYEN,1,Correction #6 sur version 1
COR-01459,SUB-0292,MEM-0001,Bibliographie incorrecte,20,MOYEN,1,Correction #7 sur version 1
COR-01460,SUB-0292,MEM-0001,Citation manquante,37,MOYEN,1,Correction #8 sur version 1
COR-01461,SUB-0292,MEM-0001,Introduction incomplte,10,ELEVE,1,Correction #9 sur version 1
COR-01462,SUB-0292,MEM-0001,Code non comment,38,ELEVE,1,Correction #10 sur version 1
COR-01463,SUB-0292,MEM-0001,Faute d'orthographe,40,MOYEN,1,Correction #11 sur version 1
COR-01464,SUB-0292,MEM-0001,Rsultats non interprts,23,FAIBLE,1,Correction #12 sur version 1
COR-01465,SUB-0292,MEM-0001,Problme de structure,5,ELEVE,1,Correction #13 sur version 1
COR-01466,SUB-0292,MEM-0001,Problme de structure,34,ELEVE,1,Correction #14 sur version 1
COR-01467,SUB-0292,MEM-0001,Rsultats non interprts,11,MOYEN,1,Correction #15 sur version 1
COR-01468,SUB-0292,MEM-0001,Citation manquante,16,ELEVE,0,Correction #16 sur version 1
COR-01469,SUB-0292,MEM-0001,Argument insuffisant,12,ELEVE,0,Correction #17 sur version 1
COR-01470,SUB-0292,MEM-0001,Code non comment,32,FAIBLE,0,Correction #18 sur version 1
COR-01471,SUB-0295,MEM-0099,Problme de structure,22,ELEVE,1,Correction #1 sur version 6
COR-01472,SUB-0295,MEM-0099,Problme de structure,26,FAIBLE,0,Correction #2 sur version 6
COR-01473,SUB-0295,MEM-0099,Rsultats non interprts,44,ELEVE,0,Correction #3 sur version 6
COR-01474,SUB-0295,MEM-0099,Introduction incomplte,25,MOYEN,0,Correction #4 sur version 6
COR-01475,SUB-0295,MEM-0099,Conclusion absente,9,ELEVE,0,Correction #5 sur version 6
COR-01476,SUB-0297,MEM-0017,Argument insuffisant,13,MOYEN,1,Correction #1 sur version 3
COR-01477,SUB-0297,MEM-0017,Mthodologie floue,23,MOYEN,1,Correction #2 sur version 3
COR-01478,SUB-0297,MEM-0017,Introduction incomplte,113,ELEVE,1,Correction #3 sur version 3
COR-01479,SUB-0297,MEM-0017,Conclusion absente,12,MOYEN,1,Correction #4 sur version 3
COR-01480,SUB-0297,MEM-0017,Graphique illisible,52,FAIBLE,1,Correction #5 sur version 3
COR-01481,SUB-0297,MEM-0017,Citation manquante,45,FAIBLE,1,Correction #6 sur version 3
COR-01482,SUB-0297,MEM-0017,Code non comment,11,ELEVE,1,Correction #7 sur version 3
COR-01483,SUB-0297,MEM-0017,Conclusion absente,97,MOYEN,1,Correction #8 sur version 3
COR-01484,SUB-0297,MEM-0017,Bibliographie incorrecte,33,FAIBLE,1,Correction #9 sur version 3
COR-01485,SUB-0297,MEM-0017,Plagiat dtect,8,FAIBLE,0,Correction #10 sur version 3
COR-01486,SUB-0299,MEM-0085,Bibliographie incorrecte,4,BLOQUANT,1,Correction #1 sur version 3
COR-01487,SUB-0299,MEM-0085,Mthodologie floue,7,ELEVE,1,Correction #2 sur version 3
COR-01488,SUB-0299,MEM-0085,Faute d'orthographe,34,FAIBLE,1,Correction #3 sur version 3
COR-01489,SUB-0299,MEM-0085,Faute d'orthographe,21,FAIBLE,1,Correction #4 sur version 3
COR-01490,SUB-0299,MEM-0085,Graphique illisible,2,MOYEN,1,Correction #5 sur version 3
COR-01491,SUB-0299,MEM-0085,Plagiat dtect,24,ELEVE,1,Correction #6 sur version 3
COR-01492,SUB-0299,MEM-0085,Argument insuffisant,13,FAIBLE,0,Correction #7 sur version 3
COR-01493,SUB-0299,MEM-0085,Plagiat dtect,32,ELEVE,0,Correction #8 sur version 3
COR-01494,SUB-0299,MEM-0085,Bibliographie incorrecte,14,FAIBLE,0,Correction #9 sur version 3
COR-01495,SUB-0299,MEM-0085,Problme de structure,56,MOYEN,0,Correction #10 sur version 3
COR-01496,SUB-0299,MEM-0085,Argument insuffisant,39,ELEVE,0,Correction #11 sur version 3
COR-01497,SUB-0299,MEM-0085,Plagiat dtect,12,MOYEN,0,Correction #12 sur version 3
COR-01498,SUB-0299,MEM-0085,Rsultats non interprts,55,MOYEN,0,Correction #13 sur version 3
COR-01499,SUB-0299,MEM-0085,Bibliographie incorrecte,10,FAIBLE,0,Correction #14 sur version 3
COR-01500,SUB-0300,MEM-0023,Conclusion absente,2,BLOQUANT,1,Correction #1 sur version 4
COR-01501,SUB-0300,MEM-0023,Faute d'orthographe,8,ELEVE,1,Correction #2 sur version 4
COR-01502,SUB-0300,MEM-0023,Graphique illisible,7,MOYEN,1,Correction #3 sur version 4
COR-01503,SUB-0300,MEM-0023,Code non comment,12,MOYEN,1,Correction #4 sur version 4
COR-01504,SUB-0300,MEM-0023,Bibliographie incorrecte,11,ELEVE,1,Correction #5 sur version 4
COR-01505,SUB-0300,MEM-0023,Conclusion absente,13,FAIBLE,0,Correction #6 sur version 4
COR-01506,SUB-0303,MEM-0184,Plagiat dtect,20,BLOQUANT,1,Correction #1 sur version 6
COR-01507,SUB-0303,MEM-0184,Mthodologie floue,59,ELEVE,0,Correction #2 sur version 6
COR-01508,SUB-0303,MEM-0184,Bibliographie incorrecte,50,ELEVE,0,Correction #3 sur version 6
COR-01509,SUB-0303,MEM-0184,Problme de structure,86,MOYEN,0,Correction #4 sur version 6
COR-01510,SUB-0304,MEM-0028,Bibliographie incorrecte,9,BLOQUANT,1,Correction #1 sur version 4
COR-01511,SUB-0304,MEM-0028,Citation manquante,47,MOYEN,0,Correction #2 sur version 4
COR-01512,SUB-0304,MEM-0028,Citation manquante,105,FAIBLE,0,Correction #3 sur version 4
COR-01513,SUB-0304,MEM-0028,Citation manquante,102,MOYEN,0,Correction #4 sur version 4
COR-01514,SUB-0304,MEM-0028,Faute d'orthographe,46,MOYEN,0,Correction #5 sur version 4
COR-01515,SUB-0304,MEM-0028,Conclusion absente,104,FAIBLE,0,Correction #6 sur version 4
COR-01516,SUB-0304,MEM-0028,Rsultats non interprts,97,ELEVE,0,Correction #7 sur version 4
COR-01517,SUB-0304,MEM-0028,Problme de structure,109,ELEVE,0,Correction #8 sur version 4
COR-01518,SUB-0304,MEM-0028,Problme de structure,85,ELEVE,0,Correction #9 sur version 4
COR-01519,SUB-0305,MEM-0002,Mthodologie floue,68,ELEVE,1,Correction #1 sur version 5
COR-01520,SUB-0307,MEM-0155,Plagiat dtect,67,ELEVE,1,Correction #1 sur version 6
COR-01521,SUB-0307,MEM-0155,Bibliographie incorrecte,26,MOYEN,0,Correction #2 sur version 6
COR-01522,SUB-0308,MEM-0182,Mthodologie floue,18,MOYEN,1,Correction #1 sur version 6
COR-01523,SUB-0308,MEM-0182,Citation manquante,38,MOYEN,1,Correction #2 sur version 6
COR-01524,SUB-0312,MEM-0142,Introduction incomplte,26,ELEVE,1,Correction #1 sur version 1
COR-01525,SUB-0312,MEM-0142,Introduction incomplte,6,MOYEN,1,Correction #2 sur version 1
COR-01526,SUB-0312,MEM-0142,Faute d'orthographe,32,MOYEN,1,Correction #3 sur version 1
COR-01527,SUB-0312,MEM-0142,Mthodologie floue,36,FAIBLE,1,Correction #4 sur version 1
COR-01528,SUB-0312,MEM-0142,Plagiat dtect,25,MOYEN,1,Correction #5 sur version 1
COR-01529,SUB-0312,MEM-0142,Conclusion absente,51,MOYEN,1,Correction #6 sur version 1
COR-01530,SUB-0312,MEM-0142,Code non comment,45,MOYEN,1,Correction #7 sur version 1
COR-01531,SUB-0312,MEM-0142,Bibliographie incorrecte,54,FAIBLE,1,Correction #8 sur version 1
COR-01532,SUB-0312,MEM-0142,Citation manquante,6,FAIBLE,1,Correction #9 sur version 1
COR-01533,SUB-0312,MEM-0142,Plagiat dtect,48,MOYEN,1,Correction #10 sur version 1
COR-01534,SUB-0312,MEM-0142,Bibliographie incorrecte,12,ELEVE,1,Correction #11 sur version 1
COR-01535,SUB-0312,MEM-0142,Mthodologie floue,48,ELEVE,1,Correction #12 sur version 1
COR-01536,SUB-0312,MEM-0142,Bibliographie incorrecte,2,FAIBLE,1,Correction #13 sur version 1
COR-01537,SUB-0312,MEM-0142,Graphique illisible,25,FAIBLE,1,Correction #14 sur version 1
COR-01538,SUB-0312,MEM-0142,Mthodologie floue,35,FAIBLE,0,Correction #15 sur version 1
COR-01539,SUB-0312,MEM-0142,Code non comment,28,FAIBLE,0,Correction #16 sur version 1
COR-01540,SUB-0312,MEM-0142,Bibliographie incorrecte,34,ELEVE,0,Correction #17 sur version 1
COR-01541,SUB-0312,MEM-0142,Bibliographie incorrecte,24,FAIBLE,0,Correction #18 sur version 1
COR-01542,SUB-0312,MEM-0142,Rsultats non interprts,3,ELEVE,0,Correction #19 sur version 1
COR-01543,SUB-0315,MEM-0048,Problme de structure,30,FAIBLE,1,Correction #1 sur version 5
COR-01544,SUB-0316,MEM-0193,Argument insuffisant,29,BLOQUANT,0,Correction #1 sur version 5
COR-01545,SUB-0316,MEM-0193,Mthodologie floue,10,ELEVE,0,Correction #2 sur version 5
COR-01546,SUB-0316,MEM-0193,Citation manquante,64,ELEVE,0,Correction #3 sur version 5
COR-01547,SUB-0316,MEM-0193,Plagiat dtect,82,FAIBLE,0,Correction #4 sur version 5
COR-01548,SUB-0316,MEM-0193,Faute d'orthographe,6,ELEVE,0,Correction #5 sur version 5
COR-01549,SUB-0316,MEM-0193,Citation manquante,89,MOYEN,0,Correction #6 sur version 5
COR-01550,SUB-0316,MEM-0193,Graphique illisible,1,FAIBLE,0,Correction #7 sur version 5
COR-01551,SUB-0316,MEM-0193,Code non comment,105,FAIBLE,0,Correction #8 sur version 5
COR-01552,SUB-0319,MEM-0053,Mthodologie floue,23,BLOQUANT,0,Correction #1 sur version 5
COR-01553,SUB-0321,MEM-0173,Citation manquante,48,MOYEN,1,Correction #1 sur version 1
COR-01554,SUB-0321,MEM-0173,Faute d'orthographe,20,MOYEN,1,Correction #2 sur version 1
COR-01555,SUB-0321,MEM-0173,Plagiat dtect,32,FAIBLE,0,Correction #3 sur version 1
COR-01556,SUB-0321,MEM-0173,Code non comment,34,ELEVE,0,Correction #4 sur version 1
COR-01557,SUB-0321,MEM-0173,Code non comment,74,MOYEN,0,Correction #5 sur version 1
COR-01558,SUB-0321,MEM-0173,Code non comment,40,ELEVE,0,Correction #6 sur version 1
COR-01559,SUB-0321,MEM-0173,Code non comment,35,FAIBLE,0,Correction #7 sur version 1
COR-01560,SUB-0321,MEM-0173,Rsultats non interprts,2,MOYEN,0,Correction #8 sur version 1
COR-01561,SUB-0321,MEM-0173,Introduction incomplte,49,MOYEN,0,Correction #9 sur version 1
COR-01562,SUB-0321,MEM-0173,Citation manquante,63,MOYEN,0,Correction #10 sur version 1
COR-01563,SUB-0321,MEM-0173,Plagiat dtect,2,MOYEN,0,Correction #11 sur version 1
COR-01564,SUB-0321,MEM-0173,Rsultats non interprts,51,ELEVE,0,Correction #12 sur version 1
COR-01565,SUB-0321,MEM-0173,Rsultats non interprts,58,FAIBLE,0,Correction #13 sur version 1
COR-01566,SUB-0321,MEM-0173,Code non comment,89,FAIBLE,0,Correction #14 sur version 1
COR-01567,SUB-0321,MEM-0173,Problme de structure,82,FAIBLE,0,Correction #15 sur version 1
COR-01568,SUB-0321,MEM-0173,Problme de structure,21,FAIBLE,0,Correction #16 sur version 1
COR-01569,SUB-0321,MEM-0173,Problme de structure,24,MOYEN,0,Correction #17 sur version 1
COR-01570,SUB-0321,MEM-0173,Mthodologie floue,22,ELEVE,0,Correction #18 sur version 1
COR-01571,SUB-0321,MEM-0173,Graphique illisible,88,ELEVE,0,Correction #19 sur version 1
COR-01572,SUB-0323,MEM-0037,Rsultats non interprts,13,ELEVE,1,Correction #1 sur version 3
COR-01573,SUB-0323,MEM-0037,Bibliographie incorrecte,10,MOYEN,1,Correction #2 sur version 3
COR-01574,SUB-0323,MEM-0037,Plagiat dtect,9,MOYEN,1,Correction #3 sur version 3
COR-01575,SUB-0323,MEM-0037,Problme de structure,13,FAIBLE,1,Correction #4 sur version 3
COR-01576,SUB-0323,MEM-0037,Problme de structure,18,FAIBLE,1,Correction #5 sur version 3
COR-01577,SUB-0323,MEM-0037,Citation manquante,5,MOYEN,0,Correction #6 sur version 3
COR-01578,SUB-0323,MEM-0037,Faute d'orthographe,16,ELEVE,0,Correction #7 sur version 3
COR-01579,SUB-0323,MEM-0037,Problme de structure,4,MOYEN,0,Correction #8 sur version 3
COR-01580,SUB-0323,MEM-0037,Faute d'orthographe,27,FAIBLE,0,Correction #9 sur version 3
COR-01581,SUB-0323,MEM-0037,Argument insuffisant,3,MOYEN,0,Correction #10 sur version 3
COR-01582,SUB-0323,MEM-0037,Problme de structure,8,ELEVE,0,Correction #11 sur version 3
COR-01583,SUB-0323,MEM-0037,Plagiat dtect,12,MOYEN,0,Correction #12 sur version 3
COR-01584,SUB-0323,MEM-0037,Rsultats non interprts,5,MOYEN,0,Correction #13 sur version 3
COR-01585,SUB-0323,MEM-0037,Plagiat dtect,25,MOYEN,0,Correction #14 sur version 3
COR-01586,SUB-0326,MEM-0073,Code non comment,65,FAIBLE,1,Correction #1 sur version 5
COR-01587,SUB-0326,MEM-0073,Citation manquante,93,FAIBLE,1,Correction #2 sur version 5
COR-01588,SUB-0326,MEM-0073,Faute d'orthographe,73,MOYEN,1,Correction #3 sur version 5
COR-01589,SUB-0327,MEM-0081,Argument insuffisant,44,FAIBLE,1,Correction #1 sur version 2
COR-01590,SUB-0327,MEM-0081,Argument insuffisant,45,MOYEN,1,Correction #2 sur version 2
COR-01591,SUB-0327,MEM-0081,Citation manquante,8,MOYEN,1,Correction #3 sur version 2
COR-01592,SUB-0327,MEM-0081,Introduction incomplte,20,MOYEN,1,Correction #4 sur version 2
COR-01593,SUB-0327,MEM-0081,Bibliographie incorrecte,9,MOYEN,1,Correction #5 sur version 2
COR-01594,SUB-0327,MEM-0081,Argument insuffisant,25,FAIBLE,1,Correction #6 sur version 2
COR-01595,SUB-0327,MEM-0081,Code non comment,57,MOYEN,1,Correction #7 sur version 2
COR-01596,SUB-0327,MEM-0081,Conclusion absente,9,FAIBLE,1,Correction #8 sur version 2
COR-01597,SUB-0327,MEM-0081,Plagiat dtect,68,FAIBLE,1,Correction #9 sur version 2
COR-01598,SUB-0327,MEM-0081,Bibliographie incorrecte,21,MOYEN,1,Correction #10 sur version 2
COR-01599,SUB-0327,MEM-0081,Bibliographie incorrecte,41,FAIBLE,1,Correction #11 sur version 2
COR-01600,SUB-0327,MEM-0081,Problme de structure,9,FAIBLE,1,Correction #12 sur version 2
COR-01601,SUB-0327,MEM-0081,Bibliographie incorrecte,69,MOYEN,1,Correction #13 sur version 2
COR-01602,SUB-0327,MEM-0081,Plagiat dtect,22,FAIBLE,0,Correction #14 sur version 2
COR-01603,SUB-0327,MEM-0081,Mthodologie floue,48,ELEVE,0,Correction #15 sur version 2
COR-01604,SUB-0327,MEM-0081,Argument insuffisant,14,FAIBLE,0,Correction #16 sur version 2
COR-01605,SUB-0327,MEM-0081,Citation manquante,1,ELEVE,0,Correction #17 sur version 2
COR-01606,SUB-0329,MEM-0162,Introduction incomplte,1,BLOQUANT,1,Correction #1 sur version 1
COR-01607,SUB-0329,MEM-0162,Faute d'orthographe,105,ELEVE,1,Correction #2 sur version 1
COR-01608,SUB-0329,MEM-0162,Plagiat dtect,16,MOYEN,1,Correction #3 sur version 1
COR-01609,SUB-0329,MEM-0162,Code non comment,5,FAIBLE,1,Correction #4 sur version 1
COR-01610,SUB-0329,MEM-0162,Bibliographie incorrecte,10,ELEVE,1,Correction #5 sur version 1
COR-01611,SUB-0329,MEM-0162,Code non comment,106,FAIBLE,1,Correction #6 sur version 1
COR-01612,SUB-0329,MEM-0162,Plagiat dtect,83,MOYEN,0,Correction #7 sur version 1
COR-01613,SUB-0329,MEM-0162,Graphique illisible,88,MOYEN,0,Correction #8 sur version 1
COR-01614,SUB-0329,MEM-0162,Introduction incomplte,58,ELEVE,0,Correction #9 sur version 1
COR-01615,SUB-0329,MEM-0162,Citation manquante,88,ELEVE,0,Correction #10 sur version 1
COR-01616,SUB-0329,MEM-0162,Plagiat dtect,33,MOYEN,0,Correction #11 sur version 1
COR-01617,SUB-0329,MEM-0162,Code non comment,59,MOYEN,0,Correction #12 sur version 1
COR-01618,SUB-0329,MEM-0162,Argument insuffisant,59,MOYEN,0,Correction #13 sur version 1
COR-01619,SUB-0329,MEM-0162,Mthodologie floue,29,ELEVE,0,Correction #14 sur version 1
COR-01620,SUB-0329,MEM-0162,Graphique illisible,82,FAIBLE,0,Correction #15 sur version 1
COR-01621,SUB-0329,MEM-0162,Argument insuffisant,50,ELEVE,0,Correction #16 sur version 1
COR-01622,SUB-0329,MEM-0162,Argument insuffisant,48,MOYEN,0,Correction #17 sur version 1
COR-01623,SUB-0329,MEM-0162,Faute d'orthographe,56,ELEVE,0,Correction #18 sur version 1
COR-01624,SUB-0330,MEM-0101,Graphique illisible,19,BLOQUANT,1,Correction #1 sur version 2
COR-01625,SUB-0330,MEM-0101,Conclusion absente,53,FAIBLE,0,Correction #2 sur version 2
COR-01626,SUB-0330,MEM-0101,Bibliographie incorrecte,30,ELEVE,0,Correction #3 sur version 2
COR-01627,SUB-0330,MEM-0101,Argument insuffisant,81,MOYEN,0,Correction #4 sur version 2
COR-01628,SUB-0330,MEM-0101,Citation manquante,52,MOYEN,0,Correction #5 sur version 2
COR-01629,SUB-0330,MEM-0101,Introduction incomplte,59,MOYEN,0,Correction #6 sur version 2
COR-01630,SUB-0331,MEM-0170,Rsultats non interprts,29,BLOQUANT,1,Correction #1 sur version 2
COR-01631,SUB-0331,MEM-0170,Introduction incomplte,30,MOYEN,1,Correction #2 sur version 2
COR-01632,SUB-0331,MEM-0170,Mthodologie floue,21,MOYEN,1,Correction #3 sur version 2
COR-01633,SUB-0331,MEM-0170,Introduction incomplte,9,ELEVE,1,Correction #4 sur version 2
COR-01634,SUB-0331,MEM-0170,Bibliographie incorrecte,14,ELEVE,1,Correction #5 sur version 2
COR-01635,SUB-0331,MEM-0170,Citation manquante,46,FAIBLE,0,Correction #6 sur version 2
COR-01636,SUB-0331,MEM-0170,Plagiat dtect,13,FAIBLE,0,Correction #7 sur version 2
COR-01637,SUB-0331,MEM-0170,Code non comment,51,ELEVE,0,Correction #8 sur version 2
COR-01638,SUB-0331,MEM-0170,Mthodologie floue,30,ELEVE,0,Correction #9 sur version 2
COR-01639,SUB-0331,MEM-0170,Introduction incomplte,24,ELEVE,0,Correction #10 sur version 2
COR-01640,SUB-0331,MEM-0170,Graphique illisible,14,ELEVE,0,Correction #11 sur version 2
COR-01641,SUB-0331,MEM-0170,Argument insuffisant,31,MOYEN,0,Correction #12 sur version 2
COR-01642,SUB-0331,MEM-0170,Bibliographie incorrecte,42,FAIBLE,0,Correction #13 sur version 2
COR-01643,SUB-0331,MEM-0170,Graphique illisible,50,MOYEN,0,Correction #14 sur version 2
COR-01644,SUB-0331,MEM-0170,Introduction incomplte,4,ELEVE,0,Correction #15 sur version 2
COR-01645,SUB-0331,MEM-0170,Citation manquante,22,FAIBLE,0,Correction #16 sur version 2
COR-01646,SUB-0333,MEM-0117,Bibliographie incorrecte,21,BLOQUANT,1,Correction #1 sur version 1
COR-01647,SUB-0333,MEM-0117,Introduction incomplte,67,ELEVE,1,Correction #2 sur version 1
COR-01648,SUB-0333,MEM-0117,Argument insuffisant,57,MOYEN,0,Correction #3 sur version 1
COR-01649,SUB-0334,MEM-0133,Faute d'orthographe,89,BLOQUANT,1,Correction #1 sur version 3
COR-01650,SUB-0334,MEM-0133,Introduction incomplte,73,FAIBLE,1,Correction #2 sur version 3
COR-01651,SUB-0334,MEM-0133,Argument insuffisant,35,ELEVE,1,Correction #3 sur version 3
COR-01652,SUB-0334,MEM-0133,Code non comment,73,ELEVE,1,Correction #4 sur version 3
COR-01653,SUB-0334,MEM-0133,Code non comment,52,FAIBLE,1,Correction #5 sur version 3
COR-01654,SUB-0334,MEM-0133,Citation manquante,20,ELEVE,1,Correction #6 sur version 3
COR-01655,SUB-0334,MEM-0133,Mthodologie floue,60,MOYEN,0,Correction #7 sur version 3
COR-01656,SUB-0334,MEM-0133,Rsultats non interprts,17,FAIBLE,0,Correction #8 sur version 3
COR-01657,SUB-0334,MEM-0133,Mthodologie floue,79,MOYEN,0,Correction #9 sur version 3
COR-01658,SUB-0334,MEM-0133,Bibliographie incorrecte,81,ELEVE,0,Correction #10 sur version 3
COR-01659,SUB-0335,MEM-0113,Code non comment,13,FAIBLE,1,Correction #1 sur version 2
COR-01660,SUB-0335,MEM-0113,Problme de structure,3,FAIBLE,0,Correction #2 sur version 2
COR-01661,SUB-0335,MEM-0113,Faute d'orthographe,43,FAIBLE,0,Correction #3 sur version 2
COR-01662,SUB-0335,MEM-0113,Mthodologie floue,46,FAIBLE,0,Correction #4 sur version 2
COR-01663,SUB-0335,MEM-0113,Rsultats non interprts,20,FAIBLE,0,Correction #5 sur version 2
COR-01664,SUB-0339,MEM-0150,Citation manquante,40,BLOQUANT,1,Correction #1 sur version 2
COR-01665,SUB-0339,MEM-0150,Mthodologie floue,80,FAIBLE,1,Correction #2 sur version 2
COR-01666,SUB-0340,MEM-0052,Mthodologie floue,75,BLOQUANT,0,Correction #1 sur version 5
COR-01667,SUB-0341,MEM-0024,Conclusion absente,61,BLOQUANT,0,Correction #1 sur version 4
COR-01668,SUB-0341,MEM-0024,Rsultats non interprts,23,MOYEN,0,Correction #2 sur version 4
COR-01669,SUB-0341,MEM-0024,Graphique illisible,13,MOYEN,0,Correction #3 sur version 4
COR-01670,SUB-0341,MEM-0024,Argument insuffisant,20,ELEVE,0,Correction #4 sur version 4
COR-01671,SUB-0341,MEM-0024,Introduction incomplte,16,FAIBLE,0,Correction #5 sur version 4
COR-01672,SUB-0341,MEM-0024,Plagiat dtect,53,ELEVE,0,Correction #6 sur version 4
COR-01673,SUB-0341,MEM-0024,Bibliographie incorrecte,71,FAIBLE,0,Correction #7 sur version 4
COR-01674,SUB-0341,MEM-0024,Conclusion absente,36,ELEVE,0,Correction #8 sur version 4
COR-01675,SUB-0342,MEM-0059,Rsultats non interprts,55,BLOQUANT,1,Correction #1 sur version 4
COR-01676,SUB-0342,MEM-0059,Problme de structure,43,FAIBLE,1,Correction #2 sur version 4
COR-01677,SUB-0342,MEM-0059,Conclusion absente,7,FAIBLE,1,Correction #3 sur version 4
COR-01678,SUB-0342,MEM-0059,Argument insuffisant,57,FAIBLE,1,Correction #4 sur version 4
COR-01679,SUB-0342,MEM-0059,Conclusion absente,25,MOYEN,1,Correction #5 sur version 4
COR-01680,SUB-0342,MEM-0059,Argument insuffisant,50,MOYEN,1,Correction #6 sur version 4
COR-01681,SUB-0342,MEM-0059,Plagiat dtect,45,FAIBLE,1,Correction #7 sur version 4
COR-01682,SUB-0342,MEM-0059,Conclusion absente,38,MOYEN,1,Correction #8 sur version 4
COR-01683,SUB-0342,MEM-0059,Argument insuffisant,29,ELEVE,1,Correction #9 sur version 4
COR-01684,SUB-0344,MEM-0028,Faute d'orthographe,63,BLOQUANT,1,Correction #1 sur version 2
COR-01685,SUB-0344,MEM-0028,Plagiat dtect,45,ELEVE,1,Correction #2 sur version 2
COR-01686,SUB-0344,MEM-0028,Problme de structure,48,MOYEN,1,Correction #3 sur version 2
COR-01687,SUB-0344,MEM-0028,Argument insuffisant,18,FAIBLE,1,Correction #4 sur version 2
COR-01688,SUB-0344,MEM-0028,Graphique illisible,51,ELEVE,0,Correction #5 sur version 2
COR-01689,SUB-0345,MEM-0194,Argument insuffisant,15,BLOQUANT,1,Correction #1 sur version 2
COR-01690,SUB-0345,MEM-0194,Citation manquante,42,ELEVE,1,Correction #2 sur version 2
COR-01691,SUB-0345,MEM-0194,Rsultats non interprts,11,MOYEN,0,Correction #3 sur version 2
COR-01692,SUB-0345,MEM-0194,Plagiat dtect,64,MOYEN,0,Correction #4 sur version 2
COR-01693,SUB-0345,MEM-0194,Plagiat dtect,54,FAIBLE,0,Correction #5 sur version 2
COR-01694,SUB-0345,MEM-0194,Mthodologie floue,33,FAIBLE,0,Correction #6 sur version 2
COR-01695,SUB-0345,MEM-0194,Bibliographie incorrecte,36,FAIBLE,0,Correction #7 sur version 2
COR-01696,SUB-0345,MEM-0194,Faute d'orthographe,63,ELEVE,0,Correction #8 sur version 2
COR-01697,SUB-0345,MEM-0194,Argument insuffisant,7,MOYEN,0,Correction #9 sur version 2
COR-01698,SUB-0345,MEM-0194,Citation manquante,40,ELEVE,0,Correction #10 sur version 2
COR-01699,SUB-0345,MEM-0194,Conclusion absente,56,MOYEN,0,Correction #11 sur version 2
COR-01700,SUB-0345,MEM-0194,Faute d'orthographe,35,MOYEN,0,Correction #12 sur version 2
COR-01701,SUB-0346,MEM-0189,Code non comment,59,ELEVE,1,Correction #1 sur version 2
COR-01702,SUB-0346,MEM-0189,Problme de structure,43,ELEVE,1,Correction #2 sur version 2
COR-01703,SUB-0346,MEM-0189,Faute d'orthographe,17,ELEVE,1,Correction #3 sur version 2
COR-01704,SUB-0346,MEM-0189,Faute d'orthographe,74,ELEVE,0,Correction #4 sur version 2
COR-01705,SUB-0347,MEM-0163,Graphique illisible,25,FAIBLE,1,Correction #1 sur version 1
COR-01706,SUB-0347,MEM-0163,Conclusion absente,25,FAIBLE,1,Correction #2 sur version 1
COR-01707,SUB-0347,MEM-0163,Faute d'orthographe,45,MOYEN,1,Correction #3 sur version 1
COR-01708,SUB-0347,MEM-0163,Graphique illisible,45,ELEVE,1,Correction #4 sur version 1
COR-01709,SUB-0347,MEM-0163,Mthodologie floue,24,MOYEN,1,Correction #5 sur version 1
COR-01710,SUB-0347,MEM-0163,Introduction incomplte,27,ELEVE,1,Correction #6 sur version 1
COR-01711,SUB-0347,MEM-0163,Mthodologie floue,9,ELEVE,1,Correction #7 sur version 1
COR-01712,SUB-0347,MEM-0163,Rsultats non interprts,17,MOYEN,1,Correction #8 sur version 1
COR-01713,SUB-0347,MEM-0163,Citation manquante,32,ELEVE,1,Correction #9 sur version 1
COR-01714,SUB-0347,MEM-0163,Graphique illisible,6,MOYEN,1,Correction #10 sur version 1
COR-01715,SUB-0347,MEM-0163,Code non comment,6,MOYEN,1,Correction #11 sur version 1
COR-01716,SUB-0347,MEM-0163,Mthodologie floue,56,ELEVE,1,Correction #12 sur version 1
COR-01717,SUB-0347,MEM-0163,Problme de structure,2,ELEVE,1,Correction #13 sur version 1
COR-01718,SUB-0347,MEM-0163,Problme de structure,16,FAIBLE,0,Correction #14 sur version 1
COR-01719,SUB-0347,MEM-0163,Argument insuffisant,24,FAIBLE,0,Correction #15 sur version 1
COR-01720,SUB-0348,MEM-0103,Problme de structure,5,BLOQUANT,0,Correction #1 sur version 5
COR-01721,SUB-0348,MEM-0103,Citation manquante,25,ELEVE,0,Correction #2 sur version 5
COR-01722,SUB-0348,MEM-0103,Problme de structure,1,FAIBLE,0,Correction #3 sur version 5
COR-01723,SUB-0348,MEM-0103,Faute d'orthographe,24,ELEVE,0,Correction #4 sur version 5
COR-01724,SUB-0348,MEM-0103,Plagiat dtect,3,MOYEN,0,Correction #5 sur version 5
COR-01725,SUB-0348,MEM-0103,Plagiat dtect,21,FAIBLE,0,Correction #6 sur version 5
COR-01726,SUB-0348,MEM-0103,Code non comment,28,MOYEN,0,Correction #7 sur version 5
COR-01727,SUB-0349,MEM-0050,Code non comment,14,MOYEN,1,Correction #1 sur version 1
COR-01728,SUB-0349,MEM-0050,Problme de structure,8,ELEVE,1,Correction #2 sur version 1
COR-01729,SUB-0349,MEM-0050,Argument insuffisant,26,ELEVE,0,Correction #3 sur version 1
COR-01730,SUB-0349,MEM-0050,Problme de structure,24,ELEVE,0,Correction #4 sur version 1
COR-01731,SUB-0349,MEM-0050,Rsultats non interprts,12,FAIBLE,0,Correction #5 sur version 1
COR-01732,SUB-0349,MEM-0050,Introduction incomplte,102,FAIBLE,0,Correction #6 sur version 1
COR-01733,SUB-0349,MEM-0050,Citation manquante,27,ELEVE,0,Correction #7 sur version 1
COR-01734,SUB-0350,MEM-0071,Rsultats non interprts,11,FAIBLE,1,Correction #1 sur version 4
COR-01735,SUB-0350,MEM-0071,Mthodologie floue,25,MOYEN,1,Correction #2 sur version 4
COR-01736,SUB-0350,MEM-0071,Citation manquante,64,MOYEN,1,Correction #3 sur version 4
COR-01737,SUB-0350,MEM-0071,Rsultats non interprts,24,ELEVE,0,Correction #4 sur version 4
COR-01738,SUB-0350,MEM-0071,Graphique illisible,8,MOYEN,0,Correction #5 sur version 4
COR-01739,SUB-0350,MEM-0071,Argument insuffisant,65,MOYEN,0,Correction #6 sur version 4
COR-01740,SUB-0350,MEM-0071,Problme de structure,23,FAIBLE,0,Correction #7 sur version 4
COR-01741,SUB-0350,MEM-0071,Graphique illisible,19,FAIBLE,0,Correction #8 sur version 4
COR-01742,SUB-0350,MEM-0071,Plagiat dtect,25,ELEVE,0,Correction #9 sur version 4
COR-01743,SUB-0351,MEM-0071,Problme de structure,90,ELEVE,1,Correction #1 sur version 2
COR-01744,SUB-0351,MEM-0071,Citation manquante,24,FAIBLE,1,Correction #2 sur version 2
COR-01745,SUB-0351,MEM-0071,Citation manquante,21,MOYEN,1,Correction #3 sur version 2
COR-01746,SUB-0351,MEM-0071,Code non comment,76,MOYEN,1,Correction #4 sur version 2
COR-01747,SUB-0351,MEM-0071,Plagiat dtect,53,MOYEN,1,Correction #5 sur version 2
COR-01748,SUB-0351,MEM-0071,Code non comment,37,ELEVE,1,Correction #6 sur version 2
COR-01749,SUB-0351,MEM-0071,Introduction incomplte,33,FAIBLE,1,Correction #7 sur version 2
COR-01750,SUB-0351,MEM-0071,Rsultats non interprts,31,MOYEN,1,Correction #8 sur version 2
COR-01751,SUB-0351,MEM-0071,Faute d'orthographe,84,ELEVE,1,Correction #9 sur version 2
COR-01752,SUB-0352,MEM-0030,Code non comment,33,BLOQUANT,1,Correction #1 sur version 5
COR-01753,SUB-0352,MEM-0030,Argument insuffisant,9,MOYEN,1,Correction #2 sur version 5
COR-01754,SUB-0352,MEM-0030,Problme de structure,64,FAIBLE,0,Correction #3 sur version 5
COR-01755,SUB-0352,MEM-0030,Rsultats non interprts,8,MOYEN,0,Correction #4 sur version 5
COR-01756,SUB-0352,MEM-0030,Introduction incomplte,11,ELEVE,0,Correction #5 sur version 5
COR-01757,SUB-0352,MEM-0030,Rsultats non interprts,58,ELEVE,0,Correction #6 sur version 5
COR-01758,SUB-0354,MEM-0106,Faute d'orthographe,12,BLOQUANT,0,Correction #1 sur version 3
COR-01759,SUB-0354,MEM-0106,Plagiat dtect,47,MOYEN,0,Correction #2 sur version 3
COR-01760,SUB-0356,MEM-0053,Code non comment,39,ELEVE,1,Correction #1 sur version 2
COR-01761,SUB-0356,MEM-0053,Problme de structure,37,ELEVE,1,Correction #2 sur version 2
COR-01762,SUB-0356,MEM-0053,Rsultats non interprts,21,MOYEN,1,Correction #3 sur version 2
COR-01763,SUB-0356,MEM-0053,Mthodologie floue,31,MOYEN,1,Correction #4 sur version 2
COR-01764,SUB-0356,MEM-0053,Conclusion absente,20,MOYEN,1,Correction #5 sur version 2
COR-01765,SUB-0356,MEM-0053,Mthodologie floue,35,MOYEN,1,Correction #6 sur version 2
COR-01766,SUB-0356,MEM-0053,Citation manquante,15,ELEVE,1,Correction #7 sur version 2
COR-01767,SUB-0356,MEM-0053,Argument insuffisant,3,ELEVE,1,Correction #8 sur version 2
COR-01768,SUB-0356,MEM-0053,Mthodologie floue,27,ELEVE,1,Correction #9 sur version 2
COR-01769,SUB-0356,MEM-0053,Conclusion absente,21,MOYEN,1,Correction #10 sur version 2
COR-01770,SUB-0356,MEM-0053,Conclusion absente,30,MOYEN,1,Correction #11 sur version 2
COR-01771,SUB-0356,MEM-0053,Argument insuffisant,10,MOYEN,0,Correction #12 sur version 2
COR-01772,SUB-0356,MEM-0053,Introduction incomplte,27,ELEVE,0,Correction #13 sur version 2
COR-01773,SUB-0356,MEM-0053,Argument insuffisant,21,FAIBLE,0,Correction #14 sur version 2
COR-01774,SUB-0356,MEM-0053,Code non comment,10,MOYEN,0,Correction #15 sur version 2
COR-01775,SUB-0356,MEM-0053,Mthodologie floue,1,MOYEN,0,Correction #16 sur version 2
COR-01776,SUB-0357,MEM-0139,Introduction incomplte,51,BLOQUANT,1,Correction #1 sur version 1
COR-01777,SUB-0357,MEM-0139,Argument insuffisant,10,ELEVE,1,Correction #2 sur version 1
COR-01778,SUB-0357,MEM-0139,Argument insuffisant,14,ELEVE,1,Correction #3 sur version 1
COR-01779,SUB-0357,MEM-0139,Faute d'orthographe,26,FAIBLE,1,Correction #4 sur version 1
COR-01780,SUB-0357,MEM-0139,Argument insuffisant,18,MOYEN,1,Correction #5 sur version 1
COR-01781,SUB-0357,MEM-0139,Citation manquante,2,MOYEN,1,Correction #6 sur version 1
COR-01782,SUB-0357,MEM-0139,Introduction incomplte,11,MOYEN,1,Correction #7 sur version 1
COR-01783,SUB-0357,MEM-0139,Bibliographie incorrecte,18,MOYEN,0,Correction #8 sur version 1
COR-01784,SUB-0357,MEM-0139,Citation manquante,32,FAIBLE,0,Correction #9 sur version 1
COR-01785,SUB-0357,MEM-0139,Rsultats non interprts,32,ELEVE,0,Correction #10 sur version 1
COR-01786,SUB-0358,MEM-0102,Introduction incomplte,56,BLOQUANT,1,Correction #1 sur version 2
COR-01787,SUB-0358,MEM-0102,Conclusion absente,86,FAIBLE,1,Correction #2 sur version 2
COR-01788,SUB-0358,MEM-0102,Mthodologie floue,14,FAIBLE,1,Correction #3 sur version 2
COR-01789,SUB-0358,MEM-0102,Mthodologie floue,91,FAIBLE,1,Correction #4 sur version 2
COR-01790,SUB-0358,MEM-0102,Plagiat dtect,38,MOYEN,1,Correction #5 sur version 2
COR-01791,SUB-0358,MEM-0102,Citation manquante,67,FAIBLE,1,Correction #6 sur version 2
COR-01792,SUB-0358,MEM-0102,Citation manquante,54,MOYEN,1,Correction #7 sur version 2
COR-01793,SUB-0358,MEM-0102,Faute d'orthographe,40,MOYEN,1,Correction #8 sur version 2
COR-01794,SUB-0358,MEM-0102,Argument insuffisant,44,ELEVE,1,Correction #9 sur version 2
COR-01795,SUB-0358,MEM-0102,Graphique illisible,88,ELEVE,1,Correction #10 sur version 2
COR-01796,SUB-0358,MEM-0102,Introduction incomplte,79,ELEVE,1,Correction #11 sur version 2
COR-01797,SUB-0358,MEM-0102,Plagiat dtect,17,FAIBLE,1,Correction #12 sur version 2
COR-01798,SUB-0358,MEM-0102,Graphique illisible,44,ELEVE,0,Correction #13 sur version 2
COR-01799,SUB-0360,MEM-0048,Rsultats non interprts,24,BLOQUANT,1,Correction #1 sur version 5
COR-01800,SUB-0360,MEM-0048,Argument insuffisant,24,ELEVE,1,Correction #2 sur version 5
COR-01801,SUB-0360,MEM-0048,Conclusion absente,5,ELEVE,1,Correction #3 sur version 5
COR-01802,SUB-0360,MEM-0048,Conclusion absente,24,FAIBLE,1,Correction #4 sur version 5
COR-01803,SUB-0360,MEM-0048,Citation manquante,14,MOYEN,1,Correction #5 sur version 5
COR-01804,SUB-0360,MEM-0048,Rsultats non interprts,15,MOYEN,0,Correction #6 sur version 5
COR-01805,SUB-0360,MEM-0048,Code non comment,31,MOYEN,0,Correction #7 sur version 5
COR-01806,SUB-0361,MEM-0103,Bibliographie incorrecte,22,MOYEN,1,Correction #1 sur version 3
COR-01807,SUB-0361,MEM-0103,Mthodologie floue,45,ELEVE,1,Correction #2 sur version 3
COR-01808,SUB-0361,MEM-0103,Argument insuffisant,21,FAIBLE,1,Correction #3 sur version 3
COR-01809,SUB-0361,MEM-0103,Plagiat dtect,59,ELEVE,1,Correction #4 sur version 3
COR-01810,SUB-0361,MEM-0103,Rsultats non interprts,38,FAIBLE,1,Correction #5 sur version 3
COR-01811,SUB-0361,MEM-0103,Citation manquante,53,ELEVE,1,Correction #6 sur version 3
COR-01812,SUB-0361,MEM-0103,Conclusion absente,37,FAIBLE,1,Correction #7 sur version 3
COR-01813,SUB-0361,MEM-0103,Faute d'orthographe,21,MOYEN,1,Correction #8 sur version 3
COR-01814,SUB-0361,MEM-0103,Problme de structure,25,ELEVE,1,Correction #9 sur version 3
COR-01815,SUB-0361,MEM-0103,Plagiat dtect,21,FAIBLE,1,Correction #10 sur version 3
COR-01816,SUB-0361,MEM-0103,Bibliographie incorrecte,32,FAIBLE,0,Correction #11 sur version 3
COR-01817,SUB-0361,MEM-0103,Plagiat dtect,58,MOYEN,0,Correction #12 sur version 3
COR-01818,SUB-0362,MEM-0190,Rsultats non interprts,18,BLOQUANT,1,Correction #1 sur version 2
COR-01819,SUB-0362,MEM-0190,Conclusion absente,25,FAIBLE,1,Correction #2 sur version 2
COR-01820,SUB-0362,MEM-0190,Graphique illisible,46,FAIBLE,1,Correction #3 sur version 2
COR-01821,SUB-0362,MEM-0190,Mthodologie floue,55,FAIBLE,1,Correction #4 sur version 2
COR-01822,SUB-0362,MEM-0190,Conclusion absente,16,FAIBLE,1,Correction #5 sur version 2
COR-01823,SUB-0362,MEM-0190,Code non comment,1,FAIBLE,1,Correction #6 sur version 2
COR-01824,SUB-0362,MEM-0190,Mthodologie floue,53,MOYEN,1,Correction #7 sur version 2
COR-01825,SUB-0362,MEM-0190,Conclusion absente,36,ELEVE,0,Correction #8 sur version 2
COR-01826,SUB-0362,MEM-0190,Graphique illisible,62,FAIBLE,0,Correction #9 sur version 2
COR-01827,SUB-0362,MEM-0190,Conclusion absente,21,MOYEN,0,Correction #10 sur version 2
COR-01828,SUB-0364,MEM-0089,Bibliographie incorrecte,26,ELEVE,1,Correction #1 sur version 1
COR-01829,SUB-0364,MEM-0089,Citation manquante,16,ELEVE,1,Correction #2 sur version 1
COR-01830,SUB-0364,MEM-0089,Rsultats non interprts,8,MOYEN,1,Correction #3 sur version 1
COR-01831,SUB-0364,MEM-0089,Citation manquante,68,ELEVE,1,Correction #4 sur version 1
COR-01832,SUB-0364,MEM-0089,Graphique illisible,32,ELEVE,1,Correction #5 sur version 1
COR-01833,SUB-0364,MEM-0089,Introduction incomplte,2,MOYEN,1,Correction #6 sur version 1
COR-01834,SUB-0364,MEM-0089,Graphique illisible,27,MOYEN,0,Correction #7 sur version 1
COR-01835,SUB-0364,MEM-0089,Graphique illisible,4,FAIBLE,0,Correction #8 sur version 1
COR-01836,SUB-0364,MEM-0089,Code non comment,54,FAIBLE,0,Correction #9 sur version 1
COR-01837,SUB-0364,MEM-0089,Mthodologie floue,60,FAIBLE,0,Correction #10 sur version 1
COR-01838,SUB-0364,MEM-0089,Conclusion absente,49,FAIBLE,0,Correction #11 sur version 1
COR-01839,SUB-0364,MEM-0089,Argument insuffisant,57,ELEVE,0,Correction #12 sur version 1
COR-01840,SUB-0364,MEM-0089,Problme de structure,36,MOYEN,0,Correction #13 sur version 1
COR-01841,SUB-0364,MEM-0089,Graphique illisible,26,MOYEN,0,Correction #14 sur version 1
COR-01842,SUB-0364,MEM-0089,Plagiat dtect,59,ELEVE,0,Correction #15 sur version 1
COR-01843,SUB-0364,MEM-0089,Argument insuffisant,17,MOYEN,0,Correction #16 sur version 1
COR-01844,SUB-0364,MEM-0089,Faute d'orthographe,16,MOYEN,0,Correction #17 sur version 1
COR-01845,SUB-0364,MEM-0089,Mthodologie floue,71,FAIBLE,0,Correction #18 sur version 1
COR-01846,SUB-0364,MEM-0089,Mthodologie floue,19,MOYEN,0,Correction #19 sur version 1
COR-01847,SUB-0365,MEM-0115,Mthodologie floue,107,BLOQUANT,1,Correction #1 sur version 1
COR-01848,SUB-0365,MEM-0115,Introduction incomplte,71,ELEVE,1,Correction #2 sur version 1
COR-01849,SUB-0365,MEM-0115,Code non comment,56,FAIBLE,1,Correction #3 sur version 1
COR-01850,SUB-0365,MEM-0115,Mthodologie floue,51,ELEVE,1,Correction #4 sur version 1
COR-01851,SUB-0365,MEM-0115,Mthodologie floue,79,FAIBLE,0,Correction #5 sur version 1
COR-01852,SUB-0365,MEM-0115,Code non comment,37,FAIBLE,0,Correction #6 sur version 1
COR-01853,SUB-0365,MEM-0115,Plagiat dtect,97,MOYEN,0,Correction #7 sur version 1
COR-01854,SUB-0365,MEM-0115,Faute d'orthographe,66,ELEVE,0,Correction #8 sur version 1
COR-01855,SUB-0365,MEM-0115,Rsultats non interprts,92,FAIBLE,0,Correction #9 sur version 1
COR-01856,SUB-0365,MEM-0115,Argument insuffisant,64,ELEVE,0,Correction #10 sur version 1
COR-01857,SUB-0365,MEM-0115,Problme de structure,18,FAIBLE,0,Correction #11 sur version 1
COR-01858,SUB-0365,MEM-0115,Problme de structure,67,FAIBLE,0,Correction #12 sur version 1
COR-01859,SUB-0365,MEM-0115,Rsultats non interprts,31,FAIBLE,0,Correction #13 sur version 1
COR-01860,SUB-0365,MEM-0115,Mthodologie floue,46,FAIBLE,0,Correction #14 sur version 1
COR-01861,SUB-0365,MEM-0115,Problme de structure,53,MOYEN,0,Correction #15 sur version 1
COR-01862,SUB-0365,MEM-0115,Problme de structure,64,MOYEN,0,Correction #16 sur version 1
COR-01863,SUB-0365,MEM-0115,Bibliographie incorrecte,8,MOYEN,0,Correction #17 sur version 1
COR-01864,SUB-0365,MEM-0115,Introduction incomplte,83,ELEVE,0,Correction #18 sur version 1
COR-01865,SUB-0365,MEM-0115,Rsultats non interprts,20,MOYEN,0,Correction #19 sur version 1
COR-01866,SUB-0365,MEM-0115,Problme de structure,105,ELEVE,0,Correction #20 sur version 1
COR-01867,SUB-0366,MEM-0019,Citation manquante,58,BLOQUANT,1,Correction #1 sur version 1
COR-01868,SUB-0366,MEM-0019,Problme de structure,34,FAIBLE,1,Correction #2 sur version 1
COR-01869,SUB-0366,MEM-0019,Citation manquante,8,FAIBLE,1,Correction #3 sur version 1
COR-01870,SUB-0366,MEM-0019,Code non comment,4,ELEVE,1,Correction #4 sur version 1
COR-01871,SUB-0366,MEM-0019,Code non comment,29,FAIBLE,1,Correction #5 sur version 1
COR-01872,SUB-0366,MEM-0019,Faute d'orthographe,6,MOYEN,1,Correction #6 sur version 1
COR-01873,SUB-0366,MEM-0019,Citation manquante,20,FAIBLE,1,Correction #7 sur version 1
COR-01874,SUB-0366,MEM-0019,Bibliographie incorrecte,41,FAIBLE,1,Correction #8 sur version 1
COR-01875,SUB-0366,MEM-0019,Introduction incomplte,51,MOYEN,1,Correction #9 sur version 1
COR-01876,SUB-0366,MEM-0019,Bibliographie incorrecte,38,FAIBLE,1,Correction #10 sur version 1
COR-01877,SUB-0370,MEM-0179,Conclusion absente,2,BLOQUANT,1,Correction #1 sur version 5
COR-01878,SUB-0370,MEM-0179,Rsultats non interprts,45,ELEVE,1,Correction #2 sur version 5
COR-01879,SUB-0370,MEM-0179,Bibliographie incorrecte,5,MOYEN,1,Correction #3 sur version 5
COR-01880,SUB-0370,MEM-0179,Citation manquante,38,FAIBLE,1,Correction #4 sur version 5
COR-01881,SUB-0370,MEM-0179,Citation manquante,15,FAIBLE,1,Correction #5 sur version 5
COR-01882,SUB-0370,MEM-0179,Conclusion absente,1,ELEVE,1,Correction #6 sur version 5
COR-01883,SUB-0370,MEM-0179,Rsultats non interprts,6,MOYEN,0,Correction #7 sur version 5
COR-01884,SUB-0370,MEM-0179,Mthodologie floue,33,ELEVE,0,Correction #8 sur version 5
COR-01885,SUB-0371,MEM-0106,Argument insuffisant,13,BLOQUANT,1,Correction #1 sur version 3
COR-01886,SUB-0371,MEM-0106,Argument insuffisant,18,FAIBLE,1,Correction #2 sur version 3
COR-01887,SUB-0371,MEM-0106,Code non comment,24,FAIBLE,0,Correction #3 sur version 3
COR-01888,SUB-0371,MEM-0106,Graphique illisible,9,ELEVE,0,Correction #4 sur version 3
COR-01889,SUB-0371,MEM-0106,Mthodologie floue,17,ELEVE,0,Correction #5 sur version 3
COR-01890,SUB-0371,MEM-0106,Argument insuffisant,27,MOYEN,0,Correction #6 sur version 3
COR-01891,SUB-0371,MEM-0106,Plagiat dtect,9,FAIBLE,0,Correction #7 sur version 3
COR-01892,SUB-0371,MEM-0106,Citation manquante,11,MOYEN,0,Correction #8 sur version 3
COR-01893,SUB-0371,MEM-0106,Introduction incomplte,4,MOYEN,0,Correction #9 sur version 3
COR-01894,SUB-0371,MEM-0106,Graphique illisible,15,ELEVE,0,Correction #10 sur version 3
COR-01895,SUB-0372,MEM-0077,Conclusion absente,78,FAIBLE,1,Correction #1 sur version 1
COR-01896,SUB-0372,MEM-0077,Code non comment,66,ELEVE,1,Correction #2 sur version 1
COR-01897,SUB-0372,MEM-0077,Citation manquante,24,MOYEN,1,Correction #3 sur version 1
COR-01898,SUB-0372,MEM-0077,Faute d'orthographe,50,FAIBLE,1,Correction #4 sur version 1
COR-01899,SUB-0372,MEM-0077,Rsultats non interprts,27,FAIBLE,1,Correction #5 sur version 1
COR-01900,SUB-0372,MEM-0077,Plagiat dtect,39,FAIBLE,1,Correction #6 sur version 1
COR-01901,SUB-0372,MEM-0077,Code non comment,28,ELEVE,1,Correction #7 sur version 1
COR-01902,SUB-0372,MEM-0077,Graphique illisible,47,ELEVE,0,Correction #8 sur version 1
COR-01903,SUB-0372,MEM-0077,Faute d'orthographe,81,MOYEN,0,Correction #9 sur version 1
COR-01904,SUB-0372,MEM-0077,Plagiat dtect,33,FAIBLE,0,Correction #10 sur version 1
COR-01905,SUB-0372,MEM-0077,Bibliographie incorrecte,4,FAIBLE,0,Correction #11 sur version 1
COR-01906,SUB-0372,MEM-0077,Faute d'orthographe,28,MOYEN,0,Correction #12 sur version 1
COR-01907,SUB-0372,MEM-0077,Mthodologie floue,27,FAIBLE,0,Correction #13 sur version 1
COR-01908,SUB-0372,MEM-0077,Rsultats non interprts,50,MOYEN,0,Correction #14 sur version 1
COR-01909,SUB-0372,MEM-0077,Mthodologie floue,59,ELEVE,0,Correction #15 sur version 1
COR-01910,SUB-0372,MEM-0077,Plagiat dtect,22,MOYEN,0,Correction #16 sur version 1
COR-01911,SUB-0372,MEM-0077,Conclusion absente,72,MOYEN,0,Correction #17 sur version 1
COR-01912,SUB-0372,MEM-0077,Graphique illisible,32,ELEVE,0,Correction #18 sur version 1
COR-01913,SUB-0372,MEM-0077,Plagiat dtect,14,FAIBLE,0,Correction #19 sur version 1
COR-01914,SUB-0375,MEM-0126,Faute d'orthographe,40,FAIBLE,0,Correction #1 sur version 2
COR-01915,SUB-0375,MEM-0126,Faute d'orthographe,18,FAIBLE,0,Correction #2 sur version 2
COR-01916,SUB-0375,MEM-0126,Graphique illisible,29,FAIBLE,0,Correction #3 sur version 2
COR-01917,SUB-0375,MEM-0126,Rsultats non interprts,37,MOYEN,0,Correction #4 sur version 2
COR-01918,SUB-0375,MEM-0126,Problme de structure,4,FAIBLE,0,Correction #5 sur version 2
COR-01919,SUB-0375,MEM-0126,Citation manquante,42,MOYEN,0,Correction #6 sur version 2
COR-01920,SUB-0375,MEM-0126,Introduction incomplte,24,FAIBLE,0,Correction #7 sur version 2
COR-01921,SUB-0375,MEM-0126,Graphique illisible,27,FAIBLE,0,Correction #8 sur version 2
COR-01922,SUB-0375,MEM-0126,Faute d'orthographe,20,ELEVE,0,Correction #9 sur version 2
COR-01923,SUB-0375,MEM-0126,Problme de structure,20,FAIBLE,0,Correction #10 sur version 2
COR-01924,SUB-0375,MEM-0126,Graphique illisible,30,FAIBLE,0,Correction #11 sur version 2
COR-01925,SUB-0375,MEM-0126,Problme de structure,41,FAIBLE,0,Correction #12 sur version 2
COR-01926,SUB-0375,MEM-0126,Code non comment,2,ELEVE,0,Correction #13 sur version 2
COR-01927,SUB-0375,MEM-0126,Argument insuffisant,1,MOYEN,0,Correction #14 sur version 2
COR-01928,SUB-0376,MEM-0004,Problme de structure,6,BLOQUANT,1,Correction #1 sur version 4
COR-01929,SUB-0376,MEM-0004,Citation manquante,30,ELEVE,1,Correction #2 sur version 4
COR-01930,SUB-0376,MEM-0004,Rsultats non interprts,18,ELEVE,0,Correction #3 sur version 4
COR-01931,SUB-0376,MEM-0004,Faute d'orthographe,31,MOYEN,0,Correction #4 sur version 4
COR-01932,SUB-0376,MEM-0004,Rsultats non interprts,10,FAIBLE,0,Correction #5 sur version 4
COR-01933,SUB-0376,MEM-0004,Problme de structure,26,FAIBLE,0,Correction #6 sur version 4
COR-01934,SUB-0377,MEM-0015,Code non comment,13,BLOQUANT,1,Correction #1 sur version 3
COR-01935,SUB-0377,MEM-0015,Faute d'orthographe,16,FAIBLE,1,Correction #2 sur version 3
COR-01936,SUB-0377,MEM-0015,Conclusion absente,14,MOYEN,0,Correction #3 sur version 3
COR-01937,SUB-0377,MEM-0015,Faute d'orthographe,19,FAIBLE,0,Correction #4 sur version 3
COR-01938,SUB-0377,MEM-0015,Code non comment,3,FAIBLE,0,Correction #5 sur version 3
COR-01939,SUB-0377,MEM-0015,Rsultats non interprts,10,MOYEN,0,Correction #6 sur version 3
COR-01940,SUB-0377,MEM-0015,Conclusion absente,7,ELEVE,0,Correction #7 sur version 3
COR-01941,SUB-0377,MEM-0015,Faute d'orthographe,22,MOYEN,0,Correction #8 sur version 3
COR-01942,SUB-0377,MEM-0015,Citation manquante,8,MOYEN,0,Correction #9 sur version 3
COR-01943,SUB-0379,MEM-0162,Rsultats non interprts,58,BLOQUANT,0,Correction #1 sur version 6
COR-01944,SUB-0380,MEM-0029,Faute d'orthographe,42,BLOQUANT,1,Correction #1 sur version 2
COR-01945,SUB-0380,MEM-0029,Plagiat dtect,54,FAIBLE,0,Correction #2 sur version 2
COR-01946,SUB-0384,MEM-0049,Bibliographie incorrecte,63,MOYEN,1,Correction #1 sur version 5
COR-01947,SUB-0384,MEM-0049,Rsultats non interprts,7,FAIBLE,0,Correction #2 sur version 5
COR-01948,SUB-0387,MEM-0026,Mthodologie floue,12,MOYEN,1,Correction #1 sur version 1
COR-01949,SUB-0387,MEM-0026,Mthodologie floue,59,ELEVE,1,Correction #2 sur version 1
COR-01950,SUB-0387,MEM-0026,Bibliographie incorrecte,21,MOYEN,1,Correction #3 sur version 1
COR-01951,SUB-0387,MEM-0026,Code non comment,48,MOYEN,1,Correction #4 sur version 1
COR-01952,SUB-0387,MEM-0026,Bibliographie incorrecte,70,ELEVE,1,Correction #5 sur version 1
COR-01953,SUB-0387,MEM-0026,Mthodologie floue,95,FAIBLE,1,Correction #6 sur version 1
COR-01954,SUB-0387,MEM-0026,Mthodologie floue,53,ELEVE,1,Correction #7 sur version 1
COR-01955,SUB-0387,MEM-0026,Plagiat dtect,52,FAIBLE,1,Correction #8 sur version 1
COR-01956,SUB-0387,MEM-0026,Conclusion absente,45,MOYEN,0,Correction #9 sur version 1
COR-01957,SUB-0387,MEM-0026,Argument insuffisant,105,MOYEN,0,Correction #10 sur version 1
COR-01958,SUB-0387,MEM-0026,Conclusion absente,87,ELEVE,0,Correction #11 sur version 1
COR-01959,SUB-0387,MEM-0026,Introduction incomplte,47,ELEVE,0,Correction #12 sur version 1
COR-01960,SUB-0387,MEM-0026,Problme de structure,78,MOYEN,0,Correction #13 sur version 1
COR-01961,SUB-0387,MEM-0026,Argument insuffisant,43,MOYEN,0,Correction #14 sur version 1
COR-01962,SUB-0387,MEM-0026,Code non comment,60,MOYEN,0,Correction #15 sur version 1
COR-01963,SUB-0389,MEM-0136,Bibliographie incorrecte,88,MOYEN,0,Correction #1 sur version 1
COR-01964,SUB-0389,MEM-0136,Faute d'orthographe,44,FAIBLE,0,Correction #2 sur version 1
COR-01965,SUB-0390,MEM-0064,Bibliographie incorrecte,111,BLOQUANT,1,Correction #1 sur version 5
COR-01966,SUB-0390,MEM-0064,Argument insuffisant,77,ELEVE,1,Correction #2 sur version 5
COR-01967,SUB-0390,MEM-0064,Bibliographie incorrecte,81,MOYEN,1,Correction #3 sur version 5
COR-01968,SUB-0390,MEM-0064,Argument insuffisant,109,ELEVE,0,Correction #4 sur version 5
COR-01969,SUB-0390,MEM-0064,Argument insuffisant,105,ELEVE,0,Correction #5 sur version 5
COR-01970,SUB-0391,MEM-0141,Rsultats non interprts,51,FAIBLE,1,Correction #1 sur version 4
COR-01971,SUB-0391,MEM-0141,Introduction incomplte,15,FAIBLE,1,Correction #2 sur version 4
COR-01972,SUB-0391,MEM-0141,Bibliographie incorrecte,6,ELEVE,1,Correction #3 sur version 4
COR-01973,SUB-0391,MEM-0141,Problme de structure,74,ELEVE,1,Correction #4 sur version 4
COR-01974,SUB-0391,MEM-0141,Graphique illisible,71,FAIBLE,1,Correction #5 sur version 4
COR-01975,SUB-0391,MEM-0141,Argument insuffisant,30,ELEVE,1,Correction #6 sur version 4
COR-01976,SUB-0391,MEM-0141,Rsultats non interprts,43,ELEVE,1,Correction #7 sur version 4
COR-01977,SUB-0391,MEM-0141,Problme de structure,42,MOYEN,0,Correction #8 sur version 4
COR-01978,SUB-0393,MEM-0153,Mthodologie floue,51,ELEVE,0,Correction #1 sur version 1
COR-01979,SUB-0393,MEM-0153,Code non comment,51,ELEVE,0,Correction #2 sur version 1
COR-01980,SUB-0393,MEM-0153,Plagiat dtect,45,FAIBLE,0,Correction #3 sur version 1
COR-01981,SUB-0393,MEM-0153,Introduction incomplte,14,ELEVE,0,Correction #4 sur version 1
COR-01982,SUB-0393,MEM-0153,Code non comment,59,FAIBLE,0,Correction #5 sur version 1
COR-01983,SUB-0393,MEM-0153,Rsultats non interprts,25,FAIBLE,0,Correction #6 sur version 1
COR-01984,SUB-0393,MEM-0153,Faute d'orthographe,65,ELEVE,0,Correction #7 sur version 1
COR-01985,SUB-0393,MEM-0153,Conclusion absente,19,FAIBLE,0,Correction #8 sur version 1
COR-01986,SUB-0393,MEM-0153,Rsultats non interprts,40,FAIBLE,0,Correction #9 sur version 1
COR-01987,SUB-0395,MEM-0060,Introduction incomplte,39,FAIBLE,1,Correction #1 sur version 3
COR-01988,SUB-0395,MEM-0060,Bibliographie incorrecte,82,FAIBLE,1,Correction #2 sur version 3
COR-01989,SUB-0395,MEM-0060,Citation manquante,4,FAIBLE,1,Correction #3 sur version 3
COR-01990,SUB-0395,MEM-0060,Faute d'orthographe,38,FAIBLE,1,Correction #4 sur version 3
COR-01991,SUB-0395,MEM-0060,Citation manquante,24,FAIBLE,0,Correction #5 sur version 3
COR-01992,SUB-0395,MEM-0060,Problme de structure,9,ELEVE,0,Correction #6 sur version 3
COR-01993,SUB-0396,MEM-0077,Graphique illisible,58,BLOQUANT,0,Correction #1 sur version 1
COR-01994,SUB-0396,MEM-0077,Introduction incomplte,46,FAIBLE,0,Correction #2 sur version 1
COR-01995,SUB-0398,MEM-0173,Code non comment,52,BLOQUANT,1,Correction #1 sur version 6
COR-01996,SUB-0398,MEM-0173,Rsultats non interprts,77,FAIBLE,1,Correction #2 sur version 6
COR-01997,SUB-0398,MEM-0173,Mthodologie floue,50,MOYEN,1,Correction #3 sur version 6
COR-01998,SUB-0398,MEM-0173,Citation manquante,39,MOYEN,1,Correction #4 sur version 6
COR-01999,SUB-0399,MEM-0013,Introduction incomplte,40,BLOQUANT,1,Correction #1 sur version 5
COR-02000,SUB-0399,MEM-0013,Conclusion absente,41,ELEVE,1,Correction #2 sur version 5
COR-02001,SUB-0399,MEM-0013,Plagiat dtect,3,ELEVE,1,Correction #3 sur version 5
COR-02002,SUB-0399,MEM-0013,Conclusion absente,3,ELEVE,0,Correction #4 sur version 5
COR-02003,SUB-0401,MEM-0109,Mthodologie floue,45,MOYEN,1,Correction #1 sur version 3
COR-02004,SUB-0401,MEM-0109,Graphique illisible,90,FAIBLE,1,Correction #2 sur version 3
COR-02005,SUB-0401,MEM-0109,Introduction incomplte,97,MOYEN,1,Correction #3 sur version 3
COR-02006,SUB-0401,MEM-0109,Problme de structure,55,ELEVE,1,Correction #4 sur version 3
COR-02007,SUB-0401,MEM-0109,Plagiat dtect,80,ELEVE,1,Correction #5 sur version 3
COR-02008,SUB-0401,MEM-0109,Code non comment,63,MOYEN,1,Correction #6 sur version 3
COR-02009,SUB-0401,MEM-0109,Introduction incomplte,5,FAIBLE,1,Correction #7 sur version 3
COR-02010,SUB-0401,MEM-0109,Problme de structure,61,MOYEN,1,Correction #8 sur version 3
COR-02011,SUB-0401,MEM-0109,Bibliographie incorrecte,12,MOYEN,1,Correction #9 sur version 3
COR-02012,SUB-0401,MEM-0109,Citation manquante,93,FAIBLE,1,Correction #10 sur version 3
COR-02013,SUB-0401,MEM-0109,Code non comment,13,ELEVE,0,Correction #11 sur version 3
COR-02014,SUB-0401,MEM-0109,Introduction incomplte,96,MOYEN,0,Correction #12 sur version 3
COR-02015,SUB-0401,MEM-0109,Citation manquante,78,MOYEN,0,Correction #13 sur version 3
COR-02016,SUB-0403,MEM-0121,Conclusion absente,5,BLOQUANT,1,Correction #1 sur version 1
COR-02017,SUB-0403,MEM-0121,Graphique illisible,71,MOYEN,0,Correction #2 sur version 1
COR-02018,SUB-0403,MEM-0121,Conclusion absente,28,ELEVE,0,Correction #3 sur version 1
COR-02019,SUB-0403,MEM-0121,Introduction incomplte,13,ELEVE,0,Correction #4 sur version 1
COR-02020,SUB-0403,MEM-0121,Code non comment,17,FAIBLE,0,Correction #5 sur version 1
COR-02021,SUB-0403,MEM-0121,Code non comment,100,ELEVE,0,Correction #6 sur version 1
COR-02022,SUB-0404,MEM-0178,Bibliographie incorrecte,29,FAIBLE,0,Correction #1 sur version 6
COR-02023,SUB-0405,MEM-0003,Problme de structure,33,BLOQUANT,1,Correction #1 sur version 1
COR-02024,SUB-0405,MEM-0003,Conclusion absente,18,FAIBLE,0,Correction #2 sur version 1
COR-02025,SUB-0405,MEM-0003,Plagiat dtect,25,ELEVE,0,Correction #3 sur version 1
COR-02026,SUB-0405,MEM-0003,Code non comment,47,ELEVE,0,Correction #4 sur version 1
COR-02027,SUB-0405,MEM-0003,Graphique illisible,38,FAIBLE,0,Correction #5 sur version 1
COR-02028,SUB-0405,MEM-0003,Rsultats non interprts,34,FAIBLE,0,Correction #6 sur version 1
COR-02029,SUB-0405,MEM-0003,Argument insuffisant,58,MOYEN,0,Correction #7 sur version 1
COR-02030,SUB-0405,MEM-0003,Graphique illisible,55,MOYEN,0,Correction #8 sur version 1
COR-02031,SUB-0405,MEM-0003,Faute d'orthographe,19,FAIBLE,0,Correction #9 sur version 1
COR-02032,SUB-0405,MEM-0003,Mthodologie floue,28,ELEVE,0,Correction #10 sur version 1
COR-02033,SUB-0405,MEM-0003,Code non comment,10,FAIBLE,0,Correction #11 sur version 1
COR-02034,SUB-0407,MEM-0086,Citation manquante,62,FAIBLE,1,Correction #1 sur version 4
COR-02035,SUB-0407,MEM-0086,Citation manquante,1,MOYEN,1,Correction #2 sur version 4
COR-02036,SUB-0409,MEM-0107,Introduction incomplte,42,BLOQUANT,1,Correction #1 sur version 2
COR-02037,SUB-0409,MEM-0107,Introduction incomplte,3,FAIBLE,1,Correction #2 sur version 2
COR-02038,SUB-0409,MEM-0107,Argument insuffisant,15,MOYEN,1,Correction #3 sur version 2
COR-02039,SUB-0409,MEM-0107,Code non comment,38,MOYEN,1,Correction #4 sur version 2
COR-02040,SUB-0409,MEM-0107,Citation manquante,46,MOYEN,0,Correction #5 sur version 2
COR-02041,SUB-0409,MEM-0107,Rsultats non interprts,8,MOYEN,0,Correction #6 sur version 2
COR-02042,SUB-0412,MEM-0028,Argument insuffisant,9,FAIBLE,1,Correction #1 sur version 2
COR-02043,SUB-0412,MEM-0028,Rsultats non interprts,2,FAIBLE,1,Correction #2 sur version 2
COR-02044,SUB-0412,MEM-0028,Conclusion absente,24,MOYEN,1,Correction #3 sur version 2
COR-02045,SUB-0412,MEM-0028,Introduction incomplte,2,ELEVE,1,Correction #4 sur version 2
COR-02046,SUB-0412,MEM-0028,Bibliographie incorrecte,24,ELEVE,1,Correction #5 sur version 2
COR-02047,SUB-0412,MEM-0028,Bibliographie incorrecte,7,ELEVE,1,Correction #6 sur version 2
COR-02048,SUB-0412,MEM-0028,Conclusion absente,3,MOYEN,1,Correction #7 sur version 2
COR-02049,SUB-0412,MEM-0028,Introduction incomplte,28,MOYEN,1,Correction #8 sur version 2
COR-02050,SUB-0412,MEM-0028,Problme de structure,6,FAIBLE,0,Correction #9 sur version 2
COR-02051,SUB-0412,MEM-0028,Code non comment,23,MOYEN,0,Correction #10 sur version 2
COR-02052,SUB-0412,MEM-0028,Introduction incomplte,33,MOYEN,0,Correction #11 sur version 2
COR-02053,SUB-0412,MEM-0028,Argument insuffisant,8,FAIBLE,0,Correction #12 sur version 2
COR-02054,SUB-0412,MEM-0028,Argument insuffisant,6,FAIBLE,0,Correction #13 sur version 2
COR-02055,SUB-0412,MEM-0028,Argument insuffisant,13,ELEVE,0,Correction #14 sur version 2
COR-02056,SUB-0412,MEM-0028,Code non comment,24,MOYEN,0,Correction #15 sur version 2
COR-02057,SUB-0412,MEM-0028,Graphique illisible,31,ELEVE,0,Correction #16 sur version 2
COR-02058,SUB-0413,MEM-0155,Problme de structure,43,BLOQUANT,1,Correction #1 sur version 4
COR-02059,SUB-0413,MEM-0155,Plagiat dtect,27,FAIBLE,1,Correction #2 sur version 4
COR-02060,SUB-0413,MEM-0155,Bibliographie incorrecte,3,FAIBLE,1,Correction #3 sur version 4
COR-02061,SUB-0414,MEM-0106,Citation manquante,26,BLOQUANT,0,Correction #1 sur version 2
COR-02062,SUB-0414,MEM-0106,Graphique illisible,18,FAIBLE,0,Correction #2 sur version 2
COR-02063,SUB-0414,MEM-0106,Rsultats non interprts,51,ELEVE,0,Correction #3 sur version 2
COR-02064,SUB-0415,MEM-0064,Faute d'orthographe,48,BLOQUANT,1,Correction #1 sur version 4
COR-02065,SUB-0415,MEM-0064,Bibliographie incorrecte,101,FAIBLE,1,Correction #2 sur version 4
COR-02066,SUB-0415,MEM-0064,Problme de structure,68,FAIBLE,0,Correction #3 sur version 4
COR-02067,SUB-0416,MEM-0134,Code non comment,18,BLOQUANT,0,Correction #1 sur version 1
COR-02068,SUB-0417,MEM-0049,Plagiat dtect,68,BLOQUANT,1,Correction #1 sur version 3
COR-02069,SUB-0417,MEM-0049,Graphique illisible,104,FAIBLE,1,Correction #2 sur version 3
COR-02070,SUB-0417,MEM-0049,Mthodologie floue,32,FAIBLE,1,Correction #3 sur version 3
COR-02071,SUB-0419,MEM-0117,Citation manquante,25,MOYEN,1,Correction #1 sur version 1
COR-02072,SUB-0419,MEM-0117,Conclusion absente,62,ELEVE,1,Correction #2 sur version 1
COR-02073,SUB-0419,MEM-0117,Citation manquante,13,MOYEN,1,Correction #3 sur version 1
COR-02074,SUB-0419,MEM-0117,Introduction incomplte,71,FAIBLE,1,Correction #4 sur version 1
COR-02075,SUB-0419,MEM-0117,Code non comment,70,ELEVE,1,Correction #5 sur version 1
COR-02076,SUB-0420,MEM-0182,Problme de structure,19,BLOQUANT,1,Correction #1 sur version 4
COR-02077,SUB-0420,MEM-0182,Argument insuffisant,66,ELEVE,1,Correction #2 sur version 4
COR-02078,SUB-0420,MEM-0182,Problme de structure,62,FAIBLE,0,Correction #3 sur version 4
COR-02079,SUB-0420,MEM-0182,Problme de structure,73,ELEVE,0,Correction #4 sur version 4
COR-02080,SUB-0420,MEM-0182,Citation manquante,53,FAIBLE,0,Correction #5 sur version 4
COR-02081,SUB-0420,MEM-0182,Mthodologie floue,29,ELEVE,0,Correction #6 sur version 4
COR-02082,SUB-0420,MEM-0182,Introduction incomplte,8,MOYEN,0,Correction #7 sur version 4
COR-02083,SUB-0420,MEM-0182,Faute d'orthographe,42,MOYEN,0,Correction #8 sur version 4
COR-02084,SUB-0420,MEM-0182,Faute d'orthographe,25,MOYEN,0,Correction #9 sur version 4
COR-02085,SUB-0420,MEM-0182,Rsultats non interprts,48,ELEVE,0,Correction #10 sur version 4
COR-02086,SUB-0422,MEM-0161,Introduction incomplte,58,BLOQUANT,0,Correction #1 sur version 2
COR-02087,SUB-0422,MEM-0161,Citation manquante,17,ELEVE,0,Correction #2 sur version 2
COR-02088,SUB-0422,MEM-0161,Plagiat dtect,66,MOYEN,0,Correction #3 sur version 2
COR-02089,SUB-0423,MEM-0061,Code non comment,97,MOYEN,1,Correction #1 sur version 2
COR-02090,SUB-0423,MEM-0061,Argument insuffisant,31,ELEVE,1,Correction #2 sur version 2
COR-02091,SUB-0423,MEM-0061,Bibliographie incorrecte,37,ELEVE,1,Correction #3 sur version 2
COR-02092,SUB-0423,MEM-0061,Problme de structure,56,MOYEN,1,Correction #4 sur version 2
COR-02093,SUB-0423,MEM-0061,Faute d'orthographe,54,ELEVE,1,Correction #5 sur version 2
COR-02094,SUB-0423,MEM-0061,Bibliographie incorrecte,11,FAIBLE,1,Correction #6 sur version 2
COR-02095,SUB-0423,MEM-0061,Argument insuffisant,99,ELEVE,1,Correction #7 sur version 2
COR-02096,SUB-0423,MEM-0061,Faute d'orthographe,48,ELEVE,0,Correction #8 sur version 2
COR-02097,SUB-0423,MEM-0061,Introduction incomplte,36,MOYEN,0,Correction #9 sur version 2
COR-02098,SUB-0423,MEM-0061,Code non comment,44,MOYEN,0,Correction #10 sur version 2
COR-02099,SUB-0424,MEM-0038,Bibliographie incorrecte,39,MOYEN,1,Correction #1 sur version 1
COR-02100,SUB-0425,MEM-0073,Mthodologie floue,40,BLOQUANT,1,Correction #1 sur version 5
COR-02101,SUB-0425,MEM-0073,Bibliographie incorrecte,63,MOYEN,1,Correction #2 sur version 5
COR-02102,SUB-0425,MEM-0073,Rsultats non interprts,76,MOYEN,1,Correction #3 sur version 5
COR-02103,SUB-0425,MEM-0073,Bibliographie incorrecte,88,ELEVE,1,Correction #4 sur version 5
COR-02104,SUB-0425,MEM-0073,Plagiat dtect,85,ELEVE,1,Correction #5 sur version 5
COR-02105,SUB-0425,MEM-0073,Argument insuffisant,61,ELEVE,1,Correction #6 sur version 5
COR-02106,SUB-0426,MEM-0098,Mthodologie floue,6,BLOQUANT,1,Correction #1 sur version 1
COR-02107,SUB-0426,MEM-0098,Conclusion absente,22,ELEVE,0,Correction #2 sur version 1
COR-02108,SUB-0428,MEM-0110,Bibliographie incorrecte,67,BLOQUANT,1,Correction #1 sur version 5
COR-02109,SUB-0428,MEM-0110,Code non comment,9,ELEVE,1,Correction #2 sur version 5
COR-02110,SUB-0428,MEM-0110,Code non comment,35,MOYEN,1,Correction #3 sur version 5
COR-02111,SUB-0428,MEM-0110,Graphique illisible,77,MOYEN,1,Correction #4 sur version 5
COR-02112,SUB-0428,MEM-0110,Citation manquante,41,ELEVE,0,Correction #5 sur version 5
COR-02113,SUB-0428,MEM-0110,Citation manquante,73,MOYEN,0,Correction #6 sur version 5
COR-02114,SUB-0431,MEM-0050,Citation manquante,45,BLOQUANT,1,Correction #1 sur version 3
COR-02115,SUB-0431,MEM-0050,Citation manquante,106,MOYEN,1,Correction #2 sur version 3
COR-02116,SUB-0431,MEM-0050,Bibliographie incorrecte,87,MOYEN,1,Correction #3 sur version 3
COR-02117,SUB-0431,MEM-0050,Graphique illisible,34,MOYEN,1,Correction #4 sur version 3
COR-02118,SUB-0431,MEM-0050,Introduction incomplte,86,ELEVE,1,Correction #5 sur version 3
COR-02119,SUB-0431,MEM-0050,Citation manquante,99,ELEVE,1,Correction #6 sur version 3
COR-02120,SUB-0431,MEM-0050,Argument insuffisant,103,ELEVE,1,Correction #7 sur version 3
COR-02121,SUB-0431,MEM-0050,Graphique illisible,25,ELEVE,0,Correction #8 sur version 3
COR-02122,SUB-0431,MEM-0050,Code non comment,47,ELEVE,0,Correction #9 sur version 3
COR-02123,SUB-0432,MEM-0119,Bibliographie incorrecte,71,ELEVE,1,Correction #1 sur version 4
COR-02124,SUB-0432,MEM-0119,Citation manquante,103,MOYEN,1,Correction #2 sur version 4
COR-02125,SUB-0432,MEM-0119,Plagiat dtect,67,MOYEN,1,Correction #3 sur version 4
COR-02126,SUB-0432,MEM-0119,Problme de structure,93,FAIBLE,1,Correction #4 sur version 4
COR-02127,SUB-0432,MEM-0119,Graphique illisible,82,ELEVE,0,Correction #5 sur version 4
COR-02128,SUB-0432,MEM-0119,Citation manquante,77,FAIBLE,0,Correction #6 sur version 4
COR-02129,SUB-0432,MEM-0119,Mthodologie floue,24,ELEVE,0,Correction #7 sur version 4
COR-02130,SUB-0433,MEM-0017,Code non comment,104,BLOQUANT,1,Correction #1 sur version 2
COR-02131,SUB-0433,MEM-0017,Mthodologie floue,32,MOYEN,1,Correction #2 sur version 2
COR-02132,SUB-0433,MEM-0017,Conclusion absente,92,MOYEN,1,Correction #3 sur version 2
COR-02133,SUB-0433,MEM-0017,Plagiat dtect,59,MOYEN,1,Correction #4 sur version 2
COR-02134,SUB-0433,MEM-0017,Mthodologie floue,19,ELEVE,1,Correction #5 sur version 2
COR-02135,SUB-0433,MEM-0017,Plagiat dtect,10,MOYEN,1,Correction #6 sur version 2
COR-02136,SUB-0433,MEM-0017,Problme de structure,49,MOYEN,1,Correction #7 sur version 2
COR-02137,SUB-0433,MEM-0017,Introduction incomplte,1,ELEVE,1,Correction #8 sur version 2
COR-02138,SUB-0433,MEM-0017,Citation manquante,104,FAIBLE,0,Correction #9 sur version 2
COR-02139,SUB-0435,MEM-0096,Graphique illisible,64,BLOQUANT,1,Correction #1 sur version 1
COR-02140,SUB-0435,MEM-0096,Bibliographie incorrecte,75,MOYEN,1,Correction #2 sur version 1
COR-02141,SUB-0435,MEM-0096,Bibliographie incorrecte,73,MOYEN,1,Correction #3 sur version 1
COR-02142,SUB-0435,MEM-0096,Citation manquante,35,MOYEN,1,Correction #4 sur version 1
COR-02143,SUB-0435,MEM-0096,Introduction incomplte,81,FAIBLE,1,Correction #5 sur version 1
COR-02144,SUB-0435,MEM-0096,Plagiat dtect,14,MOYEN,1,Correction #6 sur version 1
COR-02145,SUB-0435,MEM-0096,Introduction incomplte,50,MOYEN,1,Correction #7 sur version 1
COR-02146,SUB-0435,MEM-0096,Problme de structure,18,MOYEN,1,Correction #8 sur version 1
COR-02147,SUB-0435,MEM-0096,Problme de structure,47,FAIBLE,0,Correction #9 sur version 1
COR-02148,SUB-0435,MEM-0096,Faute d'orthographe,9,FAIBLE,0,Correction #10 sur version 1
COR-02149,SUB-0435,MEM-0096,Problme de structure,71,MOYEN,0,Correction #11 sur version 1
COR-02150,SUB-0435,MEM-0096,Graphique illisible,17,ELEVE,0,Correction #12 sur version 1
COR-02151,SUB-0435,MEM-0096,Rsultats non interprts,88,FAIBLE,0,Correction #13 sur version 1
COR-02152,SUB-0435,MEM-0096,Citation manquante,6,MOYEN,0,Correction #14 sur version 1
COR-02153,SUB-0438,MEM-0050,Plagiat dtect,4,ELEVE,1,Correction #1 sur version 3
COR-02154,SUB-0438,MEM-0050,Problme de structure,22,FAIBLE,0,Correction #2 sur version 3
COR-02155,SUB-0438,MEM-0050,Rsultats non interprts,18,ELEVE,0,Correction #3 sur version 3
COR-02156,SUB-0438,MEM-0050,Introduction incomplte,16,MOYEN,0,Correction #4 sur version 3
COR-02157,SUB-0438,MEM-0050,Citation manquante,40,FAIBLE,0,Correction #5 sur version 3
COR-02158,SUB-0438,MEM-0050,Plagiat dtect,18,ELEVE,0,Correction #6 sur version 3
COR-02159,SUB-0438,MEM-0050,Mthodologie floue,16,ELEVE,0,Correction #7 sur version 3
COR-02160,SUB-0438,MEM-0050,Faute d'orthographe,36,FAIBLE,0,Correction #8 sur version 3
COR-02161,SUB-0440,MEM-0173,Plagiat dtect,41,BLOQUANT,1,Correction #1 sur version 1
COR-02162,SUB-0440,MEM-0173,Argument insuffisant,104,FAIBLE,1,Correction #2 sur version 1
COR-02163,SUB-0440,MEM-0173,Citation manquante,70,MOYEN,1,Correction #3 sur version 1
COR-02164,SUB-0440,MEM-0173,Faute d'orthographe,21,ELEVE,1,Correction #4 sur version 1
COR-02165,SUB-0440,MEM-0173,Plagiat dtect,95,FAIBLE,1,Correction #5 sur version 1
COR-02166,SUB-0440,MEM-0173,Graphique illisible,104,ELEVE,1,Correction #6 sur version 1
COR-02167,SUB-0440,MEM-0173,Problme de structure,13,MOYEN,0,Correction #7 sur version 1
COR-02168,SUB-0440,MEM-0173,Introduction incomplte,29,FAIBLE,0,Correction #8 sur version 1
COR-02169,SUB-0440,MEM-0173,Conclusion absente,79,FAIBLE,0,Correction #9 sur version 1
COR-02170,SUB-0440,MEM-0173,Argument insuffisant,29,FAIBLE,0,Correction #10 sur version 1
COR-02171,SUB-0440,MEM-0173,Problme de structure,1,MOYEN,0,Correction #11 sur version 1
COR-02172,SUB-0440,MEM-0173,Code non comment,40,FAIBLE,0,Correction #12 sur version 1
COR-02173,SUB-0440,MEM-0173,Plagiat dtect,77,MOYEN,0,Correction #13 sur version 1
COR-02174,SUB-0442,MEM-0121,Introduction incomplte,58,BLOQUANT,1,Correction #1 sur version 2
COR-02175,SUB-0442,MEM-0121,Citation manquante,13,FAIBLE,1,Correction #2 sur version 2
COR-02176,SUB-0442,MEM-0121,Introduction incomplte,92,FAIBLE,1,Correction #3 sur version 2
COR-02177,SUB-0442,MEM-0121,Conclusion absente,20,MOYEN,1,Correction #4 sur version 2
COR-02178,SUB-0442,MEM-0121,Introduction incomplte,109,ELEVE,1,Correction #5 sur version 2
COR-02179,SUB-0442,MEM-0121,Introduction incomplte,3,ELEVE,1,Correction #6 sur version 2
COR-02180,SUB-0442,MEM-0121,Graphique illisible,27,ELEVE,1,Correction #7 sur version 2
COR-02181,SUB-0442,MEM-0121,Conclusion absente,56,ELEVE,1,Correction #8 sur version 2
COR-02182,SUB-0442,MEM-0121,Mthodologie floue,42,ELEVE,0,Correction #9 sur version 2
COR-02183,SUB-0442,MEM-0121,Conclusion absente,65,FAIBLE,0,Correction #10 sur version 2
COR-02184,SUB-0442,MEM-0121,Introduction incomplte,108,ELEVE,0,Correction #11 sur version 2
COR-02185,SUB-0442,MEM-0121,Plagiat dtect,27,MOYEN,0,Correction #12 sur version 2
COR-02186,SUB-0442,MEM-0121,Argument insuffisant,91,MOYEN,0,Correction #13 sur version 2
COR-02187,SUB-0442,MEM-0121,Plagiat dtect,108,FAIBLE,0,Correction #14 sur version 2
COR-02188,SUB-0442,MEM-0121,Code non comment,49,ELEVE,0,Correction #15 sur version 2
COR-02189,SUB-0442,MEM-0121,Introduction incomplte,27,FAIBLE,0,Correction #16 sur version 2
COR-02190,SUB-0443,MEM-0117,Citation manquante,21,BLOQUANT,1,Correction #1 sur version 4
COR-02191,SUB-0443,MEM-0117,Introduction incomplte,18,MOYEN,0,Correction #2 sur version 4
COR-02192,SUB-0444,MEM-0131,Citation manquante,38,BLOQUANT,1,Correction #1 sur version 1
COR-02193,SUB-0444,MEM-0131,Introduction incomplte,77,FAIBLE,1,Correction #2 sur version 1
COR-02194,SUB-0444,MEM-0131,Faute d'orthographe,73,MOYEN,0,Correction #3 sur version 1
COR-02195,SUB-0445,MEM-0159,Citation manquante,83,BLOQUANT,1,Correction #1 sur version 2
COR-02196,SUB-0445,MEM-0159,Problme de structure,58,ELEVE,0,Correction #2 sur version 2
COR-02197,SUB-0445,MEM-0159,Faute d'orthographe,50,ELEVE,0,Correction #3 sur version 2
COR-02198,SUB-0445,MEM-0159,Mthodologie floue,47,ELEVE,0,Correction #4 sur version 2
COR-02199,SUB-0445,MEM-0159,Faute d'orthographe,63,MOYEN,0,Correction #5 sur version 2
COR-02200,SUB-0445,MEM-0159,Rsultats non interprts,58,MOYEN,0,Correction #6 sur version 2
COR-02201,SUB-0445,MEM-0159,Problme de structure,56,MOYEN,0,Correction #7 sur version 2
COR-02202,SUB-0445,MEM-0159,Mthodologie floue,30,MOYEN,0,Correction #8 sur version 2
COR-02203,SUB-0445,MEM-0159,Mthodologie floue,34,MOYEN,0,Correction #9 sur version 2
COR-02204,SUB-0446,MEM-0045,Conclusion absente,21,BLOQUANT,1,Correction #1 sur version 6
COR-02205,SUB-0446,MEM-0045,Citation manquante,75,FAIBLE,1,Correction #2 sur version 6
COR-02206,SUB-0446,MEM-0045,Bibliographie incorrecte,77,ELEVE,1,Correction #3 sur version 6
COR-02207,SUB-0449,MEM-0077,Bibliographie incorrecte,13,BLOQUANT,1,Correction #1 sur version 5
COR-02208,SUB-0452,MEM-0035,Introduction incomplte,47,FAIBLE,1,Correction #1 sur version 1
COR-02209,SUB-0452,MEM-0035,Citation manquante,12,FAIBLE,1,Correction #2 sur version 1
COR-02210,SUB-0452,MEM-0035,Argument insuffisant,12,ELEVE,1,Correction #3 sur version 1
COR-02211,SUB-0452,MEM-0035,Rsultats non interprts,71,ELEVE,1,Correction #4 sur version 1
COR-02212,SUB-0452,MEM-0035,Graphique illisible,11,FAIBLE,1,Correction #5 sur version 1
COR-02213,SUB-0452,MEM-0035,Graphique illisible,58,ELEVE,1,Correction #6 sur version 1
COR-02214,SUB-0452,MEM-0035,Graphique illisible,19,FAIBLE,1,Correction #7 sur version 1
COR-02215,SUB-0452,MEM-0035,Graphique illisible,112,MOYEN,1,Correction #8 sur version 1
COR-02216,SUB-0452,MEM-0035,Citation manquante,53,FAIBLE,1,Correction #9 sur version 1
COR-02217,SUB-0452,MEM-0035,Argument insuffisant,67,MOYEN,1,Correction #10 sur version 1
COR-02218,SUB-0452,MEM-0035,Citation manquante,112,FAIBLE,1,Correction #11 sur version 1
COR-02219,SUB-0452,MEM-0035,Plagiat dtect,7,FAIBLE,1,Correction #12 sur version 1
COR-02220,SUB-0452,MEM-0035,Code non comment,101,ELEVE,1,Correction #13 sur version 1
COR-02221,SUB-0452,MEM-0035,Argument insuffisant,37,ELEVE,0,Correction #14 sur version 1
COR-02222,SUB-0452,MEM-0035,Conclusion absente,55,ELEVE,0,Correction #15 sur version 1
COR-02223,SUB-0453,MEM-0179,Argument insuffisant,31,BLOQUANT,1,Correction #1 sur version 5
COR-02224,SUB-0453,MEM-0179,Citation manquante,78,FAIBLE,1,Correction #2 sur version 5
COR-02225,SUB-0454,MEM-0148,Rsultats non interprts,10,BLOQUANT,1,Correction #1 sur version 4
COR-02226,SUB-0454,MEM-0148,Problme de structure,35,FAIBLE,1,Correction #2 sur version 4
COR-02227,SUB-0454,MEM-0148,Bibliographie incorrecte,16,FAIBLE,1,Correction #3 sur version 4
COR-02228,SUB-0454,MEM-0148,Bibliographie incorrecte,98,MOYEN,1,Correction #4 sur version 4
COR-02229,SUB-0454,MEM-0148,Rsultats non interprts,23,MOYEN,0,Correction #5 sur version 4
COR-02230,SUB-0454,MEM-0148,Bibliographie incorrecte,24,FAIBLE,0,Correction #6 sur version 4
COR-02231,SUB-0454,MEM-0148,Faute d'orthographe,42,FAIBLE,0,Correction #7 sur version 4
COR-02232,SUB-0455,MEM-0146,Graphique illisible,66,FAIBLE,1,Correction #1 sur version 4
COR-02233,SUB-0455,MEM-0146,Bibliographie incorrecte,65,FAIBLE,1,Correction #2 sur version 4
COR-02234,SUB-0455,MEM-0146,Introduction incomplte,18,FAIBLE,1,Correction #3 sur version 4
COR-02235,SUB-0455,MEM-0146,Faute d'orthographe,61,FAIBLE,1,Correction #4 sur version 4
COR-02236,SUB-0455,MEM-0146,Argument insuffisant,31,FAIBLE,1,Correction #5 sur version 4
COR-02237,SUB-0455,MEM-0146,Mthodologie floue,74,ELEVE,0,Correction #6 sur version 4
COR-02238,SUB-0457,MEM-0076,Conclusion absente,32,MOYEN,1,Correction #1 sur version 3
COR-02239,SUB-0457,MEM-0076,Argument insuffisant,15,MOYEN,1,Correction #2 sur version 3
COR-02240,SUB-0457,MEM-0076,Citation manquante,21,ELEVE,1,Correction #3 sur version 3
COR-02241,SUB-0457,MEM-0076,Plagiat dtect,6,ELEVE,1,Correction #4 sur version 3
COR-02242,SUB-0457,MEM-0076,Introduction incomplte,18,FAIBLE,1,Correction #5 sur version 3
COR-02243,SUB-0457,MEM-0076,Graphique illisible,59,FAIBLE,1,Correction #6 sur version 3
COR-02244,SUB-0457,MEM-0076,Conclusion absente,87,ELEVE,1,Correction #7 sur version 3
COR-02245,SUB-0457,MEM-0076,Bibliographie incorrecte,70,MOYEN,1,Correction #8 sur version 3
COR-02246,SUB-0457,MEM-0076,Introduction incomplte,68,ELEVE,1,Correction #9 sur version 3
COR-02247,SUB-0457,MEM-0076,Code non comment,67,MOYEN,1,Correction #10 sur version 3
COR-02248,SUB-0457,MEM-0076,Plagiat dtect,74,MOYEN,1,Correction #11 sur version 3
COR-02249,SUB-0457,MEM-0076,Rsultats non interprts,52,ELEVE,0,Correction #12 sur version 3
COR-02250,SUB-0457,MEM-0076,Bibliographie incorrecte,53,MOYEN,0,Correction #13 sur version 3
COR-02251,SUB-0458,MEM-0160,Bibliographie incorrecte,64,FAIBLE,1,Correction #1 sur version 1
COR-02252,SUB-0458,MEM-0160,Faute d'orthographe,27,FAIBLE,1,Correction #2 sur version 1
COR-02253,SUB-0458,MEM-0160,Plagiat dtect,48,FAIBLE,0,Correction #3 sur version 1
COR-02254,SUB-0458,MEM-0160,Problme de structure,78,MOYEN,0,Correction #4 sur version 1
COR-02255,SUB-0458,MEM-0160,Introduction incomplte,49,MOYEN,0,Correction #5 sur version 1
COR-02256,SUB-0458,MEM-0160,Mthodologie floue,4,MOYEN,0,Correction #6 sur version 1
COR-02257,SUB-0458,MEM-0160,Conclusion absente,26,MOYEN,0,Correction #7 sur version 1
COR-02258,SUB-0458,MEM-0160,Citation manquante,56,FAIBLE,0,Correction #8 sur version 1
COR-02259,SUB-0458,MEM-0160,Argument insuffisant,58,ELEVE,0,Correction #9 sur version 1
COR-02260,SUB-0458,MEM-0160,Rsultats non interprts,18,ELEVE,0,Correction #10 sur version 1
COR-02261,SUB-0458,MEM-0160,Graphique illisible,51,ELEVE,0,Correction #11 sur version 1
COR-02262,SUB-0458,MEM-0160,Argument insuffisant,3,FAIBLE,0,Correction #12 sur version 1
COR-02263,SUB-0458,MEM-0160,Conclusion absente,33,FAIBLE,0,Correction #13 sur version 1
COR-02264,SUB-0458,MEM-0160,Introduction incomplte,60,MOYEN,0,Correction #14 sur version 1
COR-02265,SUB-0458,MEM-0160,Conclusion absente,48,ELEVE,0,Correction #15 sur version 1
COR-02266,SUB-0458,MEM-0160,Conclusion absente,17,FAIBLE,0,Correction #16 sur version 1
COR-02267,SUB-0460,MEM-0022,Introduction incomplte,7,BLOQUANT,1,Correction #1 sur version 2
COR-02268,SUB-0460,MEM-0022,Argument insuffisant,13,FAIBLE,1,Correction #2 sur version 2
COR-02269,SUB-0460,MEM-0022,Mthodologie floue,7,MOYEN,1,Correction #3 sur version 2
COR-02270,SUB-0460,MEM-0022,Conclusion absente,50,MOYEN,1,Correction #4 sur version 2
COR-02271,SUB-0460,MEM-0022,Introduction incomplte,10,ELEVE,1,Correction #5 sur version 2
COR-02272,SUB-0460,MEM-0022,Graphique illisible,46,ELEVE,1,Correction #6 sur version 2
COR-02273,SUB-0460,MEM-0022,Bibliographie incorrecte,62,ELEVE,1,Correction #7 sur version 2
COR-02274,SUB-0460,MEM-0022,Conclusion absente,9,FAIBLE,1,Correction #8 sur version 2
COR-02275,SUB-0460,MEM-0022,Mthodologie floue,25,MOYEN,1,Correction #9 sur version 2
COR-02276,SUB-0460,MEM-0022,Bibliographie incorrecte,22,MOYEN,1,Correction #10 sur version 2
COR-02277,SUB-0460,MEM-0022,Problme de structure,19,FAIBLE,1,Correction #11 sur version 2
COR-02278,SUB-0460,MEM-0022,Rsultats non interprts,72,ELEVE,1,Correction #12 sur version 2
COR-02279,SUB-0463,MEM-0025,Faute d'orthographe,2,MOYEN,1,Correction #1 sur version 5
COR-02280,SUB-0464,MEM-0192,Citation manquante,21,ELEVE,1,Correction #1 sur version 2
COR-02281,SUB-0464,MEM-0192,Mthodologie floue,1,ELEVE,1,Correction #2 sur version 2
COR-02282,SUB-0464,MEM-0192,Introduction incomplte,11,MOYEN,0,Correction #3 sur version 2
COR-02283,SUB-0466,MEM-0031,Conclusion absente,23,ELEVE,1,Correction #1 sur version 1
COR-02284,SUB-0466,MEM-0031,Mthodologie floue,19,ELEVE,1,Correction #2 sur version 1
COR-02285,SUB-0466,MEM-0031,Faute d'orthographe,52,MOYEN,1,Correction #3 sur version 1
COR-02286,SUB-0466,MEM-0031,Plagiat dtect,8,ELEVE,1,Correction #4 sur version 1
COR-02287,SUB-0466,MEM-0031,Conclusion absente,28,MOYEN,1,Correction #5 sur version 1
COR-02288,SUB-0466,MEM-0031,Faute d'orthographe,43,ELEVE,1,Correction #6 sur version 1
COR-02289,SUB-0466,MEM-0031,Rsultats non interprts,48,ELEVE,1,Correction #7 sur version 1
COR-02290,SUB-0466,MEM-0031,Bibliographie incorrecte,5,ELEVE,1,Correction #8 sur version 1
COR-02291,SUB-0466,MEM-0031,Introduction incomplte,22,FAIBLE,1,Correction #9 sur version 1
COR-02292,SUB-0466,MEM-0031,Rsultats non interprts,29,ELEVE,1,Correction #10 sur version 1
COR-02293,SUB-0466,MEM-0031,Rsultats non interprts,41,ELEVE,1,Correction #11 sur version 1
COR-02294,SUB-0466,MEM-0031,Argument insuffisant,10,MOYEN,1,Correction #12 sur version 1
COR-02295,SUB-0466,MEM-0031,Problme de structure,40,FAIBLE,1,Correction #13 sur version 1
COR-02296,SUB-0466,MEM-0031,Graphique illisible,26,MOYEN,1,Correction #14 sur version 1
COR-02297,SUB-0466,MEM-0031,Faute d'orthographe,3,FAIBLE,1,Correction #15 sur version 1
COR-02298,SUB-0466,MEM-0031,Faute d'orthographe,62,MOYEN,1,Correction #16 sur version 1
COR-02299,SUB-0466,MEM-0031,Citation manquante,27,FAIBLE,1,Correction #17 sur version 1
COR-02300,SUB-0466,MEM-0031,Citation manquante,27,ELEVE,1,Correction #18 sur version 1
COR-02301,SUB-0466,MEM-0031,Introduction incomplte,36,FAIBLE,0,Correction #19 sur version 1
COR-02302,SUB-0466,MEM-0031,Graphique illisible,59,ELEVE,0,Correction #20 sur version 1
COR-02303,SUB-0467,MEM-0071,Faute d'orthographe,5,FAIBLE,1,Correction #1 sur version 4
COR-02304,SUB-0468,MEM-0068,Argument insuffisant,3,BLOQUANT,1,Correction #1 sur version 2
COR-02305,SUB-0468,MEM-0068,Rsultats non interprts,31,MOYEN,1,Correction #2 sur version 2
COR-02306,SUB-0468,MEM-0068,Citation manquante,30,FAIBLE,1,Correction #3 sur version 2
COR-02307,SUB-0469,MEM-0184,Argument insuffisant,87,BLOQUANT,1,Correction #1 sur version 3
COR-02308,SUB-0469,MEM-0184,Problme de structure,11,MOYEN,1,Correction #2 sur version 3
COR-02309,SUB-0469,MEM-0184,Conclusion absente,44,ELEVE,1,Correction #3 sur version 3
COR-02310,SUB-0469,MEM-0184,Rsultats non interprts,48,ELEVE,1,Correction #4 sur version 3
COR-02311,SUB-0469,MEM-0184,Graphique illisible,74,MOYEN,1,Correction #5 sur version 3
COR-02312,SUB-0469,MEM-0184,Bibliographie incorrecte,43,ELEVE,1,Correction #6 sur version 3
COR-02313,SUB-0469,MEM-0184,Code non comment,42,ELEVE,1,Correction #7 sur version 3
COR-02314,SUB-0469,MEM-0184,Argument insuffisant,86,ELEVE,1,Correction #8 sur version 3
COR-02315,SUB-0469,MEM-0184,Rsultats non interprts,76,ELEVE,1,Correction #9 sur version 3
COR-02316,SUB-0469,MEM-0184,Code non comment,36,ELEVE,1,Correction #10 sur version 3
COR-02317,SUB-0469,MEM-0184,Citation manquante,29,ELEVE,1,Correction #11 sur version 3
COR-02318,SUB-0469,MEM-0184,Introduction incomplte,62,FAIBLE,0,Correction #12 sur version 3
COR-02319,SUB-0470,MEM-0069,Graphique illisible,43,BLOQUANT,0,Correction #1 sur version 2
COR-02320,SUB-0470,MEM-0069,Graphique illisible,64,ELEVE,0,Correction #2 sur version 2
COR-02321,SUB-0470,MEM-0069,Introduction incomplte,7,ELEVE,0,Correction #3 sur version 2
COR-02322,SUB-0470,MEM-0069,Graphique illisible,33,ELEVE,0,Correction #4 sur version 2
COR-02323,SUB-0470,MEM-0069,Argument insuffisant,72,FAIBLE,0,Correction #5 sur version 2
COR-02324,SUB-0470,MEM-0069,Citation manquante,32,FAIBLE,0,Correction #6 sur version 2
COR-02325,SUB-0470,MEM-0069,Argument insuffisant,13,MOYEN,0,Correction #7 sur version 2
COR-02326,SUB-0470,MEM-0069,Bibliographie incorrecte,65,ELEVE,0,Correction #8 sur version 2
COR-02327,SUB-0470,MEM-0069,Introduction incomplte,52,MOYEN,0,Correction #9 sur version 2
COR-02328,SUB-0470,MEM-0069,Plagiat dtect,43,MOYEN,0,Correction #10 sur version 2
COR-02329,SUB-0470,MEM-0069,Problme de structure,32,MOYEN,0,Correction #11 sur version 2
COR-02330,SUB-0470,MEM-0069,Plagiat dtect,62,FAIBLE,0,Correction #12 sur version 2
COR-02331,SUB-0470,MEM-0069,Problme de structure,41,ELEVE,0,Correction #13 sur version 2
COR-02332,SUB-0470,MEM-0069,Introduction incomplte,52,FAIBLE,0,Correction #14 sur version 2
COR-02333,SUB-0470,MEM-0069,Argument insuffisant,54,MOYEN,0,Correction #15 sur version 2
COR-02334,SUB-0471,MEM-0139,Faute d'orthographe,22,MOYEN,1,Correction #1 sur version 2
COR-02335,SUB-0471,MEM-0139,Problme de structure,20,MOYEN,0,Correction #2 sur version 2
COR-02336,SUB-0471,MEM-0139,Conclusion absente,32,FAIBLE,0,Correction #3 sur version 2
COR-02337,SUB-0471,MEM-0139,Plagiat dtect,14,MOYEN,0,Correction #4 sur version 2
COR-02338,SUB-0471,MEM-0139,Introduction incomplte,16,MOYEN,0,Correction #5 sur version 2
COR-02339,SUB-0471,MEM-0139,Citation manquante,11,MOYEN,0,Correction #6 sur version 2
COR-02340,SUB-0471,MEM-0139,Argument insuffisant,21,MOYEN,0,Correction #7 sur version 2
COR-02341,SUB-0471,MEM-0139,Introduction incomplte,6,ELEVE,0,Correction #8 sur version 2
COR-02342,SUB-0471,MEM-0139,Problme de structure,6,FAIBLE,0,Correction #9 sur version 2
COR-02343,SUB-0471,MEM-0139,Faute d'orthographe,10,ELEVE,0,Correction #10 sur version 2
COR-02344,SUB-0471,MEM-0139,Introduction incomplte,32,ELEVE,0,Correction #11 sur version 2
COR-02345,SUB-0471,MEM-0139,Rsultats non interprts,10,FAIBLE,0,Correction #12 sur version 2
COR-02346,SUB-0472,MEM-0094,Faute d'orthographe,61,FAIBLE,1,Correction #1 sur version 5
COR-02347,SUB-0472,MEM-0094,Faute d'orthographe,18,FAIBLE,0,Correction #2 sur version 5
COR-02348,SUB-0474,MEM-0116,Graphique illisible,108,BLOQUANT,1,Correction #1 sur version 1
COR-02349,SUB-0475,MEM-0060,Mthodologie floue,87,BLOQUANT,0,Correction #1 sur version 1
COR-02350,SUB-0475,MEM-0060,Rsultats non interprts,46,ELEVE,0,Correction #2 sur version 1
COR-02351,SUB-0475,MEM-0060,Plagiat dtect,12,ELEVE,0,Correction #3 sur version 1
COR-02352,SUB-0475,MEM-0060,Argument insuffisant,40,FAIBLE,0,Correction #4 sur version 1
COR-02353,SUB-0475,MEM-0060,Problme de structure,5,MOYEN,0,Correction #5 sur version 1
COR-02354,SUB-0475,MEM-0060,Problme de structure,6,ELEVE,0,Correction #6 sur version 1
COR-02355,SUB-0475,MEM-0060,Faute d'orthographe,106,ELEVE,0,Correction #7 sur version 1
COR-02356,SUB-0475,MEM-0060,Argument insuffisant,51,FAIBLE,0,Correction #8 sur version 1
COR-02357,SUB-0475,MEM-0060,Problme de structure,35,MOYEN,0,Correction #9 sur version 1
COR-02358,SUB-0475,MEM-0060,Graphique illisible,79,ELEVE,0,Correction #10 sur version 1
COR-02359,SUB-0475,MEM-0060,Problme de structure,107,ELEVE,0,Correction #11 sur version 1
COR-02360,SUB-0475,MEM-0060,Graphique illisible,18,ELEVE,0,Correction #12 sur version 1
COR-02361,SUB-0475,MEM-0060,Conclusion absente,78,FAIBLE,0,Correction #13 sur version 1
COR-02362,SUB-0475,MEM-0060,Argument insuffisant,83,MOYEN,0,Correction #14 sur version 1
COR-02363,SUB-0475,MEM-0060,Bibliographie incorrecte,13,ELEVE,0,Correction #15 sur version 1
COR-02364,SUB-0475,MEM-0060,Plagiat dtect,29,MOYEN,0,Correction #16 sur version 1
COR-02365,SUB-0475,MEM-0060,Graphique illisible,5,ELEVE,0,Correction #17 sur version 1
COR-02366,SUB-0475,MEM-0060,Mthodologie floue,86,MOYEN,0,Correction #18 sur version 1
COR-02367,SUB-0475,MEM-0060,Rsultats non interprts,61,FAIBLE,0,Correction #19 sur version 1
COR-02368,SUB-0475,MEM-0060,Mthodologie floue,66,MOYEN,0,Correction #20 sur version 1
COR-02369,SUB-0477,MEM-0110,Graphique illisible,42,MOYEN,1,Correction #1 sur version 3
COR-02370,SUB-0477,MEM-0110,Introduction incomplte,27,ELEVE,1,Correction #2 sur version 3
COR-02371,SUB-0477,MEM-0110,Graphique illisible,43,FAIBLE,0,Correction #3 sur version 3
COR-02372,SUB-0477,MEM-0110,Citation manquante,16,MOYEN,0,Correction #4 sur version 3
COR-02373,SUB-0477,MEM-0110,Argument insuffisant,46,MOYEN,0,Correction #5 sur version 3
COR-02374,SUB-0477,MEM-0110,Faute d'orthographe,6,FAIBLE,0,Correction #6 sur version 3
COR-02375,SUB-0478,MEM-0071,Faute d'orthographe,76,BLOQUANT,1,Correction #1 sur version 2
COR-02376,SUB-0478,MEM-0071,Argument insuffisant,14,FAIBLE,1,Correction #2 sur version 2
COR-02377,SUB-0478,MEM-0071,Argument insuffisant,20,MOYEN,1,Correction #3 sur version 2
COR-02378,SUB-0478,MEM-0071,Problme de structure,37,ELEVE,1,Correction #4 sur version 2
COR-02379,SUB-0478,MEM-0071,Rsultats non interprts,41,MOYEN,1,Correction #5 sur version 2
COR-02380,SUB-0478,MEM-0071,Citation manquante,92,ELEVE,1,Correction #6 sur version 2
COR-02381,SUB-0478,MEM-0071,Introduction incomplte,53,MOYEN,1,Correction #7 sur version 2
COR-02382,SUB-0478,MEM-0071,Code non comment,86,FAIBLE,1,Correction #8 sur version 2
COR-02383,SUB-0480,MEM-0134,Code non comment,36,BLOQUANT,0,Correction #1 sur version 4
COR-02384,SUB-0480,MEM-0134,Plagiat dtect,20,ELEVE,0,Correction #2 sur version 4
COR-02385,SUB-0480,MEM-0134,Citation manquante,31,ELEVE,0,Correction #3 sur version 4
COR-02386,SUB-0480,MEM-0134,Faute d'orthographe,24,ELEVE,0,Correction #4 sur version 4
COR-02387,SUB-0480,MEM-0134,Introduction incomplte,13,FAIBLE,0,Correction #5 sur version 4
COR-02388,SUB-0480,MEM-0134,Problme de structure,4,MOYEN,0,Correction #6 sur version 4
COR-02389,SUB-0480,MEM-0134,Graphique illisible,25,FAIBLE,0,Correction #7 sur version 4
COR-02390,SUB-0480,MEM-0134,Conclusion absente,30,FAIBLE,0,Correction #8 sur version 4
COR-02391,SUB-0480,MEM-0134,Introduction incomplte,21,ELEVE,0,Correction #9 sur version 4
COR-02392,SUB-0480,MEM-0134,Argument insuffisant,21,MOYEN,0,Correction #10 sur version 4
COR-02393,SUB-0481,MEM-0108,Rsultats non interprts,91,BLOQUANT,1,Correction #1 sur version 1
COR-02394,SUB-0481,MEM-0108,Code non comment,41,MOYEN,1,Correction #2 sur version 1
COR-02395,SUB-0481,MEM-0108,Rsultats non interprts,24,ELEVE,1,Correction #3 sur version 1
COR-02396,SUB-0481,MEM-0108,Argument insuffisant,33,FAIBLE,0,Correction #4 sur version 1
COR-02397,SUB-0481,MEM-0108,Problme de structure,63,MOYEN,0,Correction #5 sur version 1
COR-02398,SUB-0481,MEM-0108,Argument insuffisant,6,MOYEN,0,Correction #6 sur version 1
COR-02399,SUB-0481,MEM-0108,Citation manquante,66,FAIBLE,0,Correction #7 sur version 1
COR-02400,SUB-0481,MEM-0108,Conclusion absente,36,ELEVE,0,Correction #8 sur version 1
COR-02401,SUB-0481,MEM-0108,Rsultats non interprts,24,FAIBLE,0,Correction #9 sur version 1
COR-02402,SUB-0481,MEM-0108,Faute d'orthographe,99,MOYEN,0,Correction #10 sur version 1
COR-02403,SUB-0481,MEM-0108,Code non comment,47,FAIBLE,0,Correction #11 sur version 1
COR-02404,SUB-0481,MEM-0108,Mthodologie floue,103,ELEVE,0,Correction #12 sur version 1
COR-02405,SUB-0481,MEM-0108,Mthodologie floue,44,ELEVE,0,Correction #13 sur version 1
COR-02406,SUB-0481,MEM-0108,Problme de structure,62,FAIBLE,0,Correction #14 sur version 1
COR-02407,SUB-0481,MEM-0108,Citation manquante,28,ELEVE,0,Correction #15 sur version 1
COR-02408,SUB-0481,MEM-0108,Mthodologie floue,88,FAIBLE,0,Correction #16 sur version 1
COR-02409,SUB-0482,MEM-0014,Rsultats non interprts,96,ELEVE,1,Correction #1 sur version 2
COR-02410,SUB-0482,MEM-0014,Graphique illisible,68,ELEVE,1,Correction #2 sur version 2
COR-02411,SUB-0482,MEM-0014,Bibliographie incorrecte,76,MOYEN,1,Correction #3 sur version 2
COR-02412,SUB-0482,MEM-0014,Plagiat dtect,26,ELEVE,1,Correction #4 sur version 2
COR-02413,SUB-0482,MEM-0014,Rsultats non interprts,103,MOYEN,1,Correction #5 sur version 2
COR-02414,SUB-0482,MEM-0014,Conclusion absente,93,FAIBLE,1,Correction #6 sur version 2
COR-02415,SUB-0482,MEM-0014,Bibliographie incorrecte,38,ELEVE,1,Correction #7 sur version 2
COR-02416,SUB-0482,MEM-0014,Conclusion absente,6,ELEVE,0,Correction #8 sur version 2
COR-02417,SUB-0482,MEM-0014,Mthodologie floue,3,MOYEN,0,Correction #9 sur version 2
COR-02418,SUB-0482,MEM-0014,Plagiat dtect,81,MOYEN,0,Correction #10 sur version 2
COR-02419,SUB-0482,MEM-0014,Conclusion absente,107,FAIBLE,0,Correction #11 sur version 2
COR-02420,SUB-0482,MEM-0014,Conclusion absente,78,MOYEN,0,Correction #12 sur version 2
COR-02421,SUB-0483,MEM-0195,Plagiat dtect,15,BLOQUANT,1,Correction #1 sur version 4
COR-02422,SUB-0483,MEM-0195,Plagiat dtect,15,MOYEN,1,Correction #2 sur version 4
COR-02423,SUB-0483,MEM-0195,Graphique illisible,20,MOYEN,0,Correction #3 sur version 4
COR-02424,SUB-0483,MEM-0195,Faute d'orthographe,15,ELEVE,0,Correction #4 sur version 4
COR-02425,SUB-0483,MEM-0195,Plagiat dtect,17,ELEVE,0,Correction #5 sur version 4
COR-02426,SUB-0483,MEM-0195,Graphique illisible,1,MOYEN,0,Correction #6 sur version 4
COR-02427,SUB-0483,MEM-0195,Citation manquante,3,ELEVE,0,Correction #7 sur version 4
COR-02428,SUB-0483,MEM-0195,Conclusion absente,16,FAIBLE,0,Correction #8 sur version 4
COR-02429,SUB-0485,MEM-0019,Introduction incomplte,1,BLOQUANT,1,Correction #1 sur version 4
COR-02430,SUB-0485,MEM-0019,Faute d'orthographe,10,MOYEN,0,Correction #2 sur version 4
COR-02431,SUB-0485,MEM-0019,Bibliographie incorrecte,70,MOYEN,0,Correction #3 sur version 4
COR-02432,SUB-0485,MEM-0019,Faute d'orthographe,65,MOYEN,0,Correction #4 sur version 4
COR-02433,SUB-0487,MEM-0076,Rsultats non interprts,82,BLOQUANT,1,Correction #1 sur version 5
COR-02434,SUB-0487,MEM-0076,Plagiat dtect,85,MOYEN,1,Correction #2 sur version 5
COR-02435,SUB-0487,MEM-0076,Conclusion absente,75,FAIBLE,0,Correction #3 sur version 5
COR-02436,SUB-0487,MEM-0076,Bibliographie incorrecte,85,FAIBLE,0,Correction #4 sur version 5
COR-02437,SUB-0487,MEM-0076,Graphique illisible,15,ELEVE,0,Correction #5 sur version 5
COR-02438,SUB-0487,MEM-0076,Introduction incomplte,72,FAIBLE,0,Correction #6 sur version 5
COR-02439,SUB-0487,MEM-0076,Mthodologie floue,23,ELEVE,0,Correction #7 sur version 5
COR-02440,SUB-0488,MEM-0119,Bibliographie incorrecte,42,BLOQUANT,0,Correction #1 sur version 3
COR-02441,SUB-0489,MEM-0147,Citation manquante,2,BLOQUANT,1,Correction #1 sur version 1
COR-02442,SUB-0489,MEM-0147,Introduction incomplte,11,ELEVE,0,Correction #2 sur version 1
COR-02443,SUB-0489,MEM-0147,Code non comment,32,MOYEN,0,Correction #3 sur version 1
COR-02444,SUB-0489,MEM-0147,Faute d'orthographe,13,MOYEN,0,Correction #4 sur version 1
COR-02445,SUB-0489,MEM-0147,Rsultats non interprts,94,FAIBLE,0,Correction #5 sur version 1
COR-02446,SUB-0489,MEM-0147,Argument insuffisant,85,MOYEN,0,Correction #6 sur version 1
COR-02447,SUB-0489,MEM-0147,Code non comment,33,MOYEN,0,Correction #7 sur version 1
COR-02448,SUB-0489,MEM-0147,Argument insuffisant,55,MOYEN,0,Correction #8 sur version 1
COR-02449,SUB-0489,MEM-0147,Rsultats non interprts,21,FAIBLE,0,Correction #9 sur version 1
COR-02450,SUB-0489,MEM-0147,Problme de structure,37,MOYEN,0,Correction #10 sur version 1
COR-02451,SUB-0489,MEM-0147,Bibliographie incorrecte,89,MOYEN,0,Correction #11 sur version 1
COR-02452,SUB-0489,MEM-0147,Code non comment,9,ELEVE,0,Correction #12 sur version 1
COR-02453,SUB-0489,MEM-0147,Argument insuffisant,16,FAIBLE,0,Correction #13 sur version 1
COR-02454,SUB-0489,MEM-0147,Citation manquante,9,FAIBLE,0,Correction #14 sur version 1
COR-02455,SUB-0489,MEM-0147,Argument insuffisant,15,MOYEN,0,Correction #15 sur version 1
COR-02456,SUB-0491,MEM-0042,Conclusion absente,22,BLOQUANT,0,Correction #1 sur version 6
COR-02457,SUB-0491,MEM-0042,Bibliographie incorrecte,35,FAIBLE,0,Correction #2 sur version 6
COR-02458,SUB-0491,MEM-0042,Bibliographie incorrecte,8,MOYEN,0,Correction #3 sur version 6
COR-02459,SUB-0492,MEM-0161,Conclusion absente,86,BLOQUANT,1,Correction #1 sur version 4
COR-02460,SUB-0492,MEM-0161,Graphique illisible,101,ELEVE,0,Correction #2 sur version 4
COR-02461,SUB-0492,MEM-0161,Mthodologie floue,101,FAIBLE,0,Correction #3 sur version 4
COR-02462,SUB-0492,MEM-0161,Mthodologie floue,23,FAIBLE,0,Correction #4 sur version 4
COR-02463,SUB-0492,MEM-0161,Citation manquante,70,MOYEN,0,Correction #5 sur version 4
COR-02464,SUB-0492,MEM-0161,Rsultats non interprts,3,MOYEN,0,Correction #6 sur version 4
COR-02465,SUB-0492,MEM-0161,Problme de structure,9,ELEVE,0,Correction #7 sur version 4
COR-02466,SUB-0492,MEM-0161,Argument insuffisant,44,FAIBLE,0,Correction #8 sur version 4
COR-02467,SUB-0492,MEM-0161,Bibliographie incorrecte,105,FAIBLE,0,Correction #9 sur version 4
COR-02468,SUB-0492,MEM-0161,Bibliographie incorrecte,25,ELEVE,0,Correction #10 sur version 4
COR-02469,SUB-0492,MEM-0161,Code non comment,45,MOYEN,0,Correction #11 sur version 4
COR-02470,SUB-0493,MEM-0193,Mthodologie floue,25,FAIBLE,1,Correction #1 sur version 3
COR-02471,SUB-0493,MEM-0193,Problme de structure,33,MOYEN,1,Correction #2 sur version 3
COR-02472,SUB-0493,MEM-0193,Citation manquante,11,MOYEN,1,Correction #3 sur version 3
COR-02473,SUB-0493,MEM-0193,Plagiat dtect,31,FAIBLE,1,Correction #4 sur version 3
COR-02474,SUB-0493,MEM-0193,Rsultats non interprts,5,ELEVE,1,Correction #5 sur version 3
COR-02475,SUB-0493,MEM-0193,Citation manquante,32,ELEVE,1,Correction #6 sur version 3
COR-02476,SUB-0493,MEM-0193,Conclusion absente,25,ELEVE,1,Correction #7 sur version 3
COR-02477,SUB-0493,MEM-0193,Code non comment,24,MOYEN,1,Correction #8 sur version 3
COR-02478,SUB-0493,MEM-0193,Faute d'orthographe,3,FAIBLE,1,Correction #9 sur version 3
COR-02479,SUB-0493,MEM-0193,Citation manquante,1,MOYEN,1,Correction #10 sur version 3
COR-02480,SUB-0493,MEM-0193,Mthodologie floue,2,ELEVE,1,Correction #11 sur version 3
COR-02481,SUB-0493,MEM-0193,Mthodologie floue,22,ELEVE,1,Correction #12 sur version 3
COR-02482,SUB-0494,MEM-0014,Rsultats non interprts,1,MOYEN,1,Correction #1 sur version 1
COR-02483,SUB-0495,MEM-0086,Conclusion absente,11,MOYEN,1,Correction #1 sur version 2
COR-02484,SUB-0495,MEM-0086,Problme de structure,15,FAIBLE,1,Correction #2 sur version 2
COR-02485,SUB-0495,MEM-0086,Argument insuffisant,61,ELEVE,1,Correction #3 sur version 2
COR-02486,SUB-0495,MEM-0086,Bibliographie incorrecte,44,MOYEN,1,Correction #4 sur version 2
COR-02487,SUB-0495,MEM-0086,Plagiat dtect,5,FAIBLE,1,Correction #5 sur version 2
COR-02488,SUB-0495,MEM-0086,Mthodologie floue,32,ELEVE,1,Correction #6 sur version 2
COR-02489,SUB-0495,MEM-0086,Bibliographie incorrecte,55,MOYEN,0,Correction #7 sur version 2
COR-02490,SUB-0495,MEM-0086,Faute d'orthographe,14,MOYEN,0,Correction #8 sur version 2
COR-02491,SUB-0495,MEM-0086,Graphique illisible,18,FAIBLE,0,Correction #9 sur version 2
COR-02492,SUB-0495,MEM-0086,Graphique illisible,49,ELEVE,0,Correction #10 sur version 2
COR-02493,SUB-0495,MEM-0086,Graphique illisible,44,FAIBLE,0,Correction #11 sur version 2
COR-02494,SUB-0495,MEM-0086,Problme de structure,47,MOYEN,0,Correction #12 sur version 2
COR-02495,SUB-0495,MEM-0086,Conclusion absente,40,FAIBLE,0,Correction #13 sur version 2
COR-02496,SUB-0495,MEM-0086,Graphique illisible,53,ELEVE,0,Correction #14 sur version 2
COR-02497,SUB-0495,MEM-0086,Faute d'orthographe,37,FAIBLE,0,Correction #15 sur version 2
COR-02498,SUB-0498,MEM-0161,Mthodologie floue,24,BLOQUANT,1,Correction #1 sur version 1
COR-02499,SUB-0498,MEM-0161,Problme de structure,18,ELEVE,1,Correction #2 sur version 1
COR-02500,SUB-0498,MEM-0161,Plagiat dtect,13,ELEVE,1,Correction #3 sur version 1
COR-02501,SUB-0498,MEM-0161,Problme de structure,13,MOYEN,1,Correction #4 sur version 1
COR-02502,SUB-0498,MEM-0161,Mthodologie floue,41,MOYEN,0,Correction #5 sur version 1
COR-02503,SUB-0498,MEM-0161,Argument insuffisant,74,FAIBLE,0,Correction #6 sur version 1
COR-02504,SUB-0498,MEM-0161,Plagiat dtect,11,FAIBLE,0,Correction #7 sur version 1
COR-02505,SUB-0498,MEM-0161,Faute d'orthographe,36,FAIBLE,0,Correction #8 sur version 1
COR-02506,SUB-0498,MEM-0161,Bibliographie incorrecte,70,MOYEN,0,Correction #9 sur version 1
COR-02507,SUB-0498,MEM-0161,Rsultats non interprts,71,FAIBLE,0,Correction #10 sur version 1
COR-02508,SUB-0498,MEM-0161,Rsultats non interprts,70,ELEVE,0,Correction #11 sur version 1
COR-02509,SUB-0498,MEM-0161,Bibliographie incorrecte,39,MOYEN,0,Correction #12 sur version 1
COR-02510,SUB-0498,MEM-0161,Introduction incomplte,6,FAIBLE,0,Correction #13 sur version 1
COR-02511,SUB-0498,MEM-0161,Introduction incomplte,12,MOYEN,0,Correction #14 sur version 1
COR-02512,SUB-0498,MEM-0161,Mthodologie floue,35,ELEVE,0,Correction #15 sur version 1
COR-02513,SUB-0498,MEM-0161,Faute d'orthographe,18,ELEVE,0,Correction #16 sur version 1
COR-02514,SUB-0498,MEM-0161,Problme de structure,1,FAIBLE,0,Correction #17 sur version 1
COR-02515,SUB-0499,MEM-0075,Problme de structure,62,BLOQUANT,1,Correction #1 sur version 2
COR-02516,SUB-0499,MEM-0075,Conclusion absente,47,FAIBLE,1,Correction #2 sur version 2
COR-02517,SUB-0499,MEM-0075,Bibliographie incorrecte,14,MOYEN,1,Correction #3 sur version 2
COR-02518,SUB-0499,MEM-0075,Argument insuffisant,72,MOYEN,1,Correction #4 sur version 2
COR-02519,SUB-0503,MEM-0104,Problme de structure,43,FAIBLE,0,Correction #1 sur version 4
COR-02520,SUB-0504,MEM-0187,Argument insuffisant,73,FAIBLE,0,Correction #1 sur version 4
COR-02521,SUB-0504,MEM-0187,Problme de structure,81,ELEVE,0,Correction #2 sur version 4
COR-02522,SUB-0504,MEM-0187,Conclusion absente,28,FAIBLE,0,Correction #3 sur version 4
COR-02523,SUB-0504,MEM-0187,Rsultats non interprts,17,ELEVE,0,Correction #4 sur version 4
COR-02524,SUB-0504,MEM-0187,Rsultats non interprts,66,FAIBLE,0,Correction #5 sur version 4
COR-02525,SUB-0504,MEM-0187,Introduction incomplte,1,FAIBLE,0,Correction #6 sur version 4
COR-02526,SUB-0507,MEM-0089,Code non comment,67,BLOQUANT,1,Correction #1 sur version 3
COR-02527,SUB-0507,MEM-0089,Plagiat dtect,25,MOYEN,0,Correction #2 sur version 3
COR-02528,SUB-0507,MEM-0089,Bibliographie incorrecte,31,MOYEN,0,Correction #3 sur version 3
COR-02529,SUB-0507,MEM-0089,Introduction incomplte,28,FAIBLE,0,Correction #4 sur version 3
COR-02530,SUB-0507,MEM-0089,Code non comment,50,ELEVE,0,Correction #5 sur version 3
COR-02531,SUB-0507,MEM-0089,Bibliographie incorrecte,38,FAIBLE,0,Correction #6 sur version 3
COR-02532,SUB-0507,MEM-0089,Argument insuffisant,52,MOYEN,0,Correction #7 sur version 3
COR-02533,SUB-0507,MEM-0089,Introduction incomplte,75,ELEVE,0,Correction #8 sur version 3
COR-02534,SUB-0507,MEM-0089,Graphique illisible,32,MOYEN,0,Correction #9 sur version 3
COR-02535,SUB-0507,MEM-0089,Problme de structure,54,ELEVE,0,Correction #10 sur version 3
COR-02536,SUB-0507,MEM-0089,Code non comment,78,MOYEN,0,Correction #11 sur version 3
COR-02537,SUB-0509,MEM-0023,Conclusion absente,1,BLOQUANT,1,Correction #1 sur version 1
COR-02538,SUB-0509,MEM-0023,Introduction incomplte,76,FAIBLE,1,Correction #2 sur version 1
COR-02539,SUB-0509,MEM-0023,Rsultats non interprts,33,FAIBLE,0,Correction #3 sur version 1
COR-02540,SUB-0509,MEM-0023,Argument insuffisant,74,ELEVE,0,Correction #4 sur version 1
COR-02541,SUB-0509,MEM-0023,Code non comment,75,FAIBLE,0,Correction #5 sur version 1
COR-02542,SUB-0509,MEM-0023,Code non comment,32,FAIBLE,0,Correction #6 sur version 1
COR-02543,SUB-0509,MEM-0023,Rsultats non interprts,6,FAIBLE,0,Correction #7 sur version 1
COR-02544,SUB-0509,MEM-0023,Citation manquante,96,FAIBLE,0,Correction #8 sur version 1
COR-02545,SUB-0509,MEM-0023,Rsultats non interprts,10,FAIBLE,0,Correction #9 sur version 1
COR-02546,SUB-0509,MEM-0023,Introduction incomplte,18,ELEVE,0,Correction #10 sur version 1
COR-02547,SUB-0509,MEM-0023,Graphique illisible,15,FAIBLE,0,Correction #11 sur version 1
COR-02548,SUB-0509,MEM-0023,Faute d'orthographe,84,ELEVE,0,Correction #12 sur version 1
COR-02549,SUB-0509,MEM-0023,Rsultats non interprts,15,FAIBLE,0,Correction #13 sur version 1
COR-02550,SUB-0510,MEM-0052,Rsultats non interprts,2,BLOQUANT,0,Correction #1 sur version 2
COR-02551,SUB-0510,MEM-0052,Problme de structure,44,MOYEN,0,Correction #2 sur version 2
COR-02552,SUB-0510,MEM-0052,Conclusion absente,19,FAIBLE,0,Correction #3 sur version 2
COR-02553,SUB-0510,MEM-0052,Rsultats non interprts,83,FAIBLE,0,Correction #4 sur version 2
COR-02554,SUB-0510,MEM-0052,Mthodologie floue,42,FAIBLE,0,Correction #5 sur version 2
COR-02555,SUB-0510,MEM-0052,Introduction incomplte,85,MOYEN,0,Correction #6 sur version 2
COR-02556,SUB-0510,MEM-0052,Code non comment,36,ELEVE,0,Correction #7 sur version 2
COR-02557,SUB-0510,MEM-0052,Code non comment,26,MOYEN,0,Correction #8 sur version 2
COR-02558,SUB-0510,MEM-0052,Argument insuffisant,27,ELEVE,0,Correction #9 sur version 2
COR-02559,SUB-0510,MEM-0052,Mthodologie floue,25,MOYEN,0,Correction #10 sur version 2
COR-02560,SUB-0510,MEM-0052,Code non comment,32,ELEVE,0,Correction #11 sur version 2
COR-02561,SUB-0510,MEM-0052,Conclusion absente,36,MOYEN,0,Correction #12 sur version 2
COR-02562,SUB-0511,MEM-0068,Introduction incomplte,7,BLOQUANT,1,Correction #1 sur version 3
COR-02563,SUB-0511,MEM-0068,Faute d'orthographe,56,MOYEN,0,Correction #2 sur version 3
COR-02564,SUB-0511,MEM-0068,Argument insuffisant,8,MOYEN,0,Correction #3 sur version 3
COR-02565,SUB-0511,MEM-0068,Rsultats non interprts,59,FAIBLE,0,Correction #4 sur version 3
COR-02566,SUB-0511,MEM-0068,Graphique illisible,27,ELEVE,0,Correction #5 sur version 3
COR-02567,SUB-0511,MEM-0068,Problme de structure,37,MOYEN,0,Correction #6 sur version 3
COR-02568,SUB-0511,MEM-0068,Graphique illisible,36,FAIBLE,0,Correction #7 sur version 3
COR-02569,SUB-0511,MEM-0068,Introduction incomplte,2,FAIBLE,0,Correction #8 sur version 3
COR-02570,SUB-0511,MEM-0068,Bibliographie incorrecte,9,MOYEN,0,Correction #9 sur version 3
COR-02571,SUB-0512,MEM-0031,Plagiat dtect,59,BLOQUANT,1,Correction #1 sur version 3
COR-02572,SUB-0512,MEM-0031,Graphique illisible,83,MOYEN,1,Correction #2 sur version 3
COR-02573,SUB-0512,MEM-0031,Conclusion absente,26,FAIBLE,1,Correction #3 sur version 3
COR-02574,SUB-0512,MEM-0031,Graphique illisible,62,ELEVE,1,Correction #4 sur version 3
COR-02575,SUB-0512,MEM-0031,Graphique illisible,21,MOYEN,1,Correction #5 sur version 3
COR-02576,SUB-0512,MEM-0031,Citation manquante,57,MOYEN,1,Correction #6 sur version 3
COR-02577,SUB-0512,MEM-0031,Faute d'orthographe,31,FAIBLE,1,Correction #7 sur version 3
COR-02578,SUB-0512,MEM-0031,Conclusion absente,50,ELEVE,1,Correction #8 sur version 3
COR-02579,SUB-0512,MEM-0031,Bibliographie incorrecte,66,FAIBLE,1,Correction #9 sur version 3
COR-02580,SUB-0512,MEM-0031,Argument insuffisant,15,ELEVE,1,Correction #10 sur version 3
COR-02581,SUB-0512,MEM-0031,Rsultats non interprts,48,MOYEN,1,Correction #11 sur version 3
COR-02582,SUB-0512,MEM-0031,Graphique illisible,13,ELEVE,0,Correction #12 sur version 3
COR-02583,SUB-0512,MEM-0031,Code non comment,67,MOYEN,0,Correction #13 sur version 3
COR-02584,SUB-0513,MEM-0031,Rsultats non interprts,52,MOYEN,0,Correction #1 sur version 3
COR-02585,SUB-0513,MEM-0031,Problme de structure,73,FAIBLE,0,Correction #2 sur version 3
COR-02586,SUB-0514,MEM-0163,Citation manquante,19,FAIBLE,1,Correction #1 sur version 3
COR-02587,SUB-0514,MEM-0163,Citation manquante,36,MOYEN,1,Correction #2 sur version 3
COR-02588,SUB-0514,MEM-0163,Plagiat dtect,34,ELEVE,1,Correction #3 sur version 3
COR-02589,SUB-0514,MEM-0163,Code non comment,32,FAIBLE,1,Correction #4 sur version 3
COR-02590,SUB-0514,MEM-0163,Faute d'orthographe,10,ELEVE,1,Correction #5 sur version 3
COR-02591,SUB-0514,MEM-0163,Mthodologie floue,36,FAIBLE,1,Correction #6 sur version 3
COR-02592,SUB-0514,MEM-0163,Plagiat dtect,22,MOYEN,1,Correction #7 sur version 3
COR-02593,SUB-0514,MEM-0163,Conclusion absente,13,FAIBLE,1,Correction #8 sur version 3
COR-02594,SUB-0514,MEM-0163,Problme de structure,20,FAIBLE,1,Correction #9 sur version 3
COR-02595,SUB-0514,MEM-0163,Introduction incomplte,17,ELEVE,1,Correction #10 sur version 3
COR-02596,SUB-0514,MEM-0163,Graphique illisible,38,ELEVE,1,Correction #11 sur version 3
COR-02597,SUB-0514,MEM-0163,Code non comment,26,FAIBLE,1,Correction #12 sur version 3
COR-02598,SUB-0514,MEM-0163,Plagiat dtect,37,ELEVE,1,Correction #13 sur version 3
COR-02599,SUB-0514,MEM-0163,Mthodologie floue,7,ELEVE,1,Correction #14 sur version 3
COR-02600,SUB-0515,MEM-0176,Conclusion absente,80,MOYEN,0,Correction #1 sur version 3
COR-02601,SUB-0515,MEM-0176,Citation manquante,42,FAIBLE,0,Correction #2 sur version 3
COR-02602,SUB-0515,MEM-0176,Mthodologie floue,46,FAIBLE,0,Correction #3 sur version 3
COR-02603,SUB-0515,MEM-0176,Citation manquante,69,MOYEN,0,Correction #4 sur version 3
COR-02604,SUB-0515,MEM-0176,Conclusion absente,30,MOYEN,0,Correction #5 sur version 3
COR-02605,SUB-0516,MEM-0042,Introduction incomplte,72,BLOQUANT,1,Correction #1 sur version 1
COR-02606,SUB-0516,MEM-0042,Rsultats non interprts,10,FAIBLE,1,Correction #2 sur version 1
COR-02607,SUB-0516,MEM-0042,Plagiat dtect,18,FAIBLE,1,Correction #3 sur version 1
COR-02608,SUB-0516,MEM-0042,Introduction incomplte,6,FAIBLE,1,Correction #4 sur version 1
COR-02609,SUB-0516,MEM-0042,Conclusion absente,53,FAIBLE,1,Correction #5 sur version 1
COR-02610,SUB-0516,MEM-0042,Rsultats non interprts,10,ELEVE,1,Correction #6 sur version 1
COR-02611,SUB-0517,MEM-0034,Problme de structure,88,BLOQUANT,1,Correction #1 sur version 1
COR-02612,SUB-0517,MEM-0034,Conclusion absente,92,ELEVE,1,Correction #2 sur version 1
COR-02613,SUB-0517,MEM-0034,Citation manquante,95,FAIBLE,0,Correction #3 sur version 1
COR-02614,SUB-0517,MEM-0034,Citation manquante,48,FAIBLE,0,Correction #4 sur version 1
COR-02615,SUB-0517,MEM-0034,Faute d'orthographe,33,FAIBLE,0,Correction #5 sur version 1
COR-02616,SUB-0517,MEM-0034,Plagiat dtect,53,FAIBLE,0,Correction #6 sur version 1
COR-02617,SUB-0517,MEM-0034,Graphique illisible,83,FAIBLE,0,Correction #7 sur version 1
COR-02618,SUB-0517,MEM-0034,Conclusion absente,27,ELEVE,0,Correction #8 sur version 1
COR-02619,SUB-0517,MEM-0034,Mthodologie floue,31,FAIBLE,0,Correction #9 sur version 1
COR-02620,SUB-0517,MEM-0034,Problme de structure,12,ELEVE,0,Correction #10 sur version 1
COR-02621,SUB-0517,MEM-0034,Plagiat dtect,69,MOYEN,0,Correction #11 sur version 1
COR-02622,SUB-0519,MEM-0177,Code non comment,98,ELEVE,0,Correction #1 sur version 1
COR-02623,SUB-0519,MEM-0177,Faute d'orthographe,61,FAIBLE,0,Correction #2 sur version 1
COR-02624,SUB-0519,MEM-0177,Graphique illisible,70,ELEVE,0,Correction #3 sur version 1
COR-02625,SUB-0519,MEM-0177,Code non comment,97,FAIBLE,0,Correction #4 sur version 1
COR-02626,SUB-0519,MEM-0177,Rsultats non interprts,1,ELEVE,0,Correction #5 sur version 1
COR-02627,SUB-0519,MEM-0177,Citation manquante,102,MOYEN,0,Correction #6 sur version 1
COR-02628,SUB-0519,MEM-0177,Mthodologie floue,13,MOYEN,0,Correction #7 sur version 1
COR-02629,SUB-0519,MEM-0177,Bibliographie incorrecte,75,FAIBLE,0,Correction #8 sur version 1
COR-02630,SUB-0519,MEM-0177,Plagiat dtect,36,FAIBLE,0,Correction #9 sur version 1
COR-02631,SUB-0519,MEM-0177,Introduction incomplte,90,FAIBLE,0,Correction #10 sur version 1
COR-02632,SUB-0519,MEM-0177,Mthodologie floue,97,MOYEN,0,Correction #11 sur version 1
COR-02633,SUB-0519,MEM-0177,Bibliographie incorrecte,90,MOYEN,0,Correction #12 sur version 1
COR-02634,SUB-0519,MEM-0177,Faute d'orthographe,95,FAIBLE,0,Correction #13 sur version 1
COR-02635,SUB-0520,MEM-0065,Code non comment,74,FAIBLE,0,Correction #1 sur version 1
COR-02636,SUB-0520,MEM-0065,Code non comment,36,FAIBLE,0,Correction #2 sur version 1
COR-02637,SUB-0520,MEM-0065,Argument insuffisant,106,FAIBLE,0,Correction #3 sur version 1
COR-02638,SUB-0523,MEM-0109,Argument insuffisant,30,BLOQUANT,1,Correction #1 sur version 2
COR-02639,SUB-0523,MEM-0109,Faute d'orthographe,94,ELEVE,0,Correction #2 sur version 2
COR-02640,SUB-0523,MEM-0109,Citation manquante,27,FAIBLE,0,Correction #3 sur version 2
COR-02641,SUB-0523,MEM-0109,Argument insuffisant,38,FAIBLE,0,Correction #4 sur version 2
COR-02642,SUB-0523,MEM-0109,Faute d'orthographe,85,MOYEN,0,Correction #5 sur version 2
COR-02643,SUB-0523,MEM-0109,Citation manquante,80,MOYEN,0,Correction #6 sur version 2
COR-02644,SUB-0523,MEM-0109,Faute d'orthographe,16,FAIBLE,0,Correction #7 sur version 2
COR-02645,SUB-0526,MEM-0173,Rsultats non interprts,27,BLOQUANT,0,Correction #1 sur version 1
COR-02646,SUB-0526,MEM-0173,Code non comment,39,MOYEN,0,Correction #2 sur version 1
COR-02647,SUB-0527,MEM-0190,Code non comment,28,BLOQUANT,1,Correction #1 sur version 2
COR-02648,SUB-0527,MEM-0190,Rsultats non interprts,5,FAIBLE,1,Correction #2 sur version 2
COR-02649,SUB-0527,MEM-0190,Conclusion absente,25,FAIBLE,1,Correction #3 sur version 2
COR-02650,SUB-0527,MEM-0190,Argument insuffisant,24,FAIBLE,0,Correction #4 sur version 2
COR-02651,SUB-0527,MEM-0190,Bibliographie incorrecte,12,FAIBLE,0,Correction #5 sur version 2
COR-02652,SUB-0527,MEM-0190,Introduction incomplte,7,ELEVE,0,Correction #6 sur version 2
COR-02653,SUB-0527,MEM-0190,Argument insuffisant,14,FAIBLE,0,Correction #7 sur version 2
COR-02654,SUB-0528,MEM-0196,Problme de structure,20,BLOQUANT,1,Correction #1 sur version 6
COR-02655,SUB-0528,MEM-0196,Problme de structure,56,MOYEN,1,Correction #2 sur version 6
COR-02656,SUB-0528,MEM-0196,Rsultats non interprts,105,FAIBLE,1,Correction #3 sur version 6
COR-02657,SUB-0528,MEM-0196,Graphique illisible,92,FAIBLE,0,Correction #4 sur version 6
COR-02658,SUB-0528,MEM-0196,Rsultats non interprts,72,ELEVE,0,Correction #5 sur version 6
COR-02659,SUB-0529,MEM-0038,Bibliographie incorrecte,22,ELEVE,1,Correction #1 sur version 4
COR-02660,SUB-0529,MEM-0038,Argument insuffisant,35,MOYEN,0,Correction #2 sur version 4
COR-02661,SUB-0529,MEM-0038,Plagiat dtect,14,ELEVE,0,Correction #3 sur version 4
COR-02662,SUB-0529,MEM-0038,Introduction incomplte,12,MOYEN,0,Correction #4 sur version 4
COR-02663,SUB-0529,MEM-0038,Conclusion absente,18,ELEVE,0,Correction #5 sur version 4
COR-02664,SUB-0529,MEM-0038,Graphique illisible,14,MOYEN,0,Correction #6 sur version 4
COR-02665,SUB-0530,MEM-0098,Rsultats non interprts,3,BLOQUANT,1,Correction #1 sur version 5
COR-02666,SUB-0530,MEM-0098,Introduction incomplte,38,FAIBLE,0,Correction #2 sur version 5
COR-02667,SUB-0530,MEM-0098,Bibliographie incorrecte,60,MOYEN,0,Correction #3 sur version 5
COR-02668,SUB-0530,MEM-0098,Plagiat dtect,15,FAIBLE,0,Correction #4 sur version 5
COR-02669,SUB-0530,MEM-0098,Argument insuffisant,7,ELEVE,0,Correction #5 sur version 5
COR-02670,SUB-0530,MEM-0098,Rsultats non interprts,69,FAIBLE,0,Correction #6 sur version 5
COR-02671,SUB-0530,MEM-0098,Bibliographie incorrecte,62,FAIBLE,0,Correction #7 sur version 5
COR-02672,SUB-0531,MEM-0130,Introduction incomplte,42,BLOQUANT,1,Correction #1 sur version 3
COR-02673,SUB-0531,MEM-0130,Rsultats non interprts,9,ELEVE,1,Correction #2 sur version 3
COR-02674,SUB-0531,MEM-0130,Bibliographie incorrecte,12,FAIBLE,1,Correction #3 sur version 3
COR-02675,SUB-0531,MEM-0130,Citation manquante,9,ELEVE,1,Correction #4 sur version 3
COR-02676,SUB-0531,MEM-0130,Faute d'orthographe,33,FAIBLE,1,Correction #5 sur version 3
COR-02677,SUB-0531,MEM-0130,Bibliographie incorrecte,5,ELEVE,1,Correction #6 sur version 3
COR-02678,SUB-0531,MEM-0130,Bibliographie incorrecte,36,FAIBLE,1,Correction #7 sur version 3
COR-02679,SUB-0531,MEM-0130,Mthodologie floue,34,FAIBLE,1,Correction #8 sur version 3
COR-02680,SUB-0531,MEM-0130,Problme de structure,17,ELEVE,0,Correction #9 sur version 3
COR-02681,SUB-0531,MEM-0130,Mthodologie floue,36,MOYEN,0,Correction #10 sur version 3
COR-02682,SUB-0531,MEM-0130,Argument insuffisant,3,FAIBLE,0,Correction #11 sur version 3
COR-02683,SUB-0533,MEM-0146,Introduction incomplte,63,BLOQUANT,1,Correction #1 sur version 6
COR-02684,SUB-0533,MEM-0146,Argument insuffisant,29,FAIBLE,1,Correction #2 sur version 6
COR-02685,SUB-0535,MEM-0161,Code non comment,6,ELEVE,1,Correction #1 sur version 3
COR-02686,SUB-0535,MEM-0161,Argument insuffisant,40,ELEVE,1,Correction #2 sur version 3
COR-02687,SUB-0535,MEM-0161,Problme de structure,28,MOYEN,1,Correction #3 sur version 3
COR-02688,SUB-0535,MEM-0161,Code non comment,35,ELEVE,0,Correction #4 sur version 3
COR-02689,SUB-0535,MEM-0161,Rsultats non interprts,49,FAIBLE,0,Correction #5 sur version 3
COR-02690,SUB-0537,MEM-0151,Mthodologie floue,30,BLOQUANT,1,Correction #1 sur version 1
COR-02691,SUB-0537,MEM-0151,Code non comment,18,FAIBLE,1,Correction #2 sur version 1
COR-02692,SUB-0537,MEM-0151,Faute d'orthographe,3,MOYEN,1,Correction #3 sur version 1
COR-02693,SUB-0537,MEM-0151,Faute d'orthographe,2,FAIBLE,1,Correction #4 sur version 1
COR-02694,SUB-0537,MEM-0151,Faute d'orthographe,6,ELEVE,1,Correction #5 sur version 1
COR-02695,SUB-0537,MEM-0151,Argument insuffisant,41,MOYEN,0,Correction #6 sur version 1
COR-02696,SUB-0537,MEM-0151,Problme de structure,6,ELEVE,0,Correction #7 sur version 1
COR-02697,SUB-0537,MEM-0151,Citation manquante,31,ELEVE,0,Correction #8 sur version 1
COR-02698,SUB-0537,MEM-0151,Conclusion absente,35,FAIBLE,0,Correction #9 sur version 1
COR-02699,SUB-0537,MEM-0151,Mthodologie floue,4,ELEVE,0,Correction #10 sur version 1
COR-02700,SUB-0537,MEM-0151,Rsultats non interprts,39,ELEVE,0,Correction #11 sur version 1
COR-02701,SUB-0537,MEM-0151,Rsultats non interprts,10,FAIBLE,0,Correction #12 sur version 1
COR-02702,SUB-0538,MEM-0087,Mthodologie floue,41,BLOQUANT,0,Correction #1 sur version 4
COR-02703,SUB-0539,MEM-0138,Code non comment,15,MOYEN,1,Correction #1 sur version 2
COR-02704,SUB-0539,MEM-0138,Code non comment,38,ELEVE,1,Correction #2 sur version 2
COR-02705,SUB-0539,MEM-0138,Graphique illisible,21,MOYEN,1,Correction #3 sur version 2
COR-02706,SUB-0539,MEM-0138,Bibliographie incorrecte,19,FAIBLE,1,Correction #4 sur version 2
COR-02707,SUB-0539,MEM-0138,Code non comment,70,ELEVE,1,Correction #5 sur version 2
COR-02708,SUB-0539,MEM-0138,Graphique illisible,63,MOYEN,1,Correction #6 sur version 2
COR-02709,SUB-0539,MEM-0138,Problme de structure,20,ELEVE,1,Correction #7 sur version 2
COR-02710,SUB-0539,MEM-0138,Graphique illisible,65,FAIBLE,1,Correction #8 sur version 2
COR-02711,SUB-0539,MEM-0138,Faute d'orthographe,41,ELEVE,1,Correction #9 sur version 2
COR-02712,SUB-0539,MEM-0138,Conclusion absente,6,MOYEN,1,Correction #10 sur version 2
COR-02713,SUB-0539,MEM-0138,Introduction incomplte,60,ELEVE,1,Correction #11 sur version 2
COR-02714,SUB-0539,MEM-0138,Faute d'orthographe,7,FAIBLE,1,Correction #12 sur version 2
COR-02715,SUB-0539,MEM-0138,Code non comment,34,FAIBLE,0,Correction #13 sur version 2
COR-02716,SUB-0539,MEM-0138,Introduction incomplte,45,FAIBLE,0,Correction #14 sur version 2
COR-02717,SUB-0539,MEM-0138,Mthodologie floue,12,ELEVE,0,Correction #15 sur version 2
COR-02718,SUB-0540,MEM-0089,Mthodologie floue,67,BLOQUANT,1,Correction #1 sur version 1
COR-02719,SUB-0540,MEM-0089,Bibliographie incorrecte,20,MOYEN,1,Correction #2 sur version 1
COR-02720,SUB-0540,MEM-0089,Introduction incomplte,73,MOYEN,1,Correction #3 sur version 1
COR-02721,SUB-0540,MEM-0089,Citation manquante,53,FAIBLE,1,Correction #4 sur version 1
COR-02722,SUB-0540,MEM-0089,Graphique illisible,66,FAIBLE,1,Correction #5 sur version 1
COR-02723,SUB-0540,MEM-0089,Mthodologie floue,48,FAIBLE,1,Correction #6 sur version 1
COR-02724,SUB-0540,MEM-0089,Faute d'orthographe,47,ELEVE,0,Correction #7 sur version 1
COR-02725,SUB-0540,MEM-0089,Argument insuffisant,74,MOYEN,0,Correction #8 sur version 1
COR-02726,SUB-0540,MEM-0089,Rsultats non interprts,6,MOYEN,0,Correction #9 sur version 1
COR-02727,SUB-0541,MEM-0172,Bibliographie incorrecte,92,BLOQUANT,1,Correction #1 sur version 5
COR-02728,SUB-0541,MEM-0172,Code non comment,61,FAIBLE,0,Correction #2 sur version 5
COR-02729,SUB-0541,MEM-0172,Introduction incomplte,27,FAIBLE,0,Correction #3 sur version 5
COR-02730,SUB-0541,MEM-0172,Introduction incomplte,78,FAIBLE,0,Correction #4 sur version 5
COR-02731,SUB-0544,MEM-0104,Plagiat dtect,72,BLOQUANT,1,Correction #1 sur version 2
COR-02732,SUB-0544,MEM-0104,Plagiat dtect,46,MOYEN,1,Correction #2 sur version 2
COR-02733,SUB-0544,MEM-0104,Plagiat dtect,100,FAIBLE,0,Correction #3 sur version 2
COR-02734,SUB-0544,MEM-0104,Bibliographie incorrecte,24,ELEVE,0,Correction #4 sur version 2
COR-02735,SUB-0545,MEM-0052,Argument insuffisant,5,BLOQUANT,1,Correction #1 sur version 2
COR-02736,SUB-0545,MEM-0052,Graphique illisible,4,FAIBLE,1,Correction #2 sur version 2
COR-02737,SUB-0545,MEM-0052,Introduction incomplte,17,FAIBLE,1,Correction #3 sur version 2
COR-02738,SUB-0545,MEM-0052,Problme de structure,1,ELEVE,1,Correction #4 sur version 2
COR-02739,SUB-0545,MEM-0052,Code non comment,17,MOYEN,1,Correction #5 sur version 2
COR-02740,SUB-0546,MEM-0155,Code non comment,12,BLOQUANT,1,Correction #1 sur version 3
COR-02741,SUB-0546,MEM-0155,Conclusion absente,32,ELEVE,1,Correction #2 sur version 3
COR-02742,SUB-0546,MEM-0155,Bibliographie incorrecte,13,FAIBLE,1,Correction #3 sur version 3
COR-02743,SUB-0546,MEM-0155,Rsultats non interprts,13,MOYEN,1,Correction #4 sur version 3
COR-02744,SUB-0546,MEM-0155,Code non comment,5,ELEVE,1,Correction #5 sur version 3
COR-02745,SUB-0546,MEM-0155,Graphique illisible,16,MOYEN,0,Correction #6 sur version 3
COR-02746,SUB-0546,MEM-0155,Code non comment,5,FAIBLE,0,Correction #7 sur version 3
COR-02747,SUB-0547,MEM-0134,Argument insuffisant,26,BLOQUANT,1,Correction #1 sur version 6
COR-02748,SUB-0551,MEM-0176,Plagiat dtect,44,BLOQUANT,1,Correction #1 sur version 1
COR-02749,SUB-0551,MEM-0176,Rsultats non interprts,11,MOYEN,1,Correction #2 sur version 1
COR-02750,SUB-0551,MEM-0176,Plagiat dtect,42,ELEVE,1,Correction #3 sur version 1
COR-02751,SUB-0551,MEM-0176,Code non comment,47,ELEVE,1,Correction #4 sur version 1
COR-02752,SUB-0551,MEM-0176,Introduction incomplte,20,MOYEN,1,Correction #5 sur version 1
COR-02753,SUB-0551,MEM-0176,Faute d'orthographe,16,FAIBLE,1,Correction #6 sur version 1
COR-02754,SUB-0551,MEM-0176,Rsultats non interprts,9,MOYEN,0,Correction #7 sur version 1
COR-02755,SUB-0551,MEM-0176,Rsultats non interprts,47,MOYEN,0,Correction #8 sur version 1
COR-02756,SUB-0551,MEM-0176,Introduction incomplte,14,ELEVE,0,Correction #9 sur version 1
COR-02757,SUB-0551,MEM-0176,Graphique illisible,62,FAIBLE,0,Correction #10 sur version 1
COR-02758,SUB-0551,MEM-0176,Problme de structure,30,MOYEN,0,Correction #11 sur version 1
COR-02759,SUB-0551,MEM-0176,Introduction incomplte,19,FAIBLE,0,Correction #12 sur version 1
COR-02760,SUB-0551,MEM-0176,Introduction incomplte,11,ELEVE,0,Correction #13 sur version 1
COR-02761,SUB-0551,MEM-0176,Mthodologie floue,49,MOYEN,0,Correction #14 sur version 1
COR-02762,SUB-0552,MEM-0077,Graphique illisible,3,BLOQUANT,1,Correction #1 sur version 2
COR-02763,SUB-0552,MEM-0077,Introduction incomplte,15,FAIBLE,1,Correction #2 sur version 2
COR-02764,SUB-0552,MEM-0077,Code non comment,24,ELEVE,1,Correction #3 sur version 2
COR-02765,SUB-0552,MEM-0077,Bibliographie incorrecte,12,MOYEN,1,Correction #4 sur version 2
COR-02766,SUB-0552,MEM-0077,Citation manquante,2,MOYEN,1,Correction #5 sur version 2
COR-02767,SUB-0552,MEM-0077,Problme de structure,31,ELEVE,1,Correction #6 sur version 2
COR-02768,SUB-0552,MEM-0077,Graphique illisible,27,MOYEN,1,Correction #7 sur version 2
COR-02769,SUB-0552,MEM-0077,Graphique illisible,33,MOYEN,1,Correction #8 sur version 2
COR-02770,SUB-0552,MEM-0077,Bibliographie incorrecte,33,ELEVE,1,Correction #9 sur version 2
COR-02771,SUB-0552,MEM-0077,Citation manquante,7,FAIBLE,1,Correction #10 sur version 2
COR-02772,SUB-0552,MEM-0077,Citation manquante,33,MOYEN,0,Correction #11 sur version 2
COR-02773,SUB-0554,MEM-0008,Bibliographie incorrecte,12,BLOQUANT,1,Correction #1 sur version 1
COR-02774,SUB-0554,MEM-0008,Mthodologie floue,47,MOYEN,1,Correction #2 sur version 1
COR-02775,SUB-0554,MEM-0008,Conclusion absente,40,FAIBLE,1,Correction #3 sur version 1
COR-02776,SUB-0554,MEM-0008,Faute d'orthographe,44,ELEVE,1,Correction #4 sur version 1
COR-02777,SUB-0554,MEM-0008,Mthodologie floue,3,ELEVE,1,Correction #5 sur version 1
COR-02778,SUB-0554,MEM-0008,Code non comment,41,MOYEN,1,Correction #6 sur version 1
COR-02779,SUB-0554,MEM-0008,Graphique illisible,16,FAIBLE,1,Correction #7 sur version 1
COR-02780,SUB-0554,MEM-0008,Citation manquante,14,FAIBLE,1,Correction #8 sur version 1
COR-02781,SUB-0554,MEM-0008,Citation manquante,54,MOYEN,1,Correction #9 sur version 1
COR-02782,SUB-0554,MEM-0008,Graphique illisible,38,ELEVE,1,Correction #10 sur version 1
COR-02783,SUB-0554,MEM-0008,Rsultats non interprts,8,MOYEN,1,Correction #11 sur version 1
COR-02784,SUB-0554,MEM-0008,Rsultats non interprts,15,MOYEN,1,Correction #12 sur version 1
COR-02785,SUB-0554,MEM-0008,Problme de structure,6,FAIBLE,0,Correction #13 sur version 1
COR-02786,SUB-0554,MEM-0008,Rsultats non interprts,39,FAIBLE,0,Correction #14 sur version 1
COR-02787,SUB-0555,MEM-0029,Conclusion absente,68,BLOQUANT,1,Correction #1 sur version 2
COR-02788,SUB-0555,MEM-0029,Rsultats non interprts,16,MOYEN,1,Correction #2 sur version 2
COR-02789,SUB-0555,MEM-0029,Faute d'orthographe,26,ELEVE,1,Correction #3 sur version 2
COR-02790,SUB-0555,MEM-0029,Plagiat dtect,12,FAIBLE,1,Correction #4 sur version 2
COR-02791,SUB-0555,MEM-0029,Code non comment,26,ELEVE,0,Correction #5 sur version 2
COR-02792,SUB-0555,MEM-0029,Citation manquante,18,MOYEN,0,Correction #6 sur version 2
COR-02793,SUB-0555,MEM-0029,Code non comment,42,MOYEN,0,Correction #7 sur version 2
COR-02794,SUB-0555,MEM-0029,Faute d'orthographe,53,FAIBLE,0,Correction #8 sur version 2
COR-02795,SUB-0555,MEM-0029,Rsultats non interprts,10,FAIBLE,0,Correction #9 sur version 2
COR-02796,SUB-0555,MEM-0029,Plagiat dtect,65,FAIBLE,0,Correction #10 sur version 2
COR-02797,SUB-0555,MEM-0029,Mthodologie floue,50,MOYEN,0,Correction #11 sur version 2
COR-02798,SUB-0555,MEM-0029,Conclusion absente,65,FAIBLE,0,Correction #12 sur version 2
COR-02799,SUB-0555,MEM-0029,Bibliographie incorrecte,68,MOYEN,0,Correction #13 sur version 2
COR-02800,SUB-0555,MEM-0029,Faute d'orthographe,24,FAIBLE,0,Correction #14 sur version 2
COR-02801,SUB-0555,MEM-0029,Faute d'orthographe,4,FAIBLE,0,Correction #15 sur version 2
COR-02802,SUB-0555,MEM-0029,Problme de structure,43,ELEVE,0,Correction #16 sur version 2
COR-02803,SUB-0555,MEM-0029,Problme de structure,17,MOYEN,0,Correction #17 sur version 2
COR-02804,SUB-0556,MEM-0067,Plagiat dtect,34,BLOQUANT,1,Correction #1 sur version 2
COR-02805,SUB-0556,MEM-0067,Citation manquante,45,FAIBLE,0,Correction #2 sur version 2
COR-02806,SUB-0556,MEM-0067,Mthodologie floue,31,MOYEN,0,Correction #3 sur version 2
COR-02807,SUB-0556,MEM-0067,Rsultats non interprts,32,ELEVE,0,Correction #4 sur version 2
COR-02808,SUB-0556,MEM-0067,Rsultats non interprts,19,MOYEN,0,Correction #5 sur version 2
COR-02809,SUB-0556,MEM-0067,Problme de structure,47,ELEVE,0,Correction #6 sur version 2
COR-02810,SUB-0557,MEM-0006,Introduction incomplte,1,BLOQUANT,1,Correction #1 sur version 1
COR-02811,SUB-0557,MEM-0006,Code non comment,14,ELEVE,1,Correction #2 sur version 1
COR-02812,SUB-0557,MEM-0006,Mthodologie floue,40,MOYEN,1,Correction #3 sur version 1
COR-02813,SUB-0557,MEM-0006,Argument insuffisant,4,MOYEN,1,Correction #4 sur version 1
COR-02814,SUB-0557,MEM-0006,Graphique illisible,39,FAIBLE,1,Correction #5 sur version 1
COR-02815,SUB-0557,MEM-0006,Problme de structure,34,FAIBLE,1,Correction #6 sur version 1
COR-02816,SUB-0557,MEM-0006,Plagiat dtect,19,ELEVE,1,Correction #7 sur version 1
COR-02817,SUB-0557,MEM-0006,Bibliographie incorrecte,19,FAIBLE,0,Correction #8 sur version 1
COR-02818,SUB-0557,MEM-0006,Citation manquante,26,FAIBLE,0,Correction #9 sur version 1
COR-02819,SUB-0557,MEM-0006,Conclusion absente,22,ELEVE,0,Correction #10 sur version 1
COR-02820,SUB-0557,MEM-0006,Plagiat dtect,9,FAIBLE,0,Correction #11 sur version 1
COR-02821,SUB-0557,MEM-0006,Citation manquante,11,MOYEN,0,Correction #12 sur version 1
COR-02822,SUB-0557,MEM-0006,Argument insuffisant,14,ELEVE,0,Correction #13 sur version 1
COR-02823,SUB-0557,MEM-0006,Plagiat dtect,33,ELEVE,0,Correction #14 sur version 1
COR-02824,SUB-0557,MEM-0006,Problme de structure,16,FAIBLE,0,Correction #15 sur version 1
COR-02825,SUB-0557,MEM-0006,Graphique illisible,22,MOYEN,0,Correction #16 sur version 1
COR-02826,SUB-0557,MEM-0006,Introduction incomplte,5,MOYEN,0,Correction #17 sur version 1
COR-02827,SUB-0557,MEM-0006,Graphique illisible,3,FAIBLE,0,Correction #18 sur version 1
COR-02828,SUB-0557,MEM-0006,Rsultats non interprts,55,ELEVE,0,Correction #19 sur version 1
COR-02829,SUB-0557,MEM-0006,Graphique illisible,9,ELEVE,0,Correction #20 sur version 1
COR-02830,SUB-0561,MEM-0121,Bibliographie incorrecte,69,BLOQUANT,1,Correction #1 sur version 2
COR-02831,SUB-0561,MEM-0121,Rsultats non interprts,6,MOYEN,1,Correction #2 sur version 2
COR-02832,SUB-0561,MEM-0121,Code non comment,3,MOYEN,1,Correction #3 sur version 2
COR-02833,SUB-0561,MEM-0121,Citation manquante,64,MOYEN,0,Correction #4 sur version 2
COR-02834,SUB-0561,MEM-0121,Introduction incomplte,56,MOYEN,0,Correction #5 sur version 2
COR-02835,SUB-0561,MEM-0121,Faute d'orthographe,67,ELEVE,0,Correction #6 sur version 2
COR-02836,SUB-0561,MEM-0121,Problme de structure,15,ELEVE,0,Correction #7 sur version 2
COR-02837,SUB-0561,MEM-0121,Argument insuffisant,55,ELEVE,0,Correction #8 sur version 2
COR-02838,SUB-0561,MEM-0121,Faute d'orthographe,25,FAIBLE,0,Correction #9 sur version 2
COR-02839,SUB-0562,MEM-0143,Bibliographie incorrecte,27,FAIBLE,1,Correction #1 sur version 1
COR-02840,SUB-0562,MEM-0143,Introduction incomplte,51,MOYEN,1,Correction #2 sur version 1
COR-02841,SUB-0562,MEM-0143,Problme de structure,4,ELEVE,1,Correction #3 sur version 1
COR-02842,SUB-0562,MEM-0143,Argument insuffisant,88,MOYEN,1,Correction #4 sur version 1
COR-02843,SUB-0562,MEM-0143,Problme de structure,42,MOYEN,1,Correction #5 sur version 1
COR-02844,SUB-0562,MEM-0143,Citation manquante,13,ELEVE,1,Correction #6 sur version 1
COR-02845,SUB-0562,MEM-0143,Citation manquante,33,FAIBLE,1,Correction #7 sur version 1
COR-02846,SUB-0562,MEM-0143,Mthodologie floue,7,MOYEN,1,Correction #8 sur version 1
COR-02847,SUB-0562,MEM-0143,Bibliographie incorrecte,71,MOYEN,1,Correction #9 sur version 1
COR-02848,SUB-0562,MEM-0143,Introduction incomplte,74,FAIBLE,1,Correction #10 sur version 1
COR-02849,SUB-0562,MEM-0143,Conclusion absente,81,FAIBLE,1,Correction #11 sur version 1
COR-02850,SUB-0562,MEM-0143,Introduction incomplte,72,MOYEN,0,Correction #12 sur version 1
COR-02851,SUB-0562,MEM-0143,Argument insuffisant,80,ELEVE,0,Correction #13 sur version 1
COR-02852,SUB-0562,MEM-0143,Bibliographie incorrecte,34,FAIBLE,0,Correction #14 sur version 1
COR-02853,SUB-0562,MEM-0143,Rsultats non interprts,6,MOYEN,0,Correction #15 sur version 1
COR-02854,SUB-0565,MEM-0068,Problme de structure,16,BLOQUANT,1,Correction #1 sur version 5
COR-02855,SUB-0565,MEM-0068,Bibliographie incorrecte,1,MOYEN,1,Correction #2 sur version 5
COR-02856,SUB-0565,MEM-0068,Conclusion absente,50,ELEVE,0,Correction #3 sur version 5
COR-02857,SUB-0565,MEM-0068,Mthodologie floue,20,FAIBLE,0,Correction #4 sur version 5
COR-02858,SUB-0567,MEM-0127,Citation manquante,62,BLOQUANT,1,Correction #1 sur version 1
COR-02859,SUB-0567,MEM-0127,Bibliographie incorrecte,68,ELEVE,1,Correction #2 sur version 1
COR-02860,SUB-0567,MEM-0127,Introduction incomplte,6,FAIBLE,1,Correction #3 sur version 1
COR-02861,SUB-0567,MEM-0127,Citation manquante,83,FAIBLE,1,Correction #4 sur version 1
COR-02862,SUB-0567,MEM-0127,Plagiat dtect,93,MOYEN,1,Correction #5 sur version 1
COR-02863,SUB-0567,MEM-0127,Faute d'orthographe,14,FAIBLE,1,Correction #6 sur version 1
COR-02864,SUB-0567,MEM-0127,Mthodologie floue,58,ELEVE,1,Correction #7 sur version 1
COR-02865,SUB-0567,MEM-0127,Rsultats non interprts,3,ELEVE,1,Correction #8 sur version 1
COR-02866,SUB-0567,MEM-0127,Faute d'orthographe,65,ELEVE,1,Correction #9 sur version 1
COR-02867,SUB-0567,MEM-0127,Plagiat dtect,75,MOYEN,1,Correction #10 sur version 1
COR-02868,SUB-0567,MEM-0127,Problme de structure,38,ELEVE,1,Correction #11 sur version 1
COR-02869,SUB-0567,MEM-0127,Plagiat dtect,24,MOYEN,1,Correction #12 sur version 1
COR-02870,SUB-0567,MEM-0127,Rsultats non interprts,58,FAIBLE,1,Correction #13 sur version 1
COR-02871,SUB-0567,MEM-0127,Plagiat dtect,22,MOYEN,1,Correction #14 sur version 1
COR-02872,SUB-0567,MEM-0127,Plagiat dtect,91,MOYEN,1,Correction #15 sur version 1
COR-02873,SUB-0567,MEM-0127,Plagiat dtect,81,ELEVE,0,Correction #16 sur version 1
COR-02874,SUB-0567,MEM-0127,Plagiat dtect,74,MOYEN,0,Correction #17 sur version 1
COR-02875,SUB-0568,MEM-0024,Code non comment,38,MOYEN,1,Correction #1 sur version 2
COR-02876,SUB-0568,MEM-0024,Code non comment,78,ELEVE,1,Correction #2 sur version 2
COR-02877,SUB-0570,MEM-0040,Rsultats non interprts,30,ELEVE,1,Correction #1 sur version 1
COR-02878,SUB-0570,MEM-0040,Bibliographie incorrecte,19,FAIBLE,1,Correction #2 sur version 1
COR-02879,SUB-0570,MEM-0040,Bibliographie incorrecte,24,FAIBLE,1,Correction #3 sur version 1
COR-02880,SUB-0570,MEM-0040,Introduction incomplte,16,ELEVE,1,Correction #4 sur version 1
COR-02881,SUB-0570,MEM-0040,Mthodologie floue,7,FAIBLE,1,Correction #5 sur version 1
COR-02882,SUB-0570,MEM-0040,Faute d'orthographe,33,MOYEN,1,Correction #6 sur version 1
COR-02883,SUB-0570,MEM-0040,Plagiat dtect,13,MOYEN,1,Correction #7 sur version 1
COR-02884,SUB-0570,MEM-0040,Citation manquante,7,FAIBLE,1,Correction #8 sur version 1
COR-02885,SUB-0570,MEM-0040,Citation manquante,19,FAIBLE,1,Correction #9 sur version 1
COR-02886,SUB-0570,MEM-0040,Introduction incomplte,26,FAIBLE,1,Correction #10 sur version 1
COR-02887,SUB-0570,MEM-0040,Bibliographie incorrecte,4,ELEVE,1,Correction #11 sur version 1
COR-02888,SUB-0570,MEM-0040,Plagiat dtect,2,MOYEN,1,Correction #12 sur version 1
COR-02889,SUB-0570,MEM-0040,Conclusion absente,10,ELEVE,1,Correction #13 sur version 1
COR-02890,SUB-0570,MEM-0040,Code non comment,8,MOYEN,1,Correction #14 sur version 1
COR-02891,SUB-0570,MEM-0040,Introduction incomplte,2,MOYEN,0,Correction #15 sur version 1
COR-02892,SUB-0572,MEM-0066,Conclusion absente,23,ELEVE,1,Correction #1 sur version 2
COR-02893,SUB-0572,MEM-0066,Citation manquante,40,ELEVE,0,Correction #2 sur version 2
COR-02894,SUB-0572,MEM-0066,Rsultats non interprts,30,ELEVE,0,Correction #3 sur version 2
COR-02895,SUB-0572,MEM-0066,Plagiat dtect,29,ELEVE,0,Correction #4 sur version 2
COR-02896,SUB-0572,MEM-0066,Code non comment,78,MOYEN,0,Correction #5 sur version 2
COR-02897,SUB-0572,MEM-0066,Code non comment,32,MOYEN,0,Correction #6 sur version 2
COR-02898,SUB-0572,MEM-0066,Argument insuffisant,72,ELEVE,0,Correction #7 sur version 2
COR-02899,SUB-0572,MEM-0066,Graphique illisible,1,FAIBLE,0,Correction #8 sur version 2
COR-02900,SUB-0572,MEM-0066,Introduction incomplte,16,MOYEN,0,Correction #9 sur version 2
COR-02901,SUB-0573,MEM-0126,Rsultats non interprts,37,FAIBLE,1,Correction #1 sur version 4
COR-02902,SUB-0573,MEM-0126,Introduction incomplte,22,ELEVE,1,Correction #2 sur version 4
COR-02903,SUB-0573,MEM-0126,Bibliographie incorrecte,52,FAIBLE,0,Correction #3 sur version 4
COR-02904,SUB-0573,MEM-0126,Introduction incomplte,38,FAIBLE,0,Correction #4 sur version 4
COR-02905,SUB-0573,MEM-0126,Bibliographie incorrecte,44,MOYEN,0,Correction #5 sur version 4
COR-02906,SUB-0573,MEM-0126,Introduction incomplte,43,FAIBLE,0,Correction #6 sur version 4
COR-02907,SUB-0573,MEM-0126,Problme de structure,51,MOYEN,0,Correction #7 sur version 4
COR-02908,SUB-0573,MEM-0126,Introduction incomplte,37,ELEVE,0,Correction #8 sur version 4
COR-02909,SUB-0573,MEM-0126,Mthodologie floue,27,MOYEN,0,Correction #9 sur version 4
COR-02910,SUB-0573,MEM-0126,Problme de structure,54,ELEVE,0,Correction #10 sur version 4
COR-02911,SUB-0574,MEM-0154,Citation manquante,2,BLOQUANT,1,Correction #1 sur version 4
COR-02912,SUB-0574,MEM-0154,Conclusion absente,55,ELEVE,1,Correction #2 sur version 4
COR-02913,SUB-0575,MEM-0166,Problme de structure,10,BLOQUANT,0,Correction #1 sur version 6
COR-02914,SUB-0576,MEM-0033,Bibliographie incorrecte,21,FAIBLE,1,Correction #1 sur version 6
COR-02915,SUB-0578,MEM-0181,Mthodologie floue,8,ELEVE,1,Correction #1 sur version 3
COR-02916,SUB-0578,MEM-0181,Citation manquante,18,MOYEN,1,Correction #2 sur version 3
COR-02917,SUB-0578,MEM-0181,Bibliographie incorrecte,10,MOYEN,1,Correction #3 sur version 3
COR-02918,SUB-0578,MEM-0181,Plagiat dtect,20,FAIBLE,1,Correction #4 sur version 3
COR-02919,SUB-0578,MEM-0181,Graphique illisible,3,ELEVE,0,Correction #5 sur version 3
COR-02920,SUB-0578,MEM-0181,Argument insuffisant,31,FAIBLE,0,Correction #6 sur version 3
COR-02921,SUB-0578,MEM-0181,Faute d'orthographe,1,FAIBLE,0,Correction #7 sur version 3
COR-02922,SUB-0578,MEM-0181,Bibliographie incorrecte,28,ELEVE,0,Correction #8 sur version 3
COR-02923,SUB-0579,MEM-0005,Plagiat dtect,51,BLOQUANT,1,Correction #1 sur version 1
COR-02924,SUB-0579,MEM-0005,Problme de structure,8,MOYEN,1,Correction #2 sur version 1
COR-02925,SUB-0579,MEM-0005,Introduction incomplte,65,FAIBLE,1,Correction #3 sur version 1
COR-02926,SUB-0579,MEM-0005,Problme de structure,11,FAIBLE,1,Correction #4 sur version 1
COR-02927,SUB-0579,MEM-0005,Citation manquante,105,ELEVE,1,Correction #5 sur version 1
COR-02928,SUB-0579,MEM-0005,Mthodologie floue,106,ELEVE,1,Correction #6 sur version 1
COR-02929,SUB-0579,MEM-0005,Faute d'orthographe,9,FAIBLE,1,Correction #7 sur version 1
COR-02930,SUB-0579,MEM-0005,Bibliographie incorrecte,8,MOYEN,1,Correction #8 sur version 1
COR-02931,SUB-0579,MEM-0005,Code non comment,36,ELEVE,1,Correction #9 sur version 1
COR-02932,SUB-0579,MEM-0005,Graphique illisible,81,FAIBLE,1,Correction #10 sur version 1
COR-02933,SUB-0579,MEM-0005,Problme de structure,110,ELEVE,1,Correction #11 sur version 1
COR-02934,SUB-0579,MEM-0005,Mthodologie floue,7,ELEVE,1,Correction #12 sur version 1
COR-02935,SUB-0579,MEM-0005,Introduction incomplte,100,MOYEN,1,Correction #13 sur version 1
COR-02936,SUB-0579,MEM-0005,Code non comment,67,FAIBLE,1,Correction #14 sur version 1
COR-02937,SUB-0579,MEM-0005,Plagiat dtect,57,FAIBLE,1,Correction #15 sur version 1
COR-02938,SUB-0579,MEM-0005,Introduction incomplte,81,ELEVE,0,Correction #16 sur version 1
COR-02939,SUB-0579,MEM-0005,Faute d'orthographe,94,FAIBLE,0,Correction #17 sur version 1
COR-02940,SUB-0579,MEM-0005,Citation manquante,82,MOYEN,0,Correction #18 sur version 1
COR-02941,SUB-0579,MEM-0005,Graphique illisible,3,MOYEN,0,Correction #19 sur version 1
COR-02942,SUB-0579,MEM-0005,Conclusion absente,57,MOYEN,0,Correction #20 sur version 1
COR-02943,SUB-0581,MEM-0054,Graphique illisible,51,ELEVE,1,Correction #1 sur version 4
COR-02944,SUB-0581,MEM-0054,Faute d'orthographe,58,FAIBLE,1,Correction #2 sur version 4
COR-02945,SUB-0581,MEM-0054,Rsultats non interprts,52,FAIBLE,1,Correction #3 sur version 4
COR-02946,SUB-0581,MEM-0054,Code non comment,17,MOYEN,1,Correction #4 sur version 4
COR-02947,SUB-0583,MEM-0014,Plagiat dtect,18,BLOQUANT,1,Correction #1 sur version 3
COR-02948,SUB-0583,MEM-0014,Faute d'orthographe,72,MOYEN,1,Correction #2 sur version 3
COR-02949,SUB-0583,MEM-0014,Rsultats non interprts,63,FAIBLE,1,Correction #3 sur version 3
COR-02950,SUB-0583,MEM-0014,Code non comment,61,ELEVE,1,Correction #4 sur version 3
COR-02951,SUB-0583,MEM-0014,Faute d'orthographe,21,MOYEN,1,Correction #5 sur version 3
COR-02952,SUB-0583,MEM-0014,Rsultats non interprts,78,ELEVE,1,Correction #6 sur version 3
COR-02953,SUB-0583,MEM-0014,Graphique illisible,3,FAIBLE,0,Correction #7 sur version 3
COR-02954,SUB-0584,MEM-0103,Introduction incomplte,68,BLOQUANT,1,Correction #1 sur version 4
COR-02955,SUB-0584,MEM-0103,Bibliographie incorrecte,34,ELEVE,0,Correction #2 sur version 4
COR-02956,SUB-0584,MEM-0103,Citation manquante,26,FAIBLE,0,Correction #3 sur version 4
COR-02957,SUB-0584,MEM-0103,Conclusion absente,30,FAIBLE,0,Correction #4 sur version 4
COR-02958,SUB-0584,MEM-0103,Argument insuffisant,41,FAIBLE,0,Correction #5 sur version 4
COR-02959,SUB-0584,MEM-0103,Rsultats non interprts,22,MOYEN,0,Correction #6 sur version 4
COR-02960,SUB-0585,MEM-0122,Citation manquante,23,BLOQUANT,1,Correction #1 sur version 1
COR-02961,SUB-0585,MEM-0122,Problme de structure,30,MOYEN,1,Correction #2 sur version 1
COR-02962,SUB-0585,MEM-0122,Problme de structure,30,ELEVE,1,Correction #3 sur version 1
COR-02963,SUB-0585,MEM-0122,Citation manquante,11,FAIBLE,1,Correction #4 sur version 1
COR-02964,SUB-0585,MEM-0122,Problme de structure,6,ELEVE,1,Correction #5 sur version 1
COR-02965,SUB-0585,MEM-0122,Argument insuffisant,1,ELEVE,1,Correction #6 sur version 1
COR-02966,SUB-0585,MEM-0122,Problme de structure,15,MOYEN,1,Correction #7 sur version 1
COR-02967,SUB-0585,MEM-0122,Citation manquante,21,MOYEN,0,Correction #8 sur version 1
COR-02968,SUB-0585,MEM-0122,Conclusion absente,32,FAIBLE,0,Correction #9 sur version 1
COR-02969,SUB-0585,MEM-0122,Plagiat dtect,23,ELEVE,0,Correction #10 sur version 1
COR-02970,SUB-0585,MEM-0122,Problme de structure,13,MOYEN,0,Correction #11 sur version 1
COR-02971,SUB-0586,MEM-0121,Citation manquante,58,BLOQUANT,1,Correction #1 sur version 3
COR-02972,SUB-0586,MEM-0121,Code non comment,38,FAIBLE,1,Correction #2 sur version 3
COR-02973,SUB-0586,MEM-0121,Graphique illisible,7,MOYEN,1,Correction #3 sur version 3
COR-02974,SUB-0586,MEM-0121,Argument insuffisant,42,ELEVE,1,Correction #4 sur version 3
COR-02975,SUB-0586,MEM-0121,Argument insuffisant,51,FAIBLE,1,Correction #5 sur version 3
COR-02976,SUB-0586,MEM-0121,Bibliographie incorrecte,6,MOYEN,1,Correction #6 sur version 3
COR-02977,SUB-0586,MEM-0121,Introduction incomplte,36,FAIBLE,1,Correction #7 sur version 3
COR-02978,SUB-0586,MEM-0121,Faute d'orthographe,31,MOYEN,1,Correction #8 sur version 3
COR-02979,SUB-0586,MEM-0121,Citation manquante,33,MOYEN,1,Correction #9 sur version 3
COR-02980,SUB-0586,MEM-0121,Introduction incomplte,61,FAIBLE,1,Correction #10 sur version 3
COR-02981,SUB-0586,MEM-0121,Problme de structure,19,ELEVE,0,Correction #11 sur version 3
COR-02982,SUB-0586,MEM-0121,Rsultats non interprts,64,MOYEN,0,Correction #12 sur version 3
COR-02983,SUB-0589,MEM-0087,Code non comment,66,BLOQUANT,1,Correction #1 sur version 4
COR-02984,SUB-0589,MEM-0087,Argument insuffisant,10,FAIBLE,1,Correction #2 sur version 4
COR-02985,SUB-0589,MEM-0087,Argument insuffisant,12,FAIBLE,1,Correction #3 sur version 4
COR-02986,SUB-0589,MEM-0087,Plagiat dtect,69,MOYEN,0,Correction #4 sur version 4
COR-02987,SUB-0589,MEM-0087,Problme de structure,25,FAIBLE,0,Correction #5 sur version 4
COR-02988,SUB-0589,MEM-0087,Bibliographie incorrecte,54,MOYEN,0,Correction #6 sur version 4
COR-02989,SUB-0589,MEM-0087,Plagiat dtect,70,FAIBLE,0,Correction #7 sur version 4
COR-02990,SUB-0589,MEM-0087,Rsultats non interprts,63,MOYEN,0,Correction #8 sur version 4
COR-02991,SUB-0591,MEM-0157,Code non comment,39,ELEVE,0,Correction #1 sur version 5
COR-02992,SUB-0591,MEM-0157,Citation manquante,49,MOYEN,0,Correction #2 sur version 5
COR-02993,SUB-0591,MEM-0157,Citation manquante,56,MOYEN,0,Correction #3 sur version 5
COR-02994,SUB-0591,MEM-0157,Citation manquante,8,ELEVE,0,Correction #4 sur version 5
COR-02995,SUB-0591,MEM-0157,Argument insuffisant,35,ELEVE,0,Correction #5 sur version 5
COR-02996,SUB-0593,MEM-0122,Code non comment,41,BLOQUANT,1,Correction #1 sur version 3
COR-02997,SUB-0593,MEM-0122,Faute d'orthographe,44,MOYEN,0,Correction #2 sur version 3
COR-02998,SUB-0594,MEM-0059,Citation manquante,19,BLOQUANT,1,Correction #1 sur version 2
COR-02999,SUB-0594,MEM-0059,Rsultats non interprts,1,MOYEN,1,Correction #2 sur version 2
COR-03000,SUB-0594,MEM-0059,Rsultats non interprts,19,MOYEN,1,Correction #3 sur version 2
COR-03001,SUB-0594,MEM-0059,Rsultats non interprts,21,ELEVE,1,Correction #4 sur version 2
COR-03002,SUB-0594,MEM-0059,Introduction incomplte,22,MOYEN,1,Correction #5 sur version 2
COR-03003,SUB-0594,MEM-0059,Conclusion absente,16,FAIBLE,1,Correction #6 sur version 2
COR-03004,SUB-0594,MEM-0059,Faute d'orthographe,13,ELEVE,1,Correction #7 sur version 2
COR-03005,SUB-0594,MEM-0059,Citation manquante,29,MOYEN,0,Correction #8 sur version 2
COR-03006,SUB-0594,MEM-0059,Bibliographie incorrecte,25,MOYEN,0,Correction #9 sur version 2
COR-03007,SUB-0594,MEM-0059,Faute d'orthographe,12,FAIBLE,0,Correction #10 sur version 2
COR-03008,SUB-0597,MEM-0089,Faute d'orthographe,49,BLOQUANT,1,Correction #1 sur version 1
COR-03009,SUB-0597,MEM-0089,Argument insuffisant,11,ELEVE,1,Correction #2 sur version 1
COR-03010,SUB-0597,MEM-0089,Argument insuffisant,24,ELEVE,1,Correction #3 sur version 1
COR-03011,SUB-0597,MEM-0089,Code non comment,45,FAIBLE,1,Correction #4 sur version 1
COR-03012,SUB-0597,MEM-0089,Code non comment,21,MOYEN,0,Correction #5 sur version 1
COR-03013,SUB-0597,MEM-0089,Introduction incomplte,87,FAIBLE,0,Correction #6 sur version 1
COR-03014,SUB-0597,MEM-0089,Mthodologie floue,2,ELEVE,0,Correction #7 sur version 1
COR-03015,SUB-0597,MEM-0089,Bibliographie incorrecte,58,MOYEN,0,Correction #8 sur version 1
COR-03016,SUB-0597,MEM-0089,Code non comment,34,FAIBLE,0,Correction #9 sur version 1
COR-03017,SUB-0597,MEM-0089,Plagiat dtect,20,MOYEN,0,Correction #10 sur version 1
COR-03018,SUB-0597,MEM-0089,Problme de structure,67,ELEVE,0,Correction #11 sur version 1
COR-03019,SUB-0597,MEM-0089,Argument insuffisant,10,ELEVE,0,Correction #12 sur version 1
COR-03020,SUB-0597,MEM-0089,Argument insuffisant,42,ELEVE,0,Correction #13 sur version 1
COR-03021,SUB-0597,MEM-0089,Introduction incomplte,59,ELEVE,0,Correction #14 sur version 1
COR-03022,SUB-0597,MEM-0089,Faute d'orthographe,72,ELEVE,0,Correction #15 sur version 1
COR-03023,SUB-0597,MEM-0089,Bibliographie incorrecte,35,ELEVE,0,Correction #16 sur version 1
COR-03024,SUB-0597,MEM-0089,Introduction incomplte,80,FAIBLE,0,Correction #17 sur version 1
COR-03025,SUB-0597,MEM-0089,Bibliographie incorrecte,37,ELEVE,0,Correction #18 sur version 1
COR-03026,SUB-0597,MEM-0089,Faute d'orthographe,21,ELEVE,0,Correction #19 sur version 1
COR-03027,SUB-0598,MEM-0179,Faute d'orthographe,43,FAIBLE,1,Correction #1 sur version 3
COR-03028,SUB-0598,MEM-0179,Plagiat dtect,89,FAIBLE,1,Correction #2 sur version 3
COR-03029,SUB-0598,MEM-0179,Citation manquante,85,ELEVE,1,Correction #3 sur version 3
COR-03030,SUB-0598,MEM-0179,Introduction incomplte,93,ELEVE,1,Correction #4 sur version 3
COR-03031,SUB-0598,MEM-0179,Rsultats non interprts,89,ELEVE,1,Correction #5 sur version 3
COR-03032,SUB-0598,MEM-0179,Bibliographie incorrecte,38,MOYEN,1,Correction #6 sur version 3
COR-03033,SUB-0599,MEM-0139,Argument insuffisant,39,ELEVE,1,Correction #1 sur version 3
COR-03034,SUB-0599,MEM-0139,Mthodologie floue,95,ELEVE,1,Correction #2 sur version 3
COR-03035,SUB-0599,MEM-0139,Bibliographie incorrecte,71,ELEVE,0,Correction #3 sur version 3
COR-03036,SUB-0600,MEM-0130,Problme de structure,83,ELEVE,1,Correction #1 sur version 1
COR-03037,SUB-0600,MEM-0130,Graphique illisible,45,FAIBLE,1,Correction #2 sur version 1
COR-03038,SUB-0600,MEM-0130,Code non comment,70,MOYEN,1,Correction #3 sur version 1
COR-03039,SUB-0600,MEM-0130,Conclusion absente,104,ELEVE,1,Correction #4 sur version 1
COR-03040,SUB-0600,MEM-0130,Rsultats non interprts,84,FAIBLE,1,Correction #5 sur version 1
COR-03041,SUB-0600,MEM-0130,Problme de structure,46,MOYEN,1,Correction #6 sur version 1
COR-03042,SUB-0600,MEM-0130,Citation manquante,70,FAIBLE,1,Correction #7 sur version 1
COR-03043,SUB-0600,MEM-0130,Conclusion absente,50,MOYEN,1,Correction #8 sur version 1
COR-03044,SUB-0602,MEM-0133,Conclusion absente,26,BLOQUANT,0,Correction #1 sur version 5
COR-03045,SUB-0602,MEM-0133,Code non comment,24,ELEVE,0,Correction #2 sur version 5
COR-03046,SUB-0603,MEM-0122,Faute d'orthographe,60,BLOQUANT,1,Correction #1 sur version 2
COR-03047,SUB-0603,MEM-0122,Conclusion absente,18,ELEVE,1,Correction #2 sur version 2
COR-03048,SUB-0603,MEM-0122,Problme de structure,62,MOYEN,1,Correction #3 sur version 2
COR-03049,SUB-0603,MEM-0122,Problme de structure,47,ELEVE,1,Correction #4 sur version 2
COR-03050,SUB-0603,MEM-0122,Code non comment,63,ELEVE,1,Correction #5 sur version 2
COR-03051,SUB-0603,MEM-0122,Conclusion absente,40,MOYEN,1,Correction #6 sur version 2
COR-03052,SUB-0603,MEM-0122,Conclusion absente,25,ELEVE,0,Correction #7 sur version 2
COR-03053,SUB-0603,MEM-0122,Argument insuffisant,55,ELEVE,0,Correction #8 sur version 2
COR-03054,SUB-0603,MEM-0122,Plagiat dtect,59,ELEVE,0,Correction #9 sur version 2
COR-03055,SUB-0603,MEM-0122,Bibliographie incorrecte,32,MOYEN,0,Correction #10 sur version 2
COR-03056,SUB-0603,MEM-0122,Argument insuffisant,54,ELEVE,0,Correction #11 sur version 2
COR-03057,SUB-0603,MEM-0122,Mthodologie floue,34,FAIBLE,0,Correction #12 sur version 2
COR-03058,SUB-0603,MEM-0122,Citation manquante,32,ELEVE,0,Correction #13 sur version 2
COR-03059,SUB-0605,MEM-0178,Rsultats non interprts,3,BLOQUANT,1,Correction #1 sur version 2
COR-03060,SUB-0605,MEM-0178,Bibliographie incorrecte,21,ELEVE,1,Correction #2 sur version 2
COR-03061,SUB-0607,MEM-0001,Code non comment,68,BLOQUANT,1,Correction #1 sur version 1
COR-03062,SUB-0610,MEM-0147,Introduction incomplte,83,FAIBLE,1,Correction #1 sur version 6
COR-03063,SUB-0610,MEM-0147,Code non comment,81,FAIBLE,1,Correction #2 sur version 6
COR-03064,SUB-0611,MEM-0129,Mthodologie floue,7,FAIBLE,0,Correction #1 sur version 1
COR-03065,SUB-0611,MEM-0129,Graphique illisible,114,ELEVE,0,Correction #2 sur version 1
COR-03066,SUB-0611,MEM-0129,Code non comment,115,FAIBLE,0,Correction #3 sur version 1
COR-03067,SUB-0611,MEM-0129,Introduction incomplte,49,MOYEN,0,Correction #4 sur version 1
COR-03068,SUB-0611,MEM-0129,Plagiat dtect,43,ELEVE,0,Correction #5 sur version 1
COR-03069,SUB-0612,MEM-0137,Code non comment,59,BLOQUANT,0,Correction #1 sur version 5
COR-03070,SUB-0612,MEM-0137,Faute d'orthographe,4,ELEVE,0,Correction #2 sur version 5
COR-03071,SUB-0612,MEM-0137,Problme de structure,22,ELEVE,0,Correction #3 sur version 5
COR-03072,SUB-0613,MEM-0066,Bibliographie incorrecte,12,MOYEN,1,Correction #1 sur version 1
COR-03073,SUB-0613,MEM-0066,Mthodologie floue,24,ELEVE,1,Correction #2 sur version 1
COR-03074,SUB-0613,MEM-0066,Graphique illisible,12,MOYEN,0,Correction #3 sur version 1
COR-03075,SUB-0613,MEM-0066,Introduction incomplte,30,ELEVE,0,Correction #4 sur version 1
COR-03076,SUB-0613,MEM-0066,Introduction incomplte,13,ELEVE,0,Correction #5 sur version 1
COR-03077,SUB-0615,MEM-0097,Argument insuffisant,46,BLOQUANT,1,Correction #1 sur version 1
COR-03078,SUB-0615,MEM-0097,Graphique illisible,24,ELEVE,1,Correction #2 sur version 1
COR-03079,SUB-0615,MEM-0097,Citation manquante,82,ELEVE,1,Correction #3 sur version 1
COR-03080,SUB-0615,MEM-0097,Code non comment,69,FAIBLE,1,Correction #4 sur version 1
COR-03081,SUB-0615,MEM-0097,Plagiat dtect,35,ELEVE,1,Correction #5 sur version 1
COR-03082,SUB-0615,MEM-0097,Citation manquante,25,MOYEN,1,Correction #6 sur version 1
COR-03083,SUB-0615,MEM-0097,Plagiat dtect,14,ELEVE,1,Correction #7 sur version 1
COR-03084,SUB-0615,MEM-0097,Introduction incomplte,22,MOYEN,1,Correction #8 sur version 1
COR-03085,SUB-0615,MEM-0097,Problme de structure,88,MOYEN,1,Correction #9 sur version 1
COR-03086,SUB-0615,MEM-0097,Mthodologie floue,24,ELEVE,1,Correction #10 sur version 1
COR-03087,SUB-0615,MEM-0097,Mthodologie floue,93,ELEVE,1,Correction #11 sur version 1
COR-03088,SUB-0615,MEM-0097,Argument insuffisant,44,MOYEN,1,Correction #12 sur version 1
COR-03089,SUB-0615,MEM-0097,Argument insuffisant,74,MOYEN,1,Correction #13 sur version 1
COR-03090,SUB-0615,MEM-0097,Introduction incomplte,76,FAIBLE,1,Correction #14 sur version 1
COR-03091,SUB-0615,MEM-0097,Rsultats non interprts,29,FAIBLE,1,Correction #15 sur version 1
COR-03092,SUB-0615,MEM-0097,Bibliographie incorrecte,78,MOYEN,1,Correction #16 sur version 1
COR-03093,SUB-0615,MEM-0097,Mthodologie floue,14,ELEVE,1,Correction #17 sur version 1
COR-03094,SUB-0615,MEM-0097,Bibliographie incorrecte,14,FAIBLE,1,Correction #18 sur version 1
COR-03095,SUB-0615,MEM-0097,Rsultats non interprts,51,ELEVE,0,Correction #19 sur version 1
COR-03096,SUB-0616,MEM-0069,Mthodologie floue,47,BLOQUANT,1,Correction #1 sur version 1
COR-03097,SUB-0616,MEM-0069,Code non comment,63,FAIBLE,0,Correction #2 sur version 1
COR-03098,SUB-0618,MEM-0096,Bibliographie incorrecte,9,BLOQUANT,1,Correction #1 sur version 5
COR-03099,SUB-0618,MEM-0096,Bibliographie incorrecte,11,MOYEN,1,Correction #2 sur version 5
COR-03100,SUB-0618,MEM-0096,Plagiat dtect,11,FAIBLE,1,Correction #3 sur version 5
COR-03101,SUB-0618,MEM-0096,Code non comment,10,MOYEN,0,Correction #4 sur version 5
COR-03102,SUB-0618,MEM-0096,Citation manquante,1,MOYEN,0,Correction #5 sur version 5
COR-03103,SUB-0619,MEM-0168,Citation manquante,40,BLOQUANT,1,Correction #1 sur version 2
COR-03104,SUB-0619,MEM-0168,Plagiat dtect,16,ELEVE,1,Correction #2 sur version 2
COR-03105,SUB-0619,MEM-0168,Bibliographie incorrecte,106,ELEVE,1,Correction #3 sur version 2
COR-03106,SUB-0619,MEM-0168,Problme de structure,107,ELEVE,1,Correction #4 sur version 2
COR-03107,SUB-0619,MEM-0168,Conclusion absente,77,FAIBLE,0,Correction #5 sur version 2
COR-03108,SUB-0619,MEM-0168,Argument insuffisant,7,MOYEN,0,Correction #6 sur version 2
COR-03109,SUB-0619,MEM-0168,Bibliographie incorrecte,107,FAIBLE,0,Correction #7 sur version 2
COR-03110,SUB-0619,MEM-0168,Mthodologie floue,75,ELEVE,0,Correction #8 sur version 2
COR-03111,SUB-0619,MEM-0168,Graphique illisible,102,FAIBLE,0,Correction #9 sur version 2
COR-03112,SUB-0619,MEM-0168,Problme de structure,108,FAIBLE,0,Correction #10 sur version 2
COR-03113,SUB-0619,MEM-0168,Citation manquante,51,MOYEN,0,Correction #11 sur version 2
COR-03114,SUB-0619,MEM-0168,Problme de structure,42,MOYEN,0,Correction #12 sur version 2
COR-03115,SUB-0620,MEM-0012,Graphique illisible,30,BLOQUANT,0,Correction #1 sur version 2
COR-03116,SUB-0620,MEM-0012,Mthodologie floue,21,FAIBLE,0,Correction #2 sur version 2
COR-03117,SUB-0620,MEM-0012,Problme de structure,14,FAIBLE,0,Correction #3 sur version 2
COR-03118,SUB-0620,MEM-0012,Argument insuffisant,24,ELEVE,0,Correction #4 sur version 2
COR-03119,SUB-0620,MEM-0012,Citation manquante,27,ELEVE,0,Correction #5 sur version 2
COR-03120,SUB-0620,MEM-0012,Rsultats non interprts,34,MOYEN,0,Correction #6 sur version 2
COR-03121,SUB-0621,MEM-0111,Problme de structure,16,BLOQUANT,1,Correction #1 sur version 2
COR-03122,SUB-0621,MEM-0111,Conclusion absente,55,MOYEN,1,Correction #2 sur version 2
COR-03123,SUB-0621,MEM-0111,Faute d'orthographe,2,MOYEN,1,Correction #3 sur version 2
COR-03124,SUB-0621,MEM-0111,Graphique illisible,61,ELEVE,1,Correction #4 sur version 2
COR-03125,SUB-0621,MEM-0111,Rsultats non interprts,56,FAIBLE,1,Correction #5 sur version 2
COR-03126,SUB-0621,MEM-0111,Problme de structure,19,ELEVE,0,Correction #6 sur version 2
COR-03127,SUB-0621,MEM-0111,Faute d'orthographe,50,FAIBLE,0,Correction #7 sur version 2
COR-03128,SUB-0623,MEM-0196,Mthodologie floue,12,BLOQUANT,1,Correction #1 sur version 4
COR-03129,SUB-0623,MEM-0196,Introduction incomplte,40,MOYEN,1,Correction #2 sur version 4
COR-03130,SUB-0623,MEM-0196,Problme de structure,45,ELEVE,1,Correction #3 sur version 4
COR-03131,SUB-0623,MEM-0196,Bibliographie incorrecte,31,ELEVE,1,Correction #4 sur version 4
COR-03132,SUB-0623,MEM-0196,Faute d'orthographe,39,ELEVE,1,Correction #5 sur version 4
COR-03133,SUB-0623,MEM-0196,Argument insuffisant,31,ELEVE,1,Correction #6 sur version 4
COR-03134,SUB-0623,MEM-0196,Graphique illisible,24,FAIBLE,1,Correction #7 sur version 4
COR-03135,SUB-0623,MEM-0196,Citation manquante,33,FAIBLE,1,Correction #8 sur version 4
COR-03136,SUB-0623,MEM-0196,Bibliographie incorrecte,23,ELEVE,1,Correction #9 sur version 4
COR-03137,SUB-0623,MEM-0196,Argument insuffisant,9,MOYEN,1,Correction #10 sur version 4
COR-03138,SUB-0623,MEM-0196,Bibliographie incorrecte,28,MOYEN,0,Correction #11 sur version 4
COR-03139,SUB-0625,MEM-0050,Introduction incomplte,8,BLOQUANT,1,Correction #1 sur version 1
COR-03140,SUB-0625,MEM-0050,Plagiat dtect,65,MOYEN,1,Correction #2 sur version 1
COR-03141,SUB-0625,MEM-0050,Conclusion absente,69,MOYEN,1,Correction #3 sur version 1
COR-03142,SUB-0625,MEM-0050,Graphique illisible,39,MOYEN,0,Correction #4 sur version 1
COR-03143,SUB-0625,MEM-0050,Argument insuffisant,64,FAIBLE,0,Correction #5 sur version 1
COR-03144,SUB-0625,MEM-0050,Mthodologie floue,66,ELEVE,0,Correction #6 sur version 1
COR-03145,SUB-0625,MEM-0050,Rsultats non interprts,36,MOYEN,0,Correction #7 sur version 1
COR-03146,SUB-0626,MEM-0181,Bibliographie incorrecte,81,BLOQUANT,1,Correction #1 sur version 6
COR-03147,SUB-0626,MEM-0181,Rsultats non interprts,76,MOYEN,1,Correction #2 sur version 6
COR-03148,SUB-0626,MEM-0181,Mthodologie floue,41,MOYEN,1,Correction #3 sur version 6
COR-03149,SUB-0626,MEM-0181,Plagiat dtect,37,ELEVE,0,Correction #4 sur version 6
COR-03150,SUB-0626,MEM-0181,Bibliographie incorrecte,17,FAIBLE,0,Correction #5 sur version 6
COR-03151,SUB-0629,MEM-0133,Graphique illisible,16,BLOQUANT,1,Correction #1 sur version 1
COR-03152,SUB-0629,MEM-0133,Rsultats non interprts,55,FAIBLE,1,Correction #2 sur version 1
COR-03153,SUB-0629,MEM-0133,Faute d'orthographe,18,MOYEN,1,Correction #3 sur version 1
COR-03154,SUB-0629,MEM-0133,Faute d'orthographe,6,FAIBLE,1,Correction #4 sur version 1
COR-03155,SUB-0629,MEM-0133,Graphique illisible,48,FAIBLE,1,Correction #5 sur version 1
COR-03156,SUB-0629,MEM-0133,Citation manquante,30,ELEVE,1,Correction #6 sur version 1
COR-03157,SUB-0629,MEM-0133,Citation manquante,17,FAIBLE,0,Correction #7 sur version 1
COR-03158,SUB-0629,MEM-0133,Problme de structure,42,ELEVE,0,Correction #8 sur version 1
COR-03159,SUB-0630,MEM-0086,Problme de structure,14,MOYEN,1,Correction #1 sur version 1
COR-03160,SUB-0630,MEM-0086,Mthodologie floue,22,FAIBLE,1,Correction #2 sur version 1
COR-03161,SUB-0630,MEM-0086,Faute d'orthographe,34,MOYEN,1,Correction #3 sur version 1
COR-03162,SUB-0630,MEM-0086,Code non comment,41,FAIBLE,1,Correction #4 sur version 1
COR-03163,SUB-0630,MEM-0086,Bibliographie incorrecte,48,MOYEN,1,Correction #5 sur version 1
COR-03164,SUB-0630,MEM-0086,Code non comment,7,FAIBLE,1,Correction #6 sur version 1
COR-03165,SUB-0630,MEM-0086,Graphique illisible,19,MOYEN,0,Correction #7 sur version 1
COR-03166,SUB-0631,MEM-0025,Bibliographie incorrecte,79,ELEVE,1,Correction #1 sur version 1
COR-03167,SUB-0631,MEM-0025,Introduction incomplte,76,MOYEN,1,Correction #2 sur version 1
COR-03168,SUB-0631,MEM-0025,Rsultats non interprts,63,ELEVE,1,Correction #3 sur version 1
COR-03169,SUB-0631,MEM-0025,Conclusion absente,89,FAIBLE,1,Correction #4 sur version 1
COR-03170,SUB-0631,MEM-0025,Introduction incomplte,58,FAIBLE,1,Correction #5 sur version 1
COR-03171,SUB-0631,MEM-0025,Conclusion absente,38,ELEVE,1,Correction #6 sur version 1
COR-03172,SUB-0631,MEM-0025,Introduction incomplte,20,ELEVE,1,Correction #7 sur version 1
COR-03173,SUB-0631,MEM-0025,Faute d'orthographe,17,ELEVE,1,Correction #8 sur version 1
COR-03174,SUB-0631,MEM-0025,Bibliographie incorrecte,22,MOYEN,1,Correction #9 sur version 1
COR-03175,SUB-0631,MEM-0025,Graphique illisible,27,MOYEN,1,Correction #10 sur version 1
COR-03176,SUB-0631,MEM-0025,Bibliographie incorrecte,28,FAIBLE,0,Correction #11 sur version 1
COR-03177,SUB-0631,MEM-0025,Rsultats non interprts,70,FAIBLE,0,Correction #12 sur version 1
COR-03178,SUB-0631,MEM-0025,Rsultats non interprts,18,FAIBLE,0,Correction #13 sur version 1
COR-03179,SUB-0631,MEM-0025,Problme de structure,17,FAIBLE,0,Correction #14 sur version 1
COR-03180,SUB-0631,MEM-0025,Plagiat dtect,19,FAIBLE,0,Correction #15 sur version 1
COR-03181,SUB-0631,MEM-0025,Faute d'orthographe,81,ELEVE,0,Correction #16 sur version 1
COR-03182,SUB-0631,MEM-0025,Plagiat dtect,12,MOYEN,0,Correction #17 sur version 1
COR-03183,SUB-0631,MEM-0025,Introduction incomplte,2,FAIBLE,0,Correction #18 sur version 1
COR-03184,SUB-0632,MEM-0086,Problme de structure,34,BLOQUANT,1,Correction #1 sur version 5
COR-03185,SUB-0632,MEM-0086,Introduction incomplte,17,FAIBLE,1,Correction #2 sur version 5
COR-03186,SUB-0632,MEM-0086,Argument insuffisant,14,MOYEN,1,Correction #3 sur version 5
COR-03187,SUB-0632,MEM-0086,Bibliographie incorrecte,30,ELEVE,1,Correction #4 sur version 5
COR-03188,SUB-0632,MEM-0086,Faute d'orthographe,35,MOYEN,1,Correction #5 sur version 5
COR-03189,SUB-0632,MEM-0086,Conclusion absente,26,FAIBLE,1,Correction #6 sur version 5
COR-03190,SUB-0632,MEM-0086,Rsultats non interprts,6,ELEVE,1,Correction #7 sur version 5
COR-03191,SUB-0633,MEM-0178,Code non comment,30,BLOQUANT,0,Correction #1 sur version 1
COR-03192,SUB-0633,MEM-0178,Argument insuffisant,23,FAIBLE,0,Correction #2 sur version 1
COR-03193,SUB-0633,MEM-0178,Conclusion absente,21,MOYEN,0,Correction #3 sur version 1
COR-03194,SUB-0633,MEM-0178,Rsultats non interprts,24,MOYEN,0,Correction #4 sur version 1
COR-03195,SUB-0633,MEM-0178,Code non comment,18,ELEVE,0,Correction #5 sur version 1
COR-03196,SUB-0633,MEM-0178,Argument insuffisant,25,MOYEN,0,Correction #6 sur version 1
COR-03197,SUB-0633,MEM-0178,Plagiat dtect,3,FAIBLE,0,Correction #7 sur version 1
COR-03198,SUB-0633,MEM-0178,Argument insuffisant,6,MOYEN,0,Correction #8 sur version 1
COR-03199,SUB-0633,MEM-0178,Code non comment,30,ELEVE,0,Correction #9 sur version 1
COR-03200,SUB-0633,MEM-0178,Code non comment,36,MOYEN,0,Correction #10 sur version 1
COR-03201,SUB-0633,MEM-0178,Rsultats non interprts,7,FAIBLE,0,Correction #11 sur version 1
COR-03202,SUB-0633,MEM-0178,Faute d'orthographe,36,MOYEN,0,Correction #12 sur version 1
COR-03203,SUB-0633,MEM-0178,Rsultats non interprts,29,FAIBLE,0,Correction #13 sur version 1
COR-03204,SUB-0633,MEM-0178,Code non comment,31,FAIBLE,0,Correction #14 sur version 1
COR-03205,SUB-0634,MEM-0144,Argument insuffisant,9,BLOQUANT,1,Correction #1 sur version 1
COR-03206,SUB-0634,MEM-0144,Code non comment,28,MOYEN,1,Correction #2 sur version 1
COR-03207,SUB-0634,MEM-0144,Conclusion absente,28,FAIBLE,1,Correction #3 sur version 1
COR-03208,SUB-0637,MEM-0016,Code non comment,24,ELEVE,1,Correction #1 sur version 2
COR-03209,SUB-0637,MEM-0016,Mthodologie floue,24,FAIBLE,1,Correction #2 sur version 2
COR-03210,SUB-0637,MEM-0016,Argument insuffisant,28,FAIBLE,1,Correction #3 sur version 2
COR-03211,SUB-0637,MEM-0016,Introduction incomplte,22,ELEVE,1,Correction #4 sur version 2
COR-03212,SUB-0637,MEM-0016,Rsultats non interprts,55,FAIBLE,1,Correction #5 sur version 2
COR-03213,SUB-0637,MEM-0016,Code non comment,10,MOYEN,1,Correction #6 sur version 2
COR-03214,SUB-0637,MEM-0016,Graphique illisible,31,ELEVE,1,Correction #7 sur version 2
COR-03215,SUB-0637,MEM-0016,Bibliographie incorrecte,19,ELEVE,1,Correction #8 sur version 2
COR-03216,SUB-0637,MEM-0016,Argument insuffisant,42,FAIBLE,1,Correction #9 sur version 2
COR-03217,SUB-0637,MEM-0016,Mthodologie floue,32,ELEVE,1,Correction #10 sur version 2
COR-03218,SUB-0637,MEM-0016,Bibliographie incorrecte,27,ELEVE,1,Correction #11 sur version 2
COR-03219,SUB-0637,MEM-0016,Bibliographie incorrecte,40,MOYEN,0,Correction #12 sur version 2
COR-03220,SUB-0637,MEM-0016,Introduction incomplte,16,MOYEN,0,Correction #13 sur version 2
COR-03221,SUB-0637,MEM-0016,Rsultats non interprts,60,MOYEN,0,Correction #14 sur version 2
COR-03222,SUB-0637,MEM-0016,Rsultats non interprts,64,ELEVE,0,Correction #15 sur version 2
COR-03223,SUB-0637,MEM-0016,Argument insuffisant,51,FAIBLE,0,Correction #16 sur version 2
COR-03224,SUB-0637,MEM-0016,Citation manquante,3,MOYEN,0,Correction #17 sur version 2
COR-03225,SUB-0638,MEM-0169,Plagiat dtect,22,BLOQUANT,0,Correction #1 sur version 6
COR-03226,SUB-0638,MEM-0169,Graphique illisible,37,MOYEN,0,Correction #2 sur version 6
COR-03227,SUB-0639,MEM-0018,Conclusion absente,40,BLOQUANT,1,Correction #1 sur version 3
COR-03228,SUB-0639,MEM-0018,Rsultats non interprts,8,ELEVE,1,Correction #2 sur version 3
COR-03229,SUB-0639,MEM-0018,Conclusion absente,39,FAIBLE,1,Correction #3 sur version 3
COR-03230,SUB-0639,MEM-0018,Conclusion absente,1,ELEVE,1,Correction #4 sur version 3
COR-03231,SUB-0639,MEM-0018,Plagiat dtect,12,FAIBLE,1,Correction #5 sur version 3
COR-03232,SUB-0639,MEM-0018,Problme de structure,11,MOYEN,0,Correction #6 sur version 3
COR-03233,SUB-0639,MEM-0018,Mthodologie floue,16,FAIBLE,0,Correction #7 sur version 3
COR-03234,SUB-0639,MEM-0018,Plagiat dtect,30,ELEVE,0,Correction #8 sur version 3
COR-03235,SUB-0640,MEM-0127,Bibliographie incorrecte,64,BLOQUANT,1,Correction #1 sur version 2
COR-03236,SUB-0640,MEM-0127,Problme de structure,28,ELEVE,1,Correction #2 sur version 2
COR-03237,SUB-0640,MEM-0127,Rsultats non interprts,42,MOYEN,1,Correction #3 sur version 2
COR-03238,SUB-0640,MEM-0127,Plagiat dtect,72,FAIBLE,0,Correction #4 sur version 2
COR-03239,SUB-0642,MEM-0012,Citation manquante,9,ELEVE,1,Correction #1 sur version 1
COR-03240,SUB-0642,MEM-0012,Faute d'orthographe,52,FAIBLE,1,Correction #2 sur version 1
COR-03241,SUB-0642,MEM-0012,Problme de structure,9,ELEVE,1,Correction #3 sur version 1
COR-03242,SUB-0642,MEM-0012,Introduction incomplte,47,MOYEN,1,Correction #4 sur version 1
COR-03243,SUB-0642,MEM-0012,Faute d'orthographe,36,ELEVE,0,Correction #5 sur version 1
COR-03244,SUB-0642,MEM-0012,Argument insuffisant,3,FAIBLE,0,Correction #6 sur version 1
COR-03245,SUB-0642,MEM-0012,Graphique illisible,49,FAIBLE,0,Correction #7 sur version 1
COR-03246,SUB-0643,MEM-0026,Conclusion absente,78,ELEVE,1,Correction #1 sur version 1
COR-03247,SUB-0643,MEM-0026,Conclusion absente,67,ELEVE,1,Correction #2 sur version 1
COR-03248,SUB-0643,MEM-0026,Bibliographie incorrecte,73,ELEVE,1,Correction #3 sur version 1
COR-03249,SUB-0643,MEM-0026,Mthodologie floue,88,MOYEN,0,Correction #4 sur version 1
COR-03250,SUB-0643,MEM-0026,Rsultats non interprts,48,FAIBLE,0,Correction #5 sur version 1
COR-03251,SUB-0643,MEM-0026,Bibliographie incorrecte,46,ELEVE,0,Correction #6 sur version 1
COR-03252,SUB-0643,MEM-0026,Citation manquante,82,FAIBLE,0,Correction #7 sur version 1
COR-03253,SUB-0643,MEM-0026,Introduction incomplte,8,ELEVE,0,Correction #8 sur version 1
COR-03254,SUB-0643,MEM-0026,Citation manquante,3,FAIBLE,0,Correction #9 sur version 1
COR-03255,SUB-0643,MEM-0026,Graphique illisible,31,MOYEN,0,Correction #10 sur version 1
COR-03256,SUB-0643,MEM-0026,Code non comment,11,MOYEN,0,Correction #11 sur version 1
COR-03257,SUB-0643,MEM-0026,Plagiat dtect,42,ELEVE,0,Correction #12 sur version 1
COR-03258,SUB-0643,MEM-0026,Conclusion absente,9,FAIBLE,0,Correction #13 sur version 1
COR-03259,SUB-0643,MEM-0026,Argument insuffisant,27,MOYEN,0,Correction #14 sur version 1
COR-03260,SUB-0643,MEM-0026,Plagiat dtect,12,ELEVE,0,Correction #15 sur version 1
COR-03261,SUB-0643,MEM-0026,Argument insuffisant,83,FAIBLE,0,Correction #16 sur version 1
COR-03262,SUB-0643,MEM-0026,Argument insuffisant,76,ELEVE,0,Correction #17 sur version 1
COR-03263,SUB-0643,MEM-0026,Mthodologie floue,85,ELEVE,0,Correction #18 sur version 1
COR-03264,SUB-0643,MEM-0026,Problme de structure,39,FAIBLE,0,Correction #19 sur version 1
COR-03265,SUB-0643,MEM-0026,Conclusion absente,36,FAIBLE,0,Correction #20 sur version 1
COR-03266,SUB-0645,MEM-0063,Rsultats non interprts,33,ELEVE,1,Correction #1 sur version 1
COR-03267,SUB-0645,MEM-0063,Faute d'orthographe,13,FAIBLE,1,Correction #2 sur version 1
COR-03268,SUB-0645,MEM-0063,Plagiat dtect,27,FAIBLE,1,Correction #3 sur version 1
COR-03269,SUB-0645,MEM-0063,Problme de structure,14,MOYEN,1,Correction #4 sur version 1
COR-03270,SUB-0645,MEM-0063,Plagiat dtect,32,ELEVE,1,Correction #5 sur version 1
COR-03271,SUB-0645,MEM-0063,Plagiat dtect,8,FAIBLE,1,Correction #6 sur version 1
COR-03272,SUB-0645,MEM-0063,Introduction incomplte,4,FAIBLE,1,Correction #7 sur version 1
COR-03273,SUB-0645,MEM-0063,Argument insuffisant,10,ELEVE,1,Correction #8 sur version 1
COR-03274,SUB-0645,MEM-0063,Citation manquante,11,FAIBLE,1,Correction #9 sur version 1
COR-03275,SUB-0645,MEM-0063,Code non comment,30,FAIBLE,0,Correction #10 sur version 1
COR-03276,SUB-0645,MEM-0063,Conclusion absente,9,MOYEN,0,Correction #11 sur version 1
COR-03277,SUB-0645,MEM-0063,Problme de structure,6,FAIBLE,0,Correction #12 sur version 1
COR-03278,SUB-0645,MEM-0063,Problme de structure,25,FAIBLE,0,Correction #13 sur version 1
COR-03279,SUB-0645,MEM-0063,Problme de structure,9,MOYEN,0,Correction #14 sur version 1
COR-03280,SUB-0645,MEM-0063,Faute d'orthographe,8,FAIBLE,0,Correction #15 sur version 1
COR-03281,SUB-0645,MEM-0063,Rsultats non interprts,3,ELEVE,0,Correction #16 sur version 1
COR-03282,SUB-0645,MEM-0063,Argument insuffisant,22,MOYEN,0,Correction #17 sur version 1
COR-03283,SUB-0647,MEM-0046,Code non comment,96,BLOQUANT,1,Correction #1 sur version 3
COR-03284,SUB-0647,MEM-0046,Conclusion absente,32,ELEVE,1,Correction #2 sur version 3
COR-03285,SUB-0647,MEM-0046,Plagiat dtect,96,FAIBLE,1,Correction #3 sur version 3
COR-03286,SUB-0647,MEM-0046,Citation manquante,5,ELEVE,1,Correction #4 sur version 3
COR-03287,SUB-0647,MEM-0046,Plagiat dtect,25,MOYEN,1,Correction #5 sur version 3
COR-03288,SUB-0647,MEM-0046,Introduction incomplte,44,MOYEN,1,Correction #6 sur version 3
COR-03289,SUB-0647,MEM-0046,Bibliographie incorrecte,2,FAIBLE,1,Correction #7 sur version 3
COR-03290,SUB-0647,MEM-0046,Argument insuffisant,59,ELEVE,0,Correction #8 sur version 3
COR-03291,SUB-0647,MEM-0046,Code non comment,104,ELEVE,0,Correction #9 sur version 3
COR-03292,SUB-0648,MEM-0054,Graphique illisible,67,BLOQUANT,1,Correction #1 sur version 2
COR-03293,SUB-0648,MEM-0054,Argument insuffisant,37,FAIBLE,1,Correction #2 sur version 2
COR-03294,SUB-0648,MEM-0054,Problme de structure,12,FAIBLE,1,Correction #3 sur version 2
COR-03295,SUB-0648,MEM-0054,Faute d'orthographe,72,MOYEN,0,Correction #4 sur version 2
COR-03296,SUB-0651,MEM-0059,Introduction incomplte,41,ELEVE,1,Correction #1 sur version 1
COR-03297,SUB-0651,MEM-0059,Argument insuffisant,60,ELEVE,1,Correction #2 sur version 1
COR-03298,SUB-0651,MEM-0059,Faute d'orthographe,37,MOYEN,1,Correction #3 sur version 1
COR-03299,SUB-0651,MEM-0059,Mthodologie floue,9,ELEVE,1,Correction #4 sur version 1
COR-03300,SUB-0651,MEM-0059,Plagiat dtect,19,FAIBLE,1,Correction #5 sur version 1
COR-03301,SUB-0651,MEM-0059,Argument insuffisant,2,MOYEN,1,Correction #6 sur version 1
COR-03302,SUB-0651,MEM-0059,Citation manquante,45,ELEVE,0,Correction #7 sur version 1
COR-03303,SUB-0651,MEM-0059,Mthodologie floue,47,MOYEN,0,Correction #8 sur version 1
COR-03304,SUB-0651,MEM-0059,Problme de structure,52,MOYEN,0,Correction #9 sur version 1
COR-03305,SUB-0651,MEM-0059,Rsultats non interprts,42,ELEVE,0,Correction #10 sur version 1
COR-03306,SUB-0651,MEM-0059,Citation manquante,46,FAIBLE,0,Correction #11 sur version 1
COR-03307,SUB-0651,MEM-0059,Plagiat dtect,39,ELEVE,0,Correction #12 sur version 1
COR-03308,SUB-0651,MEM-0059,Argument insuffisant,50,MOYEN,0,Correction #13 sur version 1
COR-03309,SUB-0651,MEM-0059,Plagiat dtect,32,ELEVE,0,Correction #14 sur version 1
COR-03310,SUB-0651,MEM-0059,Problme de structure,15,FAIBLE,0,Correction #15 sur version 1
COR-03311,SUB-0651,MEM-0059,Problme de structure,10,MOYEN,0,Correction #16 sur version 1
COR-03312,SUB-0651,MEM-0059,Citation manquante,28,MOYEN,0,Correction #17 sur version 1
COR-03313,SUB-0652,MEM-0155,Bibliographie incorrecte,42,MOYEN,1,Correction #1 sur version 2
COR-03314,SUB-0652,MEM-0155,Mthodologie floue,50,ELEVE,1,Correction #2 sur version 2
COR-03315,SUB-0652,MEM-0155,Argument insuffisant,28,MOYEN,1,Correction #3 sur version 2
COR-03316,SUB-0652,MEM-0155,Graphique illisible,10,FAIBLE,1,Correction #4 sur version 2
COR-03317,SUB-0652,MEM-0155,Argument insuffisant,4,ELEVE,1,Correction #5 sur version 2
COR-03318,SUB-0652,MEM-0155,Conclusion absente,7,FAIBLE,1,Correction #6 sur version 2
COR-03319,SUB-0652,MEM-0155,Problme de structure,47,MOYEN,1,Correction #7 sur version 2
COR-03320,SUB-0652,MEM-0155,Argument insuffisant,62,ELEVE,1,Correction #8 sur version 2
COR-03321,SUB-0652,MEM-0155,Bibliographie incorrecte,64,FAIBLE,1,Correction #9 sur version 2
COR-03322,SUB-0652,MEM-0155,Faute d'orthographe,22,MOYEN,1,Correction #10 sur version 2
COR-03323,SUB-0652,MEM-0155,Plagiat dtect,8,ELEVE,1,Correction #11 sur version 2
COR-03324,SUB-0652,MEM-0155,Rsultats non interprts,11,MOYEN,1,Correction #12 sur version 2
COR-03325,SUB-0652,MEM-0155,Introduction incomplte,3,MOYEN,1,Correction #13 sur version 2
COR-03326,SUB-0652,MEM-0155,Citation manquante,17,MOYEN,1,Correction #14 sur version 2
COR-03327,SUB-0657,MEM-0049,Graphique illisible,68,FAIBLE,1,Correction #1 sur version 4
COR-03328,SUB-0657,MEM-0049,Problme de structure,44,ELEVE,1,Correction #2 sur version 4
COR-03329,SUB-0657,MEM-0049,Graphique illisible,111,MOYEN,1,Correction #3 sur version 4
COR-03330,SUB-0657,MEM-0049,Code non comment,81,FAIBLE,1,Correction #4 sur version 4
COR-03331,SUB-0657,MEM-0049,Faute d'orthographe,29,ELEVE,1,Correction #5 sur version 4
COR-03332,SUB-0658,MEM-0051,Rsultats non interprts,19,BLOQUANT,1,Correction #1 sur version 1
COR-03333,SUB-0658,MEM-0051,Citation manquante,4,FAIBLE,0,Correction #2 sur version 1
COR-03334,SUB-0658,MEM-0051,Faute d'orthographe,24,FAIBLE,0,Correction #3 sur version 1
COR-03335,SUB-0658,MEM-0051,Conclusion absente,37,MOYEN,0,Correction #4 sur version 1
COR-03336,SUB-0658,MEM-0051,Conclusion absente,24,ELEVE,0,Correction #5 sur version 1
COR-03337,SUB-0658,MEM-0051,Graphique illisible,5,MOYEN,0,Correction #6 sur version 1
COR-03338,SUB-0660,MEM-0034,Mthodologie floue,29,BLOQUANT,1,Correction #1 sur version 2
COR-03339,SUB-0660,MEM-0034,Code non comment,50,ELEVE,1,Correction #2 sur version 2
COR-03340,SUB-0660,MEM-0034,Mthodologie floue,19,MOYEN,0,Correction #3 sur version 2
COR-03341,SUB-0660,MEM-0034,Argument insuffisant,16,MOYEN,0,Correction #4 sur version 2
COR-03342,SUB-0660,MEM-0034,Conclusion absente,54,MOYEN,0,Correction #5 sur version 2
COR-03343,SUB-0660,MEM-0034,Argument insuffisant,54,FAIBLE,0,Correction #6 sur version 2
COR-03344,SUB-0660,MEM-0034,Conclusion absente,28,MOYEN,0,Correction #7 sur version 2
COR-03345,SUB-0660,MEM-0034,Problme de structure,3,FAIBLE,0,Correction #8 sur version 2
COR-03346,SUB-0660,MEM-0034,Faute d'orthographe,50,ELEVE,0,Correction #9 sur version 2
COR-03347,SUB-0660,MEM-0034,Bibliographie incorrecte,8,FAIBLE,0,Correction #10 sur version 2
COR-03348,SUB-0660,MEM-0034,Citation manquante,2,FAIBLE,0,Correction #11 sur version 2
COR-03349,SUB-0660,MEM-0034,Introduction incomplte,36,ELEVE,0,Correction #12 sur version 2
COR-03350,SUB-0661,MEM-0103,Citation manquante,13,BLOQUANT,1,Correction #1 sur version 5
COR-03351,SUB-0661,MEM-0103,Introduction incomplte,36,MOYEN,1,Correction #2 sur version 5
COR-03352,SUB-0661,MEM-0103,Conclusion absente,21,FAIBLE,1,Correction #3 sur version 5
COR-03353,SUB-0661,MEM-0103,Bibliographie incorrecte,6,MOYEN,0,Correction #4 sur version 5
COR-03354,SUB-0661,MEM-0103,Faute d'orthographe,67,ELEVE,0,Correction #5 sur version 5
COR-03355,SUB-0661,MEM-0103,Rsultats non interprts,86,FAIBLE,0,Correction #6 sur version 5
COR-03356,SUB-0664,MEM-0185,Conclusion absente,14,MOYEN,1,Correction #1 sur version 2
COR-03357,SUB-0664,MEM-0185,Plagiat dtect,4,FAIBLE,0,Correction #2 sur version 2
COR-03358,SUB-0664,MEM-0185,Problme de structure,44,ELEVE,0,Correction #3 sur version 2
COR-03359,SUB-0664,MEM-0185,Faute d'orthographe,60,ELEVE,0,Correction #4 sur version 2
COR-03360,SUB-0664,MEM-0185,Citation manquante,66,FAIBLE,0,Correction #5 sur version 2
COR-03361,SUB-0664,MEM-0185,Introduction incomplte,58,FAIBLE,0,Correction #6 sur version 2
COR-03362,SUB-0664,MEM-0185,Citation manquante,7,FAIBLE,0,Correction #7 sur version 2
COR-03363,SUB-0664,MEM-0185,Rsultats non interprts,30,MOYEN,0,Correction #8 sur version 2
COR-03364,SUB-0664,MEM-0185,Problme de structure,7,MOYEN,0,Correction #9 sur version 2
COR-03365,SUB-0664,MEM-0185,Mthodologie floue,68,MOYEN,0,Correction #10 sur version 2
COR-03366,SUB-0664,MEM-0185,Conclusion absente,39,MOYEN,0,Correction #11 sur version 2
COR-03367,SUB-0664,MEM-0185,Introduction incomplte,23,FAIBLE,0,Correction #12 sur version 2
COR-03368,SUB-0664,MEM-0185,Rsultats non interprts,26,FAIBLE,0,Correction #13 sur version 2
COR-03369,SUB-0664,MEM-0185,Faute d'orthographe,56,FAIBLE,0,Correction #14 sur version 2
COR-03370,SUB-0665,MEM-0119,Argument insuffisant,23,BLOQUANT,1,Correction #1 sur version 1
COR-03371,SUB-0665,MEM-0119,Bibliographie incorrecte,44,ELEVE,1,Correction #2 sur version 1
COR-03372,SUB-0665,MEM-0119,Conclusion absente,28,MOYEN,1,Correction #3 sur version 1
COR-03373,SUB-0665,MEM-0119,Introduction incomplte,39,ELEVE,1,Correction #4 sur version 1
COR-03374,SUB-0665,MEM-0119,Conclusion absente,2,MOYEN,1,Correction #5 sur version 1
COR-03375,SUB-0665,MEM-0119,Problme de structure,36,FAIBLE,1,Correction #6 sur version 1
COR-03376,SUB-0665,MEM-0119,Mthodologie floue,13,FAIBLE,0,Correction #7 sur version 1
COR-03377,SUB-0665,MEM-0119,Citation manquante,39,ELEVE,0,Correction #8 sur version 1
COR-03378,SUB-0665,MEM-0119,Argument insuffisant,53,MOYEN,0,Correction #9 sur version 1
COR-03379,SUB-0665,MEM-0119,Graphique illisible,54,MOYEN,0,Correction #10 sur version 1
COR-03380,SUB-0665,MEM-0119,Introduction incomplte,28,MOYEN,0,Correction #11 sur version 1
COR-03381,SUB-0665,MEM-0119,Problme de structure,23,FAIBLE,0,Correction #12 sur version 1
COR-03382,SUB-0665,MEM-0119,Problme de structure,34,ELEVE,0,Correction #13 sur version 1
COR-03383,SUB-0665,MEM-0119,Argument insuffisant,45,FAIBLE,0,Correction #14 sur version 1
COR-03384,SUB-0666,MEM-0065,Conclusion absente,2,BLOQUANT,1,Correction #1 sur version 1
COR-03385,SUB-0666,MEM-0065,Faute d'orthographe,18,FAIBLE,1,Correction #2 sur version 1
COR-03386,SUB-0666,MEM-0065,Introduction incomplte,28,MOYEN,1,Correction #3 sur version 1
COR-03387,SUB-0666,MEM-0065,Graphique illisible,22,FAIBLE,1,Correction #4 sur version 1
COR-03388,SUB-0666,MEM-0065,Plagiat dtect,2,ELEVE,1,Correction #5 sur version 1
COR-03389,SUB-0666,MEM-0065,Problme de structure,4,FAIBLE,1,Correction #6 sur version 1
COR-03390,SUB-0666,MEM-0065,Plagiat dtect,32,MOYEN,1,Correction #7 sur version 1
COR-03391,SUB-0666,MEM-0065,Conclusion absente,8,ELEVE,0,Correction #8 sur version 1
COR-03392,SUB-0666,MEM-0065,Faute d'orthographe,2,MOYEN,0,Correction #9 sur version 1
COR-03393,SUB-0666,MEM-0065,Code non comment,17,ELEVE,0,Correction #10 sur version 1
COR-03394,SUB-0666,MEM-0065,Citation manquante,35,ELEVE,0,Correction #11 sur version 1
COR-03395,SUB-0666,MEM-0065,Problme de structure,37,ELEVE,0,Correction #12 sur version 1
COR-03396,SUB-0666,MEM-0065,Rsultats non interprts,18,ELEVE,0,Correction #13 sur version 1
COR-03397,SUB-0666,MEM-0065,Faute d'orthographe,21,ELEVE,0,Correction #14 sur version 1
COR-03398,SUB-0671,MEM-0012,Citation manquante,43,BLOQUANT,0,Correction #1 sur version 4
COR-03399,SUB-0672,MEM-0045,Rsultats non interprts,5,BLOQUANT,1,Correction #1 sur version 1
COR-03400,SUB-0672,MEM-0045,Argument insuffisant,3,MOYEN,1,Correction #2 sur version 1
COR-03401,SUB-0672,MEM-0045,Plagiat dtect,39,MOYEN,1,Correction #3 sur version 1
COR-03402,SUB-0672,MEM-0045,Faute d'orthographe,52,ELEVE,0,Correction #4 sur version 1
COR-03403,SUB-0672,MEM-0045,Graphique illisible,42,ELEVE,0,Correction #5 sur version 1
COR-03404,SUB-0672,MEM-0045,Conclusion absente,26,ELEVE,0,Correction #6 sur version 1
COR-03405,SUB-0672,MEM-0045,Bibliographie incorrecte,32,ELEVE,0,Correction #7 sur version 1
COR-03406,SUB-0672,MEM-0045,Citation manquante,42,ELEVE,0,Correction #8 sur version 1
COR-03407,SUB-0672,MEM-0045,Citation manquante,30,FAIBLE,0,Correction #9 sur version 1
COR-03408,SUB-0672,MEM-0045,Conclusion absente,44,ELEVE,0,Correction #10 sur version 1
COR-03409,SUB-0672,MEM-0045,Introduction incomplte,25,FAIBLE,0,Correction #11 sur version 1
COR-03410,SUB-0672,MEM-0045,Bibliographie incorrecte,48,ELEVE,0,Correction #12 sur version 1
COR-03411,SUB-0674,MEM-0065,Problme de structure,53,MOYEN,1,Correction #1 sur version 1
COR-03412,SUB-0674,MEM-0065,Problme de structure,20,MOYEN,1,Correction #2 sur version 1
COR-03413,SUB-0674,MEM-0065,Conclusion absente,37,FAIBLE,1,Correction #3 sur version 1
COR-03414,SUB-0674,MEM-0065,Conclusion absente,62,FAIBLE,1,Correction #4 sur version 1
COR-03415,SUB-0674,MEM-0065,Graphique illisible,32,ELEVE,1,Correction #5 sur version 1
COR-03416,SUB-0674,MEM-0065,Argument insuffisant,98,FAIBLE,1,Correction #6 sur version 1
COR-03417,SUB-0674,MEM-0065,Introduction incomplte,24,MOYEN,1,Correction #7 sur version 1
COR-03418,SUB-0674,MEM-0065,Rsultats non interprts,89,FAIBLE,1,Correction #8 sur version 1
COR-03419,SUB-0674,MEM-0065,Code non comment,76,ELEVE,1,Correction #9 sur version 1
COR-03420,SUB-0674,MEM-0065,Graphique illisible,75,ELEVE,1,Correction #10 sur version 1
COR-03421,SUB-0674,MEM-0065,Problme de structure,79,ELEVE,0,Correction #11 sur version 1
COR-03422,SUB-0674,MEM-0065,Faute d'orthographe,9,MOYEN,0,Correction #12 sur version 1
COR-03423,SUB-0675,MEM-0171,Rsultats non interprts,106,BLOQUANT,1,Correction #1 sur version 4
COR-03424,SUB-0675,MEM-0171,Argument insuffisant,56,MOYEN,1,Correction #2 sur version 4
COR-03425,SUB-0675,MEM-0171,Argument insuffisant,4,ELEVE,1,Correction #3 sur version 4
COR-03426,SUB-0675,MEM-0171,Conclusion absente,7,FAIBLE,1,Correction #4 sur version 4
COR-03427,SUB-0675,MEM-0171,Conclusion absente,105,ELEVE,1,Correction #5 sur version 4
COR-03428,SUB-0675,MEM-0171,Argument insuffisant,14,ELEVE,1,Correction #6 sur version 4
COR-03429,SUB-0675,MEM-0171,Introduction incomplte,8,FAIBLE,1,Correction #7 sur version 4
COR-03430,SUB-0675,MEM-0171,Code non comment,86,FAIBLE,0,Correction #8 sur version 4
COR-03431,SUB-0675,MEM-0171,Faute d'orthographe,81,ELEVE,0,Correction #9 sur version 4
COR-03432,SUB-0676,MEM-0060,Code non comment,41,BLOQUANT,1,Correction #1 sur version 1
COR-03433,SUB-0676,MEM-0060,Problme de structure,55,MOYEN,1,Correction #2 sur version 1
COR-03434,SUB-0676,MEM-0060,Problme de structure,16,ELEVE,1,Correction #3 sur version 1
COR-03435,SUB-0676,MEM-0060,Code non comment,45,MOYEN,0,Correction #4 sur version 1
COR-03436,SUB-0676,MEM-0060,Plagiat dtect,33,ELEVE,0,Correction #5 sur version 1
COR-03437,SUB-0676,MEM-0060,Bibliographie incorrecte,57,ELEVE,0,Correction #6 sur version 1
COR-03438,SUB-0676,MEM-0060,Conclusion absente,58,ELEVE,0,Correction #7 sur version 1
COR-03439,SUB-0676,MEM-0060,Problme de structure,6,FAIBLE,0,Correction #8 sur version 1
COR-03440,SUB-0676,MEM-0060,Faute d'orthographe,47,MOYEN,0,Correction #9 sur version 1
COR-03441,SUB-0677,MEM-0036,Bibliographie incorrecte,65,BLOQUANT,1,Correction #1 sur version 3
COR-03442,SUB-0677,MEM-0036,Plagiat dtect,38,ELEVE,0,Correction #2 sur version 3
COR-03443,SUB-0677,MEM-0036,Bibliographie incorrecte,4,ELEVE,0,Correction #3 sur version 3
COR-03444,SUB-0677,MEM-0036,Bibliographie incorrecte,52,FAIBLE,0,Correction #4 sur version 3
COR-03445,SUB-0677,MEM-0036,Graphique illisible,69,MOYEN,0,Correction #5 sur version 3
COR-03446,SUB-0677,MEM-0036,Argument insuffisant,16,FAIBLE,0,Correction #6 sur version 3
COR-03447,SUB-0684,MEM-0051,Conclusion absente,46,BLOQUANT,1,Correction #1 sur version 2
COR-03448,SUB-0684,MEM-0051,Bibliographie incorrecte,30,ELEVE,1,Correction #2 sur version 2
COR-03449,SUB-0684,MEM-0051,Conclusion absente,65,ELEVE,1,Correction #3 sur version 2
COR-03450,SUB-0684,MEM-0051,Conclusion absente,2,MOYEN,1,Correction #4 sur version 2
COR-03451,SUB-0684,MEM-0051,Argument insuffisant,8,ELEVE,1,Correction #5 sur version 2
COR-03452,SUB-0684,MEM-0051,Graphique illisible,70,FAIBLE,1,Correction #6 sur version 2
COR-03453,SUB-0684,MEM-0051,Introduction incomplte,61,FAIBLE,1,Correction #7 sur version 2
COR-03454,SUB-0684,MEM-0051,Conclusion absente,12,MOYEN,1,Correction #8 sur version 2
COR-03455,SUB-0684,MEM-0051,Citation manquante,49,FAIBLE,1,Correction #9 sur version 2
COR-03456,SUB-0684,MEM-0051,Problme de structure,39,ELEVE,1,Correction #10 sur version 2
COR-03457,SUB-0684,MEM-0051,Introduction incomplte,12,ELEVE,1,Correction #11 sur version 2
COR-03458,SUB-0684,MEM-0051,Code non comment,11,ELEVE,0,Correction #12 sur version 2
COR-03459,SUB-0684,MEM-0051,Bibliographie incorrecte,64,FAIBLE,0,Correction #13 sur version 2
COR-03460,SUB-0686,MEM-0198,Code non comment,76,BLOQUANT,1,Correction #1 sur version 6
COR-03461,SUB-0686,MEM-0198,Argument insuffisant,77,MOYEN,1,Correction #2 sur version 6
COR-03462,SUB-0686,MEM-0198,Introduction incomplte,72,ELEVE,1,Correction #3 sur version 6
COR-03463,SUB-0686,MEM-0198,Argument insuffisant,60,ELEVE,1,Correction #4 sur version 6
COR-03464,SUB-0686,MEM-0198,Introduction incomplte,75,ELEVE,1,Correction #5 sur version 6
COR-03465,SUB-0687,MEM-0093,Code non comment,31,BLOQUANT,1,Correction #1 sur version 6
COR-03466,SUB-0687,MEM-0093,Code non comment,4,ELEVE,0,Correction #2 sur version 6
COR-03467,SUB-0687,MEM-0093,Faute d'orthographe,38,MOYEN,0,Correction #3 sur version 6
COR-03468,SUB-0687,MEM-0093,Citation manquante,46,MOYEN,0,Correction #4 sur version 6
COR-03469,SUB-0687,MEM-0093,Graphique illisible,6,FAIBLE,0,Correction #5 sur version 6
COR-03470,SUB-0688,MEM-0004,Plagiat dtect,28,BLOQUANT,1,Correction #1 sur version 1
COR-03471,SUB-0688,MEM-0004,Mthodologie floue,28,FAIBLE,1,Correction #2 sur version 1
COR-03472,SUB-0688,MEM-0004,Conclusion absente,36,FAIBLE,1,Correction #3 sur version 1
COR-03473,SUB-0688,MEM-0004,Citation manquante,12,ELEVE,1,Correction #4 sur version 1
COR-03474,SUB-0688,MEM-0004,Graphique illisible,44,MOYEN,1,Correction #5 sur version 1
COR-03475,SUB-0688,MEM-0004,Bibliographie incorrecte,36,ELEVE,1,Correction #6 sur version 1
COR-03476,SUB-0688,MEM-0004,Mthodologie floue,47,FAIBLE,0,Correction #7 sur version 1
COR-03477,SUB-0688,MEM-0004,Mthodologie floue,7,MOYEN,0,Correction #8 sur version 1
COR-03478,SUB-0688,MEM-0004,Plagiat dtect,43,MOYEN,0,Correction #9 sur version 1
COR-03479,SUB-0688,MEM-0004,Code non comment,26,ELEVE,0,Correction #10 sur version 1
COR-03480,SUB-0688,MEM-0004,Graphique illisible,41,FAIBLE,0,Correction #11 sur version 1
COR-03481,SUB-0688,MEM-0004,Plagiat dtect,27,FAIBLE,0,Correction #12 sur version 1
COR-03482,SUB-0689,MEM-0178,Rsultats non interprts,41,BLOQUANT,1,Correction #1 sur version 3
COR-03483,SUB-0689,MEM-0178,Plagiat dtect,25,MOYEN,1,Correction #2 sur version 3
COR-03484,SUB-0689,MEM-0178,Bibliographie incorrecte,16,MOYEN,1,Correction #3 sur version 3
COR-03485,SUB-0689,MEM-0178,Graphique illisible,40,ELEVE,1,Correction #4 sur version 3
COR-03486,SUB-0689,MEM-0178,Faute d'orthographe,18,MOYEN,0,Correction #5 sur version 3
COR-03487,SUB-0689,MEM-0178,Bibliographie incorrecte,20,MOYEN,0,Correction #6 sur version 3
COR-03488,SUB-0690,MEM-0037,Problme de structure,57,FAIBLE,1,Correction #1 sur version 3
COR-03489,SUB-0690,MEM-0037,Argument insuffisant,72,FAIBLE,1,Correction #2 sur version 3
COR-03490,SUB-0690,MEM-0037,Problme de structure,50,MOYEN,1,Correction #3 sur version 3
COR-03491,SUB-0690,MEM-0037,Argument insuffisant,46,FAIBLE,1,Correction #4 sur version 3
COR-03492,SUB-0690,MEM-0037,Citation manquante,81,ELEVE,1,Correction #5 sur version 3
COR-03493,SUB-0690,MEM-0037,Graphique illisible,70,MOYEN,0,Correction #6 sur version 3
COR-03494,SUB-0691,MEM-0168,Bibliographie incorrecte,17,BLOQUANT,1,Correction #1 sur version 3
COR-03495,SUB-0691,MEM-0168,Bibliographie incorrecte,74,FAIBLE,0,Correction #2 sur version 3
COR-03496,SUB-0691,MEM-0168,Graphique illisible,69,FAIBLE,0,Correction #3 sur version 3
COR-03497,SUB-0691,MEM-0168,Bibliographie incorrecte,90,MOYEN,0,Correction #4 sur version 3
COR-03498,SUB-0691,MEM-0168,Citation manquante,79,ELEVE,0,Correction #5 sur version 3
COR-03499,SUB-0692,MEM-0048,Faute d'orthographe,56,BLOQUANT,1,Correction #1 sur version 2
COR-03500,SUB-0692,MEM-0048,Graphique illisible,51,FAIBLE,1,Correction #2 sur version 2
COR-03501,SUB-0692,MEM-0048,Argument insuffisant,97,MOYEN,0,Correction #3 sur version 2
COR-03502,SUB-0694,MEM-0193,Bibliographie incorrecte,57,BLOQUANT,0,Correction #1 sur version 1
COR-03503,SUB-0695,MEM-0125,Plagiat dtect,9,ELEVE,1,Correction #1 sur version 4
COR-03504,SUB-0696,MEM-0026,Faute d'orthographe,9,MOYEN,0,Correction #1 sur version 1
COR-03505,SUB-0696,MEM-0026,Graphique illisible,10,FAIBLE,0,Correction #2 sur version 1
COR-03506,SUB-0696,MEM-0026,Problme de structure,76,FAIBLE,0,Correction #3 sur version 1
COR-03507,SUB-0696,MEM-0026,Citation manquante,46,ELEVE,0,Correction #4 sur version 1
COR-03508,SUB-0697,MEM-0170,Plagiat dtect,82,ELEVE,0,Correction #1 sur version 2
COR-03509,SUB-0697,MEM-0170,Citation manquante,53,FAIBLE,0,Correction #2 sur version 2
COR-03510,SUB-0697,MEM-0170,Citation manquante,28,FAIBLE,0,Correction #3 sur version 2
COR-03511,SUB-0697,MEM-0170,Rsultats non interprts,53,MOYEN,0,Correction #4 sur version 2
COR-03512,SUB-0697,MEM-0170,Mthodologie floue,24,FAIBLE,0,Correction #5 sur version 2
COR-03513,SUB-0697,MEM-0170,Faute d'orthographe,33,FAIBLE,0,Correction #6 sur version 2
COR-03514,SUB-0697,MEM-0170,Bibliographie incorrecte,66,MOYEN,0,Correction #7 sur version 2
COR-03515,SUB-0699,MEM-0115,Introduction incomplte,43,FAIBLE,1,Correction #1 sur version 1
COR-03516,SUB-0699,MEM-0115,Faute d'orthographe,22,ELEVE,1,Correction #2 sur version 1
COR-03517,SUB-0699,MEM-0115,Graphique illisible,39,MOYEN,1,Correction #3 sur version 1
COR-03518,SUB-0699,MEM-0115,Argument insuffisant,34,MOYEN,0,Correction #4 sur version 1
COR-03519,SUB-0699,MEM-0115,Plagiat dtect,13,FAIBLE,0,Correction #5 sur version 1
COR-03520,SUB-0699,MEM-0115,Mthodologie floue,84,MOYEN,0,Correction #6 sur version 1
COR-03521,SUB-0699,MEM-0115,Citation manquante,38,FAIBLE,0,Correction #7 sur version 1
COR-03522,SUB-0700,MEM-0042,Graphique illisible,4,BLOQUANT,1,Correction #1 sur version 3
COR-03523,SUB-0701,MEM-0178,Plagiat dtect,54,BLOQUANT,1,Correction #1 sur version 3
COR-03524,SUB-0701,MEM-0178,Problme de structure,61,MOYEN,0,Correction #2 sur version 3
COR-03525,SUB-0701,MEM-0178,Conclusion absente,9,ELEVE,0,Correction #3 sur version 3
COR-03526,SUB-0701,MEM-0178,Argument insuffisant,34,ELEVE,0,Correction #4 sur version 3
COR-03527,SUB-0701,MEM-0178,Bibliographie incorrecte,74,ELEVE,0,Correction #5 sur version 3
COR-03528,SUB-0701,MEM-0178,Code non comment,6,ELEVE,0,Correction #6 sur version 3
COR-03529,SUB-0701,MEM-0178,Bibliographie incorrecte,1,ELEVE,0,Correction #7 sur version 3
COR-03530,SUB-0701,MEM-0178,Conclusion absente,71,MOYEN,0,Correction #8 sur version 3
COR-03531,SUB-0701,MEM-0178,Problme de structure,35,FAIBLE,0,Correction #9 sur version 3
COR-03532,SUB-0701,MEM-0178,Conclusion absente,35,FAIBLE,0,Correction #10 sur version 3
COR-03533,SUB-0701,MEM-0178,Bibliographie incorrecte,14,MOYEN,0,Correction #11 sur version 3
COR-03534,SUB-0701,MEM-0178,Mthodologie floue,24,FAIBLE,0,Correction #12 sur version 3
COR-03535,SUB-0701,MEM-0178,Code non comment,49,MOYEN,0,Correction #13 sur version 3
COR-03536,SUB-0703,MEM-0001,Bibliographie incorrecte,55,MOYEN,1,Correction #1 sur version 3
COR-03537,SUB-0703,MEM-0001,Code non comment,69,ELEVE,1,Correction #2 sur version 3
COR-03538,SUB-0703,MEM-0001,Citation manquante,90,ELEVE,1,Correction #3 sur version 3
COR-03539,SUB-0703,MEM-0001,Introduction incomplte,90,ELEVE,0,Correction #4 sur version 3
COR-03540,SUB-0703,MEM-0001,Bibliographie incorrecte,57,ELEVE,0,Correction #5 sur version 3
COR-03541,SUB-0703,MEM-0001,Bibliographie incorrecte,49,MOYEN,0,Correction #6 sur version 3
COR-03542,SUB-0704,MEM-0118,Plagiat dtect,40,BLOQUANT,1,Correction #1 sur version 3
COR-03543,SUB-0705,MEM-0080,Rsultats non interprts,115,BLOQUANT,1,Correction #1 sur version 5
COR-03544,SUB-0705,MEM-0080,Mthodologie floue,44,FAIBLE,1,Correction #2 sur version 5
COR-03545,SUB-0705,MEM-0080,Graphique illisible,41,ELEVE,1,Correction #3 sur version 5
COR-03546,SUB-0705,MEM-0080,Faute d'orthographe,15,ELEVE,0,Correction #4 sur version 5
COR-03547,SUB-0705,MEM-0080,Plagiat dtect,18,FAIBLE,0,Correction #5 sur version 5
COR-03548,SUB-0705,MEM-0080,Plagiat dtect,87,ELEVE,0,Correction #6 sur version 5
COR-03549,SUB-0707,MEM-0006,Argument insuffisant,4,BLOQUANT,1,Correction #1 sur version 5
COR-03550,SUB-0707,MEM-0006,Conclusion absente,24,ELEVE,1,Correction #2 sur version 5
COR-03551,SUB-0707,MEM-0006,Rsultats non interprts,25,FAIBLE,0,Correction #3 sur version 5
COR-03552,SUB-0708,MEM-0180,Rsultats non interprts,3,BLOQUANT,1,Correction #1 sur version 5
COR-03553,SUB-0708,MEM-0180,Problme de structure,5,MOYEN,1,Correction #2 sur version 5
COR-03554,SUB-0708,MEM-0180,Problme de structure,28,MOYEN,1,Correction #3 sur version 5
COR-03555,SUB-0708,MEM-0180,Rsultats non interprts,4,ELEVE,1,Correction #4 sur version 5
COR-03556,SUB-0708,MEM-0180,Plagiat dtect,35,FAIBLE,1,Correction #5 sur version 5
COR-03557,SUB-0708,MEM-0180,Introduction incomplte,14,ELEVE,1,Correction #6 sur version 5
COR-03558,SUB-0709,MEM-0038,Mthodologie floue,32,MOYEN,0,Correction #1 sur version 2
COR-03559,SUB-0709,MEM-0038,Rsultats non interprts,83,MOYEN,0,Correction #2 sur version 2
COR-03560,SUB-0709,MEM-0038,Problme de structure,66,FAIBLE,0,Correction #3 sur version 2
COR-03561,SUB-0709,MEM-0038,Graphique illisible,42,ELEVE,0,Correction #4 sur version 2
COR-03562,SUB-0709,MEM-0038,Plagiat dtect,8,MOYEN,0,Correction #5 sur version 2
COR-03563,SUB-0709,MEM-0038,Conclusion absente,1,MOYEN,0,Correction #6 sur version 2
COR-03564,SUB-0709,MEM-0038,Faute d'orthographe,77,FAIBLE,0,Correction #7 sur version 2
COR-03565,SUB-0709,MEM-0038,Code non comment,74,ELEVE,0,Correction #8 sur version 2
COR-03566,SUB-0709,MEM-0038,Argument insuffisant,39,MOYEN,0,Correction #9 sur version 2
COR-03567,SUB-0709,MEM-0038,Plagiat dtect,33,ELEVE,0,Correction #10 sur version 2
COR-03568,SUB-0709,MEM-0038,Faute d'orthographe,38,FAIBLE,0,Correction #11 sur version 2
COR-03569,SUB-0709,MEM-0038,Introduction incomplte,36,MOYEN,0,Correction #12 sur version 2
COR-03570,SUB-0709,MEM-0038,Bibliographie incorrecte,79,ELEVE,0,Correction #13 sur version 2
COR-03571,SUB-0709,MEM-0038,Introduction incomplte,64,MOYEN,0,Correction #14 sur version 2
COR-03572,SUB-0709,MEM-0038,Faute d'orthographe,42,MOYEN,0,Correction #15 sur version 2
COR-03573,SUB-0709,MEM-0038,Graphique illisible,21,MOYEN,0,Correction #16 sur version 2
COR-03574,SUB-0709,MEM-0038,Graphique illisible,41,FAIBLE,0,Correction #17 sur version 2
COR-03575,SUB-0710,MEM-0122,Introduction incomplte,47,BLOQUANT,1,Correction #1 sur version 2
COR-03576,SUB-0710,MEM-0122,Conclusion absente,44,MOYEN,1,Correction #2 sur version 2
COR-03577,SUB-0710,MEM-0122,Faute d'orthographe,74,ELEVE,1,Correction #3 sur version 2
COR-03578,SUB-0710,MEM-0122,Graphique illisible,99,MOYEN,1,Correction #4 sur version 2
COR-03579,SUB-0710,MEM-0122,Citation manquante,25,MOYEN,1,Correction #5 sur version 2
COR-03580,SUB-0710,MEM-0122,Plagiat dtect,4,ELEVE,1,Correction #6 sur version 2
COR-03581,SUB-0710,MEM-0122,Argument insuffisant,32,MOYEN,1,Correction #7 sur version 2
COR-03582,SUB-0710,MEM-0122,Graphique illisible,103,MOYEN,1,Correction #8 sur version 2
COR-03583,SUB-0710,MEM-0122,Introduction incomplte,101,MOYEN,1,Correction #9 sur version 2
COR-03584,SUB-0710,MEM-0122,Code non comment,24,FAIBLE,1,Correction #10 sur version 2
COR-03585,SUB-0710,MEM-0122,Mthodologie floue,90,MOYEN,0,Correction #11 sur version 2
COR-03586,SUB-0710,MEM-0122,Faute d'orthographe,14,MOYEN,0,Correction #12 sur version 2
COR-03587,SUB-0710,MEM-0122,Code non comment,43,MOYEN,0,Correction #13 sur version 2
COR-03588,SUB-0712,MEM-0095,Plagiat dtect,45,BLOQUANT,1,Correction #1 sur version 1
COR-03589,SUB-0712,MEM-0095,Faute d'orthographe,2,FAIBLE,1,Correction #2 sur version 1
COR-03590,SUB-0712,MEM-0095,Code non comment,55,ELEVE,1,Correction #3 sur version 1
COR-03591,SUB-0712,MEM-0095,Argument insuffisant,16,FAIBLE,1,Correction #4 sur version 1
COR-03592,SUB-0712,MEM-0095,Argument insuffisant,38,FAIBLE,1,Correction #5 sur version 1
COR-03593,SUB-0712,MEM-0095,Conclusion absente,55,FAIBLE,1,Correction #6 sur version 1
COR-03594,SUB-0712,MEM-0095,Rsultats non interprts,61,MOYEN,1,Correction #7 sur version 1
COR-03595,SUB-0712,MEM-0095,Introduction incomplte,18,MOYEN,0,Correction #8 sur version 1
COR-03596,SUB-0712,MEM-0095,Plagiat dtect,9,MOYEN,0,Correction #9 sur version 1
COR-03597,SUB-0712,MEM-0095,Faute d'orthographe,14,MOYEN,0,Correction #10 sur version 1
COR-03598,SUB-0712,MEM-0095,Argument insuffisant,36,FAIBLE,0,Correction #11 sur version 1
COR-03599,SUB-0712,MEM-0095,Problme de structure,12,ELEVE,0,Correction #12 sur version 1
COR-03600,SUB-0712,MEM-0095,Bibliographie incorrecte,33,MOYEN,0,Correction #13 sur version 1
COR-03601,SUB-0712,MEM-0095,Bibliographie incorrecte,50,ELEVE,0,Correction #14 sur version 1
COR-03602,SUB-0712,MEM-0095,Faute d'orthographe,2,FAIBLE,0,Correction #15 sur version 1
COR-03603,SUB-0713,MEM-0152,Conclusion absente,76,FAIBLE,1,Correction #1 sur version 2
COR-03604,SUB-0713,MEM-0152,Introduction incomplte,62,ELEVE,1,Correction #2 sur version 2
COR-03605,SUB-0713,MEM-0152,Conclusion absente,72,ELEVE,1,Correction #3 sur version 2
COR-03606,SUB-0713,MEM-0152,Citation manquante,11,FAIBLE,1,Correction #4 sur version 2
COR-03607,SUB-0713,MEM-0152,Plagiat dtect,77,FAIBLE,0,Correction #5 sur version 2
COR-03608,SUB-0713,MEM-0152,Conclusion absente,2,MOYEN,0,Correction #6 sur version 2
COR-03609,SUB-0713,MEM-0152,Conclusion absente,18,MOYEN,0,Correction #7 sur version 2
COR-03610,SUB-0713,MEM-0152,Introduction incomplte,34,ELEVE,0,Correction #8 sur version 2
COR-03611,SUB-0713,MEM-0152,Code non comment,55,FAIBLE,0,Correction #9 sur version 2
COR-03612,SUB-0713,MEM-0152,Argument insuffisant,94,FAIBLE,0,Correction #10 sur version 2
COR-03613,SUB-0714,MEM-0138,Argument insuffisant,7,FAIBLE,1,Correction #1 sur version 5
COR-03614,SUB-0714,MEM-0138,Bibliographie incorrecte,33,FAIBLE,1,Correction #2 sur version 5
COR-03615,SUB-0714,MEM-0138,Rsultats non interprts,98,FAIBLE,1,Correction #3 sur version 5
COR-03616,SUB-0714,MEM-0138,Mthodologie floue,30,MOYEN,1,Correction #4 sur version 5
COR-03617,SUB-0714,MEM-0138,Mthodologie floue,90,MOYEN,0,Correction #5 sur version 5
COR-03618,SUB-0714,MEM-0138,Rsultats non interprts,50,ELEVE,0,Correction #6 sur version 5
COR-03619,SUB-0715,MEM-0032,Faute d'orthographe,30,ELEVE,0,Correction #1 sur version 1
COR-03620,SUB-0715,MEM-0032,Mthodologie floue,41,ELEVE,0,Correction #2 sur version 1
COR-03621,SUB-0715,MEM-0032,Mthodologie floue,17,FAIBLE,0,Correction #3 sur version 1
COR-03622,SUB-0715,MEM-0032,Argument insuffisant,20,ELEVE,0,Correction #4 sur version 1
COR-03623,SUB-0715,MEM-0032,Problme de structure,43,FAIBLE,0,Correction #5 sur version 1
COR-03624,SUB-0718,MEM-0072,Bibliographie incorrecte,45,BLOQUANT,1,Correction #1 sur version 2
COR-03625,SUB-0718,MEM-0072,Bibliographie incorrecte,21,FAIBLE,1,Correction #2 sur version 2
COR-03626,SUB-0718,MEM-0072,Mthodologie floue,49,MOYEN,1,Correction #3 sur version 2
COR-03627,SUB-0718,MEM-0072,Faute d'orthographe,3,MOYEN,1,Correction #4 sur version 2
COR-03628,SUB-0718,MEM-0072,Introduction incomplte,17,ELEVE,0,Correction #5 sur version 2
COR-03629,SUB-0718,MEM-0072,Code non comment,24,MOYEN,0,Correction #6 sur version 2
COR-03630,SUB-0718,MEM-0072,Code non comment,30,MOYEN,0,Correction #7 sur version 2
COR-03631,SUB-0718,MEM-0072,Rsultats non interprts,10,MOYEN,0,Correction #8 sur version 2
COR-03632,SUB-0718,MEM-0072,Problme de structure,8,FAIBLE,0,Correction #9 sur version 2
COR-03633,SUB-0718,MEM-0072,Citation manquante,10,FAIBLE,0,Correction #10 sur version 2
COR-03634,SUB-0718,MEM-0072,Conclusion absente,19,ELEVE,0,Correction #11 sur version 2
COR-03635,SUB-0718,MEM-0072,Plagiat dtect,49,ELEVE,0,Correction #12 sur version 2
COR-03636,SUB-0718,MEM-0072,Rsultats non interprts,32,ELEVE,0,Correction #13 sur version 2
COR-03637,SUB-0718,MEM-0072,Plagiat dtect,47,ELEVE,0,Correction #14 sur version 2
COR-03638,SUB-0721,MEM-0093,Problme de structure,58,BLOQUANT,1,Correction #1 sur version 3
COR-03639,SUB-0723,MEM-0047,Conclusion absente,100,BLOQUANT,1,Correction #1 sur version 3
COR-03640,SUB-0723,MEM-0047,Citation manquante,32,MOYEN,1,Correction #2 sur version 3
COR-03641,SUB-0723,MEM-0047,Graphique illisible,83,ELEVE,1,Correction #3 sur version 3
COR-03642,SUB-0723,MEM-0047,Code non comment,96,ELEVE,1,Correction #4 sur version 3
COR-03643,SUB-0723,MEM-0047,Conclusion absente,22,FAIBLE,1,Correction #5 sur version 3
COR-03644,SUB-0723,MEM-0047,Citation manquante,72,FAIBLE,1,Correction #6 sur version 3
COR-03645,SUB-0723,MEM-0047,Introduction incomplte,88,ELEVE,1,Correction #7 sur version 3
COR-03646,SUB-0723,MEM-0047,Problme de structure,61,FAIBLE,1,Correction #8 sur version 3
COR-03647,SUB-0723,MEM-0047,Rsultats non interprts,2,MOYEN,0,Correction #9 sur version 3
COR-03648,SUB-0723,MEM-0047,Bibliographie incorrecte,8,ELEVE,0,Correction #10 sur version 3
COR-03649,SUB-0723,MEM-0047,Plagiat dtect,101,FAIBLE,0,Correction #11 sur version 3
COR-03650,SUB-0724,MEM-0169,Introduction incomplte,32,BLOQUANT,0,Correction #1 sur version 2
COR-03651,SUB-0724,MEM-0169,Graphique illisible,43,FAIBLE,0,Correction #2 sur version 2
COR-03652,SUB-0724,MEM-0169,Code non comment,25,ELEVE,0,Correction #3 sur version 2
COR-03653,SUB-0724,MEM-0169,Introduction incomplte,78,FAIBLE,0,Correction #4 sur version 2
COR-03654,SUB-0724,MEM-0169,Mthodologie floue,70,FAIBLE,0,Correction #5 sur version 2
COR-03655,SUB-0725,MEM-0129,Bibliographie incorrecte,19,BLOQUANT,1,Correction #1 sur version 3
COR-03656,SUB-0726,MEM-0024,Graphique illisible,20,BLOQUANT,1,Correction #1 sur version 2
COR-03657,SUB-0726,MEM-0024,Mthodologie floue,28,FAIBLE,1,Correction #2 sur version 2
COR-03658,SUB-0726,MEM-0024,Graphique illisible,1,FAIBLE,1,Correction #3 sur version 2
COR-03659,SUB-0726,MEM-0024,Rsultats non interprts,26,FAIBLE,1,Correction #4 sur version 2
COR-03660,SUB-0726,MEM-0024,Rsultats non interprts,4,ELEVE,0,Correction #5 sur version 2
COR-03661,SUB-0726,MEM-0024,Problme de structure,23,ELEVE,0,Correction #6 sur version 2
COR-03662,SUB-0727,MEM-0123,Introduction incomplte,57,BLOQUANT,1,Correction #1 sur version 4
COR-03663,SUB-0727,MEM-0123,Bibliographie incorrecte,37,MOYEN,0,Correction #2 sur version 4
COR-03664,SUB-0727,MEM-0123,Problme de structure,108,ELEVE,0,Correction #3 sur version 4
COR-03665,SUB-0727,MEM-0123,Mthodologie floue,23,MOYEN,0,Correction #4 sur version 4
COR-03666,SUB-0727,MEM-0123,Graphique illisible,33,MOYEN,0,Correction #5 sur version 4
COR-03667,SUB-0727,MEM-0123,Mthodologie floue,34,ELEVE,0,Correction #6 sur version 4
COR-03668,SUB-0727,MEM-0123,Introduction incomplte,7,MOYEN,0,Correction #7 sur version 4
COR-03669,SUB-0727,MEM-0123,Citation manquante,105,ELEVE,0,Correction #8 sur version 4
COR-03670,SUB-0729,MEM-0045,Bibliographie incorrecte,47,BLOQUANT,0,Correction #1 sur version 1
COR-03671,SUB-0729,MEM-0045,Problme de structure,61,ELEVE,0,Correction #2 sur version 1
COR-03672,SUB-0729,MEM-0045,Plagiat dtect,28,ELEVE,0,Correction #3 sur version 1
COR-03673,SUB-0729,MEM-0045,Rsultats non interprts,71,MOYEN,0,Correction #4 sur version 1
COR-03674,SUB-0729,MEM-0045,Faute d'orthographe,83,FAIBLE,0,Correction #5 sur version 1
COR-03675,SUB-0729,MEM-0045,Code non comment,93,ELEVE,0,Correction #6 sur version 1
COR-03676,SUB-0729,MEM-0045,Mthodologie floue,31,ELEVE,0,Correction #7 sur version 1
COR-03677,SUB-0729,MEM-0045,Plagiat dtect,16,ELEVE,0,Correction #8 sur version 1
COR-03678,SUB-0729,MEM-0045,Bibliographie incorrecte,59,FAIBLE,0,Correction #9 sur version 1
COR-03679,SUB-0729,MEM-0045,Bibliographie incorrecte,85,ELEVE,0,Correction #10 sur version 1
COR-03680,SUB-0729,MEM-0045,Bibliographie incorrecte,50,MOYEN,0,Correction #11 sur version 1
COR-03681,SUB-0730,MEM-0029,Plagiat dtect,37,BLOQUANT,1,Correction #1 sur version 3
COR-03682,SUB-0730,MEM-0029,Introduction incomplte,38,ELEVE,0,Correction #2 sur version 3
COR-03683,SUB-0730,MEM-0029,Bibliographie incorrecte,50,ELEVE,0,Correction #3 sur version 3
COR-03684,SUB-0730,MEM-0029,Rsultats non interprts,39,FAIBLE,0,Correction #4 sur version 3
COR-03685,SUB-0730,MEM-0029,Graphique illisible,21,FAIBLE,0,Correction #5 sur version 3
COR-03686,SUB-0730,MEM-0029,Plagiat dtect,45,MOYEN,0,Correction #6 sur version 3
COR-03687,SUB-0730,MEM-0029,Conclusion absente,7,FAIBLE,0,Correction #7 sur version 3
COR-03688,SUB-0730,MEM-0029,Conclusion absente,44,MOYEN,0,Correction #8 sur version 3
COR-03689,SUB-0730,MEM-0029,Graphique illisible,25,FAIBLE,0,Correction #9 sur version 3
COR-03690,SUB-0730,MEM-0029,Faute d'orthographe,52,FAIBLE,0,Correction #10 sur version 3
COR-03691,SUB-0730,MEM-0029,Rsultats non interprts,39,FAIBLE,0,Correction #11 sur version 3
COR-03692,SUB-0731,MEM-0056,Bibliographie incorrecte,96,BLOQUANT,0,Correction #1 sur version 3
COR-03693,SUB-0731,MEM-0056,Rsultats non interprts,33,MOYEN,0,Correction #2 sur version 3
COR-03694,SUB-0731,MEM-0056,Graphique illisible,17,FAIBLE,0,Correction #3 sur version 3
COR-03695,SUB-0731,MEM-0056,Bibliographie incorrecte,84,FAIBLE,0,Correction #4 sur version 3
COR-03696,SUB-0731,MEM-0056,Plagiat dtect,58,FAIBLE,0,Correction #5 sur version 3
COR-03697,SUB-0731,MEM-0056,Bibliographie incorrecte,31,FAIBLE,0,Correction #6 sur version 3
COR-03698,SUB-0731,MEM-0056,Plagiat dtect,102,FAIBLE,0,Correction #7 sur version 3
COR-03699,SUB-0731,MEM-0056,Argument insuffisant,15,FAIBLE,0,Correction #8 sur version 3
COR-03700,SUB-0731,MEM-0056,Code non comment,71,ELEVE,0,Correction #9 sur version 3
COR-03701,SUB-0731,MEM-0056,Faute d'orthographe,51,MOYEN,0,Correction #10 sur version 3
COR-03702,SUB-0733,MEM-0136,Plagiat dtect,27,FAIBLE,0,Correction #1 sur version 5
COR-03703,SUB-0733,MEM-0136,Bibliographie incorrecte,66,FAIBLE,0,Correction #2 sur version 5
COR-03704,SUB-0733,MEM-0136,Rsultats non interprts,74,FAIBLE,0,Correction #3 sur version 5
COR-03705,SUB-0734,MEM-0069,Bibliographie incorrecte,30,BLOQUANT,1,Correction #1 sur version 1
COR-03706,SUB-0734,MEM-0069,Argument insuffisant,5,FAIBLE,1,Correction #2 sur version 1
COR-03707,SUB-0734,MEM-0069,Faute d'orthographe,27,FAIBLE,0,Correction #3 sur version 1
COR-03708,SUB-0734,MEM-0069,Faute d'orthographe,6,FAIBLE,0,Correction #4 sur version 1
COR-03709,SUB-0734,MEM-0069,Argument insuffisant,29,FAIBLE,0,Correction #5 sur version 1
COR-03710,SUB-0734,MEM-0069,Faute d'orthographe,3,FAIBLE,0,Correction #6 sur version 1
COR-03711,SUB-0734,MEM-0069,Bibliographie incorrecte,13,ELEVE,0,Correction #7 sur version 1
COR-03712,SUB-0734,MEM-0069,Introduction incomplte,13,MOYEN,0,Correction #8 sur version 1
COR-03713,SUB-0734,MEM-0069,Faute d'orthographe,30,FAIBLE,0,Correction #9 sur version 1
COR-03714,SUB-0734,MEM-0069,Bibliographie incorrecte,27,FAIBLE,0,Correction #10 sur version 1
COR-03715,SUB-0734,MEM-0069,Plagiat dtect,22,ELEVE,0,Correction #11 sur version 1
COR-03716,SUB-0734,MEM-0069,Code non comment,16,ELEVE,0,Correction #12 sur version 1
COR-03717,SUB-0734,MEM-0069,Introduction incomplte,4,ELEVE,0,Correction #13 sur version 1
COR-03718,SUB-0734,MEM-0069,Bibliographie incorrecte,3,FAIBLE,0,Correction #14 sur version 1
COR-03719,SUB-0735,MEM-0029,Citation manquante,48,MOYEN,1,Correction #1 sur version 2
COR-03720,SUB-0735,MEM-0029,Problme de structure,37,MOYEN,1,Correction #2 sur version 2
COR-03721,SUB-0735,MEM-0029,Rsultats non interprts,31,FAIBLE,1,Correction #3 sur version 2
COR-03722,SUB-0735,MEM-0029,Graphique illisible,41,ELEVE,1,Correction #4 sur version 2
COR-03723,SUB-0735,MEM-0029,Citation manquante,83,ELEVE,1,Correction #5 sur version 2
COR-03724,SUB-0735,MEM-0029,Plagiat dtect,66,FAIBLE,0,Correction #6 sur version 2
COR-03725,SUB-0735,MEM-0029,Conclusion absente,36,FAIBLE,0,Correction #7 sur version 2
COR-03726,SUB-0735,MEM-0029,Bibliographie incorrecte,83,MOYEN,0,Correction #8 sur version 2
COR-03727,SUB-0735,MEM-0029,Citation manquante,41,FAIBLE,0,Correction #9 sur version 2
COR-03728,SUB-0735,MEM-0029,Introduction incomplte,111,MOYEN,0,Correction #10 sur version 2
COR-03729,SUB-0737,MEM-0061,Plagiat dtect,41,BLOQUANT,0,Correction #1 sur version 1
COR-03730,SUB-0737,MEM-0061,Problme de structure,5,ELEVE,0,Correction #2 sur version 1
COR-03731,SUB-0737,MEM-0061,Citation manquante,3,FAIBLE,0,Correction #3 sur version 1
COR-03732,SUB-0737,MEM-0061,Introduction incomplte,24,MOYEN,0,Correction #4 sur version 1
COR-03733,SUB-0737,MEM-0061,Mthodologie floue,36,FAIBLE,0,Correction #5 sur version 1
COR-03734,SUB-0737,MEM-0061,Rsultats non interprts,76,MOYEN,0,Correction #6 sur version 1
COR-03735,SUB-0737,MEM-0061,Conclusion absente,10,MOYEN,0,Correction #7 sur version 1
COR-03736,SUB-0737,MEM-0061,Faute d'orthographe,89,MOYEN,0,Correction #8 sur version 1
COR-03737,SUB-0737,MEM-0061,Introduction incomplte,56,FAIBLE,0,Correction #9 sur version 1
COR-03738,SUB-0737,MEM-0061,Introduction incomplte,55,ELEVE,0,Correction #10 sur version 1
COR-03739,SUB-0737,MEM-0061,Problme de structure,10,MOYEN,0,Correction #11 sur version 1
COR-03740,SUB-0737,MEM-0061,Code non comment,51,FAIBLE,0,Correction #12 sur version 1
COR-03741,SUB-0737,MEM-0061,Graphique illisible,12,MOYEN,0,Correction #13 sur version 1
COR-03742,SUB-0737,MEM-0061,Problme de structure,91,ELEVE,0,Correction #14 sur version 1
COR-03743,SUB-0737,MEM-0061,Graphique illisible,1,FAIBLE,0,Correction #15 sur version 1
COR-03744,SUB-0737,MEM-0061,Bibliographie incorrecte,42,MOYEN,0,Correction #16 sur version 1
COR-03745,SUB-0737,MEM-0061,Introduction incomplte,79,FAIBLE,0,Correction #17 sur version 1
COR-03746,SUB-0737,MEM-0061,Graphique illisible,80,ELEVE,0,Correction #18 sur version 1
COR-03747,SUB-0737,MEM-0061,Faute d'orthographe,67,MOYEN,0,Correction #19 sur version 1
COR-03748,SUB-0738,MEM-0022,Faute d'orthographe,24,ELEVE,1,Correction #1 sur version 4
COR-03749,SUB-0738,MEM-0022,Citation manquante,28,ELEVE,1,Correction #2 sur version 4
COR-03750,SUB-0738,MEM-0022,Bibliographie incorrecte,13,MOYEN,0,Correction #3 sur version 4
COR-03751,SUB-0738,MEM-0022,Bibliographie incorrecte,10,MOYEN,0,Correction #4 sur version 4
COR-03752,SUB-0738,MEM-0022,Bibliographie incorrecte,47,MOYEN,0,Correction #5 sur version 4
COR-03753,SUB-0738,MEM-0022,Plagiat dtect,40,ELEVE,0,Correction #6 sur version 4
COR-03754,SUB-0738,MEM-0022,Argument insuffisant,25,MOYEN,0,Correction #7 sur version 4
COR-03755,SUB-0739,MEM-0181,Conclusion absente,1,ELEVE,1,Correction #1 sur version 1
COR-03756,SUB-0739,MEM-0181,Citation manquante,35,ELEVE,0,Correction #2 sur version 1
COR-03757,SUB-0739,MEM-0181,Bibliographie incorrecte,36,MOYEN,0,Correction #3 sur version 1
COR-03758,SUB-0739,MEM-0181,Code non comment,37,ELEVE,0,Correction #4 sur version 1
COR-03759,SUB-0739,MEM-0181,Conclusion absente,34,FAIBLE,0,Correction #5 sur version 1
COR-03760,SUB-0741,MEM-0087,Code non comment,63,ELEVE,0,Correction #1 sur version 4
COR-03761,SUB-0741,MEM-0087,Problme de structure,47,ELEVE,0,Correction #2 sur version 4
COR-03762,SUB-0741,MEM-0087,Mthodologie floue,55,FAIBLE,0,Correction #3 sur version 4
COR-03763,SUB-0741,MEM-0087,Mthodologie floue,59,FAIBLE,0,Correction #4 sur version 4
COR-03764,SUB-0741,MEM-0087,Plagiat dtect,59,FAIBLE,0,Correction #5 sur version 4
COR-03765,SUB-0741,MEM-0087,Faute d'orthographe,31,MOYEN,0,Correction #6 sur version 4
COR-03766,SUB-0741,MEM-0087,Faute d'orthographe,12,FAIBLE,0,Correction #7 sur version 4
COR-03767,SUB-0741,MEM-0087,Introduction incomplte,46,FAIBLE,0,Correction #8 sur version 4
COR-03768,SUB-0741,MEM-0087,Code non comment,24,MOYEN,0,Correction #9 sur version 4
COR-03769,SUB-0741,MEM-0087,Faute d'orthographe,39,MOYEN,0,Correction #10 sur version 4
COR-03770,SUB-0741,MEM-0087,Bibliographie incorrecte,1,FAIBLE,0,Correction #11 sur version 4
COR-03771,SUB-0742,MEM-0013,Plagiat dtect,48,BLOQUANT,1,Correction #1 sur version 2
COR-03772,SUB-0742,MEM-0013,Problme de structure,101,FAIBLE,1,Correction #2 sur version 2
COR-03773,SUB-0742,MEM-0013,Mthodologie floue,43,MOYEN,1,Correction #3 sur version 2
COR-03774,SUB-0742,MEM-0013,Mthodologie floue,16,ELEVE,0,Correction #4 sur version 2
COR-03775,SUB-0742,MEM-0013,Conclusion absente,59,MOYEN,0,Correction #5 sur version 2
COR-03776,SUB-0742,MEM-0013,Rsultats non interprts,12,MOYEN,0,Correction #6 sur version 2
COR-03777,SUB-0742,MEM-0013,Rsultats non interprts,18,ELEVE,0,Correction #7 sur version 2
COR-03778,SUB-0744,MEM-0099,Graphique illisible,50,MOYEN,1,Correction #1 sur version 1
COR-03779,SUB-0744,MEM-0099,Argument insuffisant,101,ELEVE,1,Correction #2 sur version 1
COR-03780,SUB-0744,MEM-0099,Problme de structure,70,FAIBLE,1,Correction #3 sur version 1
COR-03781,SUB-0744,MEM-0099,Code non comment,71,ELEVE,0,Correction #4 sur version 1
COR-03782,SUB-0744,MEM-0099,Graphique illisible,12,FAIBLE,0,Correction #5 sur version 1
COR-03783,SUB-0744,MEM-0099,Rsultats non interprts,76,ELEVE,0,Correction #6 sur version 1
COR-03784,SUB-0744,MEM-0099,Argument insuffisant,56,MOYEN,0,Correction #7 sur version 1
COR-03785,SUB-0744,MEM-0099,Argument insuffisant,21,MOYEN,0,Correction #8 sur version 1
COR-03786,SUB-0744,MEM-0099,Plagiat dtect,62,FAIBLE,0,Correction #9 sur version 1
COR-03787,SUB-0744,MEM-0099,Bibliographie incorrecte,76,MOYEN,0,Correction #10 sur version 1
COR-03788,SUB-0744,MEM-0099,Conclusion absente,7,FAIBLE,0,Correction #11 sur version 1
COR-03789,SUB-0744,MEM-0099,Graphique illisible,93,ELEVE,0,Correction #12 sur version 1
COR-03790,SUB-0744,MEM-0099,Mthodologie floue,35,ELEVE,0,Correction #13 sur version 1
COR-03791,SUB-0744,MEM-0099,Problme de structure,106,FAIBLE,0,Correction #14 sur version 1
COR-03792,SUB-0744,MEM-0099,Mthodologie floue,88,ELEVE,0,Correction #15 sur version 1
COR-03793,SUB-0744,MEM-0099,Mthodologie floue,63,MOYEN,0,Correction #16 sur version 1
COR-03794,SUB-0744,MEM-0099,Mthodologie floue,56,FAIBLE,0,Correction #17 sur version 1
COR-03795,SUB-0744,MEM-0099,Argument insuffisant,1,ELEVE,0,Correction #18 sur version 1
COR-03796,SUB-0744,MEM-0099,Argument insuffisant,17,ELEVE,0,Correction #19 sur version 1
COR-03797,SUB-0746,MEM-0094,Mthodologie floue,64,BLOQUANT,0,Correction #1 sur version 4
COR-03798,SUB-0746,MEM-0094,Rsultats non interprts,74,FAIBLE,0,Correction #2 sur version 4
COR-03799,SUB-0746,MEM-0094,Rsultats non interprts,7,FAIBLE,0,Correction #3 sur version 4
COR-03800,SUB-0746,MEM-0094,Code non comment,52,FAIBLE,0,Correction #4 sur version 4
COR-03801,SUB-0748,MEM-0043,Rsultats non interprts,22,FAIBLE,1,Correction #1 sur version 4
COR-03802,SUB-0748,MEM-0043,Graphique illisible,4,MOYEN,1,Correction #2 sur version 4
COR-03803,SUB-0748,MEM-0043,Argument insuffisant,14,MOYEN,1,Correction #3 sur version 4
COR-03804,SUB-0750,MEM-0164,Graphique illisible,31,FAIBLE,1,Correction #1 sur version 2
COR-03805,SUB-0751,MEM-0181,Bibliographie incorrecte,21,FAIBLE,1,Correction #1 sur version 5
COR-03806,SUB-0751,MEM-0181,Plagiat dtect,42,ELEVE,1,Correction #2 sur version 5
COR-03807,SUB-0751,MEM-0181,Graphique illisible,1,ELEVE,1,Correction #3 sur version 5
COR-03808,SUB-0751,MEM-0181,Problme de structure,63,FAIBLE,1,Correction #4 sur version 5
COR-03809,SUB-0751,MEM-0181,Code non comment,67,ELEVE,0,Correction #5 sur version 5
COR-03810,SUB-0751,MEM-0181,Argument insuffisant,34,FAIBLE,0,Correction #6 sur version 5
COR-03811,SUB-0751,MEM-0181,Conclusion absente,31,ELEVE,0,Correction #7 sur version 5
COR-03812,SUB-0752,MEM-0066,Problme de structure,18,BLOQUANT,1,Correction #1 sur version 1
COR-03813,SUB-0752,MEM-0066,Problme de structure,50,MOYEN,1,Correction #2 sur version 1
COR-03814,SUB-0752,MEM-0066,Mthodologie floue,1,ELEVE,1,Correction #3 sur version 1
COR-03815,SUB-0752,MEM-0066,Problme de structure,8,MOYEN,0,Correction #4 sur version 1
COR-03816,SUB-0752,MEM-0066,Bibliographie incorrecte,83,MOYEN,0,Correction #5 sur version 1
COR-03817,SUB-0752,MEM-0066,Faute d'orthographe,12,ELEVE,0,Correction #6 sur version 1
COR-03818,SUB-0752,MEM-0066,Plagiat dtect,48,FAIBLE,0,Correction #7 sur version 1
COR-03819,SUB-0752,MEM-0066,Plagiat dtect,23,FAIBLE,0,Correction #8 sur version 1
COR-03820,SUB-0752,MEM-0066,Problme de structure,105,MOYEN,0,Correction #9 sur version 1
COR-03821,SUB-0752,MEM-0066,Problme de structure,41,ELEVE,0,Correction #10 sur version 1
COR-03822,SUB-0752,MEM-0066,Introduction incomplte,11,FAIBLE,0,Correction #11 sur version 1
COR-03823,SUB-0752,MEM-0066,Faute d'orthographe,96,ELEVE,0,Correction #12 sur version 1
COR-03824,SUB-0752,MEM-0066,Citation manquante,105,MOYEN,0,Correction #13 sur version 1
COR-03825,SUB-0752,MEM-0066,Faute d'orthographe,106,MOYEN,0,Correction #14 sur version 1
COR-03826,SUB-0752,MEM-0066,Argument insuffisant,26,ELEVE,0,Correction #15 sur version 1
COR-03827,SUB-0752,MEM-0066,Faute d'orthographe,60,FAIBLE,0,Correction #16 sur version 1
COR-03828,SUB-0752,MEM-0066,Introduction incomplte,76,FAIBLE,0,Correction #17 sur version 1
COR-03829,SUB-0752,MEM-0066,Code non comment,2,MOYEN,0,Correction #18 sur version 1
COR-03830,SUB-0753,MEM-0114,Faute d'orthographe,62,BLOQUANT,1,Correction #1 sur version 2
COR-03831,SUB-0753,MEM-0114,Rsultats non interprts,84,MOYEN,1,Correction #2 sur version 2
COR-03832,SUB-0753,MEM-0114,Bibliographie incorrecte,74,FAIBLE,1,Correction #3 sur version 2
COR-03833,SUB-0753,MEM-0114,Bibliographie incorrecte,42,MOYEN,1,Correction #4 sur version 2
COR-03834,SUB-0753,MEM-0114,Graphique illisible,30,ELEVE,1,Correction #5 sur version 2
COR-03835,SUB-0753,MEM-0114,Argument insuffisant,73,ELEVE,1,Correction #6 sur version 2
COR-03836,SUB-0753,MEM-0114,Conclusion absente,53,ELEVE,1,Correction #7 sur version 2
COR-03837,SUB-0753,MEM-0114,Bibliographie incorrecte,74,ELEVE,1,Correction #8 sur version 2
COR-03838,SUB-0753,MEM-0114,Introduction incomplte,45,FAIBLE,1,Correction #9 sur version 2
COR-03839,SUB-0753,MEM-0114,Plagiat dtect,33,FAIBLE,1,Correction #10 sur version 2
COR-03840,SUB-0753,MEM-0114,Conclusion absente,15,MOYEN,1,Correction #11 sur version 2
COR-03841,SUB-0753,MEM-0114,Rsultats non interprts,12,MOYEN,1,Correction #12 sur version 2
COR-03842,SUB-0753,MEM-0114,Rsultats non interprts,66,ELEVE,0,Correction #13 sur version 2
COR-03843,SUB-0753,MEM-0114,Conclusion absente,26,FAIBLE,0,Correction #14 sur version 2
COR-03844,SUB-0753,MEM-0114,Bibliographie incorrecte,11,MOYEN,0,Correction #15 sur version 2
COR-03845,SUB-0753,MEM-0114,Rsultats non interprts,10,FAIBLE,0,Correction #16 sur version 2
COR-03846,SUB-0753,MEM-0114,Graphique illisible,43,FAIBLE,0,Correction #17 sur version 2
COR-03847,SUB-0754,MEM-0127,Faute d'orthographe,10,BLOQUANT,0,Correction #1 sur version 2
COR-03848,SUB-0754,MEM-0127,Bibliographie incorrecte,43,MOYEN,0,Correction #2 sur version 2
COR-03849,SUB-0757,MEM-0034,Introduction incomplte,29,ELEVE,0,Correction #1 sur version 2
COR-03850,SUB-0757,MEM-0034,Argument insuffisant,9,ELEVE,0,Correction #2 sur version 2
COR-03851,SUB-0757,MEM-0034,Graphique illisible,28,MOYEN,0,Correction #3 sur version 2
COR-03852,SUB-0757,MEM-0034,Mthodologie floue,57,ELEVE,0,Correction #4 sur version 2
COR-03853,SUB-0757,MEM-0034,Bibliographie incorrecte,98,MOYEN,0,Correction #5 sur version 2
COR-03854,SUB-0757,MEM-0034,Mthodologie floue,112,FAIBLE,0,Correction #6 sur version 2
COR-03855,SUB-0757,MEM-0034,Introduction incomplte,68,FAIBLE,0,Correction #7 sur version 2
COR-03856,SUB-0757,MEM-0034,Introduction incomplte,111,FAIBLE,0,Correction #8 sur version 2
COR-03857,SUB-0757,MEM-0034,Bibliographie incorrecte,56,MOYEN,0,Correction #9 sur version 2
COR-03858,SUB-0757,MEM-0034,Rsultats non interprts,55,FAIBLE,0,Correction #10 sur version 2
COR-03859,SUB-0757,MEM-0034,Citation manquante,76,MOYEN,0,Correction #11 sur version 2
COR-03860,SUB-0757,MEM-0034,Citation manquante,92,ELEVE,0,Correction #12 sur version 2
COR-03861,SUB-0757,MEM-0034,Graphique illisible,120,MOYEN,0,Correction #13 sur version 2
COR-03862,SUB-0757,MEM-0034,Bibliographie incorrecte,25,ELEVE,0,Correction #14 sur version 2
COR-03863,SUB-0757,MEM-0034,Graphique illisible,23,ELEVE,0,Correction #15 sur version 2
COR-03864,SUB-0757,MEM-0034,Citation manquante,49,MOYEN,0,Correction #16 sur version 2
COR-03865,SUB-0757,MEM-0034,Graphique illisible,52,ELEVE,0,Correction #17 sur version 2
COR-03866,SUB-0758,MEM-0079,Bibliographie incorrecte,4,FAIBLE,1,Correction #1 sur version 3
COR-03867,SUB-0758,MEM-0079,Mthodologie floue,4,MOYEN,1,Correction #2 sur version 3
COR-03868,SUB-0758,MEM-0079,Conclusion absente,18,MOYEN,1,Correction #3 sur version 3
COR-03869,SUB-0758,MEM-0079,Faute d'orthographe,26,ELEVE,1,Correction #4 sur version 3
COR-03870,SUB-0758,MEM-0079,Conclusion absente,22,MOYEN,1,Correction #5 sur version 3
COR-03871,SUB-0758,MEM-0079,Problme de structure,24,MOYEN,1,Correction #6 sur version 3
COR-03872,SUB-0758,MEM-0079,Argument insuffisant,14,MOYEN,1,Correction #7 sur version 3
COR-03873,SUB-0758,MEM-0079,Argument insuffisant,1,ELEVE,1,Correction #8 sur version 3
COR-03874,SUB-0758,MEM-0079,Faute d'orthographe,35,ELEVE,1,Correction #9 sur version 3
COR-03875,SUB-0758,MEM-0079,Mthodologie floue,7,MOYEN,1,Correction #10 sur version 3
COR-03876,SUB-0758,MEM-0079,Conclusion absente,20,FAIBLE,1,Correction #11 sur version 3
COR-03877,SUB-0759,MEM-0058,Rsultats non interprts,4,BLOQUANT,1,Correction #1 sur version 1
COR-03878,SUB-0759,MEM-0058,Plagiat dtect,14,ELEVE,1,Correction #2 sur version 1
COR-03879,SUB-0759,MEM-0058,Problme de structure,11,FAIBLE,1,Correction #3 sur version 1
COR-03880,SUB-0759,MEM-0058,Conclusion absente,100,FAIBLE,1,Correction #4 sur version 1
COR-03881,SUB-0759,MEM-0058,Introduction incomplte,13,ELEVE,1,Correction #5 sur version 1
COR-03882,SUB-0759,MEM-0058,Code non comment,3,ELEVE,1,Correction #6 sur version 1
COR-03883,SUB-0759,MEM-0058,Mthodologie floue,104,FAIBLE,1,Correction #7 sur version 1
COR-03884,SUB-0759,MEM-0058,Rsultats non interprts,57,MOYEN,1,Correction #8 sur version 1
COR-03885,SUB-0759,MEM-0058,Introduction incomplte,7,ELEVE,1,Correction #9 sur version 1
COR-03886,SUB-0759,MEM-0058,Rsultats non interprts,23,ELEVE,1,Correction #10 sur version 1
COR-03887,SUB-0759,MEM-0058,Code non comment,4,FAIBLE,0,Correction #11 sur version 1
COR-03888,SUB-0760,MEM-0029,Rsultats non interprts,40,MOYEN,1,Correction #1 sur version 2
COR-03889,SUB-0760,MEM-0029,Citation manquante,21,MOYEN,0,Correction #2 sur version 2
COR-03890,SUB-0760,MEM-0029,Rsultats non interprts,6,MOYEN,0,Correction #3 sur version 2
COR-03891,SUB-0760,MEM-0029,Argument insuffisant,1,ELEVE,0,Correction #4 sur version 2
COR-03892,SUB-0760,MEM-0029,Code non comment,9,FAIBLE,0,Correction #5 sur version 2
COR-03893,SUB-0760,MEM-0029,Conclusion absente,21,FAIBLE,0,Correction #6 sur version 2
COR-03894,SUB-0760,MEM-0029,Mthodologie floue,4,ELEVE,0,Correction #7 sur version 2
COR-03895,SUB-0760,MEM-0029,Argument insuffisant,27,FAIBLE,0,Correction #8 sur version 2
COR-03896,SUB-0762,MEM-0001,Rsultats non interprts,7,BLOQUANT,1,Correction #1 sur version 2
COR-03897,SUB-0763,MEM-0072,Problme de structure,41,BLOQUANT,1,Correction #1 sur version 2
COR-03898,SUB-0763,MEM-0072,Mthodologie floue,28,FAIBLE,0,Correction #2 sur version 2
COR-03899,SUB-0764,MEM-0036,Rsultats non interprts,24,BLOQUANT,1,Correction #1 sur version 6
COR-03900,SUB-0764,MEM-0036,Code non comment,88,MOYEN,0,Correction #2 sur version 6
COR-03901,SUB-0767,MEM-0054,Code non comment,17,BLOQUANT,1,Correction #1 sur version 2
COR-03902,SUB-0769,MEM-0121,Code non comment,22,MOYEN,1,Correction #1 sur version 4
COR-03903,SUB-0769,MEM-0121,Conclusion absente,19,FAIBLE,1,Correction #2 sur version 4
COR-03904,SUB-0769,MEM-0121,Conclusion absente,7,FAIBLE,1,Correction #3 sur version 4
COR-03905,SUB-0769,MEM-0121,Rsultats non interprts,13,MOYEN,1,Correction #4 sur version 4
COR-03906,SUB-0769,MEM-0121,Conclusion absente,36,FAIBLE,1,Correction #5 sur version 4
COR-03907,SUB-0769,MEM-0121,Mthodologie floue,24,FAIBLE,1,Correction #6 sur version 4
COR-03908,SUB-0769,MEM-0121,Faute d'orthographe,15,ELEVE,1,Correction #7 sur version 4
COR-03909,SUB-0769,MEM-0121,Problme de structure,4,ELEVE,1,Correction #8 sur version 4
COR-03910,SUB-0769,MEM-0121,Introduction incomplte,19,FAIBLE,1,Correction #9 sur version 4
COR-03911,SUB-0769,MEM-0121,Plagiat dtect,14,ELEVE,1,Correction #10 sur version 4
COR-03912,SUB-0769,MEM-0121,Rsultats non interprts,1,MOYEN,1,Correction #11 sur version 4
COR-03913,SUB-0770,MEM-0003,Rsultats non interprts,38,FAIBLE,1,Correction #1 sur version 4
COR-03914,SUB-0770,MEM-0003,Faute d'orthographe,18,FAIBLE,1,Correction #2 sur version 4
COR-03915,SUB-0770,MEM-0003,Argument insuffisant,3,MOYEN,1,Correction #3 sur version 4
COR-03916,SUB-0770,MEM-0003,Introduction incomplte,3,FAIBLE,1,Correction #4 sur version 4
COR-03917,SUB-0770,MEM-0003,Plagiat dtect,45,ELEVE,0,Correction #5 sur version 4
COR-03918,SUB-0772,MEM-0043,Problme de structure,10,MOYEN,1,Correction #1 sur version 1
COR-03919,SUB-0772,MEM-0043,Graphique illisible,13,ELEVE,1,Correction #2 sur version 1
COR-03920,SUB-0772,MEM-0043,Code non comment,44,FAIBLE,0,Correction #3 sur version 1
COR-03921,SUB-0772,MEM-0043,Plagiat dtect,23,ELEVE,0,Correction #4 sur version 1
COR-03922,SUB-0772,MEM-0043,Mthodologie floue,45,ELEVE,0,Correction #5 sur version 1
COR-03923,SUB-0772,MEM-0043,Mthodologie floue,73,FAIBLE,0,Correction #6 sur version 1
COR-03924,SUB-0773,MEM-0073,Argument insuffisant,3,MOYEN,0,Correction #1 sur version 2
COR-03925,SUB-0773,MEM-0073,Introduction incomplte,5,MOYEN,0,Correction #2 sur version 2
COR-03926,SUB-0773,MEM-0073,Faute d'orthographe,27,FAIBLE,0,Correction #3 sur version 2
COR-03927,SUB-0773,MEM-0073,Plagiat dtect,1,MOYEN,0,Correction #4 sur version 2
COR-03928,SUB-0773,MEM-0073,Faute d'orthographe,26,ELEVE,0,Correction #5 sur version 2
COR-03929,SUB-0773,MEM-0073,Introduction incomplte,4,ELEVE,0,Correction #6 sur version 2
COR-03930,SUB-0773,MEM-0073,Bibliographie incorrecte,25,FAIBLE,0,Correction #7 sur version 2
COR-03931,SUB-0773,MEM-0073,Conclusion absente,31,ELEVE,0,Correction #8 sur version 2
COR-03932,SUB-0773,MEM-0073,Faute d'orthographe,16,MOYEN,0,Correction #9 sur version 2
COR-03933,SUB-0773,MEM-0073,Bibliographie incorrecte,18,MOYEN,0,Correction #10 sur version 2
COR-03934,SUB-0773,MEM-0073,Code non comment,9,ELEVE,0,Correction #11 sur version 2
COR-03935,SUB-0773,MEM-0073,Citation manquante,13,ELEVE,0,Correction #12 sur version 2
COR-03936,SUB-0773,MEM-0073,Graphique illisible,20,ELEVE,0,Correction #13 sur version 2
COR-03937,SUB-0773,MEM-0073,Rsultats non interprts,24,ELEVE,0,Correction #14 sur version 2
COR-03938,SUB-0773,MEM-0073,Faute d'orthographe,1,FAIBLE,0,Correction #15 sur version 2
COR-03939,SUB-0773,MEM-0073,Conclusion absente,30,MOYEN,0,Correction #16 sur version 2
COR-03940,SUB-0774,MEM-0124,Introduction incomplte,21,BLOQUANT,0,Correction #1 sur version 1
COR-03941,SUB-0774,MEM-0124,Mthodologie floue,2,MOYEN,0,Correction #2 sur version 1
COR-03942,SUB-0774,MEM-0124,Argument insuffisant,82,FAIBLE,0,Correction #3 sur version 1
COR-03943,SUB-0774,MEM-0124,Faute d'orthographe,10,MOYEN,0,Correction #4 sur version 1
COR-03944,SUB-0774,MEM-0124,Citation manquante,49,MOYEN,0,Correction #5 sur version 1
COR-03945,SUB-0774,MEM-0124,Graphique illisible,17,MOYEN,0,Correction #6 sur version 1
COR-03946,SUB-0774,MEM-0124,Argument insuffisant,37,MOYEN,0,Correction #7 sur version 1
COR-03947,SUB-0774,MEM-0124,Conclusion absente,69,FAIBLE,0,Correction #8 sur version 1
COR-03948,SUB-0774,MEM-0124,Argument insuffisant,75,MOYEN,0,Correction #9 sur version 1
COR-03949,SUB-0777,MEM-0175,Faute d'orthographe,41,BLOQUANT,1,Correction #1 sur version 6
COR-03950,SUB-0778,MEM-0183,Argument insuffisant,22,BLOQUANT,1,Correction #1 sur version 6
COR-03951,SUB-0778,MEM-0183,Rsultats non interprts,25,ELEVE,1,Correction #2 sur version 6
COR-03952,SUB-0778,MEM-0183,Citation manquante,26,FAIBLE,1,Correction #3 sur version 6
COR-03953,SUB-0778,MEM-0183,Graphique illisible,11,FAIBLE,1,Correction #4 sur version 6
COR-03954,SUB-0781,MEM-0113,Problme de structure,9,BLOQUANT,1,Correction #1 sur version 3
COR-03955,SUB-0781,MEM-0113,Rsultats non interprts,5,FAIBLE,1,Correction #2 sur version 3
COR-03956,SUB-0781,MEM-0113,Faute d'orthographe,83,ELEVE,0,Correction #3 sur version 3
COR-03957,SUB-0781,MEM-0113,Code non comment,6,MOYEN,0,Correction #4 sur version 3
COR-03958,SUB-0782,MEM-0159,Citation manquante,1,MOYEN,0,Correction #1 sur version 6
COR-03959,SUB-0782,MEM-0159,Bibliographie incorrecte,36,ELEVE,0,Correction #2 sur version 6
COR-03960,SUB-0783,MEM-0119,Introduction incomplte,33,BLOQUANT,1,Correction #1 sur version 6
COR-03961,SUB-0783,MEM-0119,Citation manquante,1,MOYEN,1,Correction #2 sur version 6
COR-03962,SUB-0783,MEM-0119,Problme de structure,6,FAIBLE,1,Correction #3 sur version 6
COR-03963,SUB-0783,MEM-0119,Introduction incomplte,29,MOYEN,1,Correction #4 sur version 6
COR-03964,SUB-0783,MEM-0119,Argument insuffisant,40,FAIBLE,0,Correction #5 sur version 6
COR-03965,SUB-0784,MEM-0052,Faute d'orthographe,37,BLOQUANT,1,Correction #1 sur version 4
COR-03966,SUB-0784,MEM-0052,Mthodologie floue,59,ELEVE,1,Correction #2 sur version 4
COR-03967,SUB-0784,MEM-0052,Plagiat dtect,58,MOYEN,1,Correction #3 sur version 4
COR-03968,SUB-0784,MEM-0052,Plagiat dtect,24,MOYEN,1,Correction #4 sur version 4
COR-03969,SUB-0784,MEM-0052,Argument insuffisant,55,FAIBLE,1,Correction #5 sur version 4
COR-03970,SUB-0784,MEM-0052,Argument insuffisant,51,MOYEN,1,Correction #6 sur version 4
COR-03971,SUB-0784,MEM-0052,Citation manquante,31,FAIBLE,1,Correction #7 sur version 4
COR-03972,SUB-0784,MEM-0052,Code non comment,23,MOYEN,0,Correction #8 sur version 4
COR-03973,SUB-0784,MEM-0052,Rsultats non interprts,19,FAIBLE,0,Correction #9 sur version 4
COR-03974,SUB-0784,MEM-0052,Mthodologie floue,46,MOYEN,0,Correction #10 sur version 4
COR-03975,SUB-0785,MEM-0038,Bibliographie incorrecte,12,BLOQUANT,1,Correction #1 sur version 6
COR-03976,SUB-0785,MEM-0038,Graphique illisible,30,FAIBLE,1,Correction #2 sur version 6
COR-03977,SUB-0785,MEM-0038,Faute d'orthographe,45,MOYEN,1,Correction #3 sur version 6
COR-03978,SUB-0785,MEM-0038,Argument insuffisant,1,ELEVE,0,Correction #4 sur version 6
COR-03979,SUB-0788,MEM-0124,Conclusion absente,4,BLOQUANT,1,Correction #1 sur version 4
COR-03980,SUB-0788,MEM-0124,Mthodologie floue,27,FAIBLE,1,Correction #2 sur version 4
COR-03981,SUB-0788,MEM-0124,Citation manquante,23,FAIBLE,0,Correction #3 sur version 4
COR-03982,SUB-0788,MEM-0124,Faute d'orthographe,6,ELEVE,0,Correction #4 sur version 4
COR-03983,SUB-0791,MEM-0056,Introduction incomplte,22,FAIBLE,0,Correction #1 sur version 3
COR-03984,SUB-0791,MEM-0056,Code non comment,22,FAIBLE,0,Correction #2 sur version 3
COR-03985,SUB-0791,MEM-0056,Mthodologie floue,68,FAIBLE,0,Correction #3 sur version 3
COR-03986,SUB-0791,MEM-0056,Bibliographie incorrecte,63,FAIBLE,0,Correction #4 sur version 3
COR-03987,SUB-0791,MEM-0056,Faute d'orthographe,47,ELEVE,0,Correction #5 sur version 3
COR-03988,SUB-0791,MEM-0056,Problme de structure,56,ELEVE,0,Correction #6 sur version 3
COR-03989,SUB-0791,MEM-0056,Problme de structure,65,FAIBLE,0,Correction #7 sur version 3
COR-03990,SUB-0791,MEM-0056,Citation manquante,69,MOYEN,0,Correction #8 sur version 3
COR-03991,SUB-0791,MEM-0056,Mthodologie floue,11,MOYEN,0,Correction #9 sur version 3
COR-03992,SUB-0791,MEM-0056,Plagiat dtect,41,ELEVE,0,Correction #10 sur version 3
COR-03993,SUB-0791,MEM-0056,Rsultats non interprts,60,ELEVE,0,Correction #11 sur version 3
COR-03994,SUB-0791,MEM-0056,Conclusion absente,22,ELEVE,0,Correction #12 sur version 3
COR-03995,SUB-0792,MEM-0117,Rsultats non interprts,13,ELEVE,1,Correction #1 sur version 4
COR-03996,SUB-0792,MEM-0117,Bibliographie incorrecte,67,MOYEN,1,Correction #2 sur version 4
COR-03997,SUB-0792,MEM-0117,Rsultats non interprts,7,FAIBLE,1,Correction #3 sur version 4
COR-03998,SUB-0792,MEM-0117,Citation manquante,62,MOYEN,1,Correction #4 sur version 4
COR-03999,SUB-0792,MEM-0117,Rsultats non interprts,78,ELEVE,1,Correction #5 sur version 4
COR-04000,SUB-0792,MEM-0117,Problme de structure,71,FAIBLE,1,Correction #6 sur version 4
COR-04001,SUB-0792,MEM-0117,Plagiat dtect,20,MOYEN,0,Correction #7 sur version 4
COR-04002,SUB-0792,MEM-0117,Plagiat dtect,62,ELEVE,0,Correction #8 sur version 4
COR-04003,SUB-0793,MEM-0098,Bibliographie incorrecte,36,FAIBLE,1,Correction #1 sur version 3
COR-04004,SUB-0793,MEM-0098,Graphique illisible,111,MOYEN,1,Correction #2 sur version 3
COR-04005,SUB-0793,MEM-0098,Code non comment,13,FAIBLE,1,Correction #3 sur version 3
COR-04006,SUB-0793,MEM-0098,Argument insuffisant,22,ELEVE,1,Correction #4 sur version 3
COR-04007,SUB-0793,MEM-0098,Conclusion absente,21,ELEVE,0,Correction #5 sur version 3
COR-04008,SUB-0793,MEM-0098,Faute d'orthographe,23,FAIBLE,0,Correction #6 sur version 3
COR-04009,SUB-0793,MEM-0098,Citation manquante,79,ELEVE,0,Correction #7 sur version 3
COR-04010,SUB-0795,MEM-0051,Graphique illisible,69,BLOQUANT,1,Correction #1 sur version 4
COR-04011,SUB-0795,MEM-0051,Code non comment,30,FAIBLE,1,Correction #2 sur version 4
COR-04012,SUB-0795,MEM-0051,Code non comment,20,FAIBLE,1,Correction #3 sur version 4
COR-04013,SUB-0795,MEM-0051,Graphique illisible,12,FAIBLE,0,Correction #4 sur version 4
COR-04014,SUB-0795,MEM-0051,Graphique illisible,63,MOYEN,0,Correction #5 sur version 4
COR-04015,SUB-0796,MEM-0169,Graphique illisible,21,BLOQUANT,1,Correction #1 sur version 3
COR-04016,SUB-0796,MEM-0169,Rsultats non interprts,5,FAIBLE,1,Correction #2 sur version 3
COR-04017,SUB-0796,MEM-0169,Bibliographie incorrecte,24,ELEVE,1,Correction #3 sur version 3
COR-04018,SUB-0796,MEM-0169,Problme de structure,14,FAIBLE,0,Correction #4 sur version 3
COR-04019,SUB-0796,MEM-0169,Plagiat dtect,20,MOYEN,0,Correction #5 sur version 3
COR-04020,SUB-0796,MEM-0169,Citation manquante,23,ELEVE,0,Correction #6 sur version 3
COR-04021,SUB-0796,MEM-0169,Code non comment,5,FAIBLE,0,Correction #7 sur version 3
COR-04022,SUB-0797,MEM-0086,Rsultats non interprts,81,BLOQUANT,1,Correction #1 sur version 2
COR-04023,SUB-0797,MEM-0086,Faute d'orthographe,17,ELEVE,1,Correction #2 sur version 2
COR-04024,SUB-0797,MEM-0086,Code non comment,27,FAIBLE,1,Correction #3 sur version 2
COR-04025,SUB-0797,MEM-0086,Graphique illisible,92,FAIBLE,1,Correction #4 sur version 2
COR-04026,SUB-0798,MEM-0163,Rsultats non interprts,10,BLOQUANT,0,Correction #1 sur version 4
COR-04027,SUB-0799,MEM-0162,Argument insuffisant,9,FAIBLE,1,Correction #1 sur version 5
COR-04028,SUB-0799,MEM-0162,Conclusion absente,32,ELEVE,1,Correction #2 sur version 5
COR-04029,SUB-0799,MEM-0162,Argument insuffisant,7,MOYEN,1,Correction #3 sur version 5
COR-04030,SUB-0799,MEM-0162,Mthodologie floue,13,FAIBLE,1,Correction #4 sur version 5
COR-04031,SUB-0799,MEM-0162,Argument insuffisant,33,FAIBLE,0,Correction #5 sur version 5
COR-04032,SUB-0799,MEM-0162,Introduction incomplte,22,FAIBLE,0,Correction #6 sur version 5
COR-04033,SUB-0799,MEM-0162,Introduction incomplte,17,FAIBLE,0,Correction #7 sur version 5
COR-04034,SUB-0799,MEM-0162,Citation manquante,1,MOYEN,0,Correction #8 sur version 5
