id_projet,titre,description,domaine,filiere_etudiant,methodologie,score_similarite_existants,nb_mots_titre,nb_mots_description,nb_phrases_description,ratio_vocabulaire,score_mots_academiques,score_mots_techniques,score_mots_vagues,a_methodologie,a_objectifs_clairs,est_infaisable,decision
PRJ-0495,Recherche sur internet,Je vais chercher des informations sur internet sur plusieurs sujets informatiques et faire un résumé de ce que j'ai trouvé.,Systèmes Embarqués,Cybersécurité,Prototypage,0.574,3,20,2,0.95,0,0,3,0,0,0,REJETE
PRJ-0514,Copie du système bancaire,Reproduire exactement le système de la banque Ecobank avec toutes ses fonctionnalités en 2 mois.,Cloud / DevOps,Génie Informatique,Recherche appliquée,0.883,4,15,2,1.0,1,0,1,0,0,1,REJETE
PRJ-0044,Développement d'une application mobile de télémédecine pour les zones rurales togolaises,"Cette étude propose le développement d'une application Android permettant aux patients des zones rurales d'accéder à des consultations médicales à distance. L'application intègre un module de géolocalisation des centres de santé, un système de prise de rendez-vous et un dossier médical numérique simplifié.",Développement Web,Génie Informatique,Recherche expérimentale,0.031,11,43,3,0.814,2,1,0,0,0,0,APPROUVE
PRJ-0158,Développement d'une application mobile de télémédecine pour les zones rurales togolaises,"Cette étude propose le développement d'une application Android permettant aux patients des zones rurales d'accéder à des consultations médicales à distance. L'application intègre un module de géolocalisation des centres de santé, un système de prise de rendez-vous et un dossier médical numérique simplifié.",Cybersécurité,Systèmes Embarqués,Recherche expérimentale,0.206,11,43,3,0.814,2,1,0,0,0,0,APPROUVE
PRJ-0515,Étude de tout ce qui concerne les réseaux,Ce mémoire va couvrir tous les aspects des réseaux informatiques depuis les débuts jusqu'à aujourd'hui.,Réseaux,Réseaux et Télécommunications,Prototypage,0.605,8,15,2,0.933,0,0,0,0,1,1,REJETE
PRJ-0295,Étude sur la sécurité des réseaux wifi v4,Ce projet parle de la sécurité wifi. On va voir comment sécuriser un réseau wifi et quels sont les problèmes qui existent avec les réseaux sans fil dans les entreprises.,Systèmes Embarqués,Réseaux et Télécommunications,Prototypage,0.574,8,30,3,0.933,1,0,0,0,0,0,REJETE
PRJ-0338,Mise en place d'un réseau local pour une entreprise,"Ce projet va mettre en place un réseau local pour une petite entreprise. On va choisir les équipements, configurer les switches et les routeurs, et tester la connectivité.",Mobile,Data Science,Recherche appliquée,0.616,9,28,3,0.857,1,0,0,0,0,0,REJETE
PRJ-0148,Conception d'un entrepôt de données pour le suivi épidémiologique au Ministère de la Santé,"Ce projet vise à concevoir un data warehouse selon la modélisation en étoile pour centraliser les données épidémiologiques nationales. Il inclut la mise en place d'un pipeline ETL, le déploiement sous PostgreSQL et la création de rapports analytiques sur Power BI.",Développement Web,Réseaux et Télécommunications,Développement logiciel (SCRUM),0.249,14,41,3,0.927,2,1,0,0,1,0,APPROUVE
PRJ-0350,Mise en place d'un réseau local pour une entreprise,"Ce projet va mettre en place un réseau local pour une petite entreprise. On va choisir les équipements, configurer les switches et les routeurs, et tester la connectivité.",Mobile,Génie Informatique,Développement logiciel (SCRUM),0.423,9,28,3,0.857,1,0,0,0,0,0,REJETE
PRJ-0224,Implémentation d'un SIEM open source pour la détection d'intrusions en entreprise,Ce travail consiste à déployer et configurer un SIEM basé sur Wazuh/ELK Stack pour centraliser la gestion des logs et détecter les intrusions dans une PME locale. Il inclut la définition des règles de corrélation et les procédures de réponse aux incidents.,Bases de données,Génie Informatique,Recherche appliquée,0.146,11,42,3,0.857,1,0,0,0,1,0,REVISION_NECESSAIRE
PRJ-0519,Faire un jeu vidéo,Je veux faire un jeu. Ce sera amusant.,Cybersécurité,Génie Logiciel,Recherche expérimentale,0.885,4,8,3,1.0,0,0,1,0,0,0,REJETE
PRJ-0273,Application de chat en temps réel,Ce projet vise à créer une application de messagerie instantanée. Les utilisateurs pourront envoyer des messages en temps réel. On utilisera des websockets pour la communication.,Bases de données,Data Science,Développement logiciel (SCRUM),0.744,6,26,4,0.962,0,0,0,0,1,0,REJETE
PRJ-0415,Application de chat en temps réel v4,Ce projet vise à créer une application de messagerie instantanée. Les utilisateurs pourront envoyer des messages en temps réel. On utilisera des websockets pour la communication.,Développement Web,Data Science,Recherche appliquée,0.466,7,26,4,0.962,0,0,0,0,1,0,REJETE
PRJ-0534,Projet sur la blockchain,La blockchain c'est bien. Je vais faire quelque chose avec la blockchain.,Réseaux,Réseaux et Télécommunications,Développement logiciel (SCRUM),0.845,4,12,3,0.917,0,1,1,0,0,0,REJETE
PRJ-0276,Développement d'une application Android pour les transports,On va développer une application Android pour les transports en commun. L'application montrera les horaires et les itinéraires disponibles dans la ville.,Bases de données,Data Science,Prototypage,0.303,7,22,3,0.909,1,1,0,0,0,0,REJETE
PRJ-0345,Application pour gérer les notes des étudiants,Je veux faire une application pour gérer les notes. Elle permettra d'entrer les notes et de calculer les moyennes. Ce sera utile pour les professeurs.,Réseaux,Réseaux et Télécommunications,Prototypage,0.635,7,25,4,0.84,0,0,0,0,0,0,REJETE
PRJ-0398,Création d'un site web pour une école,"Le projet consiste à créer un site web pour une école. Le site aura des pages pour présenter l'école, les cours et les professeurs. Il y aura aussi un espace pour les étudiants.",Systèmes Embarqués,Cybersécurité,Développement logiciel (SCRUM),0.665,7,33,4,0.758,0,0,0,0,1,0,REJETE
PRJ-0159,Développement d'une application mobile de télémédecine pour les zones rurales togolaises,"Cette étude propose le développement d'une application Android permettant aux patients des zones rurales d'accéder à des consultations médicales à distance. L'application intègre un module de géolocalisation des centres de santé, un système de prise de rendez-vous et un dossier médical numérique simplifié.",Systèmes Embarqués,Cybersécurité,Étude de cas,0.436,11,43,3,0.814,2,1,0,0,0,0,REVISION_NECESSAIRE
PRJ-0591,Projet sur la blockchain,La blockchain c'est bien. Je vais faire quelque chose avec la blockchain.,IA / Machine Learning,Réseaux et Télécommunications,Recherche appliquée,0.791,4,12,3,0.917,0,1,1,0,0,0,REJETE
PRJ-0160,Développement d'une application mobile de télémédecine pour les zones rurales togolaises,"Cette étude propose le développement d'une application Android permettant aux patients des zones rurales d'accéder à des consultations médicales à distance. L'application intègre un module de géolocalisation des centres de santé, un système de prise de rendez-vous et un dossier médical numérique simplifié.",Cloud / DevOps,Data Science,Étude de cas,0.384,11,43,3,0.814,2,1,0,0,0,0,APPROUVE
PRJ-0422,Création d'un site web pour une école,"Le projet consiste à créer un site web pour une école. Le site aura des pages pour présenter l'école, les cours et les professeurs. Il y aura aussi un espace pour les étudiants.",Bases de données,Génie Informatique,Recherche expérimentale,0.503,7,33,4,0.758,0,0,0,0,1,0,REJETE
PRJ-0531,Faire un jeu vidéo,Je veux faire un jeu. Ce sera amusant.,Systèmes Embarqués,Systèmes Embarqués,Prototypage,0.852,4,8,3,1.0,0,0,1,0,0,0,REJETE
PRJ-0450,Application pour gérer les notes des étudiants,Je veux faire une application pour gérer les notes. Elle permettra d'entrer les notes et de calculer les moyennes. Ce sera utile pour les professeurs.,IA / Machine Learning,Data Science,Recherche expérimentale,0.321,7,25,4,0.84,0,0,0,0,0,0,REJETE
PRJ-0122,Mise en place d'un système de vote électronique sécurisé pour les élections universitaires,"Ce projet consiste à concevoir et déployer une plateforme de vote électronique sécurisée basée sur la cryptographie asymétrique et la blockchain légère. L'objectif est de garantir l'anonymat, l'intégrité et la traçabilité des votes lors des élections au sein de l'université.",Mobile,Génie Informatique,Recherche expérimentale,0.438,13,40,3,0.825,4,1,0,0,1,0,APPROUVE
PRJ-0285,Étude sur la sécurité des réseaux wifi,Ce projet parle de la sécurité wifi. On va voir comment sécuriser un réseau wifi et quels sont les problèmes qui existent avec les réseaux sans fil dans les entreprises.,Cloud / DevOps,Data Science,Recherche appliquée,0.491,7,30,3,0.933,1,0,0,0,0,0,REJETE
PRJ-0183,Conception d'un entrepôt de données pour le suivi épidémiologique au Ministère de la Santé,"Ce projet vise à concevoir un data warehouse selon la modélisation en étoile pour centraliser les données épidémiologiques nationales. Il inclut la mise en place d'un pipeline ETL, le déploiement sous PostgreSQL et la création de rapports analytiques sur Power BI.",IA / Machine Learning,Génie Logiciel,Recherche appliquée,0.053,14,41,3,0.927,2,1,0,0,1,0,APPROUVE
PRJ-0223,Implémentation d'un SIEM open source pour la détection d'intrusions en entreprise,Ce travail consiste à déployer et configurer un SIEM basé sur Wazuh/ELK Stack pour centraliser la gestion des logs et détecter les intrusions dans une PME locale. Il inclut la définition des règles de corrélation et les procédures de réponse aux incidents.,Cloud / DevOps,Data Science,Développement logiciel (SCRUM),0.319,11,42,3,0.857,1,0,0,0,1,0,APPROUVE
PRJ-0192,Analyse prédictive du taux de décrochage scolaire par apprentissage automatique,"Cette recherche applique des algorithmes de machine learning (Random Forest, XGBoost) pour prédire le risque de décrochage scolaire à partir de données académiques et socio-économiques. Un tableau de bord de visualisation est développé pour les responsables pédagogiques.",IA / Machine Learning,Data Science,Recherche expérimentale,0.066,10,37,3,0.865,3,2,0,0,0,0,REVISION_NECESSAIRE
PRJ-0466,Analyse des données de vente d'une entreprise,Ce travail va analyser les données de vente d'une entreprise commerciale pour trouver des tendances. On utilisera Excel et Python pour faire les analyses et créer des graphiques.,Cloud / DevOps,Réseaux et Télécommunications,Étude de cas,0.638,7,28,3,0.857,2,1,0,0,0,0,REJETE
PRJ-0018,Développement d'une application mobile de télémédecine pour les zones rurales togolaises,"Cette étude propose le développement d'une application Android permettant aux patients des zones rurales d'accéder à des consultations médicales à distance. L'application intègre un module de géolocalisation des centres de santé, un système de prise de rendez-vous et un dossier médical numérique simplifié.",Cloud / DevOps,Cybersécurité,Développement logiciel (SCRUM),0.072,11,43,3,0.814,2,1,0,0,0,0,REVISION_NECESSAIRE
PRJ-0110,Système embarqué de surveillance environnementale basé sur IoT,"Ce projet développe un système de capteurs connectés (Arduino + Raspberry Pi) pour surveiller la qualité de l'air, l'humidité et la température dans un environnement industriel. Les données sont transmises via MQTT et visualisées sur un dashboard Grafana.",Mobile,Data Science,Recherche expérimentale,0.372,8,38,3,0.868,2,2,0,0,0,0,REVISION_NECESSAIRE
PRJ-0493,Copie du système bancaire,Reproduire exactement le système de la banque Ecobank avec toutes ses fonctionnalités en 2 mois.,Cloud / DevOps,Génie Logiciel,Étude de cas,0.539,4,15,2,1.0,1,0,1,0,0,1,REJETE
PRJ-0451,Application de chat en temps réel v4,Ce projet vise à créer une application de messagerie instantanée. Les utilisateurs pourront envoyer des messages en temps réel. On utilisera des websockets pour la communication.,Bases de données,Cybersécurité,Prototypage,0.452,7,26,4,0.962,0,0,0,0,1,0,REJETE
PRJ-0208,Conception d'un entrepôt de données pour le suivi épidémiologique au Ministère de la Santé,"Ce projet vise à concevoir un data warehouse selon la modélisation en étoile pour centraliser les données épidémiologiques nationales. Il inclut la mise en place d'un pipeline ETL, le déploiement sous PostgreSQL et la création de rapports analytiques sur Power BI.",Réseaux,Réseaux et Télécommunications,Étude de cas,0.158,14,41,3,0.927,2,1,0,0,1,0,APPROUVE
PRJ-0279,Application de chat en temps réel v3,Ce projet vise à créer une application de messagerie instantanée. Les utilisateurs pourront envoyer des messages en temps réel. On utilisera des websockets pour la communication.,Cybersécurité,Génie Informatique,Étude de cas,0.595,7,26,4,0.962,0,0,0,0,1,0,REJETE
PRJ-0199,Système embarqué de surveillance environnementale basé sur IoT,"Ce projet développe un système de capteurs connectés (Arduino + Raspberry Pi) pour surveiller la qualité de l'air, l'humidité et la température dans un environnement industriel. Les données sont transmises via MQTT et visualisées sur un dashboard Grafana.",Développement Web,Data Science,Prototypage,0.2,8,38,3,0.868,2,2,0,0,0,0,APPROUVE
PRJ-0388,Analyse des données de vente d'une entreprise,Ce travail va analyser les données de vente d'une entreprise commerciale pour trouver des tendances. On utilisera Excel et Python pour faire les analyses et créer des graphiques.,Bases de données,Réseaux et Télécommunications,Prototypage,0.596,7,28,3,0.857,2,1,0,0,0,0,REJETE
PRJ-0114,Plateforme e-commerce B2B pour l'approvisionnement des PME africaines,"Cette étude conçoit une marketplace B2B permettant aux PME d'Afrique de l'Ouest de s'approvisionner auprès de fournisseurs locaux et internationaux. La plateforme intègre un module de paiement mobile money, une gestion des stocks et un système de notation des fournisseurs.",Développement Web,Réseaux et Télécommunications,Étude de cas,0.427,8,40,3,0.8,3,0,0,0,0,0,REVISION_NECESSAIRE
PRJ-0078,Conception d'un entrepôt de données pour le suivi épidémiologique au Ministère de la Santé,"Ce projet vise à concevoir un data warehouse selon la modélisation en étoile pour centraliser les données épidémiologiques nationales. Il inclut la mise en place d'un pipeline ETL, le déploiement sous PostgreSQL et la création de rapports analytiques sur Power BI.",IA / Machine Learning,Génie Logiciel,Recherche expérimentale,0.09,14,41,3,0.927,2,1,0,0,1,0,APPROUVE
PRJ-0063,Conception d'un entrepôt de données pour le suivi épidémiologique au Ministère de la Santé,"Ce projet vise à concevoir un data warehouse selon la modélisation en étoile pour centraliser les données épidémiologiques nationales. Il inclut la mise en place d'un pipeline ETL, le déploiement sous PostgreSQL et la création de rapports analytiques sur Power BI.",Cloud / DevOps,Génie Logiciel,Étude de cas,0.316,14,41,3,0.927,2,1,0,0,1,0,APPROUVE
PRJ-0166,Système embarqué de surveillance environnementale basé sur IoT — Cas d'étude 6,"Ce projet développe un système de capteurs connectés (Arduino + Raspberry Pi) pour surveiller la qualité de l'air, l'humidité et la température dans un environnement industriel. Les données sont transmises via MQTT et visualisées sur un dashboard Grafana.",Bases de données,Génie Informatique,Recherche appliquée,0.064,12,38,3,0.868,2,2,0,0,0,0,APPROUVE
PRJ-0204,Déploiement d'une infrastructure réseau WiFi communautaire à faible coût,"Cette étude propose le déploiement d'un réseau WiFi communautaire dans un quartier périurbain de Lomé en utilisant des équipements open source. Le projet couvre la conception, la simulation sous GNS3, le déploiement et la mesure des performances réelles.",Cybersécurité,Génie Informatique,Étude de cas,0.168,9,38,3,0.842,2,0,0,0,0,0,APPROUVE
PRJ-0480,Copie du système bancaire,Reproduire exactement le système de la banque Ecobank avec toutes ses fonctionnalités en 2 mois.,Développement Web,Cybersécurité,Étude de cas,0.545,4,15,2,1.0,1,0,1,0,0,1,REJETE
PRJ-0264,Mise en place d'un réseau local pour une entreprise,"Ce projet va mettre en place un réseau local pour une petite entreprise. On va choisir les équipements, configurer les switches et les routeurs, et tester la connectivité.",Bases de données,Cybersécurité,Prototypage,0.66,9,28,3,0.857,1,0,0,0,0,0,REJETE
PRJ-0040,Conception d'un système de détection de fraude bancaire par deep learning au Togo,"Ce travail vise à concevoir et implémenter un système intelligent de détection de transactions frauduleuses en utilisant des réseaux de neurones LSTM appliqués aux données de mobile money au Togo. La méthodologie inclut la collecte de données anonymisées, le prétraitement, l'entraînement du modèle et l'évaluation des performances sur un jeu de test réel.",Bases de données,Data Science,Étude de cas,0.119,13,53,3,0.811,7,1,0,1,1,0,APPROUVE
PRJ-0418,Analyse des données de vente d'une entreprise,Ce travail va analyser les données de vente d'une entreprise commerciale pour trouver des tendances. On utilisera Excel et Python pour faire les analyses et créer des graphiques.,Cybersécurité,Data Science,Recherche appliquée,0.437,7,28,3,0.857,2,1,0,0,0,0,REJETE
PRJ-0498,Application,Une application mobile.,IA / Machine Learning,Systèmes Embarqués,Prototypage,0.73,1,3,2,1.0,0,0,0,0,0,0,REJETE
PRJ-0297,Création d'un site web pour une école,"Le projet consiste à créer un site web pour une école. Le site aura des pages pour présenter l'école, les cours et les professeurs. Il y aura aussi un espace pour les étudiants.",Réseaux,Data Science,Prototypage,0.289,7,33,4,0.758,0,0,0,0,1,0,REJETE
PRJ-0379,Système de gestion de bibliothèque v4,"Développer un logiciel de gestion de bibliothèque qui permet d'enregistrer les livres, les emprunts et les retours. Le système aura une interface simple pour les bibliothécaires.",Systèmes Embarqués,Data Science,Développement logiciel (SCRUM),0.678,6,26,3,0.846,2,1,1,0,0,0,REJETE
PRJ-0263,Système de gestion de bibliothèque v2,"Développer un logiciel de gestion de bibliothèque qui permet d'enregistrer les livres, les emprunts et les retours. Le système aura une interface simple pour les bibliothécaires.",Cloud / DevOps,Génie Informatique,Prototypage,0.226,6,26,3,0.846,2,1,1,0,0,0,REJETE
PRJ-0003,Analyse prédictive du taux de décrochage scolaire par apprentissage automatique,"Cette recherche applique des algorithmes de machine learning (Random Forest, XGBoost) pour prédire le risque de décrochage scolaire à partir de données académiques et socio-économiques. Un tableau de bord de visualisation est développé pour les responsables pédagogiques.",Réseaux,Génie Informatique,Prototypage,0.012,10,37,3,0.865,3,2,0,0,0,0,APPROUVE
PRJ-0179,Plateforme e-commerce B2B pour l'approvisionnement des PME africaines,"Cette étude conçoit une marketplace B2B permettant aux PME d'Afrique de l'Ouest de s'approvisionner auprès de fournisseurs locaux et internationaux. La plateforme intègre un module de paiement mobile money, une gestion des stocks et un système de notation des fournisseurs.",IA / Machine Learning,Data Science,Prototypage,0.356,8,40,3,0.8,3,0,0,0,0,0,REVISION_NECESSAIRE
PRJ-0113,Analyse prédictive du taux de décrochage scolaire par apprentissage automatique,"Cette recherche applique des algorithmes de machine learning (Random Forest, XGBoost) pour prédire le risque de décrochage scolaire à partir de données académiques et socio-économiques. Un tableau de bord de visualisation est développé pour les responsables pédagogiques.",Mobile,Cybersécurité,Recherche appliquée,0.116,10,37,3,0.865,3,2,0,0,0,0,REVISION_NECESSAIRE
PRJ-0146,Conception d'un entrepôt de données pour le suivi épidémiologique au Ministère de la Santé — Cas d'étude 6,"Ce projet vise à concevoir un data warehouse selon la modélisation en étoile pour centraliser les données épidémiologiques nationales. Il inclut la mise en place d'un pipeline ETL, le déploiement sous PostgreSQL et la création de rapports analytiques sur Power BI.",Bases de données,Génie Informatique,Étude de cas,0.417,18,41,3,0.927,2,1,0,0,1,0,APPROUVE
PRJ-0022,Plateforme e-commerce B2B pour l'approvisionnement des PME africaines,"Cette étude conçoit une marketplace B2B permettant aux PME d'Afrique de l'Ouest de s'approvisionner auprès de fournisseurs locaux et internationaux. La plateforme intègre un module de paiement mobile money, une gestion des stocks et un système de notation des fournisseurs.",Développement Web,Génie Informatique,Recherche appliquée,0.228,8,40,3,0.8,3,0,0,0,0,0,APPROUVE
PRJ-0329,Application de chat en temps réel,Ce projet vise à créer une application de messagerie instantanée. Les utilisateurs pourront envoyer des messages en temps réel. On utilisera des websockets pour la communication.,Réseaux,Data Science,Prototypage,0.306,6,26,4,0.962,0,0,0,0,1,0,REJETE
PRJ-0062,Mise en place d'un système de vote électronique sécurisé pour les élections universitaires,"Ce projet consiste à concevoir et déployer une plateforme de vote électronique sécurisée basée sur la cryptographie asymétrique et la blockchain légère. L'objectif est de garantir l'anonymat, l'intégrité et la traçabilité des votes lors des élections au sein de l'université.",Cloud / DevOps,Génie Informatique,Recherche expérimentale,0.149,13,40,3,0.825,4,1,0,0,1,0,APPROUVE
PRJ-0065,Analyse prédictive du taux de décrochage scolaire par apprentissage automatique,"Cette recherche applique des algorithmes de machine learning (Random Forest, XGBoost) pour prédire le risque de décrochage scolaire à partir de données académiques et socio-économiques. Un tableau de bord de visualisation est développé pour les responsables pédagogiques.",Systèmes Embarqués,Data Science,Développement logiciel (SCRUM),0.087,10,37,3,0.865,3,2,0,0,0,0,REVISION_NECESSAIRE
PRJ-0153,Conception d'un entrepôt de données pour le suivi épidémiologique au Ministère de la Santé,"Ce projet vise à concevoir un data warehouse selon la modélisation en étoile pour centraliser les données épidémiologiques nationales. Il inclut la mise en place d'un pipeline ETL, le déploiement sous PostgreSQL et la création de rapports analytiques sur Power BI.",Bases de données,Réseaux et Télécommunications,Étude de cas,0.261,14,41,3,0.927,2,1,0,0,1,0,APPROUVE
PRJ-0557,Application,Une application mobile.,Bases de données,Génie Informatique,Développement logiciel (SCRUM),0.943,1,3,2,1.0,0,0,0,0,0,0,REJETE
PRJ-0009,Conception d'un système de détection de fraude bancaire par deep learning au Togo,"Ce travail vise à concevoir et implémenter un système intelligent de détection de transactions frauduleuses en utilisant des réseaux de neurones LSTM appliqués aux données de mobile money au Togo. La méthodologie inclut la collecte de données anonymisées, le prétraitement, l'entraînement du modèle et l'évaluation des performances sur un jeu de test réel.",Développement Web,Réseaux et Télécommunications,Développement logiciel (SCRUM),0.348,13,53,3,0.811,7,1,0,1,1,0,APPROUVE
PRJ-0017,Déploiement d'une infrastructure réseau WiFi communautaire à faible coût,"Cette étude propose le déploiement d'un réseau WiFi communautaire dans un quartier périurbain de Lomé en utilisant des équipements open source. Le projet couvre la conception, la simulation sous GNS3, le déploiement et la mesure des performances réelles.",Bases de données,Génie Logiciel,Développement logiciel (SCRUM),0.449,9,38,3,0.842,2,0,0,0,0,0,REVISION_NECESSAIRE
PRJ-0171,Conception d'un système de détection de fraude bancaire par deep learning au Togo — Cas d'étude 1,"Ce travail vise à concevoir et implémenter un système intelligent de détection de transactions frauduleuses en utilisant des réseaux de neurones LSTM appliqués aux données de mobile money au Togo. La méthodologie inclut la collecte de données anonymisées, le prétraitement, l'entraînement du modèle et l'évaluation des performances sur un jeu de test réel.",Mobile,Génie Logiciel,Prototypage,0.296,17,53,3,0.811,7,1,0,1,1,0,APPROUVE
PRJ-0164,Déploiement d'une infrastructure réseau WiFi communautaire à faible coût,"Cette étude propose le déploiement d'un réseau WiFi communautaire dans un quartier périurbain de Lomé en utilisant des équipements open source. Le projet couvre la conception, la simulation sous GNS3, le déploiement et la mesure des performances réelles.",Cloud / DevOps,Cybersécurité,Recherche expérimentale,0.11,9,38,3,0.842,2,0,0,0,0,0,REVISION_NECESSAIRE
PRJ-0435,Création d'un site web pour une école v3,"Le projet consiste à créer un site web pour une école. Le site aura des pages pour présenter l'école, les cours et les professeurs. Il y aura aussi un espace pour les étudiants.",Cybersécurité,Cybersécurité,Recherche expérimentale,0.607,8,33,4,0.758,0,0,0,0,1,0,REVISION_NECESSAIRE
PRJ-0368,Application pour gérer les notes des étudiants,Je veux faire une application pour gérer les notes. Elle permettra d'entrer les notes et de calculer les moyennes. Ce sera utile pour les professeurs.,Bases de données,Réseaux et Télécommunications,Prototypage,0.224,7,25,4,0.84,0,0,0,0,0,0,REJETE
PRJ-0336,Système de gestion de bibliothèque,"Développer un logiciel de gestion de bibliothèque qui permet d'enregistrer les livres, les emprunts et les retours. Le système aura une interface simple pour les bibliothécaires.",Cloud / DevOps,Data Science,Étude de cas,0.229,5,26,3,0.846,2,1,1,0,0,0,REJETE
PRJ-0016,Analyse prédictive du taux de décrochage scolaire par apprentissage automatique — Cas d'étude 6,"Cette recherche applique des algorithmes de machine learning (Random Forest, XGBoost) pour prédire le risque de décrochage scolaire à partir de données académiques et socio-économiques. Un tableau de bord de visualisation est développé pour les responsables pédagogiques.",Cloud / DevOps,Cybersécurité,Étude de cas,0.243,14,37,3,0.865,3,2,0,0,0,0,APPROUVE
PRJ-0587,Faire un jeu vidéo,Je veux faire un jeu. Ce sera amusant.,Bases de données,Réseaux et Télécommunications,Étude de cas,0.72,4,8,3,1.0,0,0,1,0,0,0,REJETE
PRJ-0577,Intelligence artificielle générale,Créer une intelligence artificielle générale capable de tout faire comme un humain.,Cloud / DevOps,Génie Logiciel,Étude de cas,0.778,3,12,2,1.0,0,0,1,0,0,1,REJETE
PRJ-0560,Intelligence artificielle générale,Créer une intelligence artificielle générale capable de tout faire comme un humain.,Développement Web,Génie Logiciel,Étude de cas,0.634,3,12,2,1.0,0,0,1,0,0,1,REJETE
PRJ-0474,Application,Une application mobile.,Cybersécurité,Cybersécurité,Recherche expérimentale,0.715,1,3,2,1.0,0,0,0,0,0,0,REJETE
PRJ-0023,Plateforme e-commerce B2B pour l'approvisionnement des PME africaines,"Cette étude conçoit une marketplace B2B permettant aux PME d'Afrique de l'Ouest de s'approvisionner auprès de fournisseurs locaux et internationaux. La plateforme intègre un module de paiement mobile money, une gestion des stocks et un système de notation des fournisseurs.",Cybersécurité,Cybersécurité,Prototypage,0.069,8,40,3,0.8,3,0,0,0,0,0,APPROUVE
PRJ-0190,Classification automatique de documents administratifs par traitement du langage naturel,"Ce projet applique des techniques de NLP (TF-IDF, BERT) pour classifier automatiquement des documents administratifs numérisés en catégories prédéfinies. L'objectif est de réduire le temps de traitement manuel dans les services administratifs.",Systèmes Embarqués,Réseaux et Télécommunications,Recherche expérimentale,0.023,10,32,3,0.906,1,2,0,0,1,0,APPROUVE
PRJ-0436,Analyse des données de vente d'une entreprise,Ce travail va analyser les données de vente d'une entreprise commerciale pour trouver des tendances. On utilisera Excel et Python pour faire les analyses et créer des graphiques.,Réseaux,Systèmes Embarqués,Recherche expérimentale,0.727,7,28,3,0.857,2,1,0,0,0,0,REJETE
PRJ-0318,Création d'un site web pour une école,"Le projet consiste à créer un site web pour une école. Le site aura des pages pour présenter l'école, les cours et les professeurs. Il y aura aussi un espace pour les étudiants.",Systèmes Embarqués,Cybersécurité,Recherche appliquée,0.484,7,33,4,0.758,0,0,0,0,1,0,REJETE
PRJ-0084,Plateforme e-commerce B2B pour l'approvisionnement des PME africaines,"Cette étude conçoit une marketplace B2B permettant aux PME d'Afrique de l'Ouest de s'approvisionner auprès de fournisseurs locaux et internationaux. La plateforme intègre un module de paiement mobile money, une gestion des stocks et un système de notation des fournisseurs.",Bases de données,Cybersécurité,Prototypage,0.428,8,40,3,0.8,3,0,0,0,0,0,APPROUVE
PRJ-0586,Copie du système bancaire,Reproduire exactement le système de la banque Ecobank avec toutes ses fonctionnalités en 2 mois.,Cloud / DevOps,Génie Informatique,Développement logiciel (SCRUM),0.871,4,15,2,1.0,1,0,1,0,0,1,REJETE
PRJ-0167,Système embarqué de surveillance environnementale basé sur IoT,"Ce projet développe un système de capteurs connectés (Arduino + Raspberry Pi) pour surveiller la qualité de l'air, l'humidité et la température dans un environnement industriel. Les données sont transmises via MQTT et visualisées sur un dashboard Grafana.",Bases de données,Data Science,Prototypage,0.004,8,38,3,0.868,2,2,0,0,0,0,REVISION_NECESSAIRE
PRJ-0454,Application de chat en temps réel,Ce projet vise à créer une application de messagerie instantanée. Les utilisateurs pourront envoyer des messages en temps réel. On utilisera des websockets pour la communication.,Mobile,Data Science,Développement logiciel (SCRUM),0.218,6,26,4,0.962,0,0,0,0,1,0,REJETE
PRJ-0112,Implémentation d'un SIEM open source pour la détection d'intrusions en entreprise,Ce travail consiste à déployer et configurer un SIEM basé sur Wazuh/ELK Stack pour centraliser la gestion des logs et détecter les intrusions dans une PME locale. Il inclut la définition des règles de corrélation et les procédures de réponse aux incidents.,Systèmes Embarqués,Réseaux et Télécommunications,Étude de cas,0.222,11,42,3,0.857,1,0,0,0,1,0,REVISION_NECESSAIRE
PRJ-0249,Mise en place d'un système de vote électronique sécurisé pour les élections universitaires,"Ce projet consiste à concevoir et déployer une plateforme de vote électronique sécurisée basée sur la cryptographie asymétrique et la blockchain légère. L'objectif est de garantir l'anonymat, l'intégrité et la traçabilité des votes lors des élections au sein de l'université.",Cybersécurité,Génie Informatique,Étude de cas,0.374,13,40,3,0.825,4,1,0,0,1,0,APPROUVE
PRJ-0080,Analyse prédictive du taux de décrochage scolaire par apprentissage automatique,"Cette recherche applique des algorithmes de machine learning (Random Forest, XGBoost) pour prédire le risque de décrochage scolaire à partir de données académiques et socio-économiques. Un tableau de bord de visualisation est développé pour les responsables pédagogiques.",Cloud / DevOps,Réseaux et Télécommunications,Recherche expérimentale,0.173,10,37,3,0.865,3,2,0,0,0,0,APPROUVE
PRJ-0291,Création d'un site web pour une école v3,"Le projet consiste à créer un site web pour une école. Le site aura des pages pour présenter l'école, les cours et les professeurs. Il y aura aussi un espace pour les étudiants.",Développement Web,Réseaux et Télécommunications,Recherche expérimentale,0.48,8,33,4,0.758,0,0,0,0,1,0,REVISION_NECESSAIRE
PRJ-0576,Système comme Google,Créer un moteur de recherche similaire à Google pour l'Afrique.,Bases de données,Génie Logiciel,Recherche expérimentale,0.757,3,10,2,1.0,1,0,1,0,0,0,REJETE
PRJ-0506,Intelligence artificielle générale,Créer une intelligence artificielle générale capable de tout faire comme un humain.,Systèmes Embarqués,Cybersécurité,Étude de cas,0.609,3,12,2,1.0,0,0,1,0,0,1,REJETE
PRJ-0357,Mise en place d'un réseau local pour une entreprise,"Ce projet va mettre en place un réseau local pour une petite entreprise. On va choisir les équipements, configurer les switches et les routeurs, et tester la connectivité.",IA / Machine Learning,Systèmes Embarqués,Recherche expérimentale,0.481,9,28,3,0.857,1,0,0,0,0,0,REJETE
PRJ-0258,Application pour gérer les notes des étudiants,Je veux faire une application pour gérer les notes. Elle permettra d'entrer les notes et de calculer les moyennes. Ce sera utile pour les professeurs.,Systèmes Embarqués,Réseaux et Télécommunications,Étude de cas,0.418,7,25,4,0.84,0,0,0,0,0,0,REJETE
PRJ-0284,Application pour gérer les notes des étudiants,Je veux faire une application pour gérer les notes. Elle permettra d'entrer les notes et de calculer les moyennes. Ce sera utile pour les professeurs.,Systèmes Embarqués,Data Science,Étude de cas,0.573,7,25,4,0.84,0,0,0,0,0,0,REJETE
PRJ-0125,Développement d'une application mobile de télémédecine pour les zones rurales togolaises,"Cette étude propose le développement d'une application Android permettant aux patients des zones rurales d'accéder à des consultations médicales à distance. L'application intègre un module de géolocalisation des centres de santé, un système de prise de rendez-vous et un dossier médical numérique simplifié.",IA / Machine Learning,Réseaux et Télécommunications,Recherche expérimentale,0.033,11,43,3,0.814,2,1,0,0,0,0,REVISION_NECESSAIRE
PRJ-0288,Système de gestion de bibliothèque,"Développer un logiciel de gestion de bibliothèque qui permet d'enregistrer les livres, les emprunts et les retours. Le système aura une interface simple pour les bibliothécaires.",Bases de données,Réseaux et Télécommunications,Développement logiciel (SCRUM),0.357,5,26,3,0.846,2,1,1,0,0,0,REJETE
PRJ-0387,Analyse des données de vente d'une entreprise v3,Ce travail va analyser les données de vente d'une entreprise commerciale pour trouver des tendances. On utilisera Excel et Python pour faire les analyses et créer des graphiques.,Bases de données,Systèmes Embarqués,Recherche expérimentale,0.652,8,28,3,0.857,2,1,0,0,0,0,REJETE
PRJ-0556,Application,Une application mobile.,Cloud / DevOps,Réseaux et Télécommunications,Développement logiciel (SCRUM),0.577,1,3,2,1.0,0,0,0,0,0,0,REJETE
PRJ-0563,Application,Une application mobile.,Cloud / DevOps,Systèmes Embarqués,Étude de cas,0.552,1,3,2,1.0,0,0,0,0,0,0,REJETE
PRJ-0490,Application,Une application mobile.,Cybersécurité,Data Science,Développement logiciel (SCRUM),0.742,1,3,2,1.0,0,0,0,0,0,0,REJETE
PRJ-0120,Système embarqué de surveillance environnementale basé sur IoT,"Ce projet développe un système de capteurs connectés (Arduino + Raspberry Pi) pour surveiller la qualité de l'air, l'humidité et la température dans un environnement industriel. Les données sont transmises via MQTT et visualisées sur un dashboard Grafana.",Mobile,Génie Logiciel,Recherche expérimentale,0.265,8,38,3,0.868,2,2,0,0,0,0,REVISION_NECESSAIRE
PRJ-0599,Système comme Google,Créer un moteur de recherche similaire à Google pour l'Afrique.,Réseaux,Data Science,Recherche expérimentale,0.516,3,10,2,1.0,1,0,1,0,0,0,REJETE
PRJ-0380,Système de gestion de bibliothèque,"Développer un logiciel de gestion de bibliothèque qui permet d'enregistrer les livres, les emprunts et les retours. Le système aura une interface simple pour les bibliothécaires.",Développement Web,Génie Informatique,Étude de cas,0.729,5,26,3,0.846,2,1,1,0,0,0,REJETE
PRJ-0337,Étude sur la sécurité des réseaux wifi,Ce projet parle de la sécurité wifi. On va voir comment sécuriser un réseau wifi et quels sont les problèmes qui existent avec les réseaux sans fil dans les entreprises.,Cybersécurité,Systèmes Embarqués,Étude de cas,0.276,7,30,3,0.933,1,0,0,0,0,0,REJETE
PRJ-0221,Implémentation d'un SIEM open source pour la détection d'intrusions en entreprise — Cas d'étude 1,Ce travail consiste à déployer et configurer un SIEM basé sur Wazuh/ELK Stack pour centraliser la gestion des logs et détecter les intrusions dans une PME locale. Il inclut la définition des règles de corrélation et les procédures de réponse aux incidents.,Systèmes Embarqués,Génie Logiciel,Étude de cas,0.104,15,42,3,0.857,1,0,0,0,1,0,APPROUVE
PRJ-0050,Déploiement d'une infrastructure réseau WiFi communautaire à faible coût,"Cette étude propose le déploiement d'un réseau WiFi communautaire dans un quartier périurbain de Lomé en utilisant des équipements open source. Le projet couvre la conception, la simulation sous GNS3, le déploiement et la mesure des performances réelles.",Mobile,Cybersécurité,Prototypage,0.197,9,38,3,0.842,2,0,0,0,0,0,REVISION_NECESSAIRE
PRJ-0272,Application pour gérer les notes des étudiants,Je veux faire une application pour gérer les notes. Elle permettra d'entrer les notes et de calculer les moyennes. Ce sera utile pour les professeurs.,Réseaux,Génie Logiciel,Recherche appliquée,0.224,7,25,4,0.84,0,0,0,0,0,0,REJETE
PRJ-0561,Projet sur la blockchain,La blockchain c'est bien. Je vais faire quelque chose avec la blockchain.,Cloud / DevOps,Génie Logiciel,Recherche appliquée,0.662,4,12,3,0.917,0,1,1,0,0,0,REJETE
PRJ-0239,Classification automatique de documents administratifs par traitement du langage naturel,"Ce projet applique des techniques de NLP (TF-IDF, BERT) pour classifier automatiquement des documents administratifs numérisés en catégories prédéfinies. L'objectif est de réduire le temps de traitement manuel dans les services administratifs.",Mobile,Systèmes Embarqués,Étude de cas,0.168,10,32,3,0.906,1,2,0,0,1,0,REVISION_NECESSAIRE
PRJ-0029,Système embarqué de surveillance environnementale basé sur IoT,"Ce projet développe un système de capteurs connectés (Arduino + Raspberry Pi) pour surveiller la qualité de l'air, l'humidité et la température dans un environnement industriel. Les données sont transmises via MQTT et visualisées sur un dashboard Grafana.",Systèmes Embarqués,Génie Logiciel,Prototypage,0.101,8,38,3,0.868,2,2,0,0,0,0,REVISION_NECESSAIRE
PRJ-0072,Conception d'un entrepôt de données pour le suivi épidémiologique au Ministère de la Santé,"Ce projet vise à concevoir un data warehouse selon la modélisation en étoile pour centraliser les données épidémiologiques nationales. Il inclut la mise en place d'un pipeline ETL, le déploiement sous PostgreSQL et la création de rapports analytiques sur Power BI.",Systèmes Embarqués,Systèmes Embarqués,Recherche appliquée,0.3,14,41,3,0.927,2,1,0,0,1,0,APPROUVE
PRJ-0095,Système embarqué de surveillance environnementale basé sur IoT,"Ce projet développe un système de capteurs connectés (Arduino + Raspberry Pi) pour surveiller la qualité de l'air, l'humidité et la température dans un environnement industriel. Les données sont transmises via MQTT et visualisées sur un dashboard Grafana.",IA / Machine Learning,Systèmes Embarqués,Prototypage,0.441,8,38,3,0.868,2,2,0,0,0,0,APPROUVE
PRJ-0349,Application pour gérer les notes des étudiants,Je veux faire une application pour gérer les notes. Elle permettra d'entrer les notes et de calculer les moyennes. Ce sera utile pour les professeurs.,Réseaux,Génie Logiciel,Développement logiciel (SCRUM),0.398,7,25,4,0.84,0,0,0,0,0,0,REJETE
PRJ-0453,Mise en place d'un réseau local pour une entreprise,"Ce projet va mettre en place un réseau local pour une petite entreprise. On va choisir les équipements, configurer les switches et les routeurs, et tester la connectivité.",Développement Web,Génie Informatique,Recherche expérimentale,0.744,9,28,3,0.857,1,0,0,0,0,0,REJETE
PRJ-0554,Système comme Google,Créer un moteur de recherche similaire à Google pour l'Afrique.,Réseaux,Réseaux et Télécommunications,Étude de cas,0.716,3,10,2,1.0,1,0,1,0,0,0,REJETE
PRJ-0327,Système de gestion de bibliothèque v3,"Développer un logiciel de gestion de bibliothèque qui permet d'enregistrer les livres, les emprunts et les retours. Le système aura une interface simple pour les bibliothécaires.",Bases de données,Cybersécurité,Étude de cas,0.749,6,26,3,0.846,2,1,1,0,0,0,REJETE
PRJ-0227,Mise en place d'un système de vote électronique sécurisé pour les élections universitaires,"Ce projet consiste à concevoir et déployer une plateforme de vote électronique sécurisée basée sur la cryptographie asymétrique et la blockchain légère. L'objectif est de garantir l'anonymat, l'intégrité et la traçabilité des votes lors des élections au sein de l'université.",Réseaux,Data Science,Recherche appliquée,0.285,13,40,3,0.825,4,1,0,0,1,0,APPROUVE
PRJ-0479,Copie du système bancaire,Reproduire exactement le système de la banque Ecobank avec toutes ses fonctionnalités en 2 mois.,Cloud / DevOps,Cybersécurité,Étude de cas,0.568,4,15,2,1.0,1,0,1,0,0,1,REJETE
PRJ-0370,Système de gestion de bibliothèque,"Développer un logiciel de gestion de bibliothèque qui permet d'enregistrer les livres, les emprunts et les retours. Le système aura une interface simple pour les bibliothécaires.",Systèmes Embarqués,Cybersécurité,Prototypage,0.602,5,26,3,0.846,2,1,1,0,0,0,REJETE
PRJ-0070,Implémentation d'un SIEM open source pour la détection d'intrusions en entreprise,Ce travail consiste à déployer et configurer un SIEM basé sur Wazuh/ELK Stack pour centraliser la gestion des logs et détecter les intrusions dans une PME locale. Il inclut la définition des règles de corrélation et les procédures de réponse aux incidents.,Réseaux,Data Science,Étude de cas,0.417,11,42,3,0.857,1,0,0,0,1,0,REVISION_NECESSAIRE
PRJ-0503,Étude de tout ce qui concerne les réseaux,Ce mémoire va couvrir tous les aspects des réseaux informatiques depuis les débuts jusqu'à aujourd'hui.,IA / Machine Learning,Réseaux et Télécommunications,Recherche expérimentale,0.803,8,15,2,0.933,0,0,0,0,1,1,REJETE
PRJ-0181,Déploiement d'une infrastructure réseau WiFi communautaire à faible coût — Cas d'étude 1,"Cette étude propose le déploiement d'un réseau WiFi communautaire dans un quartier périurbain de Lomé en utilisant des équipements open source. Le projet couvre la conception, la simulation sous GNS3, le déploiement et la mesure des performances réelles.",IA / Machine Learning,Cybersécurité,Prototypage,0.105,13,38,3,0.842,2,0,0,0,0,0,REVISION_NECESSAIRE
PRJ-0524,Intelligence artificielle générale,Créer une intelligence artificielle générale capable de tout faire comme un humain.,Développement Web,Réseaux et Télécommunications,Étude de cas,0.534,3,12,2,1.0,0,0,1,0,0,1,REJETE
PRJ-0220,Conception d'un entrepôt de données pour le suivi épidémiologique au Ministère de la Santé,"Ce projet vise à concevoir un data warehouse selon la modélisation en étoile pour centraliser les données épidémiologiques nationales. Il inclut la mise en place d'un pipeline ETL, le déploiement sous PostgreSQL et la création de rapports analytiques sur Power BI.",Cloud / DevOps,Réseaux et Télécommunications,Recherche expérimentale,0.003,14,41,3,0.927,2,1,0,0,1,0,APPROUVE
PRJ-0504,Faire un jeu vidéo,Je veux faire un jeu. Ce sera amusant.,Bases de données,Data Science,Recherche appliquée,0.531,4,8,3,1.0,0,0,1,0,0,0,REJETE
PRJ-0008,Classification automatique de documents administratifs par traitement du langage naturel,"Ce projet applique des techniques de NLP (TF-IDF, BERT) pour classifier automatiquement des documents administratifs numérisés en catégories prédéfinies. L'objectif est de réduire le temps de traitement manuel dans les services administratifs.",Réseaux,Génie Informatique,Développement logiciel (SCRUM),0.163,10,32,3,0.906,1,2,0,0,1,0,APPROUVE
PRJ-0355,Étude sur la sécurité des réseaux wifi v4,Ce projet parle de la sécurité wifi. On va voir comment sécuriser un réseau wifi et quels sont les problèmes qui existent avec les réseaux sans fil dans les entreprises.,Réseaux,Cybersécurité,Prototypage,0.501,8,30,3,0.933,1,0,0,0,0,0,REJETE
PRJ-0270,Création d'un site web pour une école,"Le projet consiste à créer un site web pour une école. Le site aura des pages pour présenter l'école, les cours et les professeurs. Il y aura aussi un espace pour les étudiants.",Cybersécurité,Génie Informatique,Étude de cas,0.5,7,33,4,0.758,0,0,0,0,1,0,REJETE
PRJ-0555,Application,Une application mobile.,IA / Machine Learning,Data Science,Recherche appliquée,0.515,1,3,2,1.0,0,0,0,0,0,0,REJETE
PRJ-0168,Mise en place d'un système de vote électronique sécurisé pour les élections universitaires,"Ce projet consiste à concevoir et déployer une plateforme de vote électronique sécurisée basée sur la cryptographie asymétrique et la blockchain légère. L'objectif est de garantir l'anonymat, l'intégrité et la traçabilité des votes lors des élections au sein de l'université.",Mobile,Génie Informatique,Étude de cas,0.425,13,40,3,0.825,4,1,0,0,1,0,APPROUVE
PRJ-0037,Analyse prédictive du taux de décrochage scolaire par apprentissage automatique,"Cette recherche applique des algorithmes de machine learning (Random Forest, XGBoost) pour prédire le risque de décrochage scolaire à partir de données académiques et socio-économiques. Un tableau de bord de visualisation est développé pour les responsables pédagogiques.",Développement Web,Génie Logiciel,Prototypage,0.034,10,37,3,0.865,3,2,0,0,0,0,APPROUVE
PRJ-0126,Classification automatique de documents administratifs par traitement du langage naturel — Cas d'étude 6,"Ce projet applique des techniques de NLP (TF-IDF, BERT) pour classifier automatiquement des documents administratifs numérisés en catégories prédéfinies. L'objectif est de réduire le temps de traitement manuel dans les services administratifs.",Réseaux,Génie Logiciel,Prototypage,0.038,14,32,3,0.906,1,2,0,0,1,0,APPROUVE
PRJ-0042,Conception d'un système de détection de fraude bancaire par deep learning au Togo,"Ce travail vise à concevoir et implémenter un système intelligent de détection de transactions frauduleuses en utilisant des réseaux de neurones LSTM appliqués aux données de mobile money au Togo. La méthodologie inclut la collecte de données anonymisées, le prétraitement, l'entraînement du modèle et l'évaluation des performances sur un jeu de test réel.",Systèmes Embarqués,Génie Logiciel,Développement logiciel (SCRUM),0.244,13,53,3,0.811,7,1,0,1,1,0,APPROUVE
PRJ-0509,Système comme Google,Créer un moteur de recherche similaire à Google pour l'Afrique.,Développement Web,Réseaux et Télécommunications,Prototypage,0.827,3,10,2,1.0,1,0,1,0,0,0,REJETE
PRJ-0277,Application de chat en temps réel,Ce projet vise à créer une application de messagerie instantanée. Les utilisateurs pourront envoyer des messages en temps réel. On utilisera des websockets pour la communication.,Développement Web,Systèmes Embarqués,Prototypage,0.6,6,26,4,0.962,0,0,0,0,1,0,REJETE
PRJ-0331,Mise en place d'un réseau local pour une entreprise v4,"Ce projet va mettre en place un réseau local pour une petite entreprise. On va choisir les équipements, configurer les switches et les routeurs, et tester la connectivité.",Mobile,Data Science,Développement logiciel (SCRUM),0.392,10,28,3,0.857,1,0,0,0,0,0,REJETE
PRJ-0014,Déploiement d'une infrastructure réseau WiFi communautaire à faible coût,"Cette étude propose le déploiement d'un réseau WiFi communautaire dans un quartier périurbain de Lomé en utilisant des équipements open source. Le projet couvre la conception, la simulation sous GNS3, le déploiement et la mesure des performances réelles.",Systèmes Embarqués,Réseaux et Télécommunications,Étude de cas,0.03,9,38,3,0.842,2,0,0,0,0,0,REVISION_NECESSAIRE
PRJ-0038,Conception d'un système de détection de fraude bancaire par deep learning au Togo,"Ce travail vise à concevoir et implémenter un système intelligent de détection de transactions frauduleuses en utilisant des réseaux de neurones LSTM appliqués aux données de mobile money au Togo. La méthodologie inclut la collecte de données anonymisées, le prétraitement, l'entraînement du modèle et l'évaluation des performances sur un jeu de test réel.",Réseaux,Réseaux et Télécommunications,Étude de cas,0.417,13,53,3,0.811,7,1,0,1,1,0,APPROUVE
PRJ-0098,Déploiement d'une infrastructure réseau WiFi communautaire à faible coût,"Cette étude propose le déploiement d'un réseau WiFi communautaire dans un quartier périurbain de Lomé en utilisant des équipements open source. Le projet couvre la conception, la simulation sous GNS3, le déploiement et la mesure des performances réelles.",Cloud / DevOps,Data Science,Développement logiciel (SCRUM),0.171,9,38,3,0.842,2,0,0,0,0,0,APPROUVE
PRJ-0473,Intelligence artificielle générale,Créer une intelligence artificielle générale capable de tout faire comme un humain.,Cloud / DevOps,Génie Informatique,Développement logiciel (SCRUM),0.84,3,12,2,1.0,0,0,1,0,0,1,REJETE
PRJ-0231,Classification automatique de documents administratifs par traitement du langage naturel — Cas d'étude 1,"Ce projet applique des techniques de NLP (TF-IDF, BERT) pour classifier automatiquement des documents administratifs numérisés en catégories prédéfinies. L'objectif est de réduire le temps de traitement manuel dans les services administratifs.",Systèmes Embarqués,Réseaux et Télécommunications,Étude de cas,0.437,14,32,3,0.906,1,2,0,0,1,0,REVISION_NECESSAIRE
PRJ-0240,Déploiement d'une infrastructure réseau WiFi communautaire à faible coût,"Cette étude propose le déploiement d'un réseau WiFi communautaire dans un quartier périurbain de Lomé en utilisant des équipements open source. Le projet couvre la conception, la simulation sous GNS3, le déploiement et la mesure des performances réelles.",Systèmes Embarqués,Génie Logiciel,Recherche appliquée,0.024,9,38,3,0.842,2,0,0,0,0,0,APPROUVE
PRJ-0004,Implémentation d'un SIEM open source pour la détection d'intrusions en entreprise,Ce travail consiste à déployer et configurer un SIEM basé sur Wazuh/ELK Stack pour centraliser la gestion des logs et détecter les intrusions dans une PME locale. Il inclut la définition des règles de corrélation et les procédures de réponse aux incidents.,IA / Machine Learning,Réseaux et Télécommunications,Étude de cas,0.265,11,42,3,0.857,1,0,0,0,1,0,REVISION_NECESSAIRE
PRJ-0491,Intelligence artificielle générale,Créer une intelligence artificielle générale capable de tout faire comme un humain.,Cybersécurité,Cybersécurité,Recherche appliquée,0.914,3,12,2,1.0,0,0,1,0,0,1,REJETE
PRJ-0074,Classification automatique de documents administratifs par traitement du langage naturel,"Ce projet applique des techniques de NLP (TF-IDF, BERT) pour classifier automatiquement des documents administratifs numérisés en catégories prédéfinies. L'objectif est de réduire le temps de traitement manuel dans les services administratifs.",IA / Machine Learning,Data Science,Recherche appliquée,0.183,10,32,3,0.906,1,2,0,0,1,0,APPROUVE
PRJ-0137,Système embarqué de surveillance environnementale basé sur IoT,"Ce projet développe un système de capteurs connectés (Arduino + Raspberry Pi) pour surveiller la qualité de l'air, l'humidité et la température dans un environnement industriel. Les données sont transmises via MQTT et visualisées sur un dashboard Grafana.",Cloud / DevOps,Génie Informatique,Recherche appliquée,0.269,8,38,3,0.868,2,2,0,0,0,0,REVISION_NECESSAIRE
PRJ-0209,Analyse prédictive du taux de décrochage scolaire par apprentissage automatique,"Cette recherche applique des algorithmes de machine learning (Random Forest, XGBoost) pour prédire le risque de décrochage scolaire à partir de données académiques et socio-économiques. Un tableau de bord de visualisation est développé pour les responsables pédagogiques.",Systèmes Embarqués,Génie Logiciel,Recherche appliquée,0.158,10,37,3,0.865,3,2,0,0,0,0,APPROUVE
PRJ-0594,Système comme Google,Créer un moteur de recherche similaire à Google pour l'Afrique.,Systèmes Embarqués,Cybersécurité,Prototypage,0.503,3,10,2,1.0,1,0,1,0,0,0,REJETE
PRJ-0144,Conception d'un système de détection de fraude bancaire par deep learning au Togo,"Ce travail vise à concevoir et implémenter un système intelligent de détection de transactions frauduleuses en utilisant des réseaux de neurones LSTM appliqués aux données de mobile money au Togo. La méthodologie inclut la collecte de données anonymisées, le prétraitement, l'entraînement du modèle et l'évaluation des performances sur un jeu de test réel.",Cloud / DevOps,Génie Logiciel,Recherche expérimentale,0.244,13,53,3,0.811,7,1,0,1,1,0,APPROUVE
PRJ-0246,Conception d'un entrepôt de données pour le suivi épidémiologique au Ministère de la Santé — Cas d'étude 6,"Ce projet vise à concevoir un data warehouse selon la modélisation en étoile pour centraliser les données épidémiologiques nationales. Il inclut la mise en place d'un pipeline ETL, le déploiement sous PostgreSQL et la création de rapports analytiques sur Power BI.",Bases de données,Réseaux et Télécommunications,Recherche expérimentale,0.096,18,41,3,0.927,2,1,0,0,1,0,APPROUVE
PRJ-0397,Étude sur la sécurité des réseaux wifi,Ce projet parle de la sécurité wifi. On va voir comment sécuriser un réseau wifi et quels sont les problèmes qui existent avec les réseaux sans fil dans les entreprises.,Bases de données,Génie Logiciel,Développement logiciel (SCRUM),0.407,7,30,3,0.933,1,0,0,0,0,0,REJETE
PRJ-0358,Développement d'une application Android pour les transports,On va développer une application Android pour les transports en commun. L'application montrera les horaires et les itinéraires disponibles dans la ville.,Bases de données,Génie Informatique,Recherche appliquée,0.232,7,22,3,0.909,1,1,0,0,0,0,REJETE
PRJ-0441,Analyse des données de vente d'une entreprise,Ce travail va analyser les données de vente d'une entreprise commerciale pour trouver des tendances. On utilisera Excel et Python pour faire les analyses et créer des graphiques.,Développement Web,Data Science,Recherche appliquée,0.536,7,28,3,0.857,2,1,0,0,0,0,REJETE
PRJ-0129,Classification automatique de documents administratifs par traitement du langage naturel,"Ce projet applique des techniques de NLP (TF-IDF, BERT) pour classifier automatiquement des documents administratifs numérisés en catégories prédéfinies. L'objectif est de réduire le temps de traitement manuel dans les services administratifs.",Développement Web,Réseaux et Télécommunications,Recherche expérimentale,0.432,10,32,3,0.906,1,2,0,0,1,0,REVISION_NECESSAIRE
PRJ-0600,Projet sur la blockchain,La blockchain c'est bien. Je vais faire quelque chose avec la blockchain.,Mobile,Réseaux et Télécommunications,Prototypage,0.802,4,12,3,0.917,0,1,1,0,0,0,REJETE
PRJ-0034,Développement d'une application mobile de télémédecine pour les zones rurales togolaises,"Cette étude propose le développement d'une application Android permettant aux patients des zones rurales d'accéder à des consultations médicales à distance. L'application intègre un module de géolocalisation des centres de santé, un système de prise de rendez-vous et un dossier médical numérique simplifié.",Cloud / DevOps,Systèmes Embarqués,Développement logiciel (SCRUM),0.159,11,43,3,0.814,2,1,0,0,0,0,APPROUVE
PRJ-0089,Implémentation d'un SIEM open source pour la détection d'intrusions en entreprise,Ce travail consiste à déployer et configurer un SIEM basé sur Wazuh/ELK Stack pour centraliser la gestion des logs et détecter les intrusions dans une PME locale. Il inclut la définition des règles de corrélation et les procédures de réponse aux incidents.,Développement Web,Systèmes Embarqués,Étude de cas,0.318,11,42,3,0.857,1,0,0,0,1,0,APPROUVE
PRJ-0242,Mise en place d'un système de vote électronique sécurisé pour les élections universitaires,"Ce projet consiste à concevoir et déployer une plateforme de vote électronique sécurisée basée sur la cryptographie asymétrique et la blockchain légère. L'objectif est de garantir l'anonymat, l'intégrité et la traçabilité des votes lors des élections au sein de l'université.",Cybersécurité,Data Science,Recherche appliquée,0.262,13,40,3,0.825,4,1,0,0,1,0,APPROUVE
PRJ-0342,Application de chat en temps réel,Ce projet vise à créer une application de messagerie instantanée. Les utilisateurs pourront envoyer des messages en temps réel. On utilisera des websockets pour la communication.,Systèmes Embarqués,Data Science,Étude de cas,0.259,6,26,4,0.962,0,0,0,0,1,0,REJETE
PRJ-0584,Système comme Google,Créer un moteur de recherche similaire à Google pour l'Afrique.,IA / Machine Learning,Réseaux et Télécommunications,Recherche expérimentale,0.883,3,10,2,1.0,1,0,1,0,0,0,REJETE
PRJ-0218,Classification automatique de documents administratifs par traitement du langage naturel,"Ce projet applique des techniques de NLP (TF-IDF, BERT) pour classifier automatiquement des documents administratifs numérisés en catégories prédéfinies. L'objectif est de réduire le temps de traitement manuel dans les services administratifs.",IA / Machine Learning,Réseaux et Télécommunications,Étude de cas,0.3,10,32,3,0.906,1,2,0,0,1,0,REVISION_NECESSAIRE
PRJ-0278,Création d'un site web pour une école,"Le projet consiste à créer un site web pour une école. Le site aura des pages pour présenter l'école, les cours et les professeurs. Il y aura aussi un espace pour les étudiants.",Développement Web,Data Science,Recherche appliquée,0.377,7,33,4,0.758,0,0,0,0,1,0,REJETE
PRJ-0488,Application,Une application mobile.,IA / Machine Learning,Systèmes Embarqués,Prototypage,0.597,1,3,2,1.0,0,0,0,0,0,0,REJETE
PRJ-0300,Analyse des données de vente d'une entreprise,Ce travail va analyser les données de vente d'une entreprise commerciale pour trouver des tendances. On utilisera Excel et Python pour faire les analyses et créer des graphiques.,IA / Machine Learning,Génie Logiciel,Développement logiciel (SCRUM),0.51,7,28,3,0.857,2,1,0,0,0,0,REJETE
PRJ-0521,Faire un jeu vidéo,Je veux faire un jeu. Ce sera amusant.,Réseaux,Génie Logiciel,Étude de cas,0.885,4,8,3,1.0,0,0,1,0,0,0,REJETE
PRJ-0389,Application pour gérer les notes des étudiants,Je veux faire une application pour gérer les notes. Elle permettra d'entrer les notes et de calculer les moyennes. Ce sera utile pour les professeurs.,Développement Web,Génie Informatique,Développement logiciel (SCRUM),0.661,7,25,4,0.84,0,0,0,0,0,0,REJETE
PRJ-0447,Mise en place d'un réseau local pour une entreprise v3,"Ce projet va mettre en place un réseau local pour une petite entreprise. On va choisir les équipements, configurer les switches et les routeurs, et tester la connectivité.",IA / Machine Learning,Systèmes Embarqués,Recherche expérimentale,0.676,10,28,3,0.857,1,0,0,0,0,0,REJETE
PRJ-0595,Intelligence artificielle générale,Créer une intelligence artificielle générale capable de tout faire comme un humain.,Développement Web,Data Science,Recherche appliquée,0.549,3,12,2,1.0,0,0,1,0,0,1,REJETE
PRJ-0527,Projet sur la blockchain,La blockchain c'est bien. Je vais faire quelque chose avec la blockchain.,Cybersécurité,Data Science,Recherche expérimentale,0.807,4,12,3,0.917,0,1,1,0,0,0,REJETE
PRJ-0197,Analyse prédictive du taux de décrochage scolaire par apprentissage automatique,"Cette recherche applique des algorithmes de machine learning (Random Forest, XGBoost) pour prédire le risque de décrochage scolaire à partir de données académiques et socio-économiques. Un tableau de bord de visualisation est développé pour les responsables pédagogiques.",Mobile,Systèmes Embarqués,Développement logiciel (SCRUM),0.02,10,37,3,0.865,3,2,0,0,0,0,APPROUVE
PRJ-0202,Plateforme e-commerce B2B pour l'approvisionnement des PME africaines,"Cette étude conçoit une marketplace B2B permettant aux PME d'Afrique de l'Ouest de s'approvisionner auprès de fournisseurs locaux et internationaux. La plateforme intègre un module de paiement mobile money, une gestion des stocks et un système de notation des fournisseurs.",Bases de données,Réseaux et Télécommunications,Étude de cas,0.097,8,40,3,0.8,3,0,0,0,0,0,APPROUVE
PRJ-0076,Système embarqué de surveillance environnementale basé sur IoT — Cas d'étude 6,"Ce projet développe un système de capteurs connectés (Arduino + Raspberry Pi) pour surveiller la qualité de l'air, l'humidité et la température dans un environnement industriel. Les données sont transmises via MQTT et visualisées sur un dashboard Grafana.",Cybersécurité,Génie Informatique,Développement logiciel (SCRUM),0.23,12,38,3,0.868,2,2,0,0,0,0,APPROUVE
PRJ-0309,Système de gestion de bibliothèque,"Développer un logiciel de gestion de bibliothèque qui permet d'enregistrer les livres, les emprunts et les retours. Le système aura une interface simple pour les bibliothécaires.",Bases de données,Systèmes Embarqués,Recherche appliquée,0.474,5,26,3,0.846,2,1,1,0,0,0,REJETE
PRJ-0569,Copie du système bancaire,Reproduire exactement le système de la banque Ecobank avec toutes ses fonctionnalités en 2 mois.,IA / Machine Learning,Cybersécurité,Prototypage,0.536,4,15,2,1.0,1,0,1,0,0,1,REJETE
PRJ-0432,Analyse des données de vente d'une entreprise,Ce travail va analyser les données de vente d'une entreprise commerciale pour trouver des tendances. On utilisera Excel et Python pour faire les analyses et créer des graphiques.,Réseaux,Cybersécurité,Étude de cas,0.45,7,28,3,0.857,2,1,0,0,0,0,REJETE
PRJ-0458,Application de chat en temps réel,Ce projet vise à créer une application de messagerie instantanée. Les utilisateurs pourront envoyer des messages en temps réel. On utilisera des websockets pour la communication.,Mobile,Data Science,Prototypage,0.293,6,26,4,0.962,0,0,0,0,1,0,REJETE
PRJ-0177,Conception d'un entrepôt de données pour le suivi épidémiologique au Ministère de la Santé,"Ce projet vise à concevoir un data warehouse selon la modélisation en étoile pour centraliser les données épidémiologiques nationales. Il inclut la mise en place d'un pipeline ETL, le déploiement sous PostgreSQL et la création de rapports analytiques sur Power BI.",Bases de données,Data Science,Recherche appliquée,0.116,14,41,3,0.927,2,1,0,0,1,0,APPROUVE
PRJ-0108,Système embarqué de surveillance environnementale basé sur IoT,"Ce projet développe un système de capteurs connectés (Arduino + Raspberry Pi) pour surveiller la qualité de l'air, l'humidité et la température dans un environnement industriel. Les données sont transmises via MQTT et visualisées sur un dashboard Grafana.",Bases de données,Génie Informatique,Recherche expérimentale,0.432,8,38,3,0.868,2,2,0,0,0,0,REVISION_NECESSAIRE
PRJ-0099,Système embarqué de surveillance environnementale basé sur IoT,"Ce projet développe un système de capteurs connectés (Arduino + Raspberry Pi) pour surveiller la qualité de l'air, l'humidité et la température dans un environnement industriel. Les données sont transmises via MQTT et visualisées sur un dashboard Grafana.",Systèmes Embarqués,Réseaux et Télécommunications,Développement logiciel (SCRUM),0.243,8,38,3,0.868,2,2,0,0,0,0,REVISION_NECESSAIRE
PRJ-0203,Déploiement d'une infrastructure réseau WiFi communautaire à faible coût,"Cette étude propose le déploiement d'un réseau WiFi communautaire dans un quartier périurbain de Lomé en utilisant des équipements open source. Le projet couvre la conception, la simulation sous GNS3, le déploiement et la mesure des performances réelles.",Développement Web,Data Science,Étude de cas,0.179,9,38,3,0.842,2,0,0,0,0,0,APPROUVE
PRJ-0413,Système de gestion de bibliothèque,"Développer un logiciel de gestion de bibliothèque qui permet d'enregistrer les livres, les emprunts et les retours. Le système aura une interface simple pour les bibliothécaires.",Cloud / DevOps,Réseaux et Télécommunications,Recherche expérimentale,0.293,5,26,3,0.846,2,1,1,0,0,0,REJETE
PRJ-0442,Mise en place d'un réseau local pour une entreprise,"Ce projet va mettre en place un réseau local pour une petite entreprise. On va choisir les équipements, configurer les switches et les routeurs, et tester la connectivité.",Mobile,Cybersécurité,Prototypage,0.648,9,28,3,0.857,1,0,0,0,0,0,REJETE
PRJ-0154,Plateforme e-commerce B2B pour l'approvisionnement des PME africaines,"Cette étude conçoit une marketplace B2B permettant aux PME d'Afrique de l'Ouest de s'approvisionner auprès de fournisseurs locaux et internationaux. La plateforme intègre un module de paiement mobile money, une gestion des stocks et un système de notation des fournisseurs.",Cloud / DevOps,Systèmes Embarqués,Recherche appliquée,0.15,8,40,3,0.8,3,0,0,0,0,0,REVISION_NECESSAIRE
PRJ-0575,Application,Une application mobile.,Systèmes Embarqués,Systèmes Embarqués,Recherche appliquée,0.89,1,3,2,1.0,0,0,0,0,0,0,REJETE
PRJ-0598,Recherche sur internet,Je vais chercher des informations sur internet sur plusieurs sujets informatiques et faire un résumé de ce que j'ai trouvé.,Mobile,Data Science,Étude de cas,0.795,3,20,2,0.95,0,0,3,0,0,0,REJETE
PRJ-0027,Plateforme e-commerce B2B pour l'approvisionnement des PME africaines,"Cette étude conçoit une marketplace B2B permettant aux PME d'Afrique de l'Ouest de s'approvisionner auprès de fournisseurs locaux et internationaux. La plateforme intègre un module de paiement mobile money, une gestion des stocks et un système de notation des fournisseurs.",Cloud / DevOps,Réseaux et Télécommunications,Prototypage,0.237,8,40,3,0.8,3,0,0,0,0,0,REVISION_NECESSAIRE
PRJ-0478,Application,Une application mobile.,Cybersécurité,Systèmes Embarqués,Recherche appliquée,0.504,1,3,2,1.0,0,0,0,0,0,0,REJETE
PRJ-0045,Implémentation d'un SIEM open source pour la détection d'intrusions en entreprise,Ce travail consiste à déployer et configurer un SIEM basé sur Wazuh/ELK Stack pour centraliser la gestion des logs et détecter les intrusions dans une PME locale. Il inclut la définition des règles de corrélation et les procédures de réponse aux incidents.,Réseaux,Cybersécurité,Prototypage,0.401,11,42,3,0.857,1,0,0,0,1,0,REVISION_NECESSAIRE
PRJ-0378,Système de gestion de bibliothèque,"Développer un logiciel de gestion de bibliothèque qui permet d'enregistrer les livres, les emprunts et les retours. Le système aura une interface simple pour les bibliothécaires.",IA / Machine Learning,Génie Logiciel,Recherche expérimentale,0.407,5,26,3,0.846,2,1,1,0,0,0,REJETE
PRJ-0308,Système de gestion de bibliothèque,"Développer un logiciel de gestion de bibliothèque qui permet d'enregistrer les livres, les emprunts et les retours. Le système aura une interface simple pour les bibliothécaires.",Systèmes Embarqués,Cybersécurité,Recherche appliquée,0.696,5,26,3,0.846,2,1,1,0,0,0,REJETE
PRJ-0280,Analyse des données de vente d'une entreprise,Ce travail va analyser les données de vente d'une entreprise commerciale pour trouver des tendances. On utilisera Excel et Python pour faire les analyses et créer des graphiques.,Systèmes Embarqués,Cybersécurité,Étude de cas,0.6,7,28,3,0.857,2,1,0,0,0,0,REJETE
PRJ-0476,Projet sur la blockchain,La blockchain c'est bien. Je vais faire quelque chose avec la blockchain.,Développement Web,Génie Logiciel,Recherche appliquée,0.672,4,12,3,0.917,0,1,1,0,0,0,REJETE
PRJ-0421,Développement d'une application Android pour les transports,On va développer une application Android pour les transports en commun. L'application montrera les horaires et les itinéraires disponibles dans la ville.,Réseaux,Cybersécurité,Prototypage,0.713,7,22,3,0.909,1,1,0,0,0,0,REJETE
PRJ-0150,Plateforme e-commerce B2B pour l'approvisionnement des PME africaines,"Cette étude conçoit une marketplace B2B permettant aux PME d'Afrique de l'Ouest de s'approvisionner auprès de fournisseurs locaux et internationaux. La plateforme intègre un module de paiement mobile money, une gestion des stocks et un système de notation des fournisseurs.",Bases de données,Systèmes Embarqués,Recherche expérimentale,0.187,8,40,3,0.8,3,0,0,0,0,0,APPROUVE
PRJ-0111,Développement d'une application mobile de télémédecine pour les zones rurales togolaises — Cas d'étude 1,"Cette étude propose le développement d'une application Android permettant aux patients des zones rurales d'accéder à des consultations médicales à distance. L'application intègre un module de géolocalisation des centres de santé, un système de prise de rendez-vous et un dossier médical numérique simplifié.",Bases de données,Cybersécurité,Prototypage,0.203,15,43,3,0.814,2,1,0,0,0,0,REVISION_NECESSAIRE
PRJ-0142,Implémentation d'un SIEM open source pour la détection d'intrusions en entreprise,Ce travail consiste à déployer et configurer un SIEM basé sur Wazuh/ELK Stack pour centraliser la gestion des logs et détecter les intrusions dans une PME locale. Il inclut la définition des règles de corrélation et les procédures de réponse aux incidents.,Cloud / DevOps,Cybersécurité,Développement logiciel (SCRUM),0.13,11,42,3,0.857,1,0,0,0,1,0,APPROUVE
PRJ-0013,Analyse prédictive du taux de décrochage scolaire par apprentissage automatique,"Cette recherche applique des algorithmes de machine learning (Random Forest, XGBoost) pour prédire le risque de décrochage scolaire à partir de données académiques et socio-économiques. Un tableau de bord de visualisation est développé pour les responsables pédagogiques.",IA / Machine Learning,Réseaux et Télécommunications,Développement logiciel (SCRUM),0.379,10,37,3,0.865,3,2,0,0,0,0,APPROUVE
PRJ-0189,Conception d'un entrepôt de données pour le suivi épidémiologique au Ministère de la Santé,"Ce projet vise à concevoir un data warehouse selon la modélisation en étoile pour centraliser les données épidémiologiques nationales. Il inclut la mise en place d'un pipeline ETL, le déploiement sous PostgreSQL et la création de rapports analytiques sur Power BI.",Bases de données,Génie Logiciel,Recherche expérimentale,0.055,14,41,3,0.927,2,1,0,0,1,0,APPROUVE
PRJ-0384,Analyse des données de vente d'une entreprise,Ce travail va analyser les données de vente d'une entreprise commerciale pour trouver des tendances. On utilisera Excel et Python pour faire les analyses et créer des graphiques.,Cloud / DevOps,Génie Logiciel,Prototypage,0.404,7,28,3,0.857,2,1,0,0,0,0,REJETE
PRJ-0404,Application pour gérer les notes des étudiants,Je veux faire une application pour gérer les notes. Elle permettra d'entrer les notes et de calculer les moyennes. Ce sera utile pour les professeurs.,Développement Web,Data Science,Prototypage,0.328,7,25,4,0.84,0,0,0,0,0,0,REJETE
PRJ-0310,Mise en place d'un réseau local pour une entreprise,"Ce projet va mettre en place un réseau local pour une petite entreprise. On va choisir les équipements, configurer les switches et les routeurs, et tester la connectivité.",Bases de données,Réseaux et Télécommunications,Recherche expérimentale,0.72,9,28,3,0.857,1,0,0,0,0,0,REJETE
PRJ-0035,Développement d'une application mobile de télémédecine pour les zones rurales togolaises,"Cette étude propose le développement d'une application Android permettant aux patients des zones rurales d'accéder à des consultations médicales à distance. L'application intègre un module de géolocalisation des centres de santé, un système de prise de rendez-vous et un dossier médical numérique simplifié.",Développement Web,Réseaux et Télécommunications,Recherche expérimentale,0.328,11,43,3,0.814,2,1,0,0,0,0,REVISION_NECESSAIRE
PRJ-0456,Analyse des données de vente d'une entreprise,Ce travail va analyser les données de vente d'une entreprise commerciale pour trouver des tendances. On utilisera Excel et Python pour faire les analyses et créer des graphiques.,Cloud / DevOps,Réseaux et Télécommunications,Prototypage,0.536,7,28,3,0.857,2,1,0,0,0,0,REJETE
PRJ-0257,Création d'un site web pour une école,"Le projet consiste à créer un site web pour une école. Le site aura des pages pour présenter l'école, les cours et les professeurs. Il y aura aussi un espace pour les étudiants.",Réseaux,Systèmes Embarqués,Recherche appliquée,0.25,7,33,4,0.758,0,0,0,0,1,0,REJETE
PRJ-0477,Étude de tout ce qui concerne les réseaux,Ce mémoire va couvrir tous les aspects des réseaux informatiques depuis les débuts jusqu'à aujourd'hui.,Cybersécurité,Génie Informatique,Recherche expérimentale,0.562,8,15,2,0.933,0,0,0,0,1,1,REJETE
PRJ-0217,Analyse prédictive du taux de décrochage scolaire par apprentissage automatique,"Cette recherche applique des algorithmes de machine learning (Random Forest, XGBoost) pour prédire le risque de décrochage scolaire à partir de données académiques et socio-économiques. Un tableau de bord de visualisation est développé pour les responsables pédagogiques.",Cloud / DevOps,Génie Logiciel,Recherche appliquée,0.051,10,37,3,0.865,3,2,0,0,0,0,APPROUVE
PRJ-0299,Étude sur la sécurité des réseaux wifi v2,Ce projet parle de la sécurité wifi. On va voir comment sécuriser un réseau wifi et quels sont les problèmes qui existent avec les réseaux sans fil dans les entreprises.,Cybersécurité,Réseaux et Télécommunications,Prototypage,0.293,8,30,3,0.933,1,0,0,0,0,0,REJETE
PRJ-0307,Création d'un site web pour une école v4,"Le projet consiste à créer un site web pour une école. Le site aura des pages pour présenter l'école, les cours et les professeurs. Il y aura aussi un espace pour les étudiants.",Cloud / DevOps,Cybersécurité,Étude de cas,0.36,8,33,4,0.758,0,0,0,0,1,0,REJETE
PRJ-0032,Analyse prédictive du taux de décrochage scolaire par apprentissage automatique,"Cette recherche applique des algorithmes de machine learning (Random Forest, XGBoost) pour prédire le risque de décrochage scolaire à partir de données académiques et socio-économiques. Un tableau de bord de visualisation est développé pour les responsables pédagogiques.",Cybersécurité,Génie Informatique,Prototypage,0.218,10,37,3,0.865,3,2,0,0,0,0,REVISION_NECESSAIRE
PRJ-0151,Système embarqué de surveillance environnementale basé sur IoT — Cas d'étude 1,"Ce projet développe un système de capteurs connectés (Arduino + Raspberry Pi) pour surveiller la qualité de l'air, l'humidité et la température dans un environnement industriel. Les données sont transmises via MQTT et visualisées sur un dashboard Grafana.",Cybersécurité,Génie Logiciel,Recherche appliquée,0.173,12,38,3,0.868,2,2,0,0,0,0,APPROUVE
PRJ-0548,Recherche sur internet,Je vais chercher des informations sur internet sur plusieurs sujets informatiques et faire un résumé de ce que j'ai trouvé.,Réseaux,Génie Informatique,Prototypage,0.914,3,20,2,0.95,0,0,3,0,0,0,REJETE
PRJ-0244,Implémentation d'un SIEM open source pour la détection d'intrusions en entreprise,Ce travail consiste à déployer et configurer un SIEM basé sur Wazuh/ELK Stack pour centraliser la gestion des logs et détecter les intrusions dans une PME locale. Il inclut la définition des règles de corrélation et les procédures de réponse aux incidents.,Cybersécurité,Génie Informatique,Prototypage,0.148,11,42,3,0.857,1,0,0,0,1,0,APPROUVE
PRJ-0283,Mise en place d'un réseau local pour une entreprise v4,"Ce projet va mettre en place un réseau local pour une petite entreprise. On va choisir les équipements, configurer les switches et les routeurs, et tester la connectivité.",Systèmes Embarqués,Data Science,Étude de cas,0.237,10,28,3,0.857,1,0,0,0,0,0,REJETE
PRJ-0409,Analyse des données de vente d'une entreprise,Ce travail va analyser les données de vente d'une entreprise commerciale pour trouver des tendances. On utilisera Excel et Python pour faire les analyses et créer des graphiques.,Mobile,Systèmes Embarqués,Recherche appliquée,0.25,7,28,3,0.857,2,1,0,0,0,0,REJETE
PRJ-0287,Développement d'une application Android pour les transports v2,On va développer une application Android pour les transports en commun. L'application montrera les horaires et les itinéraires disponibles dans la ville.,Mobile,Génie Informatique,Étude de cas,0.265,8,22,3,0.909,1,1,0,0,0,0,REJETE
PRJ-0325,Analyse des données de vente d'une entreprise,Ce travail va analyser les données de vente d'une entreprise commerciale pour trouver des tendances. On utilisera Excel et Python pour faire les analyses et créer des graphiques.,Réseaux,Systèmes Embarqués,Prototypage,0.427,7,28,3,0.857,2,1,0,0,0,0,REJETE
PRJ-0501,Projet sur la blockchain,La blockchain c'est bien. Je vais faire quelque chose avec la blockchain.,Cybersécurité,Génie Logiciel,Prototypage,0.914,4,12,3,0.917,0,1,1,0,0,0,REJETE
PRJ-0235,Plateforme e-commerce B2B pour l'approvisionnement des PME africaines,"Cette étude conçoit une marketplace B2B permettant aux PME d'Afrique de l'Ouest de s'approvisionner auprès de fournisseurs locaux et internationaux. La plateforme intègre un module de paiement mobile money, une gestion des stocks et un système de notation des fournisseurs.",IA / Machine Learning,Systèmes Embarqués,Prototypage,0.261,8,40,3,0.8,3,0,0,0,0,0,REVISION_NECESSAIRE
PRJ-0439,Système de gestion de bibliothèque v4,"Développer un logiciel de gestion de bibliothèque qui permet d'enregistrer les livres, les emprunts et les retours. Le système aura une interface simple pour les bibliothécaires.",Développement Web,Cybersécurité,Développement logiciel (SCRUM),0.587,6,26,3,0.846,2,1,1,0,0,0,REJETE
PRJ-0201,Plateforme e-commerce B2B pour l'approvisionnement des PME africaines — Cas d'étude 1,"Cette étude conçoit une marketplace B2B permettant aux PME d'Afrique de l'Ouest de s'approvisionner auprès de fournisseurs locaux et internationaux. La plateforme intègre un module de paiement mobile money, une gestion des stocks et un système de notation des fournisseurs.",Cloud / DevOps,Génie Logiciel,Développement logiciel (SCRUM),0.227,12,40,3,0.8,3,0,0,0,0,0,REVISION_NECESSAIRE
PRJ-0271,Mise en place d'un réseau local pour une entreprise v4,"Ce projet va mettre en place un réseau local pour une petite entreprise. On va choisir les équipements, configurer les switches et les routeurs, et tester la connectivité.",Développement Web,Génie Informatique,Étude de cas,0.646,10,28,3,0.857,1,0,0,0,0,0,REJETE
PRJ-0118,Déploiement d'une infrastructure réseau WiFi communautaire à faible coût,"Cette étude propose le déploiement d'un réseau WiFi communautaire dans un quartier périurbain de Lomé en utilisant des équipements open source. Le projet couvre la conception, la simulation sous GNS3, le déploiement et la mesure des performances réelles.",Mobile,Data Science,Recherche expérimentale,0.204,9,38,3,0.842,2,0,0,0,0,0,REVISION_NECESSAIRE
PRJ-0468,Création d'un site web pour une école,"Le projet consiste à créer un site web pour une école. Le site aura des pages pour présenter l'école, les cours et les professeurs. Il y aura aussi un espace pour les étudiants.",Systèmes Embarqués,Génie Informatique,Développement logiciel (SCRUM),0.467,7,33,4,0.758,0,0,0,0,1,0,REJETE
PRJ-0101,Mise en place d'un système de vote électronique sécurisé pour les élections universitaires — Cas d'étude 1,"Ce projet consiste à concevoir et déployer une plateforme de vote électronique sécurisée basée sur la cryptographie asymétrique et la blockchain légère. L'objectif est de garantir l'anonymat, l'intégrité et la traçabilité des votes lors des élections au sein de l'université.",Développement Web,Cybersécurité,Recherche expérimentale,0.213,17,40,3,0.825,4,1,0,0,1,0,APPROUVE
PRJ-0374,Développement d'une application Android pour les transports,On va développer une application Android pour les transports en commun. L'application montrera les horaires et les itinéraires disponibles dans la ville.,Cybersécurité,Cybersécurité,Étude de cas,0.365,7,22,3,0.909,1,1,0,0,0,0,REJETE
PRJ-0427,Étude sur la sécurité des réseaux wifi v4,Ce projet parle de la sécurité wifi. On va voir comment sécuriser un réseau wifi et quels sont les problèmes qui existent avec les réseaux sans fil dans les entreprises.,Systèmes Embarqués,Réseaux et Télécommunications,Prototypage,0.337,8,30,3,0.933,1,0,0,0,0,0,REJETE
PRJ-0423,Mise en place d'un réseau local pour une entreprise v3,"Ce projet va mettre en place un réseau local pour une petite entreprise. On va choisir les équipements, configurer les switches et les routeurs, et tester la connectivité.",Développement Web,Systèmes Embarqués,Étude de cas,0.657,10,28,3,0.857,1,0,0,0,0,0,REJETE
PRJ-0051,Conception d'un système de détection de fraude bancaire par deep learning au Togo — Cas d'étude 1,"Ce travail vise à concevoir et implémenter un système intelligent de détection de transactions frauduleuses en utilisant des réseaux de neurones LSTM appliqués aux données de mobile money au Togo. La méthodologie inclut la collecte de données anonymisées, le prétraitement, l'entraînement du modèle et l'évaluation des performances sur un jeu de test réel.",Développement Web,Réseaux et Télécommunications,Recherche appliquée,0.25,17,53,3,0.811,7,1,0,1,1,0,APPROUVE
PRJ-0157,Système embarqué de surveillance environnementale basé sur IoT,"Ce projet développe un système de capteurs connectés (Arduino + Raspberry Pi) pour surveiller la qualité de l'air, l'humidité et la température dans un environnement industriel. Les données sont transmises via MQTT et visualisées sur un dashboard Grafana.",Systèmes Embarqués,Génie Logiciel,Étude de cas,0.057,8,38,3,0.868,2,2,0,0,0,0,APPROUVE
PRJ-0066,Conception d'un entrepôt de données pour le suivi épidémiologique au Ministère de la Santé — Cas d'étude 6,"Ce projet vise à concevoir un data warehouse selon la modélisation en étoile pour centraliser les données épidémiologiques nationales. Il inclut la mise en place d'un pipeline ETL, le déploiement sous PostgreSQL et la création de rapports analytiques sur Power BI.",Systèmes Embarqués,Génie Logiciel,Développement logiciel (SCRUM),0.229,18,41,3,0.927,2,1,0,0,1,0,APPROUVE
PRJ-0237,Développement d'une application mobile de télémédecine pour les zones rurales togolaises,"Cette étude propose le développement d'une application Android permettant aux patients des zones rurales d'accéder à des consultations médicales à distance. L'application intègre un module de géolocalisation des centres de santé, un système de prise de rendez-vous et un dossier médical numérique simplifié.",Développement Web,Cybersécurité,Recherche expérimentale,0.377,11,43,3,0.814,2,1,0,0,0,0,APPROUVE
PRJ-0105,Développement d'une application mobile de télémédecine pour les zones rurales togolaises,"Cette étude propose le développement d'une application Android permettant aux patients des zones rurales d'accéder à des consultations médicales à distance. L'application intègre un module de géolocalisation des centres de santé, un système de prise de rendez-vous et un dossier médical numérique simplifié.",Réseaux,Génie Logiciel,Recherche appliquée,0.374,11,43,3,0.814,2,1,0,0,0,0,APPROUVE
PRJ-0377,Application de chat en temps réel,Ce projet vise à créer une application de messagerie instantanée. Les utilisateurs pourront envoyer des messages en temps réel. On utilisera des websockets pour la communication.,Bases de données,Data Science,Développement logiciel (SCRUM),0.556,6,26,4,0.962,0,0,0,0,1,0,REJETE
PRJ-0438,Système de gestion de bibliothèque,"Développer un logiciel de gestion de bibliothèque qui permet d'enregistrer les livres, les emprunts et les retours. Le système aura une interface simple pour les bibliothécaires.",IA / Machine Learning,Génie Informatique,Recherche expérimentale,0.436,5,26,3,0.846,2,1,1,0,0,0,REJETE
PRJ-0275,Application de chat en temps réel v2,Ce projet vise à créer une application de messagerie instantanée. Les utilisateurs pourront envoyer des messages en temps réel. On utilisera des websockets pour la communication.,Cloud / DevOps,Génie Informatique,Étude de cas,0.402,7,26,4,0.962,0,0,0,0,1,0,REJETE
PRJ-0326,Mise en place d'un réseau local pour une entreprise,"Ce projet va mettre en place un réseau local pour une petite entreprise. On va choisir les équipements, configurer les switches et les routeurs, et tester la connectivité.",IA / Machine Learning,Génie Informatique,Recherche expérimentale,0.605,9,28,3,0.857,1,0,0,0,0,0,REJETE
PRJ-0036,Analyse prédictive du taux de décrochage scolaire par apprentissage automatique — Cas d'étude 6,"Cette recherche applique des algorithmes de machine learning (Random Forest, XGBoost) pour prédire le risque de décrochage scolaire à partir de données académiques et socio-économiques. Un tableau de bord de visualisation est développé pour les responsables pédagogiques.",Cybersécurité,Data Science,Étude de cas,0.063,14,37,3,0.865,3,2,0,0,0,0,APPROUVE
PRJ-0127,Implémentation d'un SIEM open source pour la détection d'intrusions en entreprise,Ce travail consiste à déployer et configurer un SIEM basé sur Wazuh/ELK Stack pour centraliser la gestion des logs et détecter les intrusions dans une PME locale. Il inclut la définition des règles de corrélation et les procédures de réponse aux incidents.,Réseaux,Cybersécurité,Étude de cas,0.356,11,42,3,0.857,1,0,0,0,1,0,APPROUVE
PRJ-0043,Classification automatique de documents administratifs par traitement du langage naturel,"Ce projet applique des techniques de NLP (TF-IDF, BERT) pour classifier automatiquement des documents administratifs numérisés en catégories prédéfinies. L'objectif est de réduire le temps de traitement manuel dans les services administratifs.",Cybersécurité,Génie Logiciel,Prototypage,0.414,10,32,3,0.906,1,2,0,0,1,0,REVISION_NECESSAIRE
PRJ-0411,Développement d'une application Android pour les transports v3,On va développer une application Android pour les transports en commun. L'application montrera les horaires et les itinéraires disponibles dans la ville.,Développement Web,Cybersécurité,Prototypage,0.249,8,22,3,0.909,1,1,0,0,0,0,REJETE
PRJ-0539,Recherche sur internet,Je vais chercher des informations sur internet sur plusieurs sujets informatiques et faire un résumé de ce que j'ai trouvé.,Réseaux,Cybersécurité,Recherche expérimentale,0.541,3,20,2,0.95,0,0,3,0,0,0,REJETE
PRJ-0367,Application pour gérer les notes des étudiants v4,Je veux faire une application pour gérer les notes. Elle permettra d'entrer les notes et de calculer les moyennes. Ce sera utile pour les professeurs.,IA / Machine Learning,Systèmes Embarqués,Prototypage,0.237,8,25,4,0.84,0,0,0,0,0,0,REJETE
PRJ-0180,Développement d'une application mobile de télémédecine pour les zones rurales togolaises,"Cette étude propose le développement d'une application Android permettant aux patients des zones rurales d'accéder à des consultations médicales à distance. L'application intègre un module de géolocalisation des centres de santé, un système de prise de rendez-vous et un dossier médical numérique simplifié.",Mobile,Cybersécurité,Étude de cas,0.303,11,43,3,0.814,2,1,0,0,0,0,REVISION_NECESSAIRE
PRJ-0096,Classification automatique de documents administratifs par traitement du langage naturel — Cas d'étude 6,"Ce projet applique des techniques de NLP (TF-IDF, BERT) pour classifier automatiquement des documents administratifs numérisés en catégories prédéfinies. L'objectif est de réduire le temps de traitement manuel dans les services administratifs.",Cloud / DevOps,Réseaux et Télécommunications,Étude de cas,0.038,14,32,3,0.906,1,2,0,0,1,0,APPROUVE
PRJ-0322,Application de chat en temps réel,Ce projet vise à créer une application de messagerie instantanée. Les utilisateurs pourront envoyer des messages en temps réel. On utilisera des websockets pour la communication.,Réseaux,Génie Informatique,Développement logiciel (SCRUM),0.631,6,26,4,0.962,0,0,0,0,1,0,REJETE
PRJ-0566,Copie du système bancaire,Reproduire exactement le système de la banque Ecobank avec toutes ses fonctionnalités en 2 mois.,Cybersécurité,Génie Informatique,Développement logiciel (SCRUM),0.754,4,15,2,1.0,1,0,1,0,0,1,REJETE
PRJ-0075,Analyse prédictive du taux de décrochage scolaire par apprentissage automatique,"Cette recherche applique des algorithmes de machine learning (Random Forest, XGBoost) pour prédire le risque de décrochage scolaire à partir de données académiques et socio-économiques. Un tableau de bord de visualisation est développé pour les responsables pédagogiques.",Systèmes Embarqués,Systèmes Embarqués,Étude de cas,0.261,10,37,3,0.865,3,2,0,0,0,0,REVISION_NECESSAIRE
PRJ-0551,Projet sur la blockchain,La blockchain c'est bien. Je vais faire quelque chose avec la blockchain.,Développement Web,Data Science,Recherche appliquée,0.594,4,12,3,0.917,0,1,1,0,0,0,REJETE
PRJ-0547,Faire un jeu vidéo,Je veux faire un jeu. Ce sera amusant.,Cloud / DevOps,Cybersécurité,Développement logiciel (SCRUM),0.927,4,8,3,1.0,0,0,1,0,0,0,REJETE
PRJ-0213,Conception d'un système de détection de fraude bancaire par deep learning au Togo,"Ce travail vise à concevoir et implémenter un système intelligent de détection de transactions frauduleuses en utilisant des réseaux de neurones LSTM appliqués aux données de mobile money au Togo. La méthodologie inclut la collecte de données anonymisées, le prétraitement, l'entraînement du modèle et l'évaluation des performances sur un jeu de test réel.",Cloud / DevOps,Systèmes Embarqués,Étude de cas,0.239,13,53,3,0.811,7,1,0,1,1,0,APPROUVE
PRJ-0545,Projet sur la blockchain,La blockchain c'est bien. Je vais faire quelque chose avec la blockchain.,Systèmes Embarqués,Réseaux et Télécommunications,Prototypage,0.578,4,12,3,0.917,0,1,1,0,0,0,REJETE
PRJ-0366,Mise en place d'un réseau local pour une entreprise,"Ce projet va mettre en place un réseau local pour une petite entreprise. On va choisir les équipements, configurer les switches et les routeurs, et tester la connectivité.",Développement Web,Génie Logiciel,Étude de cas,0.352,9,28,3,0.857,1,0,0,0,0,0,REJETE
PRJ-0362,Analyse des données de vente d'une entreprise,Ce travail va analyser les données de vente d'une entreprise commerciale pour trouver des tendances. On utilisera Excel et Python pour faire les analyses et créer des graphiques.,Cloud / DevOps,Systèmes Embarqués,Développement logiciel (SCRUM),0.41,7,28,3,0.857,2,1,0,0,0,0,REJETE
PRJ-0400,Étude sur la sécurité des réseaux wifi,Ce projet parle de la sécurité wifi. On va voir comment sécuriser un réseau wifi et quels sont les problèmes qui existent avec les réseaux sans fil dans les entreprises.,IA / Machine Learning,Réseaux et Télécommunications,Recherche appliquée,0.354,7,30,3,0.933,1,0,0,0,0,0,REJETE
PRJ-0597,Copie du système bancaire,Reproduire exactement le système de la banque Ecobank avec toutes ses fonctionnalités en 2 mois.,Cloud / DevOps,Génie Informatique,Recherche appliquée,0.862,4,15,2,1.0,1,0,1,0,0,1,REJETE
PRJ-0579,Faire un jeu vidéo,Je veux faire un jeu. Ce sera amusant.,Mobile,Data Science,Étude de cas,0.857,4,8,3,1.0,0,0,1,0,0,0,REJETE
PRJ-0464,Application de chat en temps réel,Ce projet vise à créer une application de messagerie instantanée. Les utilisateurs pourront envoyer des messages en temps réel. On utilisera des websockets pour la communication.,Bases de données,Systèmes Embarqués,Recherche appliquée,0.683,6,26,4,0.962,0,0,0,0,1,0,REJETE
PRJ-0030,Plateforme e-commerce B2B pour l'approvisionnement des PME africaines,"Cette étude conçoit une marketplace B2B permettant aux PME d'Afrique de l'Ouest de s'approvisionner auprès de fournisseurs locaux et internationaux. La plateforme intègre un module de paiement mobile money, une gestion des stocks et un système de notation des fournisseurs.",Développement Web,Génie Informatique,Développement logiciel (SCRUM),0.099,8,40,3,0.8,3,0,0,0,0,0,REVISION_NECESSAIRE
PRJ-0116,Système embarqué de surveillance environnementale basé sur IoT — Cas d'étude 6,"Ce projet développe un système de capteurs connectés (Arduino + Raspberry Pi) pour surveiller la qualité de l'air, l'humidité et la température dans un environnement industriel. Les données sont transmises via MQTT et visualisées sur un dashboard Grafana.",Réseaux,Systèmes Embarqués,Recherche expérimentale,0.042,12,38,3,0.868,2,2,0,0,0,0,APPROUVE
PRJ-0348,Développement d'une application Android pour les transports,On va développer une application Android pour les transports en commun. L'application montrera les horaires et les itinéraires disponibles dans la ville.,Systèmes Embarqués,Data Science,Prototypage,0.615,7,22,3,0.909,1,1,0,0,0,0,REJETE
PRJ-0394,Étude sur la sécurité des réseaux wifi,Ce projet parle de la sécurité wifi. On va voir comment sécuriser un réseau wifi et quels sont les problèmes qui existent avec les réseaux sans fil dans les entreprises.,Mobile,Data Science,Recherche appliquée,0.333,7,30,3,0.933,1,0,0,0,0,0,REJETE
PRJ-0511,Application,Une application mobile.,Cloud / DevOps,Génie Informatique,Recherche appliquée,0.604,1,3,2,1.0,0,0,0,0,0,0,REJETE
PRJ-0293,Création d'un site web pour une école,"Le projet consiste à créer un site web pour une école. Le site aura des pages pour présenter l'école, les cours et les professeurs. Il y aura aussi un espace pour les étudiants.",Mobile,Systèmes Embarqués,Étude de cas,0.247,7,33,4,0.758,0,0,0,0,1,0,REJETE
PRJ-0233,Déploiement d'une infrastructure réseau WiFi communautaire à faible coût,"Cette étude propose le déploiement d'un réseau WiFi communautaire dans un quartier périurbain de Lomé en utilisant des équipements open source. Le projet couvre la conception, la simulation sous GNS3, le déploiement et la mesure des performances réelles.",Bases de données,Génie Logiciel,Développement logiciel (SCRUM),0.14,9,38,3,0.842,2,0,0,0,0,0,APPROUVE
PRJ-0289,Création d'un site web pour une école,"Le projet consiste à créer un site web pour une école. Le site aura des pages pour présenter l'école, les cours et les professeurs. Il y aura aussi un espace pour les étudiants.",Bases de données,Génie Logiciel,Recherche appliquée,0.449,7,33,4,0.758,0,0,0,0,1,0,REJETE
PRJ-0304,Développement d'une application Android pour les transports,On va développer une application Android pour les transports en commun. L'application montrera les horaires et les itinéraires disponibles dans la ville.,Cybersécurité,Data Science,Recherche appliquée,0.312,7,22,3,0.909,1,1,0,0,0,0,REJETE
PRJ-0187,Déploiement d'une infrastructure réseau WiFi communautaire à faible coût,"Cette étude propose le déploiement d'un réseau WiFi communautaire dans un quartier périurbain de Lomé en utilisant des équipements open source. Le projet couvre la conception, la simulation sous GNS3, le déploiement et la mesure des performances réelles.",Réseaux,Data Science,Développement logiciel (SCRUM),0.2,9,38,3,0.842,2,0,0,0,0,0,REVISION_NECESSAIRE
PRJ-0175,Classification automatique de documents administratifs par traitement du langage naturel,"Ce projet applique des techniques de NLP (TF-IDF, BERT) pour classifier automatiquement des documents administratifs numérisés en catégories prédéfinies. L'objectif est de réduire le temps de traitement manuel dans les services administratifs.",Mobile,Data Science,Étude de cas,0.059,10,32,3,0.906,1,2,0,0,1,0,REVISION_NECESSAIRE
PRJ-0408,Étude sur la sécurité des réseaux wifi,Ce projet parle de la sécurité wifi. On va voir comment sécuriser un réseau wifi et quels sont les problèmes qui existent avec les réseaux sans fil dans les entreprises.,Cybersécurité,Génie Informatique,Étude de cas,0.409,7,30,3,0.933,1,0,0,0,0,0,REJETE
PRJ-0452,Étude sur la sécurité des réseaux wifi,Ce projet parle de la sécurité wifi. On va voir comment sécuriser un réseau wifi et quels sont les problèmes qui existent avec les réseaux sans fil dans les entreprises.,Systèmes Embarqués,Cybersécurité,Développement logiciel (SCRUM),0.347,7,30,3,0.933,1,0,0,0,0,0,REJETE
PRJ-0261,Mise en place d'un réseau local pour une entreprise,"Ce projet va mettre en place un réseau local pour une petite entreprise. On va choisir les équipements, configurer les switches et les routeurs, et tester la connectivité.",Développement Web,Génie Logiciel,Recherche appliquée,0.203,9,28,3,0.857,1,0,0,0,0,0,REJETE
PRJ-0156,Conception d'un système de détection de fraude bancaire par deep learning au Togo — Cas d'étude 6,"Ce travail vise à concevoir et implémenter un système intelligent de détection de transactions frauduleuses en utilisant des réseaux de neurones LSTM appliqués aux données de mobile money au Togo. La méthodologie inclut la collecte de données anonymisées, le prétraitement, l'entraînement du modèle et l'évaluation des performances sur un jeu de test réel.",Cloud / DevOps,Systèmes Embarqués,Recherche expérimentale,0.213,17,53,3,0.811,7,1,0,1,1,0,APPROUVE
PRJ-0581,Étude de tout ce qui concerne les réseaux,Ce mémoire va couvrir tous les aspects des réseaux informatiques depuis les débuts jusqu'à aujourd'hui.,Développement Web,Réseaux et Télécommunications,Étude de cas,0.688,8,15,2,0.933,0,0,0,0,1,1,REJETE
PRJ-0001,Développement d'une application mobile de télémédecine pour les zones rurales togolaises — Cas d'étude 1,"Cette étude propose le développement d'une application Android permettant aux patients des zones rurales d'accéder à des consultations médicales à distance. L'application intègre un module de géolocalisation des centres de santé, un système de prise de rendez-vous et un dossier médical numérique simplifié.",Réseaux,Réseaux et Télécommunications,Développement logiciel (SCRUM),0.124,15,43,3,0.814,2,1,0,0,0,0,REVISION_NECESSAIRE
PRJ-0530,Intelligence artificielle générale,Créer une intelligence artificielle générale capable de tout faire comme un humain.,Réseaux,Génie Informatique,Prototypage,0.689,3,12,2,1.0,0,0,1,0,0,1,REJETE
PRJ-0212,Conception d'un système de détection de fraude bancaire par deep learning au Togo,"Ce travail vise à concevoir et implémenter un système intelligent de détection de transactions frauduleuses en utilisant des réseaux de neurones LSTM appliqués aux données de mobile money au Togo. La méthodologie inclut la collecte de données anonymisées, le prétraitement, l'entraînement du modèle et l'évaluation des performances sur un jeu de test réel.",Cloud / DevOps,Génie Logiciel,Recherche expérimentale,0.064,13,53,3,0.811,7,1,0,1,1,0,APPROUVE
PRJ-0499,Recherche sur internet,Je vais chercher des informations sur internet sur plusieurs sujets informatiques et faire un résumé de ce que j'ai trouvé.,Développement Web,Cybersécurité,Développement logiciel (SCRUM),0.615,3,20,2,0.95,0,0,3,0,0,0,REJETE
PRJ-0053,Classification automatique de documents administratifs par traitement du langage naturel,"Ce projet applique des techniques de NLP (TF-IDF, BERT) pour classifier automatiquement des documents administratifs numérisés en catégories prédéfinies. L'objectif est de réduire le temps de traitement manuel dans les services administratifs.",Mobile,Cybersécurité,Étude de cas,0.154,10,32,3,0.906,1,2,0,0,1,0,REVISION_NECESSAIRE
PRJ-0496,Intelligence artificielle générale,Créer une intelligence artificielle générale capable de tout faire comme un humain.,Mobile,Génie Informatique,Développement logiciel (SCRUM),0.557,3,12,2,1.0,0,0,1,0,0,1,REJETE
PRJ-0410,Application de chat en temps réel,Ce projet vise à créer une application de messagerie instantanée. Les utilisateurs pourront envoyer des messages en temps réel. On utilisera des websockets pour la communication.,Cloud / DevOps,Systèmes Embarqués,Prototypage,0.248,6,26,4,0.962,0,0,0,0,1,0,REJETE
PRJ-0430,Développement d'une application Android pour les transports,On va développer une application Android pour les transports en commun. L'application montrera les horaires et les itinéraires disponibles dans la ville.,Cybersécurité,Data Science,Développement logiciel (SCRUM),0.574,7,22,3,0.909,1,1,0,0,0,0,REJETE
PRJ-0162,Implémentation d'un SIEM open source pour la détection d'intrusions en entreprise,Ce travail consiste à déployer et configurer un SIEM basé sur Wazuh/ELK Stack pour centraliser la gestion des logs et détecter les intrusions dans une PME locale. Il inclut la définition des règles de corrélation et les procédures de réponse aux incidents.,Développement Web,Systèmes Embarqués,Recherche expérimentale,0.342,11,42,3,0.857,1,0,0,0,1,0,APPROUVE
PRJ-0588,Étude de tout ce qui concerne les réseaux,Ce mémoire va couvrir tous les aspects des réseaux informatiques depuis les débuts jusqu'à aujourd'hui.,Mobile,Génie Informatique,Développement logiciel (SCRUM),0.877,8,15,2,0.933,0,0,0,0,1,1,REJETE
PRJ-0256,Étude sur la sécurité des réseaux wifi,Ce projet parle de la sécurité wifi. On va voir comment sécuriser un réseau wifi et quels sont les problèmes qui existent avec les réseaux sans fil dans les entreprises.,Mobile,Systèmes Embarqués,Prototypage,0.62,7,30,3,0.933,1,0,0,0,0,0,REJETE
PRJ-0401,Application pour gérer les notes des étudiants,Je veux faire une application pour gérer les notes. Elle permettra d'entrer les notes et de calculer les moyennes. Ce sera utile pour les professeurs.,Cloud / DevOps,Génie Logiciel,Recherche appliquée,0.523,7,25,4,0.84,0,0,0,0,0,0,REJETE
PRJ-0230,Système embarqué de surveillance environnementale basé sur IoT,"Ce projet développe un système de capteurs connectés (Arduino + Raspberry Pi) pour surveiller la qualité de l'air, l'humidité et la température dans un environnement industriel. Les données sont transmises via MQTT et visualisées sur un dashboard Grafana.",Bases de données,Génie Informatique,Prototypage,0.342,8,38,3,0.868,2,2,0,0,0,0,APPROUVE
PRJ-0460,Application pour gérer les notes des étudiants,Je veux faire une application pour gérer les notes. Elle permettra d'entrer les notes et de calculer les moyennes. Ce sera utile pour les professeurs.,Cybersécurité,Génie Informatique,Recherche expérimentale,0.677,7,25,4,0.84,0,0,0,0,0,0,REJETE
PRJ-0236,Analyse prédictive du taux de décrochage scolaire par apprentissage automatique — Cas d'étude 6,"Cette recherche applique des algorithmes de machine learning (Random Forest, XGBoost) pour prédire le risque de décrochage scolaire à partir de données académiques et socio-économiques. Un tableau de bord de visualisation est développé pour les responsables pédagogiques.",Cybersécurité,Génie Logiciel,Étude de cas,0.214,14,37,3,0.865,3,2,0,0,0,0,REVISION_NECESSAIRE
PRJ-0041,Plateforme e-commerce B2B pour l'approvisionnement des PME africaines — Cas d'étude 1,"Cette étude conçoit une marketplace B2B permettant aux PME d'Afrique de l'Ouest de s'approvisionner auprès de fournisseurs locaux et internationaux. La plateforme intègre un module de paiement mobile money, une gestion des stocks et un système de notation des fournisseurs.",Réseaux,Data Science,Recherche expérimentale,0.219,12,40,3,0.8,3,0,0,0,0,0,APPROUVE
PRJ-0405,Développement d'une application Android pour les transports,On va développer une application Android pour les transports en commun. L'application montrera les horaires et les itinéraires disponibles dans la ville.,Mobile,Systèmes Embarqués,Étude de cas,0.38,7,22,3,0.909,1,1,0,0,0,0,REJETE
PRJ-0497,Faire un jeu vidéo,Je veux faire un jeu. Ce sera amusant.,Développement Web,Data Science,Prototypage,0.693,4,8,3,1.0,0,0,1,0,0,0,REJETE
PRJ-0194,Mise en place d'un système de vote électronique sécurisé pour les élections universitaires,"Ce projet consiste à concevoir et déployer une plateforme de vote électronique sécurisée basée sur la cryptographie asymétrique et la blockchain légère. L'objectif est de garantir l'anonymat, l'intégrité et la traçabilité des votes lors des élections au sein de l'université.",Réseaux,Cybersécurité,Recherche appliquée,0.355,13,40,3,0.825,4,1,0,0,1,0,APPROUVE
PRJ-0282,Analyse des données de vente d'une entreprise,Ce travail va analyser les données de vente d'une entreprise commerciale pour trouver des tendances. On utilisera Excel et Python pour faire les analyses et créer des graphiques.,Cybersécurité,Génie Logiciel,Recherche expérimentale,0.612,7,28,3,0.857,2,1,0,0,0,0,REJETE
PRJ-0316,Analyse des données de vente d'une entreprise,Ce travail va analyser les données de vente d'une entreprise commerciale pour trouver des tendances. On utilisera Excel et Python pour faire les analyses et créer des graphiques.,Cloud / DevOps,Cybersécurité,Développement logiciel (SCRUM),0.309,7,28,3,0.857,2,1,0,0,0,0,REJETE
PRJ-0260,Création d'un site web pour une école,"Le projet consiste à créer un site web pour une école. Le site aura des pages pour présenter l'école, les cours et les professeurs. Il y aura aussi un espace pour les étudiants.",Bases de données,Génie Informatique,Recherche expérimentale,0.358,7,33,4,0.758,0,0,0,0,1,0,REJETE
PRJ-0382,Analyse des données de vente d'une entreprise,Ce travail va analyser les données de vente d'une entreprise commerciale pour trouver des tendances. On utilisera Excel et Python pour faire les analyses et créer des graphiques.,Systèmes Embarqués,Data Science,Recherche appliquée,0.409,7,28,3,0.857,2,1,0,0,0,0,REJETE
PRJ-0143,Système embarqué de surveillance environnementale basé sur IoT,"Ce projet développe un système de capteurs connectés (Arduino + Raspberry Pi) pour surveiller la qualité de l'air, l'humidité et la température dans un environnement industriel. Les données sont transmises via MQTT et visualisées sur un dashboard Grafana.",Développement Web,Systèmes Embarqués,Prototypage,0.114,8,38,3,0.868,2,2,0,0,0,0,REVISION_NECESSAIRE
PRJ-0481,Étude de tout ce qui concerne les réseaux,Ce mémoire va couvrir tous les aspects des réseaux informatiques depuis les débuts jusqu'à aujourd'hui.,Cybersécurité,Réseaux et Télécommunications,Recherche appliquée,0.642,8,15,2,0.933,0,0,0,0,1,1,REJETE
PRJ-0124,Système embarqué de surveillance environnementale basé sur IoT,"Ce projet développe un système de capteurs connectés (Arduino + Raspberry Pi) pour surveiller la qualité de l'air, l'humidité et la température dans un environnement industriel. Les données sont transmises via MQTT et visualisées sur un dashboard Grafana.",Mobile,Systèmes Embarqués,Développement logiciel (SCRUM),0.434,8,38,3,0.868,2,2,0,0,0,0,REVISION_NECESSAIRE
PRJ-0165,Mise en place d'un système de vote électronique sécurisé pour les élections universitaires,"Ce projet consiste à concevoir et déployer une plateforme de vote électronique sécurisée basée sur la cryptographie asymétrique et la blockchain légère. L'objectif est de garantir l'anonymat, l'intégrité et la traçabilité des votes lors des élections au sein de l'université.",Cloud / DevOps,Cybersécurité,Recherche expérimentale,0.274,13,40,3,0.825,4,1,0,0,1,0,APPROUVE
PRJ-0252,Application de chat en temps réel,Ce projet vise à créer une application de messagerie instantanée. Les utilisateurs pourront envoyer des messages en temps réel. On utilisera des websockets pour la communication.,Réseaux,Data Science,Prototypage,0.631,6,26,4,0.962,0,0,0,0,1,0,REJETE
PRJ-0522,Application,Une application mobile.,IA / Machine Learning,Génie Logiciel,Recherche expérimentale,0.563,1,3,2,1.0,0,0,0,0,0,0,REJETE
PRJ-0546,Recherche sur internet,Je vais chercher des informations sur internet sur plusieurs sujets informatiques et faire un résumé de ce que j'ai trouvé.,Mobile,Réseaux et Télécommunications,Recherche expérimentale,0.83,3,20,2,0.95,0,0,3,0,0,0,REJETE
PRJ-0254,Développement d'une application Android pour les transports,On va développer une application Android pour les transports en commun. L'application montrera les horaires et les itinéraires disponibles dans la ville.,Cybersécurité,Data Science,Développement logiciel (SCRUM),0.649,7,22,3,0.909,1,1,0,0,0,0,REJETE
PRJ-0241,Développement d'une application mobile de télémédecine pour les zones rurales togolaises — Cas d'étude 1,"Cette étude propose le développement d'une application Android permettant aux patients des zones rurales d'accéder à des consultations médicales à distance. L'application intègre un module de géolocalisation des centres de santé, un système de prise de rendez-vous et un dossier médical numérique simplifié.",Mobile,Génie Informatique,Prototypage,0.174,15,43,3,0.814,2,1,0,0,0,0,APPROUVE
PRJ-0487,Recherche sur internet,Je vais chercher des informations sur internet sur plusieurs sujets informatiques et faire un résumé de ce que j'ai trouvé.,Développement Web,Génie Logiciel,Prototypage,0.93,3,20,2,0.95,0,0,3,0,0,0,REJETE
PRJ-0081,Conception d'un système de détection de fraude bancaire par deep learning au Togo — Cas d'étude 1,"Ce travail vise à concevoir et implémenter un système intelligent de détection de transactions frauduleuses en utilisant des réseaux de neurones LSTM appliqués aux données de mobile money au Togo. La méthodologie inclut la collecte de données anonymisées, le prétraitement, l'entraînement du modèle et l'évaluation des performances sur un jeu de test réel.",Développement Web,Systèmes Embarqués,Recherche expérimentale,0.387,17,53,3,0.811,7,1,0,1,1,0,APPROUVE
PRJ-0006,Implémentation d'un SIEM open source pour la détection d'intrusions en entreprise — Cas d'étude 6,Ce travail consiste à déployer et configurer un SIEM basé sur Wazuh/ELK Stack pour centraliser la gestion des logs et détecter les intrusions dans une PME locale. Il inclut la définition des règles de corrélation et les procédures de réponse aux incidents.,Mobile,Génie Logiciel,Étude de cas,0.381,15,42,3,0.857,1,0,0,0,1,0,REVISION_NECESSAIRE
PRJ-0028,Analyse prédictive du taux de décrochage scolaire par apprentissage automatique,"Cette recherche applique des algorithmes de machine learning (Random Forest, XGBoost) pour prédire le risque de décrochage scolaire à partir de données académiques et socio-économiques. Un tableau de bord de visualisation est développé pour les responsables pédagogiques.",Systèmes Embarqués,Systèmes Embarqués,Prototypage,0.18,10,37,3,0.865,3,2,0,0,0,0,APPROUVE
PRJ-0286,Système de gestion de bibliothèque,"Développer un logiciel de gestion de bibliothèque qui permet d'enregistrer les livres, les emprunts et les retours. Le système aura une interface simple pour les bibliothécaires.",Cybersécurité,Systèmes Embarqués,Prototypage,0.214,5,26,3,0.846,2,1,1,0,0,0,REJETE
PRJ-0396,Système de gestion de bibliothèque,"Développer un logiciel de gestion de bibliothèque qui permet d'enregistrer les livres, les emprunts et les retours. Le système aura une interface simple pour les bibliothécaires.",Développement Web,Génie Informatique,Développement logiciel (SCRUM),0.655,5,26,3,0.846,2,1,1,0,0,0,REJETE
PRJ-0564,Intelligence artificielle générale,Créer une intelligence artificielle générale capable de tout faire comme un humain.,Cybersécurité,Data Science,Étude de cas,0.745,3,12,2,1.0,0,0,1,0,0,1,REJETE
PRJ-0178,Développement d'une application mobile de télémédecine pour les zones rurales togolaises,"Cette étude propose le développement d'une application Android permettant aux patients des zones rurales d'accéder à des consultations médicales à distance. L'application intègre un module de géolocalisation des centres de santé, un système de prise de rendez-vous et un dossier médical numérique simplifié.",Réseaux,Génie Informatique,Étude de cas,0.034,11,43,3,0.814,2,1,0,0,0,0,REVISION_NECESSAIRE
PRJ-0407,Développement d'une application Android pour les transports v2,On va développer une application Android pour les transports en commun. L'application montrera les horaires et les itinéraires disponibles dans la ville.,Réseaux,Génie Informatique,Développement logiciel (SCRUM),0.54,8,22,3,0.909,1,1,0,0,0,0,REJETE
PRJ-0128,Système embarqué de surveillance environnementale basé sur IoT,"Ce projet développe un système de capteurs connectés (Arduino + Raspberry Pi) pour surveiller la qualité de l'air, l'humidité et la température dans un environnement industriel. Les données sont transmises via MQTT et visualisées sur un dashboard Grafana.",Cloud / DevOps,Data Science,Prototypage,0.134,8,38,3,0.868,2,2,0,0,0,0,APPROUVE
PRJ-0222,Conception d'un système de détection de fraude bancaire par deep learning au Togo,"Ce travail vise à concevoir et implémenter un système intelligent de détection de transactions frauduleuses en utilisant des réseaux de neurones LSTM appliqués aux données de mobile money au Togo. La méthodologie inclut la collecte de données anonymisées, le prétraitement, l'entraînement du modèle et l'évaluation des performances sur un jeu de test réel.",Développement Web,Data Science,Prototypage,0.207,13,53,3,0.811,7,1,0,1,1,0,APPROUVE
PRJ-0372,Application de chat en temps réel,Ce projet vise à créer une application de messagerie instantanée. Les utilisateurs pourront envoyer des messages en temps réel. On utilisera des websockets pour la communication.,Cybersécurité,Génie Informatique,Étude de cas,0.722,6,26,4,0.962,0,0,0,0,1,0,REJETE
PRJ-0419,Système de gestion de bibliothèque v2,"Développer un logiciel de gestion de bibliothèque qui permet d'enregistrer les livres, les emprunts et les retours. Le système aura une interface simple pour les bibliothécaires.",Cloud / DevOps,Data Science,Recherche appliquée,0.298,6,26,3,0.846,2,1,1,0,0,0,REJETE
PRJ-0266,Application pour gérer les notes des étudiants,Je veux faire une application pour gérer les notes. Elle permettra d'entrer les notes et de calculer les moyennes. Ce sera utile pour les professeurs.,Cloud / DevOps,Réseaux et Télécommunications,Développement logiciel (SCRUM),0.332,7,25,4,0.84,0,0,0,0,0,0,REJETE
PRJ-0174,Développement d'une application mobile de télémédecine pour les zones rurales togolaises,"Cette étude propose le développement d'une application Android permettant aux patients des zones rurales d'accéder à des consultations médicales à distance. L'application intègre un module de géolocalisation des centres de santé, un système de prise de rendez-vous et un dossier médical numérique simplifié.",Mobile,Systèmes Embarqués,Développement logiciel (SCRUM),0.291,11,43,3,0.814,2,1,0,0,0,0,APPROUVE
PRJ-0494,Faire un jeu vidéo,Je veux faire un jeu. Ce sera amusant.,Cybersécurité,Génie Logiciel,Développement logiciel (SCRUM),0.834,4,8,3,1.0,0,0,1,0,0,0,REJETE
PRJ-0290,Analyse des données de vente d'une entreprise,Ce travail va analyser les données de vente d'une entreprise commerciale pour trouver des tendances. On utilisera Excel et Python pour faire les analyses et créer des graphiques.,Mobile,Data Science,Recherche expérimentale,0.502,7,28,3,0.857,2,1,0,0,0,0,REJETE
PRJ-0296,Création d'un site web pour une école,"Le projet consiste à créer un site web pour une école. Le site aura des pages pour présenter l'école, les cours et les professeurs. Il y aura aussi un espace pour les étudiants.",IA / Machine Learning,Génie Logiciel,Prototypage,0.271,7,33,4,0.758,0,0,0,0,1,0,REJETE
PRJ-0269,Analyse des données de vente d'une entreprise,Ce travail va analyser les données de vente d'une entreprise commerciale pour trouver des tendances. On utilisera Excel et Python pour faire les analyses et créer des graphiques.,Développement Web,Cybersécurité,Recherche appliquée,0.39,7,28,3,0.857,2,1,0,0,0,0,REJETE
PRJ-0403,Analyse des données de vente d'une entreprise v4,Ce travail va analyser les données de vente d'une entreprise commerciale pour trouver des tendances. On utilisera Excel et Python pour faire les analyses et créer des graphiques.,Développement Web,Cybersécurité,Recherche appliquée,0.607,8,28,3,0.857,2,1,0,0,0,0,REJETE
PRJ-0375,Système de gestion de bibliothèque v3,"Développer un logiciel de gestion de bibliothèque qui permet d'enregistrer les livres, les emprunts et les retours. Le système aura une interface simple pour les bibliothécaires.",Cybersécurité,Systèmes Embarqués,Développement logiciel (SCRUM),0.365,6,26,3,0.846,2,1,1,0,0,0,REJETE
PRJ-0134,Plateforme e-commerce B2B pour l'approvisionnement des PME africaines,"Cette étude conçoit une marketplace B2B permettant aux PME d'Afrique de l'Ouest de s'approvisionner auprès de fournisseurs locaux et internationaux. La plateforme intègre un module de paiement mobile money, une gestion des stocks et un système de notation des fournisseurs.",Mobile,Réseaux et Télécommunications,Développement logiciel (SCRUM),0.067,8,40,3,0.8,3,0,0,0,0,0,REVISION_NECESSAIRE
PRJ-0033,Classification automatique de documents administratifs par traitement du langage naturel,"Ce projet applique des techniques de NLP (TF-IDF, BERT) pour classifier automatiquement des documents administratifs numérisés en catégories prédéfinies. L'objectif est de réduire le temps de traitement manuel dans les services administratifs.",Cloud / DevOps,Réseaux et Télécommunications,Développement logiciel (SCRUM),0.353,10,32,3,0.906,1,2,0,0,1,0,REVISION_NECESSAIRE
PRJ-0572,Intelligence artificielle générale,Créer une intelligence artificielle générale capable de tout faire comme un humain.,Développement Web,Génie Logiciel,Étude de cas,0.827,3,12,2,1.0,0,0,1,0,0,1,REJETE
PRJ-0226,Plateforme e-commerce B2B pour l'approvisionnement des PME africaines — Cas d'étude 6,"Cette étude conçoit une marketplace B2B permettant aux PME d'Afrique de l'Ouest de s'approvisionner auprès de fournisseurs locaux et internationaux. La plateforme intègre un module de paiement mobile money, une gestion des stocks et un système de notation des fournisseurs.",Systèmes Embarqués,Réseaux et Télécommunications,Recherche appliquée,0.392,12,40,3,0.8,3,0,0,0,0,0,REVISION_NECESSAIRE
PRJ-0211,Conception d'un système de détection de fraude bancaire par deep learning au Togo — Cas d'étude 1,"Ce travail vise à concevoir et implémenter un système intelligent de détection de transactions frauduleuses en utilisant des réseaux de neurones LSTM appliqués aux données de mobile money au Togo. La méthodologie inclut la collecte de données anonymisées, le prétraitement, l'entraînement du modèle et l'évaluation des performances sur un jeu de test réel.",Mobile,Data Science,Recherche appliquée,0.316,17,53,3,0.811,7,1,0,1,1,0,APPROUVE
PRJ-0574,Système comme Google,Créer un moteur de recherche similaire à Google pour l'Afrique.,Développement Web,Génie Logiciel,Prototypage,0.567,3,10,2,1.0,1,0,1,0,0,0,REJETE
PRJ-0250,Conception d'un système de détection de fraude bancaire par deep learning au Togo,"Ce travail vise à concevoir et implémenter un système intelligent de détection de transactions frauduleuses en utilisant des réseaux de neurones LSTM appliqués aux données de mobile money au Togo. La méthodologie inclut la collecte de données anonymisées, le prétraitement, l'entraînement du modèle et l'évaluation des performances sur un jeu de test réel.",Réseaux,Systèmes Embarqués,Prototypage,0.304,13,53,3,0.811,7,1,0,1,1,0,APPROUVE
PRJ-0512,Projet sur la blockchain,La blockchain c'est bien. Je vais faire quelque chose avec la blockchain.,Développement Web,Cybersécurité,Recherche expérimentale,0.538,4,12,3,0.917,0,1,1,0,0,0,REJETE
PRJ-0518,Projet sur la blockchain,La blockchain c'est bien. Je vais faire quelque chose avec la blockchain.,Cybersécurité,Génie Informatique,Recherche appliquée,0.554,4,12,3,0.917,0,1,1,0,0,0,REJETE
PRJ-0533,Recherche sur internet,Je vais chercher des informations sur internet sur plusieurs sujets informatiques et faire un résumé de ce que j'ai trouvé.,IA / Machine Learning,Data Science,Développement logiciel (SCRUM),0.769,3,20,2,0.95,0,0,3,0,0,0,REJETE
PRJ-0520,Étude de tout ce qui concerne les réseaux,Ce mémoire va couvrir tous les aspects des réseaux informatiques depuis les débuts jusqu'à aujourd'hui.,Mobile,Data Science,Recherche expérimentale,0.522,8,15,2,0.933,0,0,0,0,1,1,REJETE
PRJ-0589,Intelligence artificielle générale,Créer une intelligence artificielle générale capable de tout faire comme un humain.,Réseaux,Réseaux et Télécommunications,Recherche expérimentale,0.522,3,12,2,1.0,0,0,1,0,0,1,REJETE
PRJ-0459,Application de chat en temps réel v3,Ce projet vise à créer une application de messagerie instantanée. Les utilisateurs pourront envoyer des messages en temps réel. On utilisera des websockets pour la communication.,Développement Web,Réseaux et Télécommunications,Étude de cas,0.483,7,26,4,0.962,0,0,0,0,1,0,REJETE
PRJ-0313,Développement d'une application Android pour les transports,On va développer une application Android pour les transports en commun. L'application montrera les horaires et les itinéraires disponibles dans la ville.,Réseaux,Data Science,Prototypage,0.42,7,22,3,0.909,1,1,0,0,0,0,REJETE
PRJ-0093,Classification automatique de documents administratifs par traitement du langage naturel,"Ce projet applique des techniques de NLP (TF-IDF, BERT) pour classifier automatiquement des documents administratifs numérisés en catégories prédéfinies. L'objectif est de réduire le temps de traitement manuel dans les services administratifs.",Mobile,Systèmes Embarqués,Étude de cas,0.22,10,32,3,0.906,1,2,0,0,1,0,APPROUVE
PRJ-0363,Création d'un site web pour une école v3,"Le projet consiste à créer un site web pour une école. Le site aura des pages pour présenter l'école, les cours et les professeurs. Il y aura aussi un espace pour les étudiants.",Cybersécurité,Cybersécurité,Étude de cas,0.391,8,33,4,0.758,0,0,0,0,1,0,REVISION_NECESSAIRE
PRJ-0292,Système de gestion de bibliothèque,"Développer un logiciel de gestion de bibliothèque qui permet d'enregistrer les livres, les emprunts et les retours. Le système aura une interface simple pour les bibliothécaires.",Systèmes Embarqués,Systèmes Embarqués,Prototypage,0.214,5,26,3,0.846,2,1,1,0,0,0,REJETE
PRJ-0248,Plateforme e-commerce B2B pour l'approvisionnement des PME africaines,"Cette étude conçoit une marketplace B2B permettant aux PME d'Afrique de l'Ouest de s'approvisionner auprès de fournisseurs locaux et internationaux. La plateforme intègre un module de paiement mobile money, une gestion des stocks et un système de notation des fournisseurs.",Cybersécurité,Cybersécurité,Étude de cas,0.152,8,40,3,0.8,3,0,0,0,0,0,REVISION_NECESSAIRE
PRJ-0303,Développement d'une application Android pour les transports v3,On va développer une application Android pour les transports en commun. L'application montrera les horaires et les itinéraires disponibles dans la ville.,IA / Machine Learning,Réseaux et Télécommunications,Étude de cas,0.24,8,22,3,0.909,1,1,0,0,0,0,REJETE
PRJ-0461,Système de gestion de bibliothèque,"Développer un logiciel de gestion de bibliothèque qui permet d'enregistrer les livres, les emprunts et les retours. Le système aura une interface simple pour les bibliothécaires.",Réseaux,Génie Informatique,Étude de cas,0.377,5,26,3,0.846,2,1,1,0,0,0,REJETE
PRJ-0434,Application de chat en temps réel,Ce projet vise à créer une application de messagerie instantanée. Les utilisateurs pourront envoyer des messages en temps réel. On utilisera des websockets pour la communication.,IA / Machine Learning,Data Science,Développement logiciel (SCRUM),0.591,6,26,4,0.962,0,0,0,0,1,0,REJETE
PRJ-0082,Mise en place d'un système de vote électronique sécurisé pour les élections universitaires,"Ce projet consiste à concevoir et déployer une plateforme de vote électronique sécurisée basée sur la cryptographie asymétrique et la blockchain légère. L'objectif est de garantir l'anonymat, l'intégrité et la traçabilité des votes lors des élections au sein de l'université.",Bases de données,Génie Logiciel,Prototypage,0.313,13,40,3,0.825,4,1,0,0,1,0,APPROUVE
PRJ-0031,Analyse prédictive du taux de décrochage scolaire par apprentissage automatique — Cas d'étude 1,"Cette recherche applique des algorithmes de machine learning (Random Forest, XGBoost) pour prédire le risque de décrochage scolaire à partir de données académiques et socio-économiques. Un tableau de bord de visualisation est développé pour les responsables pédagogiques.",Systèmes Embarqués,Génie Logiciel,Prototypage,0.014,14,37,3,0.865,3,2,0,0,0,0,REVISION_NECESSAIRE
PRJ-0492,Système comme Google,Créer un moteur de recherche similaire à Google pour l'Afrique.,Développement Web,Data Science,Étude de cas,0.843,3,10,2,1.0,1,0,1,0,0,0,REJETE
PRJ-0058,Déploiement d'une infrastructure réseau WiFi communautaire à faible coût,"Cette étude propose le déploiement d'un réseau WiFi communautaire dans un quartier périurbain de Lomé en utilisant des équipements open source. Le projet couvre la conception, la simulation sous GNS3, le déploiement et la mesure des performances réelles.",Cybersécurité,Génie Logiciel,Recherche appliquée,0.067,9,38,3,0.842,2,0,0,0,0,0,APPROUVE
PRJ-0086,Système embarqué de surveillance environnementale basé sur IoT — Cas d'étude 6,"Ce projet développe un système de capteurs connectés (Arduino + Raspberry Pi) pour surveiller la qualité de l'air, l'humidité et la température dans un environnement industriel. Les données sont transmises via MQTT et visualisées sur un dashboard Grafana.",Mobile,Cybersécurité,Étude de cas,0.111,12,38,3,0.868,2,2,0,0,0,0,REVISION_NECESSAIRE
PRJ-0333,Application pour gérer les notes des étudiants,Je veux faire une application pour gérer les notes. Elle permettra d'entrer les notes et de calculer les moyennes. Ce sera utile pour les professeurs.,Systèmes Embarqués,Systèmes Embarqués,Recherche appliquée,0.593,7,25,4,0.84,0,0,0,0,0,0,REJETE
PRJ-0446,Création d'un site web pour une école,"Le projet consiste à créer un site web pour une école. Le site aura des pages pour présenter l'école, les cours et les professeurs. Il y aura aussi un espace pour les étudiants.",Cybersécurité,Réseaux et Télécommunications,Recherche appliquée,0.469,7,33,4,0.758,0,0,0,0,1,0,REJETE
PRJ-0245,Développement d'une application mobile de télémédecine pour les zones rurales togolaises,"Cette étude propose le développement d'une application Android permettant aux patients des zones rurales d'accéder à des consultations médicales à distance. L'application intègre un module de géolocalisation des centres de santé, un système de prise de rendez-vous et un dossier médical numérique simplifié.",Systèmes Embarqués,Génie Logiciel,Recherche appliquée,0.191,11,43,3,0.814,2,1,0,0,0,0,APPROUVE
PRJ-0198,Conception d'un système de détection de fraude bancaire par deep learning au Togo,"Ce travail vise à concevoir et implémenter un système intelligent de détection de transactions frauduleuses en utilisant des réseaux de neurones LSTM appliqués aux données de mobile money au Togo. La méthodologie inclut la collecte de données anonymisées, le prétraitement, l'entraînement du modèle et l'évaluation des performances sur un jeu de test réel.",Cloud / DevOps,Génie Informatique,Développement logiciel (SCRUM),0.381,13,53,3,0.811,7,1,0,1,1,0,APPROUVE
PRJ-0140,Conception d'un entrepôt de données pour le suivi épidémiologique au Ministère de la Santé,"Ce projet vise à concevoir un data warehouse selon la modélisation en étoile pour centraliser les données épidémiologiques nationales. Il inclut la mise en place d'un pipeline ETL, le déploiement sous PostgreSQL et la création de rapports analytiques sur Power BI.",Bases de données,Génie Logiciel,Étude de cas,0.263,14,41,3,0.927,2,1,0,0,1,0,APPROUVE
PRJ-0386,Système de gestion de bibliothèque,"Développer un logiciel de gestion de bibliothèque qui permet d'enregistrer les livres, les emprunts et les retours. Le système aura une interface simple pour les bibliothécaires.",Réseaux,Systèmes Embarqués,Prototypage,0.409,5,26,3,0.846,2,1,1,0,0,0,REJETE
PRJ-0535,Copie du système bancaire,Reproduire exactement le système de la banque Ecobank avec toutes ses fonctionnalités en 2 mois.,IA / Machine Learning,Réseaux et Télécommunications,Prototypage,0.62,4,15,2,1.0,1,0,1,0,0,1,REJETE
PRJ-0565,Étude de tout ce qui concerne les réseaux,Ce mémoire va couvrir tous les aspects des réseaux informatiques depuis les débuts jusqu'à aujourd'hui.,Bases de données,Systèmes Embarqués,Recherche appliquée,0.52,8,15,2,0.933,0,0,0,0,1,1,REJETE
PRJ-0428,Application pour gérer les notes des étudiants,Je veux faire une application pour gérer les notes. Elle permettra d'entrer les notes et de calculer les moyennes. Ce sera utile pour les professeurs.,Cloud / DevOps,Data Science,Étude de cas,0.555,7,25,4,0.84,0,0,0,0,0,0,REJETE
PRJ-0094,Conception d'un système de détection de fraude bancaire par deep learning au Togo,"Ce travail vise à concevoir et implémenter un système intelligent de détection de transactions frauduleuses en utilisant des réseaux de neurones LSTM appliqués aux données de mobile money au Togo. La méthodologie inclut la collecte de données anonymisées, le prétraitement, l'entraînement du modèle et l'évaluation des performances sur un jeu de test réel.",Cloud / DevOps,Génie Informatique,Recherche expérimentale,0.301,13,53,3,0.811,7,1,0,1,1,0,APPROUVE
PRJ-0508,Système comme Google,Créer un moteur de recherche similaire à Google pour l'Afrique.,IA / Machine Learning,Data Science,Développement logiciel (SCRUM),0.744,3,10,2,1.0,1,0,1,0,0,0,REJETE
PRJ-0191,Classification automatique de documents administratifs par traitement du langage naturel — Cas d'étude 1,"Ce projet applique des techniques de NLP (TF-IDF, BERT) pour classifier automatiquement des documents administratifs numérisés en catégories prédéfinies. L'objectif est de réduire le temps de traitement manuel dans les services administratifs.",Réseaux,Cybersécurité,Recherche expérimentale,0.373,14,32,3,0.906,1,2,0,0,1,0,REVISION_NECESSAIRE
PRJ-0048,Développement d'une application mobile de télémédecine pour les zones rurales togolaises,"Cette étude propose le développement d'une application Android permettant aux patients des zones rurales d'accéder à des consultations médicales à distance. L'application intègre un module de géolocalisation des centres de santé, un système de prise de rendez-vous et un dossier médical numérique simplifié.",Développement Web,Génie Logiciel,Prototypage,0.28,11,43,3,0.814,2,1,0,0,0,0,REVISION_NECESSAIRE
PRJ-0138,Classification automatique de documents administratifs par traitement du langage naturel,"Ce projet applique des techniques de NLP (TF-IDF, BERT) pour classifier automatiquement des documents administratifs numérisés en catégories prédéfinies. L'objectif est de réduire le temps de traitement manuel dans les services administratifs.",IA / Machine Learning,Génie Informatique,Recherche appliquée,0.041,10,32,3,0.906,1,2,0,0,1,0,REVISION_NECESSAIRE
PRJ-0540,Faire un jeu vidéo,Je veux faire un jeu. Ce sera amusant.,Réseaux,Réseaux et Télécommunications,Recherche appliquée,0.5,4,8,3,1.0,0,0,1,0,0,0,REJETE
PRJ-0225,Développement d'une application mobile de télémédecine pour les zones rurales togolaises,"Cette étude propose le développement d'une application Android permettant aux patients des zones rurales d'accéder à des consultations médicales à distance. L'application intègre un module de géolocalisation des centres de santé, un système de prise de rendez-vous et un dossier médical numérique simplifié.",Cloud / DevOps,Cybersécurité,Étude de cas,0.048,11,43,3,0.814,2,1,0,0,0,0,REVISION_NECESSAIRE
PRJ-0417,Création d'un site web pour une école,"Le projet consiste à créer un site web pour une école. Le site aura des pages pour présenter l'école, les cours et les professeurs. Il y aura aussi un espace pour les étudiants.",Systèmes Embarqués,Cybersécurité,Étude de cas,0.722,7,33,4,0.758,0,0,0,0,1,0,REJETE
PRJ-0169,Conception d'un entrepôt de données pour le suivi épidémiologique au Ministère de la Santé,"Ce projet vise à concevoir un data warehouse selon la modélisation en étoile pour centraliser les données épidémiologiques nationales. Il inclut la mise en place d'un pipeline ETL, le déploiement sous PostgreSQL et la création de rapports analytiques sur Power BI.",Cloud / DevOps,Systèmes Embarqués,Développement logiciel (SCRUM),0.136,14,41,3,0.927,2,1,0,0,1,0,APPROUVE
PRJ-0088,Déploiement d'une infrastructure réseau WiFi communautaire à faible coût,"Cette étude propose le déploiement d'un réseau WiFi communautaire dans un quartier périurbain de Lomé en utilisant des équipements open source. Le projet couvre la conception, la simulation sous GNS3, le déploiement et la mesure des performances réelles.",Cybersécurité,Réseaux et Télécommunications,Recherche expérimentale,0.243,9,38,3,0.842,2,0,0,0,0,0,REVISION_NECESSAIRE
PRJ-0332,Développement d'une application Android pour les transports,On va développer une application Android pour les transports en commun. L'application montrera les horaires et les itinéraires disponibles dans la ville.,Systèmes Embarqués,Réseaux et Télécommunications,Recherche appliquée,0.417,7,22,3,0.909,1,1,0,0,0,0,REJETE
PRJ-0443,Étude sur la sécurité des réseaux wifi v2,Ce projet parle de la sécurité wifi. On va voir comment sécuriser un réseau wifi et quels sont les problèmes qui existent avec les réseaux sans fil dans les entreprises.,Réseaux,Data Science,Développement logiciel (SCRUM),0.372,8,30,3,0.933,1,0,0,0,0,0,REJETE
PRJ-0437,Création d'un site web pour une école,"Le projet consiste à créer un site web pour une école. Le site aura des pages pour présenter l'école, les cours et les professeurs. Il y aura aussi un espace pour les étudiants.",IA / Machine Learning,Génie Informatique,Prototypage,0.438,7,33,4,0.758,0,0,0,0,1,0,REJETE
PRJ-0448,Système de gestion de bibliothèque,"Développer un logiciel de gestion de bibliothèque qui permet d'enregistrer les livres, les emprunts et les retours. Le système aura une interface simple pour les bibliothécaires.",Bases de données,Systèmes Embarqués,Étude de cas,0.73,5,26,3,0.846,2,1,1,0,0,0,REJETE
PRJ-0024,Conception d'un système de détection de fraude bancaire par deep learning au Togo,"Ce travail vise à concevoir et implémenter un système intelligent de détection de transactions frauduleuses en utilisant des réseaux de neurones LSTM appliqués aux données de mobile money au Togo. La méthodologie inclut la collecte de données anonymisées, le prétraitement, l'entraînement du modèle et l'évaluation des performances sur un jeu de test réel.",Développement Web,Data Science,Recherche appliquée,0.22,13,53,3,0.811,7,1,0,1,1,0,APPROUVE
PRJ-0049,Analyse prédictive du taux de décrochage scolaire par apprentissage automatique,"Cette recherche applique des algorithmes de machine learning (Random Forest, XGBoost) pour prédire le risque de décrochage scolaire à partir de données académiques et socio-économiques. Un tableau de bord de visualisation est développé pour les responsables pédagogiques.",Systèmes Embarqués,Génie Logiciel,Recherche expérimentale,0.06,10,37,3,0.865,3,2,0,0,0,0,APPROUVE
PRJ-0507,Copie du système bancaire,Reproduire exactement le système de la banque Ecobank avec toutes ses fonctionnalités en 2 mois.,Réseaux,Réseaux et Télécommunications,Développement logiciel (SCRUM),0.746,4,15,2,1.0,1,0,1,0,0,1,REJETE
PRJ-0219,Classification automatique de documents administratifs par traitement du langage naturel,"Ce projet applique des techniques de NLP (TF-IDF, BERT) pour classifier automatiquement des documents administratifs numérisés en catégories prédéfinies. L'objectif est de réduire le temps de traitement manuel dans les services administratifs.",Réseaux,Réseaux et Télécommunications,Recherche appliquée,0.092,10,32,3,0.906,1,2,0,0,1,0,REVISION_NECESSAIRE
PRJ-0161,Plateforme e-commerce B2B pour l'approvisionnement des PME africaines — Cas d'étude 1,"Cette étude conçoit une marketplace B2B permettant aux PME d'Afrique de l'Ouest de s'approvisionner auprès de fournisseurs locaux et internationaux. La plateforme intègre un module de paiement mobile money, une gestion des stocks et un système de notation des fournisseurs.",Mobile,Réseaux et Télécommunications,Développement logiciel (SCRUM),0.031,12,40,3,0.8,3,0,0,0,0,0,REVISION_NECESSAIRE
PRJ-0347,Création d'un site web pour une école v2,"Le projet consiste à créer un site web pour une école. Le site aura des pages pour présenter l'école, les cours et les professeurs. Il y aura aussi un espace pour les étudiants.",Réseaux,Génie Logiciel,Recherche appliquée,0.463,8,33,4,0.758,0,0,0,0,1,0,REVISION_NECESSAIRE
PRJ-0559,Application,Une application mobile.,Cloud / DevOps,Génie Informatique,Prototypage,0.938,1,3,2,1.0,0,0,0,0,0,0,REJETE
PRJ-0149,Système embarqué de surveillance environnementale basé sur IoT,"Ce projet développe un système de capteurs connectés (Arduino + Raspberry Pi) pour surveiller la qualité de l'air, l'humidité et la température dans un environnement industriel. Les données sont transmises via MQTT et visualisées sur un dashboard Grafana.",Cybersécurité,Systèmes Embarqués,Recherche appliquée,0.291,8,38,3,0.868,2,2,0,0,0,0,APPROUVE
PRJ-0412,Analyse des données de vente d'une entreprise,Ce travail va analyser les données de vente d'une entreprise commerciale pour trouver des tendances. On utilisera Excel et Python pour faire les analyses et créer des graphiques.,Cloud / DevOps,Systèmes Embarqués,Développement logiciel (SCRUM),0.207,7,28,3,0.857,2,1,0,0,0,0,REJETE
PRJ-0090,Déploiement d'une infrastructure réseau WiFi communautaire à faible coût,"Cette étude propose le déploiement d'un réseau WiFi communautaire dans un quartier périurbain de Lomé en utilisant des équipements open source. Le projet couvre la conception, la simulation sous GNS3, le déploiement et la mesure des performances réelles.",Réseaux,Systèmes Embarqués,Étude de cas,0.187,9,38,3,0.842,2,0,0,0,0,0,APPROUVE
PRJ-0390,Application pour gérer les notes des étudiants,Je veux faire une application pour gérer les notes. Elle permettra d'entrer les notes et de calculer les moyennes. Ce sera utile pour les professeurs.,Réseaux,Génie Logiciel,Recherche expérimentale,0.663,7,25,4,0.84,0,0,0,0,0,0,REJETE
PRJ-0026,Développement d'une application mobile de télémédecine pour les zones rurales togolaises — Cas d'étude 6,"Cette étude propose le développement d'une application Android permettant aux patients des zones rurales d'accéder à des consultations médicales à distance. L'application intègre un module de géolocalisation des centres de santé, un système de prise de rendez-vous et un dossier médical numérique simplifié.",Cybersécurité,Réseaux et Télécommunications,Étude de cas,0.24,15,43,3,0.814,2,1,0,0,0,0,APPROUVE
PRJ-0238,Conception d'un système de détection de fraude bancaire par deep learning au Togo,"Ce travail vise à concevoir et implémenter un système intelligent de détection de transactions frauduleuses en utilisant des réseaux de neurones LSTM appliqués aux données de mobile money au Togo. La méthodologie inclut la collecte de données anonymisées, le prétraitement, l'entraînement du modèle et l'évaluation des performances sur un jeu de test réel.",Bases de données,Cybersécurité,Prototypage,0.197,13,53,3,0.811,7,1,0,1,1,0,APPROUVE
PRJ-0136,Système embarqué de surveillance environnementale basé sur IoT — Cas d'étude 6,"Ce projet développe un système de capteurs connectés (Arduino + Raspberry Pi) pour surveiller la qualité de l'air, l'humidité et la température dans un environnement industriel. Les données sont transmises via MQTT et visualisées sur un dashboard Grafana.",Mobile,Cybersécurité,Prototypage,0.315,12,38,3,0.868,2,2,0,0,0,0,APPROUVE
PRJ-0541,Recherche sur internet,Je vais chercher des informations sur internet sur plusieurs sujets informatiques et faire un résumé de ce que j'ai trouvé.,Systèmes Embarqués,Génie Logiciel,Développement logiciel (SCRUM),0.88,3,20,2,0.95,0,0,3,0,0,0,REJETE
PRJ-0234,Déploiement d'une infrastructure réseau WiFi communautaire à faible coût,"Cette étude propose le déploiement d'un réseau WiFi communautaire dans un quartier périurbain de Lomé en utilisant des équipements open source. Le projet couvre la conception, la simulation sous GNS3, le déploiement et la mesure des performances réelles.",Développement Web,Cybersécurité,Prototypage,0.035,9,38,3,0.842,2,0,0,0,0,0,APPROUVE
PRJ-0119,Développement d'une application mobile de télémédecine pour les zones rurales togolaises,"Cette étude propose le développement d'une application Android permettant aux patients des zones rurales d'accéder à des consultations médicales à distance. L'application intègre un module de géolocalisation des centres de santé, un système de prise de rendez-vous et un dossier médical numérique simplifié.",Cybersécurité,Réseaux et Télécommunications,Recherche expérimentale,0.142,11,43,3,0.814,2,1,0,0,0,0,APPROUVE
PRJ-0532,Projet sur la blockchain,La blockchain c'est bien. Je vais faire quelque chose avec la blockchain.,Systèmes Embarqués,Systèmes Embarqués,Recherche appliquée,0.755,4,12,3,0.917,0,1,1,0,0,0,REJETE
PRJ-0596,Étude de tout ce qui concerne les réseaux,Ce mémoire va couvrir tous les aspects des réseaux informatiques depuis les débuts jusqu'à aujourd'hui.,Mobile,Réseaux et Télécommunications,Recherche expérimentale,0.618,8,15,2,0.933,0,0,0,0,1,1,REJETE
PRJ-0444,Création d'un site web pour une école,"Le projet consiste à créer un site web pour une école. Le site aura des pages pour présenter l'école, les cours et les professeurs. Il y aura aussi un espace pour les étudiants.",Cloud / DevOps,Systèmes Embarqués,Prototypage,0.278,7,33,4,0.758,0,0,0,0,1,0,REJETE
PRJ-0392,Mise en place d'un réseau local pour une entreprise,"Ce projet va mettre en place un réseau local pour une petite entreprise. On va choisir les équipements, configurer les switches et les routeurs, et tester la connectivité.",Cloud / DevOps,Génie Logiciel,Développement logiciel (SCRUM),0.209,9,28,3,0.857,1,0,0,0,0,0,REJETE
PRJ-0371,Analyse des données de vente d'une entreprise v2,Ce travail va analyser les données de vente d'une entreprise commerciale pour trouver des tendances. On utilisera Excel et Python pour faire les analyses et créer des graphiques.,Réseaux,Systèmes Embarqués,Recherche appliquée,0.682,8,28,3,0.857,2,1,0,0,0,0,REJETE
PRJ-0536,Système comme Google,Créer un moteur de recherche similaire à Google pour l'Afrique.,Cybersécurité,Réseaux et Télécommunications,Recherche expérimentale,0.878,3,10,2,1.0,1,0,1,0,0,0,REJETE
PRJ-0433,Analyse des données de vente d'une entreprise,Ce travail va analyser les données de vente d'une entreprise commerciale pour trouver des tendances. On utilisera Excel et Python pour faire les analyses et créer des graphiques.,Bases de données,Data Science,Développement logiciel (SCRUM),0.441,7,28,3,0.857,2,1,0,0,0,0,REJETE
PRJ-0517,Application,Une application mobile.,Réseaux,Systèmes Embarqués,Recherche appliquée,0.934,1,3,2,1.0,0,0,0,0,0,0,REJETE
PRJ-0077,Conception d'un entrepôt de données pour le suivi épidémiologique au Ministère de la Santé,"Ce projet vise à concevoir un data warehouse selon la modélisation en étoile pour centraliser les données épidémiologiques nationales. Il inclut la mise en place d'un pipeline ETL, le déploiement sous PostgreSQL et la création de rapports analytiques sur Power BI.",Systèmes Embarqués,Génie Logiciel,Recherche expérimentale,0.285,14,41,3,0.927,2,1,0,0,1,0,APPROUVE
PRJ-0253,Mise en place d'un réseau local pour une entreprise,"Ce projet va mettre en place un réseau local pour une petite entreprise. On va choisir les équipements, configurer les switches et les routeurs, et tester la connectivité.",Cloud / DevOps,Cybersécurité,Prototypage,0.355,9,28,3,0.857,1,0,0,0,0,0,REJETE
PRJ-0343,Mise en place d'un réseau local pour une entreprise v4,"Ce projet va mettre en place un réseau local pour une petite entreprise. On va choisir les équipements, configurer les switches et les routeurs, et tester la connectivité.",Bases de données,Data Science,Recherche expérimentale,0.274,10,28,3,0.857,1,0,0,0,0,0,REJETE
PRJ-0294,Développement d'une application Android pour les transports,On va développer une application Android pour les transports en commun. L'application montrera les horaires et les itinéraires disponibles dans la ville.,Développement Web,Réseaux et Télécommunications,Recherche appliquée,0.653,7,22,3,0.909,1,1,0,0,0,0,REJETE
PRJ-0057,Développement d'une application mobile de télémédecine pour les zones rurales togolaises,"Cette étude propose le développement d'une application Android permettant aux patients des zones rurales d'accéder à des consultations médicales à distance. L'application intègre un module de géolocalisation des centres de santé, un système de prise de rendez-vous et un dossier médical numérique simplifié.",Cybersécurité,Cybersécurité,Développement logiciel (SCRUM),0.397,11,43,3,0.814,2,1,0,0,0,0,REVISION_NECESSAIRE
PRJ-0046,Conception d'un système de détection de fraude bancaire par deep learning au Togo — Cas d'étude 6,"Ce travail vise à concevoir et implémenter un système intelligent de détection de transactions frauduleuses en utilisant des réseaux de neurones LSTM appliqués aux données de mobile money au Togo. La méthodologie inclut la collecte de données anonymisées, le prétraitement, l'entraînement du modèle et l'évaluation des performances sur un jeu de test réel.",Systèmes Embarqués,Data Science,Recherche expérimentale,0.189,17,53,3,0.811,7,1,0,1,1,0,APPROUVE
PRJ-0592,Intelligence artificielle générale,Créer une intelligence artificielle générale capable de tout faire comme un humain.,Mobile,Systèmes Embarqués,Étude de cas,0.819,3,12,2,1.0,0,0,1,0,0,1,REJETE
PRJ-0007,Plateforme e-commerce B2B pour l'approvisionnement des PME africaines,"Cette étude conçoit une marketplace B2B permettant aux PME d'Afrique de l'Ouest de s'approvisionner auprès de fournisseurs locaux et internationaux. La plateforme intègre un module de paiement mobile money, une gestion des stocks et un système de notation des fournisseurs.",Développement Web,Cybersécurité,Recherche appliquée,0.415,8,40,3,0.8,3,0,0,0,0,0,REVISION_NECESSAIRE
PRJ-0002,Plateforme e-commerce B2B pour l'approvisionnement des PME africaines,"Cette étude conçoit une marketplace B2B permettant aux PME d'Afrique de l'Ouest de s'approvisionner auprès de fournisseurs locaux et internationaux. La plateforme intègre un module de paiement mobile money, une gestion des stocks et un système de notation des fournisseurs.",IA / Machine Learning,Génie Logiciel,Recherche expérimentale,0.19,8,40,3,0.8,3,0,0,0,0,0,REVISION_NECESSAIRE
PRJ-0580,Application,Une application mobile.,Mobile,Génie Informatique,Étude de cas,0.603,1,3,2,1.0,0,0,0,0,0,0,REJETE
PRJ-0170,Analyse prédictive du taux de décrochage scolaire par apprentissage automatique,"Cette recherche applique des algorithmes de machine learning (Random Forest, XGBoost) pour prédire le risque de décrochage scolaire à partir de données académiques et socio-économiques. Un tableau de bord de visualisation est développé pour les responsables pédagogiques.",Mobile,Génie Informatique,Recherche appliquée,0.162,10,37,3,0.865,3,2,0,0,0,0,REVISION_NECESSAIRE
PRJ-0247,Mise en place d'un système de vote électronique sécurisé pour les élections universitaires,"Ce projet consiste à concevoir et déployer une plateforme de vote électronique sécurisée basée sur la cryptographie asymétrique et la blockchain légère. L'objectif est de garantir l'anonymat, l'intégrité et la traçabilité des votes lors des élections au sein de l'université.",Développement Web,Cybersécurité,Prototypage,0.133,13,40,3,0.825,4,1,0,0,1,0,APPROUVE
PRJ-0526,Projet sur la blockchain,La blockchain c'est bien. Je vais faire quelque chose avec la blockchain.,Cloud / DevOps,Génie Informatique,Étude de cas,0.916,4,12,3,0.917,0,1,1,0,0,0,REJETE
PRJ-0107,Implémentation d'un SIEM open source pour la détection d'intrusions en entreprise,Ce travail consiste à déployer et configurer un SIEM basé sur Wazuh/ELK Stack pour centraliser la gestion des logs et détecter les intrusions dans une PME locale. Il inclut la définition des règles de corrélation et les procédures de réponse aux incidents.,Systèmes Embarqués,Génie Logiciel,Étude de cas,0.031,11,42,3,0.857,1,0,0,0,1,0,APPROUVE
PRJ-0425,Développement d'une application Android pour les transports,On va développer une application Android pour les transports en commun. L'application montrera les horaires et les itinéraires disponibles dans la ville.,Bases de données,Cybersécurité,Étude de cas,0.745,7,22,3,0.909,1,1,0,0,0,0,REJETE
PRJ-0457,Création d'un site web pour une école,"Le projet consiste à créer un site web pour une école. Le site aura des pages pour présenter l'école, les cours et les professeurs. Il y aura aussi un espace pour les étudiants.",IA / Machine Learning,Cybersécurité,Recherche appliquée,0.647,7,33,4,0.758,0,0,0,0,1,0,REJETE
PRJ-0021,Développement d'une application mobile de télémédecine pour les zones rurales togolaises — Cas d'étude 1,"Cette étude propose le développement d'une application Android permettant aux patients des zones rurales d'accéder à des consultations médicales à distance. L'application intègre un module de géolocalisation des centres de santé, un système de prise de rendez-vous et un dossier médical numérique simplifié.",IA / Machine Learning,Génie Informatique,Recherche appliquée,0.071,15,43,3,0.814,2,1,0,0,0,0,REVISION_NECESSAIRE
PRJ-0558,Système comme Google,Créer un moteur de recherche similaire à Google pour l'Afrique.,Cloud / DevOps,Réseaux et Télécommunications,Développement logiciel (SCRUM),0.574,3,10,2,1.0,1,0,1,0,0,0,REJETE
PRJ-0152,Implémentation d'un SIEM open source pour la détection d'intrusions en entreprise,Ce travail consiste à déployer et configurer un SIEM basé sur Wazuh/ELK Stack pour centraliser la gestion des logs et détecter les intrusions dans une PME locale. Il inclut la définition des règles de corrélation et les procédures de réponse aux incidents.,Mobile,Génie Logiciel,Recherche appliquée,0.354,11,42,3,0.857,1,0,0,0,1,0,REVISION_NECESSAIRE
PRJ-0210,Classification automatique de documents administratifs par traitement du langage naturel,"Ce projet applique des techniques de NLP (TF-IDF, BERT) pour classifier automatiquement des documents administratifs numérisés en catégories prédéfinies. L'objectif est de réduire le temps de traitement manuel dans les services administratifs.",IA / Machine Learning,Cybersécurité,Recherche appliquée,0.193,10,32,3,0.906,1,2,0,0,1,0,REVISION_NECESSAIRE
PRJ-0361,Application pour gérer les notes des étudiants,Je veux faire une application pour gérer les notes. Elle permettra d'entrer les notes et de calculer les moyennes. Ce sera utile pour les professeurs.,Cybersécurité,Génie Informatique,Étude de cas,0.299,7,25,4,0.84,0,0,0,0,0,0,REJETE
PRJ-0505,Étude de tout ce qui concerne les réseaux,Ce mémoire va couvrir tous les aspects des réseaux informatiques depuis les débuts jusqu'à aujourd'hui.,Systèmes Embarqués,Réseaux et Télécommunications,Recherche appliquée,0.706,8,15,2,0.933,0,0,0,0,1,1,REJETE
PRJ-0104,Conception d'un système de détection de fraude bancaire par deep learning au Togo,"Ce travail vise à concevoir et implémenter un système intelligent de détection de transactions frauduleuses en utilisant des réseaux de neurones LSTM appliqués aux données de mobile money au Togo. La méthodologie inclut la collecte de données anonymisées, le prétraitement, l'entraînement du modèle et l'évaluation des performances sur un jeu de test réel.",Cloud / DevOps,Systèmes Embarqués,Recherche expérimentale,0.259,13,53,3,0.811,7,1,0,1,1,0,APPROUVE
PRJ-0268,Application pour gérer les notes des étudiants,Je veux faire une application pour gérer les notes. Elle permettra d'entrer les notes et de calculer les moyennes. Ce sera utile pour les professeurs.,Mobile,Génie Informatique,Développement logiciel (SCRUM),0.74,7,25,4,0.84,0,0,0,0,0,0,REJETE
PRJ-0135,Conception d'un système de détection de fraude bancaire par deep learning au Togo,"Ce travail vise à concevoir et implémenter un système intelligent de détection de transactions frauduleuses en utilisant des réseaux de neurones LSTM appliqués aux données de mobile money au Togo. La méthodologie inclut la collecte de données anonymisées, le prétraitement, l'entraînement du modèle et l'évaluation des performances sur un jeu de test réel.",Mobile,Systèmes Embarqués,Développement logiciel (SCRUM),0.138,13,53,3,0.811,7,1,0,1,1,0,APPROUVE
PRJ-0399,Application pour gérer les notes des étudiants v3,Je veux faire une application pour gérer les notes. Elle permettra d'entrer les notes et de calculer les moyennes. Ce sera utile pour les professeurs.,Bases de données,Data Science,Développement logiciel (SCRUM),0.696,8,25,4,0.84,0,0,0,0,0,0,REJETE
PRJ-0103,Développement d'une application mobile de télémédecine pour les zones rurales togolaises,"Cette étude propose le développement d'une application Android permettant aux patients des zones rurales d'accéder à des consultations médicales à distance. L'application intègre un module de géolocalisation des centres de santé, un système de prise de rendez-vous et un dossier médical numérique simplifié.",Mobile,Génie Logiciel,Prototypage,0.074,11,43,3,0.814,2,1,0,0,0,0,APPROUVE
PRJ-0312,Application pour gérer les notes des étudiants,Je veux faire une application pour gérer les notes. Elle permettra d'entrer les notes et de calculer les moyennes. Ce sera utile pour les professeurs.,Mobile,Génie Informatique,Recherche appliquée,0.437,7,25,4,0.84,0,0,0,0,0,0,REJETE
PRJ-0102,Système embarqué de surveillance environnementale basé sur IoT,"Ce projet développe un système de capteurs connectés (Arduino + Raspberry Pi) pour surveiller la qualité de l'air, l'humidité et la température dans un environnement industriel. Les données sont transmises via MQTT et visualisées sur un dashboard Grafana.",Cybersécurité,Cybersécurité,Prototypage,0.345,8,38,3,0.868,2,2,0,0,0,0,APPROUVE
PRJ-0528,Recherche sur internet,Je vais chercher des informations sur internet sur plusieurs sujets informatiques et faire un résumé de ce que j'ai trouvé.,Cybersécurité,Génie Logiciel,Prototypage,0.701,3,20,2,0.95,0,0,3,0,0,0,REJETE
PRJ-0578,Étude de tout ce qui concerne les réseaux,Ce mémoire va couvrir tous les aspects des réseaux informatiques depuis les débuts jusqu'à aujourd'hui.,Bases de données,Data Science,Recherche appliquée,0.522,8,15,2,0.933,0,0,0,0,1,1,REJETE
PRJ-0402,Création d'un site web pour une école,"Le projet consiste à créer un site web pour une école. Le site aura des pages pour présenter l'école, les cours et les professeurs. Il y aura aussi un espace pour les étudiants.",Cloud / DevOps,Génie Informatique,Prototypage,0.512,7,33,4,0.758,0,0,0,0,1,0,REJETE
PRJ-0059,Déploiement d'une infrastructure réseau WiFi communautaire à faible coût,"Cette étude propose le déploiement d'un réseau WiFi communautaire dans un quartier périurbain de Lomé en utilisant des équipements open source. Le projet couvre la conception, la simulation sous GNS3, le déploiement et la mesure des performances réelles.",IA / Machine Learning,Data Science,Recherche expérimentale,0.358,9,38,3,0.842,2,0,0,0,0,0,APPROUVE
PRJ-0145,Plateforme e-commerce B2B pour l'approvisionnement des PME africaines,"Cette étude conçoit une marketplace B2B permettant aux PME d'Afrique de l'Ouest de s'approvisionner auprès de fournisseurs locaux et internationaux. La plateforme intègre un module de paiement mobile money, une gestion des stocks et un système de notation des fournisseurs.",Bases de données,Génie Logiciel,Recherche expérimentale,0.34,8,40,3,0.8,3,0,0,0,0,0,REVISION_NECESSAIRE
PRJ-0061,Analyse prédictive du taux de décrochage scolaire par apprentissage automatique — Cas d'étude 1,"Cette recherche applique des algorithmes de machine learning (Random Forest, XGBoost) pour prédire le risque de décrochage scolaire à partir de données académiques et socio-économiques. Un tableau de bord de visualisation est développé pour les responsables pédagogiques.",Cybersécurité,Systèmes Embarqués,Développement logiciel (SCRUM),0.439,14,37,3,0.865,3,2,0,0,0,0,APPROUVE
PRJ-0317,Application pour gérer les notes des étudiants,Je veux faire une application pour gérer les notes. Elle permettra d'entrer les notes et de calculer les moyennes. Ce sera utile pour les professeurs.,Bases de données,Cybersécurité,Étude de cas,0.592,7,25,4,0.84,0,0,0,0,0,0,REJETE
PRJ-0369,Système de gestion de bibliothèque,"Développer un logiciel de gestion de bibliothèque qui permet d'enregistrer les livres, les emprunts et les retours. Le système aura une interface simple pour les bibliothécaires.",Cybersécurité,Cybersécurité,Recherche appliquée,0.627,5,26,3,0.846,2,1,1,0,0,0,REJETE
PRJ-0262,Système de gestion de bibliothèque,"Développer un logiciel de gestion de bibliothèque qui permet d'enregistrer les livres, les emprunts et les retours. Le système aura une interface simple pour les bibliothécaires.",Cloud / DevOps,Génie Logiciel,Recherche appliquée,0.502,5,26,3,0.846,2,1,1,0,0,0,REJETE
PRJ-0054,Conception d'un entrepôt de données pour le suivi épidémiologique au Ministère de la Santé,"Ce projet vise à concevoir un data warehouse selon la modélisation en étoile pour centraliser les données épidémiologiques nationales. Il inclut la mise en place d'un pipeline ETL, le déploiement sous PostgreSQL et la création de rapports analytiques sur Power BI.",Développement Web,Génie Informatique,Étude de cas,0.381,14,41,3,0.927,2,1,0,0,1,0,APPROUVE
PRJ-0426,Développement d'une application Android pour les transports,On va développer une application Android pour les transports en commun. L'application montrera les horaires et les itinéraires disponibles dans la ville.,Systèmes Embarqués,Génie Informatique,Prototypage,0.635,7,22,3,0.909,1,1,0,0,0,0,REJETE
PRJ-0549,Application,Une application mobile.,Développement Web,Réseaux et Télécommunications,Recherche appliquée,0.563,1,3,2,1.0,0,0,0,0,0,0,REJETE
PRJ-0071,Développement d'une application mobile de télémédecine pour les zones rurales togolaises — Cas d'étude 1,"Cette étude propose le développement d'une application Android permettant aux patients des zones rurales d'accéder à des consultations médicales à distance. L'application intègre un module de géolocalisation des centres de santé, un système de prise de rendez-vous et un dossier médical numérique simplifié.",Systèmes Embarqués,Génie Informatique,Développement logiciel (SCRUM),0.414,15,43,3,0.814,2,1,0,0,0,0,APPROUVE
PRJ-0359,Application pour gérer les notes des étudiants v2,Je veux faire une application pour gérer les notes. Elle permettra d'entrer les notes et de calculer les moyennes. Ce sera utile pour les professeurs.,Réseaux,Cybersécurité,Développement logiciel (SCRUM),0.649,8,25,4,0.84,0,0,0,0,0,0,REJETE
PRJ-0311,Analyse des données de vente d'une entreprise v2,Ce travail va analyser les données de vente d'une entreprise commerciale pour trouver des tendances. On utilisera Excel et Python pour faire les analyses et créer des graphiques.,Bases de données,Data Science,Prototypage,0.355,8,28,3,0.857,2,1,0,0,0,0,REJETE
PRJ-0319,Création d'un site web pour une école v4,"Le projet consiste à créer un site web pour une école. Le site aura des pages pour présenter l'école, les cours et les professeurs. Il y aura aussi un espace pour les étudiants.",Mobile,Cybersécurité,Recherche appliquée,0.539,8,33,4,0.758,0,0,0,0,1,0,REJETE
PRJ-0139,Classification automatique de documents administratifs par traitement du langage naturel,"Ce projet applique des techniques de NLP (TF-IDF, BERT) pour classifier automatiquement des documents administratifs numérisés en catégories prédéfinies. L'objectif est de réduire le temps de traitement manuel dans les services administratifs.",Bases de données,Cybersécurité,Étude de cas,0.34,10,32,3,0.906,1,2,0,0,1,0,REVISION_NECESSAIRE
PRJ-0583,Faire un jeu vidéo,Je veux faire un jeu. Ce sera amusant.,Mobile,Génie Informatique,Prototypage,0.572,4,8,3,1.0,0,0,1,0,0,0,REJETE
PRJ-0585,Copie du système bancaire,Reproduire exactement le système de la banque Ecobank avec toutes ses fonctionnalités en 2 mois.,Bases de données,Génie Logiciel,Recherche appliquée,0.612,4,15,2,1.0,1,0,1,0,0,1,REJETE
PRJ-0052,Développement d'une application mobile de télémédecine pour les zones rurales togolaises,"Cette étude propose le développement d'une application Android permettant aux patients des zones rurales d'accéder à des consultations médicales à distance. L'application intègre un module de géolocalisation des centres de santé, un système de prise de rendez-vous et un dossier médical numérique simplifié.",Cybersécurité,Data Science,Recherche appliquée,0.334,11,43,3,0.814,2,1,0,0,0,0,APPROUVE
PRJ-0562,Projet sur la blockchain,La blockchain c'est bien. Je vais faire quelque chose avec la blockchain.,Cybersécurité,Génie Informatique,Recherche appliquée,0.512,4,12,3,0.917,0,1,1,0,0,0,REJETE
PRJ-0216,Conception d'un entrepôt de données pour le suivi épidémiologique au Ministère de la Santé — Cas d'étude 6,"Ce projet vise à concevoir un data warehouse selon la modélisation en étoile pour centraliser les données épidémiologiques nationales. Il inclut la mise en place d'un pipeline ETL, le déploiement sous PostgreSQL et la création de rapports analytiques sur Power BI.",Bases de données,Systèmes Embarqués,Recherche appliquée,0.191,18,41,3,0.927,2,1,0,0,1,0,APPROUVE
PRJ-0567,Application,Une application mobile.,Cloud / DevOps,Cybersécurité,Recherche expérimentale,0.864,1,3,2,1.0,0,0,0,0,0,0,REJETE
PRJ-0529,Copie du système bancaire,Reproduire exactement le système de la banque Ecobank avec toutes ses fonctionnalités en 2 mois.,Bases de données,Génie Logiciel,Développement logiciel (SCRUM),0.725,4,15,2,1.0,1,0,1,0,0,1,REJETE
PRJ-0323,Mise en place d'un réseau local pour une entreprise v2,"Ce projet va mettre en place un réseau local pour une petite entreprise. On va choisir les équipements, configurer les switches et les routeurs, et tester la connectivité.",Cloud / DevOps,Réseaux et Télécommunications,Recherche expérimentale,0.546,10,28,3,0.857,1,0,0,0,0,0,REJETE
PRJ-0510,Copie du système bancaire,Reproduire exactement le système de la banque Ecobank avec toutes ses fonctionnalités en 2 mois.,Cybersécurité,Génie Informatique,Recherche appliquée,0.933,4,15,2,1.0,1,0,1,0,0,1,REJETE
PRJ-0356,Création d'un site web pour une école,"Le projet consiste à créer un site web pour une école. Le site aura des pages pour présenter l'école, les cours et les professeurs. Il y aura aussi un espace pour les étudiants.",Bases de données,Génie Logiciel,Recherche expérimentale,0.67,7,33,4,0.758,0,0,0,0,1,0,REJETE
PRJ-0523,Recherche sur internet,Je vais chercher des informations sur internet sur plusieurs sujets informatiques et faire un résumé de ce que j'ai trouvé.,Développement Web,Cybersécurité,Prototypage,0.68,3,20,2,0.95,0,0,3,0,0,0,REJETE
PRJ-0079,Système embarqué de surveillance environnementale basé sur IoT,"Ce projet développe un système de capteurs connectés (Arduino + Raspberry Pi) pour surveiller la qualité de l'air, l'humidité et la température dans un environnement industriel. Les données sont transmises via MQTT et visualisées sur un dashboard Grafana.",Bases de données,Systèmes Embarqués,Prototypage,0.346,8,38,3,0.868,2,2,0,0,0,0,APPROUVE
PRJ-0360,Application pour gérer les notes des étudiants,Je veux faire une application pour gérer les notes. Elle permettra d'entrer les notes et de calculer les moyennes. Ce sera utile pour les professeurs.,IA / Machine Learning,Génie Logiciel,Étude de cas,0.585,7,25,4,0.84,0,0,0,0,0,0,REJETE
PRJ-0243,Implémentation d'un SIEM open source pour la détection d'intrusions en entreprise,Ce travail consiste à déployer et configurer un SIEM basé sur Wazuh/ELK Stack pour centraliser la gestion des logs et détecter les intrusions dans une PME locale. Il inclut la définition des règles de corrélation et les procédures de réponse aux incidents.,Développement Web,Data Science,Prototypage,0.319,11,42,3,0.857,1,0,0,0,1,0,REVISION_NECESSAIRE
PRJ-0130,Conception d'un entrepôt de données pour le suivi épidémiologique au Ministère de la Santé,"Ce projet vise à concevoir un data warehouse selon la modélisation en étoile pour centraliser les données épidémiologiques nationales. Il inclut la mise en place d'un pipeline ETL, le déploiement sous PostgreSQL et la création de rapports analytiques sur Power BI.",Cybersécurité,Cybersécurité,Développement logiciel (SCRUM),0.071,14,41,3,0.927,2,1,0,0,1,0,APPROUVE
PRJ-0550,Étude de tout ce qui concerne les réseaux,Ce mémoire va couvrir tous les aspects des réseaux informatiques depuis les débuts jusqu'à aujourd'hui.,Développement Web,Génie Informatique,Recherche appliquée,0.898,8,15,2,0.933,0,0,0,0,1,1,REJETE
PRJ-0485,Application,Une application mobile.,Développement Web,Cybersécurité,Développement logiciel (SCRUM),0.787,1,3,2,1.0,0,0,0,0,0,0,REJETE
PRJ-0195,Conception d'un système de détection de fraude bancaire par deep learning au Togo,"Ce travail vise à concevoir et implémenter un système intelligent de détection de transactions frauduleuses en utilisant des réseaux de neurones LSTM appliqués aux données de mobile money au Togo. La méthodologie inclut la collecte de données anonymisées, le prétraitement, l'entraînement du modèle et l'évaluation des performances sur un jeu de test réel.",Cloud / DevOps,Cybersécurité,Développement logiciel (SCRUM),0.024,13,53,3,0.811,7,1,0,1,1,0,APPROUVE
PRJ-0590,Copie du système bancaire,Reproduire exactement le système de la banque Ecobank avec toutes ses fonctionnalités en 2 mois.,IA / Machine Learning,Génie Informatique,Développement logiciel (SCRUM),0.684,4,15,2,1.0,1,0,1,0,0,1,REJETE
PRJ-0214,Déploiement d'une infrastructure réseau WiFi communautaire à faible coût,"Cette étude propose le déploiement d'un réseau WiFi communautaire dans un quartier périurbain de Lomé en utilisant des équipements open source. Le projet couvre la conception, la simulation sous GNS3, le déploiement et la mesure des performances réelles.",Systèmes Embarqués,Cybersécurité,Prototypage,0.14,9,38,3,0.842,2,0,0,0,0,0,REVISION_NECESSAIRE
PRJ-0553,Recherche sur internet,Je vais chercher des informations sur internet sur plusieurs sujets informatiques et faire un résumé de ce que j'ai trouvé.,Cloud / DevOps,Data Science,Prototypage,0.722,3,20,2,0.95,0,0,3,0,0,0,REJETE
PRJ-0354,Étude sur la sécurité des réseaux wifi,Ce projet parle de la sécurité wifi. On va voir comment sécuriser un réseau wifi et quels sont les problèmes qui existent avec les réseaux sans fil dans les entreprises.,Systèmes Embarqués,Génie Logiciel,Prototypage,0.49,7,30,3,0.933,1,0,0,0,0,0,REJETE
PRJ-0470,Création d'un site web pour une école,"Le projet consiste à créer un site web pour une école. Le site aura des pages pour présenter l'école, les cours et les professeurs. Il y aura aussi un espace pour les étudiants.",Cloud / DevOps,Réseaux et Télécommunications,Recherche expérimentale,0.2,7,33,4,0.758,0,0,0,0,1,0,REJETE
PRJ-0011,Déploiement d'une infrastructure réseau WiFi communautaire à faible coût — Cas d'étude 1,"Cette étude propose le déploiement d'un réseau WiFi communautaire dans un quartier périurbain de Lomé en utilisant des équipements open source. Le projet couvre la conception, la simulation sous GNS3, le déploiement et la mesure des performances réelles.",Développement Web,Cybersécurité,Recherche expérimentale,0.12,13,38,3,0.842,2,0,0,0,0,0,REVISION_NECESSAIRE
PRJ-0429,Étude sur la sécurité des réseaux wifi,Ce projet parle de la sécurité wifi. On va voir comment sécuriser un réseau wifi et quels sont les problèmes qui existent avec les réseaux sans fil dans les entreprises.,Réseaux,Systèmes Embarqués,Recherche appliquée,0.342,7,30,3,0.933,1,0,0,0,0,0,REJETE
PRJ-0335,Création d'un site web pour une école v2,"Le projet consiste à créer un site web pour une école. Le site aura des pages pour présenter l'école, les cours et les professeurs. Il y aura aussi un espace pour les étudiants.",Réseaux,Réseaux et Télécommunications,Développement logiciel (SCRUM),0.607,8,33,4,0.758,0,0,0,0,1,0,REJETE
PRJ-0568,Faire un jeu vidéo,Je veux faire un jeu. Ce sera amusant.,Cloud / DevOps,Cybersécurité,Étude de cas,0.868,4,8,3,1.0,0,0,1,0,0,0,REJETE
PRJ-0339,Application pour gérer les notes des étudiants v3,Je veux faire une application pour gérer les notes. Elle permettra d'entrer les notes et de calculer les moyennes. Ce sera utile pour les professeurs.,Réseaux,Cybersécurité,Développement logiciel (SCRUM),0.249,8,25,4,0.84,0,0,0,0,0,0,REJETE
PRJ-0472,Intelligence artificielle générale,Créer une intelligence artificielle générale capable de tout faire comme un humain.,Cybersécurité,Génie Logiciel,Étude de cas,0.799,3,12,2,1.0,0,0,1,0,0,1,REJETE
PRJ-0305,Analyse des données de vente d'une entreprise,Ce travail va analyser les données de vente d'une entreprise commerciale pour trouver des tendances. On utilisera Excel et Python pour faire les analyses et créer des graphiques.,Systèmes Embarqués,Cybersécurité,Prototypage,0.272,7,28,3,0.857,2,1,0,0,0,0,REJETE
PRJ-0025,Analyse prédictive du taux de décrochage scolaire par apprentissage automatique,"Cette recherche applique des algorithmes de machine learning (Random Forest, XGBoost) pour prédire le risque de décrochage scolaire à partir de données académiques et socio-économiques. Un tableau de bord de visualisation est développé pour les responsables pédagogiques.",Développement Web,Génie Logiciel,Étude de cas,0.395,10,37,3,0.865,3,2,0,0,0,0,REVISION_NECESSAIRE
PRJ-0525,Recherche sur internet,Je vais chercher des informations sur internet sur plusieurs sujets informatiques et faire un résumé de ce que j'ai trouvé.,Systèmes Embarqués,Génie Logiciel,Développement logiciel (SCRUM),0.881,3,20,2,0.95,0,0,3,0,0,0,REJETE
PRJ-0274,Système de gestion de bibliothèque,"Développer un logiciel de gestion de bibliothèque qui permet d'enregistrer les livres, les emprunts et les retours. Le système aura une interface simple pour les bibliothécaires.",IA / Machine Learning,Génie Informatique,Recherche appliquée,0.674,5,26,3,0.846,2,1,1,0,0,0,REJETE
PRJ-0395,Développement d'une application Android pour les transports v2,On va développer une application Android pour les transports en commun. L'application montrera les horaires et les itinéraires disponibles dans la ville.,Bases de données,Cybersécurité,Recherche expérimentale,0.728,8,22,3,0.909,1,1,0,0,0,0,REJETE
PRJ-0131,Mise en place d'un système de vote électronique sécurisé pour les élections universitaires — Cas d'étude 1,"Ce projet consiste à concevoir et déployer une plateforme de vote électronique sécurisée basée sur la cryptographie asymétrique et la blockchain légère. L'objectif est de garantir l'anonymat, l'intégrité et la traçabilité des votes lors des élections au sein de l'université.",Bases de données,Data Science,Développement logiciel (SCRUM),0.203,17,40,3,0.825,4,1,0,0,1,0,APPROUVE
PRJ-0328,Analyse des données de vente d'une entreprise,Ce travail va analyser les données de vente d'une entreprise commerciale pour trouver des tendances. On utilisera Excel et Python pour faire les analyses et créer des graphiques.,Systèmes Embarqués,Cybersécurité,Recherche appliquée,0.453,7,28,3,0.857,2,1,0,0,0,0,REJETE
PRJ-0449,Développement d'une application Android pour les transports,On va développer une application Android pour les transports en commun. L'application montrera les horaires et les itinéraires disponibles dans la ville.,Cybersécurité,Génie Logiciel,Prototypage,0.444,7,22,3,0.909,1,1,0,0,0,0,REJETE
PRJ-0193,Mise en place d'un système de vote électronique sécurisé pour les élections universitaires,"Ce projet consiste à concevoir et déployer une plateforme de vote électronique sécurisée basée sur la cryptographie asymétrique et la blockchain légère. L'objectif est de garantir l'anonymat, l'intégrité et la traçabilité des votes lors des élections au sein de l'université.",Développement Web,Génie Informatique,Développement logiciel (SCRUM),0.359,13,40,3,0.825,4,1,0,0,1,0,APPROUVE
PRJ-0020,Développement d'une application mobile de télémédecine pour les zones rurales togolaises,"Cette étude propose le développement d'une application Android permettant aux patients des zones rurales d'accéder à des consultations médicales à distance. L'application intègre un module de géolocalisation des centres de santé, un système de prise de rendez-vous et un dossier médical numérique simplifié.",Mobile,Génie Informatique,Recherche appliquée,0.242,11,43,3,0.814,2,1,0,0,0,0,APPROUVE
PRJ-0406,Système de gestion de bibliothèque,"Développer un logiciel de gestion de bibliothèque qui permet d'enregistrer les livres, les emprunts et les retours. Le système aura une interface simple pour les bibliothécaires.",Cloud / DevOps,Réseaux et Télécommunications,Prototypage,0.718,5,26,3,0.846,2,1,1,0,0,0,REJETE
PRJ-0334,Mise en place d'un réseau local pour une entreprise,"Ce projet va mettre en place un réseau local pour une petite entreprise. On va choisir les équipements, configurer les switches et les routeurs, et tester la connectivité.",Mobile,Cybersécurité,Recherche appliquée,0.655,9,28,3,0.857,1,0,0,0,0,0,REJETE
PRJ-0365,Mise en place d'un réseau local pour une entreprise,"Ce projet va mettre en place un réseau local pour une petite entreprise. On va choisir les équipements, configurer les switches et les routeurs, et tester la connectivité.",Cloud / DevOps,Réseaux et Télécommunications,Recherche expérimentale,0.499,9,28,3,0.857,1,0,0,0,0,0,REJETE
PRJ-0593,Étude de tout ce qui concerne les réseaux,Ce mémoire va couvrir tous les aspects des réseaux informatiques depuis les débuts jusqu'à aujourd'hui.,Mobile,Génie Informatique,Prototypage,0.598,8,15,2,0.933,0,0,0,0,1,1,REJETE
PRJ-0064,Analyse prédictive du taux de décrochage scolaire par apprentissage automatique,"Cette recherche applique des algorithmes de machine learning (Random Forest, XGBoost) pour prédire le risque de décrochage scolaire à partir de données académiques et socio-économiques. Un tableau de bord de visualisation est développé pour les responsables pédagogiques.",Systèmes Embarqués,Data Science,Recherche expérimentale,0.413,10,37,3,0.865,3,2,0,0,0,0,REVISION_NECESSAIRE
PRJ-0087,Analyse prédictive du taux de décrochage scolaire par apprentissage automatique,"Cette recherche applique des algorithmes de machine learning (Random Forest, XGBoost) pour prédire le risque de décrochage scolaire à partir de données académiques et socio-économiques. Un tableau de bord de visualisation est développé pour les responsables pédagogiques.",Mobile,Réseaux et Télécommunications,Recherche appliquée,0.035,10,37,3,0.865,3,2,0,0,0,0,REVISION_NECESSAIRE
PRJ-0259,Étude sur la sécurité des réseaux wifi v4,Ce projet parle de la sécurité wifi. On va voir comment sécuriser un réseau wifi et quels sont les problèmes qui existent avec les réseaux sans fil dans les entreprises.,Développement Web,Génie Informatique,Recherche appliquée,0.216,8,30,3,0.933,1,0,0,0,0,0,REJETE
PRJ-0582,Copie du système bancaire,Reproduire exactement le système de la banque Ecobank avec toutes ses fonctionnalités en 2 mois.,Bases de données,Cybersécurité,Recherche appliquée,0.683,4,15,2,1.0,1,0,1,0,0,1,REJETE
PRJ-0012,Plateforme e-commerce B2B pour l'approvisionnement des PME africaines,"Cette étude conçoit une marketplace B2B permettant aux PME d'Afrique de l'Ouest de s'approvisionner auprès de fournisseurs locaux et internationaux. La plateforme intègre un module de paiement mobile money, une gestion des stocks et un système de notation des fournisseurs.",Cloud / DevOps,Data Science,Prototypage,0.074,8,40,3,0.8,3,0,0,0,0,0,APPROUVE
PRJ-0376,Développement d'une application Android pour les transports,On va développer une application Android pour les transports en commun. L'application montrera les horaires et les itinéraires disponibles dans la ville.,Cybersécurité,Systèmes Embarqués,Recherche expérimentale,0.507,7,22,3,0.909,1,1,0,0,0,0,REJETE
PRJ-0109,Implémentation d'un SIEM open source pour la détection d'intrusions en entreprise,Ce travail consiste à déployer et configurer un SIEM basé sur Wazuh/ELK Stack pour centraliser la gestion des logs et détecter les intrusions dans une PME locale. Il inclut la définition des règles de corrélation et les procédures de réponse aux incidents.,Mobile,Cybersécurité,Prototypage,0.235,11,42,3,0.857,1,0,0,0,1,0,REVISION_NECESSAIRE
PRJ-0068,Classification automatique de documents administratifs par traitement du langage naturel,"Ce projet applique des techniques de NLP (TF-IDF, BERT) pour classifier automatiquement des documents administratifs numérisés en catégories prédéfinies. L'objectif est de réduire le temps de traitement manuel dans les services administratifs.",Systèmes Embarqués,Systèmes Embarqués,Prototypage,0.328,10,32,3,0.906,1,2,0,0,1,0,REVISION_NECESSAIRE
PRJ-0373,Mise en place d'un réseau local pour une entreprise,"Ce projet va mettre en place un réseau local pour une petite entreprise. On va choisir les équipements, configurer les switches et les routeurs, et tester la connectivité.",Cloud / DevOps,Cybersécurité,Recherche appliquée,0.389,9,28,3,0.857,1,0,0,0,0,0,REJETE
PRJ-0115,Système embarqué de surveillance environnementale basé sur IoT,"Ce projet développe un système de capteurs connectés (Arduino + Raspberry Pi) pour surveiller la qualité de l'air, l'humidité et la température dans un environnement industriel. Les données sont transmises via MQTT et visualisées sur un dashboard Grafana.",Bases de données,Génie Informatique,Étude de cas,0.108,8,38,3,0.868,2,2,0,0,0,0,APPROUVE
PRJ-0117,Conception d'un entrepôt de données pour le suivi épidémiologique au Ministère de la Santé,"Ce projet vise à concevoir un data warehouse selon la modélisation en étoile pour centraliser les données épidémiologiques nationales. Il inclut la mise en place d'un pipeline ETL, le déploiement sous PostgreSQL et la création de rapports analytiques sur Power BI.",Systèmes Embarqués,Systèmes Embarqués,Prototypage,0.166,14,41,3,0.927,2,1,0,0,1,0,APPROUVE
PRJ-0010,Implémentation d'un SIEM open source pour la détection d'intrusions en entreprise,Ce travail consiste à déployer et configurer un SIEM basé sur Wazuh/ELK Stack pour centraliser la gestion des logs et détecter les intrusions dans une PME locale. Il inclut la définition des règles de corrélation et les procédures de réponse aux incidents.,Systèmes Embarqués,Réseaux et Télécommunications,Recherche appliquée,0.286,11,42,3,0.857,1,0,0,0,1,0,REVISION_NECESSAIRE
PRJ-0207,Implémentation d'un SIEM open source pour la détection d'intrusions en entreprise,Ce travail consiste à déployer et configurer un SIEM basé sur Wazuh/ELK Stack pour centraliser la gestion des logs et détecter les intrusions dans une PME locale. Il inclut la définition des règles de corrélation et les procédures de réponse aux incidents.,Cloud / DevOps,Génie Informatique,Développement logiciel (SCRUM),0.299,11,42,3,0.857,1,0,0,0,1,0,REVISION_NECESSAIRE
PRJ-0416,Système de gestion de bibliothèque,"Développer un logiciel de gestion de bibliothèque qui permet d'enregistrer les livres, les emprunts et les retours. Le système aura une interface simple pour les bibliothécaires.",Réseaux,Systèmes Embarqués,Développement logiciel (SCRUM),0.473,5,26,3,0.846,2,1,1,0,0,0,REJETE
PRJ-0471,Intelligence artificielle générale,Créer une intelligence artificielle générale capable de tout faire comme un humain.,Mobile,Génie Logiciel,Recherche appliquée,0.92,3,12,2,1.0,0,0,1,0,0,1,REJETE
PRJ-0465,Application pour gérer les notes des étudiants,Je veux faire une application pour gérer les notes. Elle permettra d'entrer les notes et de calculer les moyennes. Ce sera utile pour les professeurs.,Développement Web,Génie Informatique,Étude de cas,0.666,7,25,4,0.84,0,0,0,0,0,0,REJETE
PRJ-0486,Étude de tout ce qui concerne les réseaux,Ce mémoire va couvrir tous les aspects des réseaux informatiques depuis les débuts jusqu'à aujourd'hui.,Cloud / DevOps,Data Science,Prototypage,0.559,8,15,2,0.933,0,0,0,0,1,1,REJETE
PRJ-0085,Implémentation d'un SIEM open source pour la détection d'intrusions en entreprise,Ce travail consiste à déployer et configurer un SIEM basé sur Wazuh/ELK Stack pour centraliser la gestion des logs et détecter les intrusions dans une PME locale. Il inclut la définition des règles de corrélation et les procédures de réponse aux incidents.,Cybersécurité,Génie Informatique,Étude de cas,0.247,11,42,3,0.857,1,0,0,0,1,0,APPROUVE
PRJ-0097,Mise en place d'un système de vote électronique sécurisé pour les élections universitaires,"Ce projet consiste à concevoir et déployer une plateforme de vote électronique sécurisée basée sur la cryptographie asymétrique et la blockchain légère. L'objectif est de garantir l'anonymat, l'intégrité et la traçabilité des votes lors des élections au sein de l'université.",Réseaux,Systèmes Embarqués,Recherche appliquée,0.171,13,40,3,0.825,4,1,0,0,1,0,APPROUVE
PRJ-0385,Système de gestion de bibliothèque,"Développer un logiciel de gestion de bibliothèque qui permet d'enregistrer les livres, les emprunts et les retours. Le système aura une interface simple pour les bibliothécaires.",Cloud / DevOps,Data Science,Recherche expérimentale,0.209,5,26,3,0.846,2,1,1,0,0,0,REJETE
PRJ-0184,Système embarqué de surveillance environnementale basé sur IoT,"Ce projet développe un système de capteurs connectés (Arduino + Raspberry Pi) pour surveiller la qualité de l'air, l'humidité et la température dans un environnement industriel. Les données sont transmises via MQTT et visualisées sur un dashboard Grafana.",Cybersécurité,Systèmes Embarqués,Étude de cas,0.106,8,38,3,0.868,2,2,0,0,0,0,REVISION_NECESSAIRE
PRJ-0251,Application de chat en temps réel v2,Ce projet vise à créer une application de messagerie instantanée. Les utilisateurs pourront envoyer des messages en temps réel. On utilisera des websockets pour la communication.,Réseaux,Cybersécurité,Recherche expérimentale,0.631,7,26,4,0.962,0,0,0,0,1,0,REJETE
PRJ-0462,Mise en place d'un réseau local pour une entreprise,"Ce projet va mettre en place un réseau local pour une petite entreprise. On va choisir les équipements, configurer les switches et les routeurs, et tester la connectivité.",Cloud / DevOps,Systèmes Embarqués,Étude de cas,0.548,9,28,3,0.857,1,0,0,0,0,0,REJETE
PRJ-0176,Mise en place d'un système de vote électronique sécurisé pour les élections universitaires — Cas d'étude 6,"Ce projet consiste à concevoir et déployer une plateforme de vote électronique sécurisée basée sur la cryptographie asymétrique et la blockchain légère. L'objectif est de garantir l'anonymat, l'intégrité et la traçabilité des votes lors des élections au sein de l'université.",Systèmes Embarqués,Cybersécurité,Prototypage,0.354,17,40,3,0.825,4,1,0,0,1,0,APPROUVE
PRJ-0069,Plateforme e-commerce B2B pour l'approvisionnement des PME africaines,"Cette étude conçoit une marketplace B2B permettant aux PME d'Afrique de l'Ouest de s'approvisionner auprès de fournisseurs locaux et internationaux. La plateforme intègre un module de paiement mobile money, une gestion des stocks et un système de notation des fournisseurs.",Réseaux,Data Science,Développement logiciel (SCRUM),0.405,8,40,3,0.8,3,0,0,0,0,0,REVISION_NECESSAIRE
PRJ-0352,Mise en place d'un réseau local pour une entreprise,"Ce projet va mettre en place un réseau local pour une petite entreprise. On va choisir les équipements, configurer les switches et les routeurs, et tester la connectivité.",Cloud / DevOps,Génie Informatique,Prototypage,0.533,9,28,3,0.857,1,0,0,0,0,0,REJETE
PRJ-0455,Mise en place d'un réseau local pour une entreprise v2,"Ce projet va mettre en place un réseau local pour une petite entreprise. On va choisir les équipements, configurer les switches et les routeurs, et tester la connectivité.",Réseaux,Réseaux et Télécommunications,Prototypage,0.265,10,28,3,0.857,1,0,0,0,0,0,REJETE
PRJ-0571,Copie du système bancaire,Reproduire exactement le système de la banque Ecobank avec toutes ses fonctionnalités en 2 mois.,Cloud / DevOps,Réseaux et Télécommunications,Recherche expérimentale,0.691,4,15,2,1.0,1,0,1,0,0,1,REJETE
PRJ-0346,Développement d'une application Android pour les transports,On va développer une application Android pour les transports en commun. L'application montrera les horaires et les itinéraires disponibles dans la ville.,Développement Web,Systèmes Embarqués,Développement logiciel (SCRUM),0.483,7,22,3,0.909,1,1,0,0,0,0,REJETE
PRJ-0467,Système de gestion de bibliothèque v2,"Développer un logiciel de gestion de bibliothèque qui permet d'enregistrer les livres, les emprunts et les retours. Le système aura une interface simple pour les bibliothécaires.",Mobile,Data Science,Prototypage,0.378,6,26,3,0.846,2,1,1,0,0,0,REJETE
PRJ-0298,Application de chat en temps réel,Ce projet vise à créer une application de messagerie instantanée. Les utilisateurs pourront envoyer des messages en temps réel. On utilisera des websockets pour la communication.,Mobile,Réseaux et Télécommunications,Recherche appliquée,0.338,6,26,4,0.962,0,0,0,0,1,0,REJETE
PRJ-0570,Recherche sur internet,Je vais chercher des informations sur internet sur plusieurs sujets informatiques et faire un résumé de ce que j'ai trouvé.,Cybersécurité,Réseaux et Télécommunications,Recherche expérimentale,0.841,3,20,2,0.95,0,0,3,0,0,0,REJETE
PRJ-0047,Déploiement d'une infrastructure réseau WiFi communautaire à faible coût,"Cette étude propose le déploiement d'un réseau WiFi communautaire dans un quartier périurbain de Lomé en utilisant des équipements open source. Le projet couvre la conception, la simulation sous GNS3, le déploiement et la mesure des performances réelles.",Mobile,Systèmes Embarqués,Recherche appliquée,0.178,9,38,3,0.842,2,0,0,0,0,0,REVISION_NECESSAIRE
PRJ-0067,Conception d'un entrepôt de données pour le suivi épidémiologique au Ministère de la Santé,"Ce projet vise à concevoir un data warehouse selon la modélisation en étoile pour centraliser les données épidémiologiques nationales. Il inclut la mise en place d'un pipeline ETL, le déploiement sous PostgreSQL et la création de rapports analytiques sur Power BI.",Mobile,Génie Logiciel,Développement logiciel (SCRUM),0.433,14,41,3,0.927,2,1,0,0,1,0,APPROUVE
PRJ-0172,Conception d'un système de détection de fraude bancaire par deep learning au Togo,"Ce travail vise à concevoir et implémenter un système intelligent de détection de transactions frauduleuses en utilisant des réseaux de neurones LSTM appliqués aux données de mobile money au Togo. La méthodologie inclut la collecte de données anonymisées, le prétraitement, l'entraînement du modèle et l'évaluation des performances sur un jeu de test réel.",Mobile,Réseaux et Télécommunications,Prototypage,0.335,13,53,3,0.811,7,1,0,1,1,0,APPROUVE
PRJ-0314,Application de chat en temps réel,Ce projet vise à créer une application de messagerie instantanée. Les utilisateurs pourront envoyer des messages en temps réel. On utilisera des websockets pour la communication.,Mobile,Cybersécurité,Prototypage,0.477,6,26,4,0.962,0,0,0,0,1,0,REJETE
PRJ-0516,Application,Une application mobile.,Bases de données,Data Science,Étude de cas,0.574,1,3,2,1.0,0,0,0,0,0,0,REJETE
PRJ-0538,Recherche sur internet,Je vais chercher des informations sur internet sur plusieurs sujets informatiques et faire un résumé de ce que j'ai trouvé.,Bases de données,Cybersécurité,Recherche appliquée,0.585,3,20,2,0.95,0,0,3,0,0,0,REJETE
PRJ-0106,Classification automatique de documents administratifs par traitement du langage naturel — Cas d'étude 6,"Ce projet applique des techniques de NLP (TF-IDF, BERT) pour classifier automatiquement des documents administratifs numérisés en catégories prédéfinies. L'objectif est de réduire le temps de traitement manuel dans les services administratifs.",IA / Machine Learning,Data Science,Prototypage,0.358,14,32,3,0.906,1,2,0,0,1,0,APPROUVE
PRJ-0544,Étude de tout ce qui concerne les réseaux,Ce mémoire va couvrir tous les aspects des réseaux informatiques depuis les débuts jusqu'à aujourd'hui.,Cybersécurité,Génie Informatique,Étude de cas,0.561,8,15,2,0.933,0,0,0,0,1,1,REJETE
PRJ-0320,Mise en place d'un réseau local pour une entreprise,"Ce projet va mettre en place un réseau local pour une petite entreprise. On va choisir les équipements, configurer les switches et les routeurs, et tester la connectivité.",IA / Machine Learning,Data Science,Recherche appliquée,0.365,9,28,3,0.857,1,0,0,0,0,0,REJETE
PRJ-0353,Mise en place d'un réseau local pour une entreprise,"Ce projet va mettre en place un réseau local pour une petite entreprise. On va choisir les équipements, configurer les switches et les routeurs, et tester la connectivité.",Réseaux,Réseaux et Télécommunications,Prototypage,0.641,9,28,3,0.857,1,0,0,0,0,0,REJETE
PRJ-0232,Développement d'une application mobile de télémédecine pour les zones rurales togolaises,"Cette étude propose le développement d'une application Android permettant aux patients des zones rurales d'accéder à des consultations médicales à distance. L'application intègre un module de géolocalisation des centres de santé, un système de prise de rendez-vous et un dossier médical numérique simplifié.",Mobile,Cybersécurité,Développement logiciel (SCRUM),0.284,11,43,3,0.814,2,1,0,0,0,0,REVISION_NECESSAIRE
PRJ-0255,Mise en place d'un réseau local pour une entreprise v3,"Ce projet va mettre en place un réseau local pour une petite entreprise. On va choisir les équipements, configurer les switches et les routeurs, et tester la connectivité.",Développement Web,Génie Informatique,Prototypage,0.505,10,28,3,0.857,1,0,0,0,0,0,REJETE
PRJ-0537,Étude de tout ce qui concerne les réseaux,Ce mémoire va couvrir tous les aspects des réseaux informatiques depuis les débuts jusqu'à aujourd'hui.,IA / Machine Learning,Génie Informatique,Recherche appliquée,0.814,8,15,2,0.933,0,0,0,0,1,1,REJETE
PRJ-0019,Implémentation d'un SIEM open source pour la détection d'intrusions en entreprise,Ce travail consiste à déployer et configurer un SIEM basé sur Wazuh/ELK Stack pour centraliser la gestion des logs et détecter les intrusions dans une PME locale. Il inclut la définition des règles de corrélation et les procédures de réponse aux incidents.,Mobile,Cybersécurité,Développement logiciel (SCRUM),0.448,11,42,3,0.857,1,0,0,0,1,0,REVISION_NECESSAIRE
PRJ-0196,Développement d'une application mobile de télémédecine pour les zones rurales togolaises — Cas d'étude 6,"Cette étude propose le développement d'une application Android permettant aux patients des zones rurales d'accéder à des consultations médicales à distance. L'application intègre un module de géolocalisation des centres de santé, un système de prise de rendez-vous et un dossier médical numérique simplifié.",Développement Web,Systèmes Embarqués,Prototypage,0.35,15,43,3,0.814,2,1,0,0,0,0,REVISION_NECESSAIRE
PRJ-0330,Application de chat en temps réel,Ce projet vise à créer une application de messagerie instantanée. Les utilisateurs pourront envoyer des messages en temps réel. On utilisera des websockets pour la communication.,Mobile,Data Science,Recherche expérimentale,0.735,6,26,4,0.962,0,0,0,0,1,0,REJETE
PRJ-0015,Implémentation d'un SIEM open source pour la détection d'intrusions en entreprise,Ce travail consiste à déployer et configurer un SIEM basé sur Wazuh/ELK Stack pour centraliser la gestion des logs et détecter les intrusions dans une PME locale. Il inclut la définition des règles de corrélation et les procédures de réponse aux incidents.,Cybersécurité,Data Science,Recherche expérimentale,0.289,11,42,3,0.857,1,0,0,0,1,0,APPROUVE
PRJ-0383,Analyse des données de vente d'une entreprise v2,Ce travail va analyser les données de vente d'une entreprise commerciale pour trouver des tendances. On utilisera Excel et Python pour faire les analyses et créer des graphiques.,Développement Web,Génie Informatique,Étude de cas,0.474,8,28,3,0.857,2,1,0,0,0,0,REJETE
PRJ-0205,Développement d'une application mobile de télémédecine pour les zones rurales togolaises,"Cette étude propose le développement d'une application Android permettant aux patients des zones rurales d'accéder à des consultations médicales à distance. L'application intègre un module de géolocalisation des centres de santé, un système de prise de rendez-vous et un dossier médical numérique simplifié.",Cloud / DevOps,Génie Logiciel,Recherche appliquée,0.038,11,43,3,0.814,2,1,0,0,0,0,REVISION_NECESSAIRE
PRJ-0039,Système embarqué de surveillance environnementale basé sur IoT,"Ce projet développe un système de capteurs connectés (Arduino + Raspberry Pi) pour surveiller la qualité de l'air, l'humidité et la température dans un environnement industriel. Les données sont transmises via MQTT et visualisées sur un dashboard Grafana.",IA / Machine Learning,Réseaux et Télécommunications,Étude de cas,0.389,8,38,3,0.868,2,2,0,0,0,0,REVISION_NECESSAIRE
PRJ-0552,Application,Une application mobile.,Bases de données,Génie Informatique,Étude de cas,0.522,1,3,2,1.0,0,0,0,0,0,0,REJETE
PRJ-0393,Application de chat en temps réel,Ce projet vise à créer une application de messagerie instantanée. Les utilisateurs pourront envoyer des messages en temps réel. On utilisera des websockets pour la communication.,Cloud / DevOps,Réseaux et Télécommunications,Développement logiciel (SCRUM),0.358,6,26,4,0.962,0,0,0,0,1,0,REJETE
PRJ-0489,Intelligence artificielle générale,Créer une intelligence artificielle générale capable de tout faire comme un humain.,Cloud / DevOps,Systèmes Embarqués,Étude de cas,0.725,3,12,2,1.0,0,0,1,0,0,1,REJETE
PRJ-0542,Recherche sur internet,Je vais chercher des informations sur internet sur plusieurs sujets informatiques et faire un résumé de ce que j'ai trouvé.,Développement Web,Cybersécurité,Recherche appliquée,0.913,3,20,2,0.95,0,0,3,0,0,0,REJETE
PRJ-0414,Application de chat en temps réel,Ce projet vise à créer une application de messagerie instantanée. Les utilisateurs pourront envoyer des messages en temps réel. On utilisera des websockets pour la communication.,Développement Web,Réseaux et Télécommunications,Étude de cas,0.471,6,26,4,0.962,0,0,0,0,1,0,REJETE
PRJ-0440,Création d'un site web pour une école,"Le projet consiste à créer un site web pour une école. Le site aura des pages pour présenter l'école, les cours et les professeurs. Il y aura aussi un espace pour les étudiants.",Développement Web,Data Science,Étude de cas,0.308,7,33,4,0.758,0,0,0,0,1,0,REJETE
PRJ-0445,Création d'un site web pour une école,"Le projet consiste à créer un site web pour une école. Le site aura des pages pour présenter l'école, les cours et les professeurs. Il y aura aussi un espace pour les étudiants.",Bases de données,Génie Informatique,Prototypage,0.433,7,33,4,0.758,0,0,0,0,1,0,REJETE
PRJ-0133,Conception d'un entrepôt de données pour le suivi épidémiologique au Ministère de la Santé,"Ce projet vise à concevoir un data warehouse selon la modélisation en étoile pour centraliser les données épidémiologiques nationales. Il inclut la mise en place d'un pipeline ETL, le déploiement sous PostgreSQL et la création de rapports analytiques sur Power BI.",Réseaux,Systèmes Embarqués,Développement logiciel (SCRUM),0.281,14,41,3,0.927,2,1,0,0,1,0,APPROUVE
PRJ-0091,Classification automatique de documents administratifs par traitement du langage naturel — Cas d'étude 1,"Ce projet applique des techniques de NLP (TF-IDF, BERT) pour classifier automatiquement des documents administratifs numérisés en catégories prédéfinies. L'objectif est de réduire le temps de traitement manuel dans les services administratifs.",Cloud / DevOps,Systèmes Embarqués,Développement logiciel (SCRUM),0.009,14,32,3,0.906,1,2,0,0,1,0,APPROUVE
PRJ-0502,Système comme Google,Créer un moteur de recherche similaire à Google pour l'Afrique.,Systèmes Embarqués,Data Science,Développement logiciel (SCRUM),0.612,3,10,2,1.0,1,0,1,0,0,0,REJETE
PRJ-0163,Conception d'un entrepôt de données pour le suivi épidémiologique au Ministère de la Santé,"Ce projet vise à concevoir un data warehouse selon la modélisation en étoile pour centraliser les données épidémiologiques nationales. Il inclut la mise en place d'un pipeline ETL, le déploiement sous PostgreSQL et la création de rapports analytiques sur Power BI.",IA / Machine Learning,Data Science,Recherche appliquée,0.021,14,41,3,0.927,2,1,0,0,1,0,APPROUVE
PRJ-0173,Déploiement d'une infrastructure réseau WiFi communautaire à faible coût,"Cette étude propose le déploiement d'un réseau WiFi communautaire dans un quartier périurbain de Lomé en utilisant des équipements open source. Le projet couvre la conception, la simulation sous GNS3, le déploiement et la mesure des performances réelles.",Mobile,Génie Informatique,Recherche expérimentale,0.086,9,38,3,0.842,2,0,0,0,0,0,REVISION_NECESSAIRE
PRJ-0215,Développement d'une application mobile de télémédecine pour les zones rurales togolaises,"Cette étude propose le développement d'une application Android permettant aux patients des zones rurales d'accéder à des consultations médicales à distance. L'application intègre un module de géolocalisation des centres de santé, un système de prise de rendez-vous et un dossier médical numérique simplifié.",IA / Machine Learning,Génie Informatique,Développement logiciel (SCRUM),0.07,11,43,3,0.814,2,1,0,0,0,0,APPROUVE
PRJ-0281,Application de chat en temps réel,Ce projet vise à créer une application de messagerie instantanée. Les utilisateurs pourront envoyer des messages en temps réel. On utilisera des websockets pour la communication.,IA / Machine Learning,Génie Logiciel,Étude de cas,0.635,6,26,4,0.962,0,0,0,0,1,0,REJETE
PRJ-0463,Étude sur la sécurité des réseaux wifi v4,Ce projet parle de la sécurité wifi. On va voir comment sécuriser un réseau wifi et quels sont les problèmes qui existent avec les réseaux sans fil dans les entreprises.,Développement Web,Systèmes Embarqués,Prototypage,0.684,8,30,3,0.933,1,0,0,0,0,0,REJETE
PRJ-0005,Déploiement d'une infrastructure réseau WiFi communautaire à faible coût,"Cette étude propose le déploiement d'un réseau WiFi communautaire dans un quartier périurbain de Lomé en utilisant des équipements open source. Le projet couvre la conception, la simulation sous GNS3, le déploiement et la mesure des performances réelles.",Systèmes Embarqués,Génie Logiciel,Développement logiciel (SCRUM),0.097,9,38,3,0.842,2,0,0,0,0,0,REVISION_NECESSAIRE
PRJ-0060,Analyse prédictive du taux de décrochage scolaire par apprentissage automatique,"Cette recherche applique des algorithmes de machine learning (Random Forest, XGBoost) pour prédire le risque de décrochage scolaire à partir de données académiques et socio-économiques. Un tableau de bord de visualisation est développé pour les responsables pédagogiques.",Cloud / DevOps,Cybersécurité,Recherche expérimentale,0.159,10,37,3,0.865,3,2,0,0,0,0,APPROUVE
PRJ-0321,Étude sur la sécurité des réseaux wifi,Ce projet parle de la sécurité wifi. On va voir comment sécuriser un réseau wifi et quels sont les problèmes qui existent avec les réseaux sans fil dans les entreprises.,IA / Machine Learning,Cybersécurité,Étude de cas,0.521,7,30,3,0.933,1,0,0,0,0,0,REJETE
PRJ-0182,Déploiement d'une infrastructure réseau WiFi communautaire à faible coût,"Cette étude propose le déploiement d'un réseau WiFi communautaire dans un quartier périurbain de Lomé en utilisant des équipements open source. Le projet couvre la conception, la simulation sous GNS3, le déploiement et la mesure des performances réelles.",Développement Web,Génie Informatique,Étude de cas,0.1,9,38,3,0.842,2,0,0,0,0,0,APPROUVE
PRJ-0341,Création d'un site web pour une école,"Le projet consiste à créer un site web pour une école. Le site aura des pages pour présenter l'école, les cours et les professeurs. Il y aura aussi un espace pour les étudiants.",Mobile,Génie Logiciel,Développement logiciel (SCRUM),0.729,7,33,4,0.758,0,0,0,0,1,0,REJETE
PRJ-0500,Copie du système bancaire,Reproduire exactement le système de la banque Ecobank avec toutes ses fonctionnalités en 2 mois.,IA / Machine Learning,Réseaux et Télécommunications,Développement logiciel (SCRUM),0.501,4,15,2,1.0,1,0,1,0,0,1,REJETE
PRJ-0083,Analyse prédictive du taux de décrochage scolaire par apprentissage automatique,"Cette recherche applique des algorithmes de machine learning (Random Forest, XGBoost) pour prédire le risque de décrochage scolaire à partir de données académiques et socio-économiques. Un tableau de bord de visualisation est développé pour les responsables pédagogiques.",Cybersécurité,Systèmes Embarqués,Prototypage,0.055,10,37,3,0.865,3,2,0,0,0,0,APPROUVE
PRJ-0185,Déploiement d'une infrastructure réseau WiFi communautaire à faible coût,"Cette étude propose le déploiement d'un réseau WiFi communautaire dans un quartier périurbain de Lomé en utilisant des équipements open source. Le projet couvre la conception, la simulation sous GNS3, le déploiement et la mesure des performances réelles.",Cloud / DevOps,Cybersécurité,Recherche expérimentale,0.334,9,38,3,0.842,2,0,0,0,0,0,APPROUVE
PRJ-0324,Application pour gérer les notes des étudiants,Je veux faire une application pour gérer les notes. Elle permettra d'entrer les notes et de calculer les moyennes. Ce sera utile pour les professeurs.,Réseaux,Génie Logiciel,Étude de cas,0.585,7,25,4,0.84,0,0,0,0,0,0,REJETE
PRJ-0147,Développement d'une application mobile de télémédecine pour les zones rurales togolaises,"Cette étude propose le développement d'une application Android permettant aux patients des zones rurales d'accéder à des consultations médicales à distance. L'application intègre un module de géolocalisation des centres de santé, un système de prise de rendez-vous et un dossier médical numérique simplifié.",Réseaux,Génie Informatique,Recherche expérimentale,0.284,11,43,3,0.814,2,1,0,0,0,0,REVISION_NECESSAIRE
PRJ-0469,Application pour gérer les notes des étudiants,Je veux faire une application pour gérer les notes. Elle permettra d'entrer les notes et de calculer les moyennes. Ce sera utile pour les professeurs.,Bases de données,Génie Logiciel,Développement logiciel (SCRUM),0.631,7,25,4,0.84,0,0,0,0,0,0,REJETE
PRJ-0420,Mise en place d'un réseau local pour une entreprise,"Ce projet va mettre en place un réseau local pour une petite entreprise. On va choisir les équipements, configurer les switches et les routeurs, et tester la connectivité.",Systèmes Embarqués,Systèmes Embarqués,Recherche appliquée,0.63,9,28,3,0.857,1,0,0,0,0,0,REJETE
PRJ-0351,Application de chat en temps réel v3,Ce projet vise à créer une application de messagerie instantanée. Les utilisateurs pourront envoyer des messages en temps réel. On utilisera des websockets pour la communication.,Cybersécurité,Systèmes Embarqués,Recherche expérimentale,0.321,7,26,4,0.962,0,0,0,0,1,0,REJETE
PRJ-0206,Mise en place d'un système de vote électronique sécurisé pour les élections universitaires — Cas d'étude 6,"Ce projet consiste à concevoir et déployer une plateforme de vote électronique sécurisée basée sur la cryptographie asymétrique et la blockchain légère. L'objectif est de garantir l'anonymat, l'intégrité et la traçabilité des votes lors des élections au sein de l'université.",Systèmes Embarqués,Génie Informatique,Développement logiciel (SCRUM),0.264,17,40,3,0.825,4,1,0,0,1,0,APPROUVE
PRJ-0141,Déploiement d'une infrastructure réseau WiFi communautaire à faible coût — Cas d'étude 1,"Cette étude propose le déploiement d'un réseau WiFi communautaire dans un quartier périurbain de Lomé en utilisant des équipements open source. Le projet couvre la conception, la simulation sous GNS3, le déploiement et la mesure des performances réelles.",Développement Web,Réseaux et Télécommunications,Recherche appliquée,0.144,13,38,3,0.842,2,0,0,0,0,0,REVISION_NECESSAIRE
PRJ-0155,Analyse prédictive du taux de décrochage scolaire par apprentissage automatique,"Cette recherche applique des algorithmes de machine learning (Random Forest, XGBoost) pour prédire le risque de décrochage scolaire à partir de données académiques et socio-économiques. Un tableau de bord de visualisation est développé pour les responsables pédagogiques.",Cloud / DevOps,Réseaux et Télécommunications,Étude de cas,0.107,10,37,3,0.865,3,2,0,0,0,0,APPROUVE
PRJ-0056,Mise en place d'un système de vote électronique sécurisé pour les élections universitaires — Cas d'étude 6,"Ce projet consiste à concevoir et déployer une plateforme de vote électronique sécurisée basée sur la cryptographie asymétrique et la blockchain légère. L'objectif est de garantir l'anonymat, l'intégrité et la traçabilité des votes lors des élections au sein de l'université.",Cloud / DevOps,Cybersécurité,Développement logiciel (SCRUM),0.248,17,40,3,0.825,4,1,0,0,1,0,APPROUVE
PRJ-0424,Création d'un site web pour une école,"Le projet consiste à créer un site web pour une école. Le site aura des pages pour présenter l'école, les cours et les professeurs. Il y aura aussi un espace pour les étudiants.",Cybersécurité,Génie Informatique,Étude de cas,0.333,7,33,4,0.758,0,0,0,0,1,0,REJETE
PRJ-0306,Étude sur la sécurité des réseaux wifi,Ce projet parle de la sécurité wifi. On va voir comment sécuriser un réseau wifi et quels sont les problèmes qui existent avec les réseaux sans fil dans les entreprises.,Mobile,Systèmes Embarqués,Recherche expérimentale,0.457,7,30,3,0.933,1,0,0,0,0,0,REJETE
PRJ-0543,Application,Une application mobile.,Cloud / DevOps,Cybersécurité,Développement logiciel (SCRUM),0.924,1,3,2,1.0,0,0,0,0,0,0,REJETE
PRJ-0391,Application pour gérer les notes des étudiants v4,Je veux faire une application pour gérer les notes. Elle permettra d'entrer les notes et de calculer les moyennes. Ce sera utile pour les professeurs.,IA / Machine Learning,Cybersécurité,Prototypage,0.451,8,25,4,0.84,0,0,0,0,0,0,REJETE
PRJ-0123,Système embarqué de surveillance environnementale basé sur IoT,"Ce projet développe un système de capteurs connectés (Arduino + Raspberry Pi) pour surveiller la qualité de l'air, l'humidité et la température dans un environnement industriel. Les données sont transmises via MQTT et visualisées sur un dashboard Grafana.",Mobile,Systèmes Embarqués,Étude de cas,0.006,8,38,3,0.868,2,2,0,0,0,0,REVISION_NECESSAIRE
PRJ-0513,Système comme Google,Créer un moteur de recherche similaire à Google pour l'Afrique.,Cloud / DevOps,Génie Informatique,Recherche expérimentale,0.756,3,10,2,1.0,1,0,1,0,0,0,REJETE
PRJ-0200,Mise en place d'un système de vote électronique sécurisé pour les élections universitaires,"Ce projet consiste à concevoir et déployer une plateforme de vote électronique sécurisée basée sur la cryptographie asymétrique et la blockchain légère. L'objectif est de garantir l'anonymat, l'intégrité et la traçabilité des votes lors des élections au sein de l'université.",Systèmes Embarqués,Systèmes Embarqués,Prototypage,0.124,13,40,3,0.825,4,1,0,0,1,0,APPROUVE
PRJ-0484,Intelligence artificielle générale,Créer une intelligence artificielle générale capable de tout faire comme un humain.,Réseaux,Systèmes Embarqués,Étude de cas,0.853,3,12,2,1.0,0,0,1,0,0,1,REJETE
PRJ-0073,Plateforme e-commerce B2B pour l'approvisionnement des PME africaines,"Cette étude conçoit une marketplace B2B permettant aux PME d'Afrique de l'Ouest de s'approvisionner auprès de fournisseurs locaux et internationaux. La plateforme intègre un module de paiement mobile money, une gestion des stocks et un système de notation des fournisseurs.",Cloud / DevOps,Génie Informatique,Recherche expérimentale,0.189,8,40,3,0.8,3,0,0,0,0,0,REVISION_NECESSAIRE
PRJ-0055,Conception d'un entrepôt de données pour le suivi épidémiologique au Ministère de la Santé,"Ce projet vise à concevoir un data warehouse selon la modélisation en étoile pour centraliser les données épidémiologiques nationales. Il inclut la mise en place d'un pipeline ETL, le déploiement sous PostgreSQL et la création de rapports analytiques sur Power BI.",Cybersécurité,Génie Informatique,Recherche appliquée,0.15,14,41,3,0.927,2,1,0,0,1,0,APPROUVE
PRJ-0482,Application,Une application mobile.,Mobile,Génie Informatique,Développement logiciel (SCRUM),0.77,1,3,2,1.0,0,0,0,0,0,0,REJETE
PRJ-0121,Conception d'un entrepôt de données pour le suivi épidémiologique au Ministère de la Santé — Cas d'étude 1,"Ce projet vise à concevoir un data warehouse selon la modélisation en étoile pour centraliser les données épidémiologiques nationales. Il inclut la mise en place d'un pipeline ETL, le déploiement sous PostgreSQL et la création de rapports analytiques sur Power BI.",IA / Machine Learning,Génie Informatique,Prototypage,0.081,18,41,3,0.927,2,1,0,0,1,0,APPROUVE
PRJ-0475,Projet sur la blockchain,La blockchain c'est bien. Je vais faire quelque chose avec la blockchain.,Développement Web,Systèmes Embarqués,Recherche expérimentale,0.813,4,12,3,0.917,0,1,1,0,0,0,REJETE
PRJ-0302,Mise en place d'un réseau local pour une entreprise,"Ce projet va mettre en place un réseau local pour une petite entreprise. On va choisir les équipements, configurer les switches et les routeurs, et tester la connectivité.",Mobile,Systèmes Embarqués,Recherche expérimentale,0.5,9,28,3,0.857,1,0,0,0,0,0,REJETE
PRJ-0267,Analyse des données de vente d'une entreprise v3,Ce travail va analyser les données de vente d'une entreprise commerciale pour trouver des tendances. On utilisera Excel et Python pour faire les analyses et créer des graphiques.,IA / Machine Learning,Systèmes Embarqués,Étude de cas,0.489,8,28,3,0.857,2,1,0,0,0,0,REJETE
PRJ-0381,Système de gestion de bibliothèque,"Développer un logiciel de gestion de bibliothèque qui permet d'enregistrer les livres, les emprunts et les retours. Le système aura une interface simple pour les bibliothécaires.",Cloud / DevOps,Réseaux et Télécommunications,Prototypage,0.587,5,26,3,0.846,2,1,1,0,0,0,REJETE
PRJ-0340,Création d'un site web pour une école,"Le projet consiste à créer un site web pour une école. Le site aura des pages pour présenter l'école, les cours et les professeurs. Il y aura aussi un espace pour les étudiants.",IA / Machine Learning,Systèmes Embarqués,Étude de cas,0.661,7,33,4,0.758,0,0,0,0,1,0,REJETE
PRJ-0431,Mise en place d'un réseau local pour une entreprise v2,"Ce projet va mettre en place un réseau local pour une petite entreprise. On va choisir les équipements, configurer les switches et les routeurs, et tester la connectivité.",Développement Web,Génie Logiciel,Recherche expérimentale,0.429,10,28,3,0.857,1,0,0,0,0,0,REJETE
PRJ-0315,Étude sur la sécurité des réseaux wifi v3,Ce projet parle de la sécurité wifi. On va voir comment sécuriser un réseau wifi et quels sont les problèmes qui existent avec les réseaux sans fil dans les entreprises.,Systèmes Embarqués,Data Science,Prototypage,0.253,8,30,3,0.933,1,0,0,0,0,0,REJETE
PRJ-0229,Mise en place d'un système de vote électronique sécurisé pour les élections universitaires,"Ce projet consiste à concevoir et déployer une plateforme de vote électronique sécurisée basée sur la cryptographie asymétrique et la blockchain légère. L'objectif est de garantir l'anonymat, l'intégrité et la traçabilité des votes lors des élections au sein de l'université.",Cybersécurité,Génie Informatique,Étude de cas,0.295,13,40,3,0.825,4,1,0,0,1,0,APPROUVE
PRJ-0364,Création d'un site web pour une école,"Le projet consiste à créer un site web pour une école. Le site aura des pages pour présenter l'école, les cours et les professeurs. Il y aura aussi un espace pour les étudiants.",IA / Machine Learning,Génie Logiciel,Recherche appliquée,0.322,7,33,4,0.758,0,0,0,0,1,0,REJETE
PRJ-0228,Mise en place d'un système de vote électronique sécurisé pour les élections universitaires,"Ce projet consiste à concevoir et déployer une plateforme de vote électronique sécurisée basée sur la cryptographie asymétrique et la blockchain légère. L'objectif est de garantir l'anonymat, l'intégrité et la traçabilité des votes lors des élections au sein de l'université.",Réseaux,Réseaux et Télécommunications,Prototypage,0.066,13,40,3,0.825,4,1,0,0,1,0,APPROUVE
PRJ-0092,Déploiement d'une infrastructure réseau WiFi communautaire à faible coût,"Cette étude propose le déploiement d'un réseau WiFi communautaire dans un quartier périurbain de Lomé en utilisant des équipements open source. Le projet couvre la conception, la simulation sous GNS3, le déploiement et la mesure des performances réelles.",Cloud / DevOps,Cybersécurité,Prototypage,0.175,9,38,3,0.842,2,0,0,0,0,0,REVISION_NECESSAIRE
PRJ-0344,Étude sur la sécurité des réseaux wifi,Ce projet parle de la sécurité wifi. On va voir comment sécuriser un réseau wifi et quels sont les problèmes qui existent avec les réseaux sans fil dans les entreprises.,Mobile,Génie Informatique,Recherche expérimentale,0.602,7,30,3,0.933,1,0,0,0,0,0,REJETE
PRJ-0188,Déploiement d'une infrastructure réseau WiFi communautaire à faible coût,"Cette étude propose le déploiement d'un réseau WiFi communautaire dans un quartier périurbain de Lomé en utilisant des équipements open source. Le projet couvre la conception, la simulation sous GNS3, le déploiement et la mesure des performances réelles.",Systèmes Embarqués,Génie Logiciel,Étude de cas,0.44,9,38,3,0.842,2,0,0,0,0,0,APPROUVE
PRJ-0573,Système comme Google,Créer un moteur de recherche similaire à Google pour l'Afrique.,Bases de données,Génie Logiciel,Prototypage,0.885,3,10,2,1.0,1,0,1,0,0,0,REJETE
PRJ-0265,Application pour gérer les notes des étudiants,Je veux faire une application pour gérer les notes. Elle permettra d'entrer les notes et de calculer les moyennes. Ce sera utile pour les professeurs.,Cybersécurité,Data Science,Étude de cas,0.516,7,25,4,0.84,0,0,0,0,0,0,REJETE
PRJ-0132,Analyse prédictive du taux de décrochage scolaire par apprentissage automatique,"Cette recherche applique des algorithmes de machine learning (Random Forest, XGBoost) pour prédire le risque de décrochage scolaire à partir de données académiques et socio-économiques. Un tableau de bord de visualisation est développé pour les responsables pédagogiques.",Bases de données,Génie Logiciel,Recherche expérimentale,0.127,10,37,3,0.865,3,2,0,0,0,0,REVISION_NECESSAIRE
PRJ-0483,Intelligence artificielle générale,Créer une intelligence artificielle générale capable de tout faire comme un humain.,Réseaux,Génie Informatique,Étude de cas,0.773,3,12,2,1.0,0,0,1,0,0,1,REJETE
PRJ-0100,Conception d'un système de détection de fraude bancaire par deep learning au Togo,"Ce travail vise à concevoir et implémenter un système intelligent de détection de transactions frauduleuses en utilisant des réseaux de neurones LSTM appliqués aux données de mobile money au Togo. La méthodologie inclut la collecte de données anonymisées, le prétraitement, l'entraînement du modèle et l'évaluation des performances sur un jeu de test réel.",Réseaux,Génie Logiciel,Prototypage,0.427,13,53,3,0.811,7,1,0,1,1,0,APPROUVE
PRJ-0301,Application de chat en temps réel,Ce projet vise à créer une application de messagerie instantanée. Les utilisateurs pourront envoyer des messages en temps réel. On utilisera des websockets pour la communication.,Cloud / DevOps,Cybersécurité,Développement logiciel (SCRUM),0.622,6,26,4,0.962,0,0,0,0,1,0,REJETE
PRJ-0186,Implémentation d'un SIEM open source pour la détection d'intrusions en entreprise — Cas d'étude 6,Ce travail consiste à déployer et configurer un SIEM basé sur Wazuh/ELK Stack pour centraliser la gestion des logs et détecter les intrusions dans une PME locale. Il inclut la définition des règles de corrélation et les procédures de réponse aux incidents.,Cloud / DevOps,Data Science,Développement logiciel (SCRUM),0.375,15,42,3,0.857,1,0,0,0,1,0,APPROUVE
