id_projet,titre,description,domaine,filiere_etudiant,methodologie,score_similarite_existants,nb_mots_titre,nb_mots_description,nb_phrases_description,ratio_vocabulaire,score_mots_academiques,score_mots_techniques,score_mots_vagues,a_methodologie,a_objectifs_clairs,est_infaisable,decision
PRJ-0495,Recherche sur internet,Je vais chercher des informations sur internet sur plusieurs sujets informatiques et faire un rsum de ce que j'ai trouv.,Systmes Embarqus,Cyberscurit,Prototypage,0.574,3,20,2,0.95,0,0,3,0,0,0,REJETE
PRJ-0514,Copie du systme bancaire,Reproduire exactement le systme de la banque Ecobank avec toutes ses fonctionnalits en 2 mois.,Cloud / DevOps,Gnie Informatique,Recherche applique,0.883,4,15,2,1.0,1,0,1,0,0,1,REJETE
PRJ-0044,Dveloppement d'une application mobile de tlmdecine pour les zones rurales togolaises,"Cette tude propose le dveloppement d'une application Android permettant aux patients des zones rurales d'accder  des consultations mdicales  distance. L'application intgre un module de golocalisation des centres de sant, un systme de prise de rendez-vous et un dossier mdical numrique simplifi.",Dveloppement Web,Gnie Informatique,Recherche exprimentale,0.031,11,41,3,0.829,2,1,0,0,0,0,APPROUVE
PRJ-0158,Dveloppement d'une application mobile de tlmdecine pour les zones rurales togolaises,"Cette tude propose le dveloppement d'une application Android permettant aux patients des zones rurales d'accder  des consultations mdicales  distance. L'application intgre un module de golocalisation des centres de sant, un systme de prise de rendez-vous et un dossier mdical numrique simplifi.",Cyberscurit,Systmes Embarqus,Recherche exprimentale,0.206,11,41,3,0.829,2,1,0,0,0,0,APPROUVE
PRJ-0515,tude de tout ce qui concerne les rseaux,Ce mmoire va couvrir tous les aspects des rseaux informatiques depuis les dbuts jusqu' aujourd'hui.,Rseaux,Rseaux et Tlcommunications,Prototypage,0.605,8,15,2,0.933,0,0,0,0,1,1,REJETE
PRJ-0295,tude sur la scurit des rseaux wifi v4,Ce projet parle de la scurit wifi. On va voir comment scuriser un rseau wifi et quels sont les problmes qui existent avec les rseaux sans fil dans les entreprises.,Systmes Embarqus,Rseaux et Tlcommunications,Prototypage,0.574,8,30,3,0.933,1,0,0,0,0,0,REJETE
PRJ-0338,Mise en place d'un rseau local pour une entreprise,"Ce projet va mettre en place un rseau local pour une petite entreprise. On va choisir les quipements, configurer les switches et les routeurs, et tester la connectivit.",Mobile,Data Science,Recherche applique,0.616,9,28,3,0.857,1,0,0,0,0,0,REJETE
PRJ-0148,Conception d'un entrept de donnes pour le suivi pidmiologique au Ministre de la Sant,"Ce projet vise  concevoir un data warehouse selon la modlisation en toile pour centraliser les donnes pidmiologiques nationales. Il inclut la mise en place d'un pipeline ETL, le dploiement sous PostgreSQL et la cration de rapports analytiques sur Power BI.",Dveloppement Web,Rseaux et Tlcommunications,Dveloppement logiciel (SCRUM),0.249,14,40,3,0.925,2,1,0,0,1,0,APPROUVE
PRJ-0350,Mise en place d'un rseau local pour une entreprise,"Ce projet va mettre en place un rseau local pour une petite entreprise. On va choisir les quipements, configurer les switches et les routeurs, et tester la connectivit.",Mobile,Gnie Informatique,Dveloppement logiciel (SCRUM),0.423,9,28,3,0.857,1,0,0,0,0,0,REJETE
PRJ-0224,Implmentation d'un SIEM open source pour la dtection d'intrusions en entreprise,Ce travail consiste  dployer et configurer un SIEM bas sur Wazuh/ELK Stack pour centraliser la gestion des logs et dtecter les intrusions dans une PME locale. Il inclut la dfinition des rgles de corrlation et les procdures de rponse aux incidents.,Bases de donnes,Gnie Informatique,Recherche applique,0.146,11,41,3,0.854,1,0,0,0,1,0,REVISION_NECESSAIRE
PRJ-0519,Faire un jeu vido,Je veux faire un jeu. Ce sera amusant.,Cyberscurit,Gnie Logiciel,Recherche exprimentale,0.885,4,8,3,1.0,0,0,1,0,0,0,REJETE
PRJ-0273,Application de chat en temps rel,Ce projet vise  crer une application de messagerie instantane. Les utilisateurs pourront envoyer des messages en temps rel. On utilisera des websockets pour la communication.,Bases de donnes,Data Science,Dveloppement logiciel (SCRUM),0.744,6,25,4,0.96,0,0,0,0,1,0,REJETE
PRJ-0415,Application de chat en temps rel v4,Ce projet vise  crer une application de messagerie instantane. Les utilisateurs pourront envoyer des messages en temps rel. On utilisera des websockets pour la communication.,Dveloppement Web,Data Science,Recherche applique,0.466,7,25,4,0.96,0,0,0,0,1,0,REJETE
PRJ-0534,Projet sur la blockchain,La blockchain c'est bien. Je vais faire quelque chose avec la blockchain.,Rseaux,Rseaux et Tlcommunications,Dveloppement logiciel (SCRUM),0.845,4,12,3,0.917,0,1,1,0,0,0,REJETE
PRJ-0276,Dveloppement d'une application Android pour les transports,On va dvelopper une application Android pour les transports en commun. L'application montrera les horaires et les itinraires disponibles dans la ville.,Bases de donnes,Data Science,Prototypage,0.303,7,22,3,0.909,1,1,0,0,0,0,REJETE
PRJ-0345,Application pour grer les notes des tudiants,Je veux faire une application pour grer les notes. Elle permettra d'entrer les notes et de calculer les moyennes. Ce sera utile pour les professeurs.,Rseaux,Rseaux et Tlcommunications,Prototypage,0.635,7,25,4,0.84,0,0,0,0,0,0,REJETE
PRJ-0398,Cration d'un site web pour une cole,"Le projet consiste  crer un site web pour une cole. Le site aura des pages pour prsenter l'cole, les cours et les professeurs. Il y aura aussi un espace pour les tudiants.",Systmes Embarqus,Cyberscurit,Dveloppement logiciel (SCRUM),0.665,7,32,4,0.75,0,0,0,0,1,0,REJETE
PRJ-0159,Dveloppement d'une application mobile de tlmdecine pour les zones rurales togolaises,"Cette tude propose le dveloppement d'une application Android permettant aux patients des zones rurales d'accder  des consultations mdicales  distance. L'application intgre un module de golocalisation des centres de sant, un systme de prise de rendez-vous et un dossier mdical numrique simplifi.",Systmes Embarqus,Cyberscurit,tude de cas,0.436,11,41,3,0.829,2,1,0,0,0,0,REVISION_NECESSAIRE
PRJ-0591,Projet sur la blockchain,La blockchain c'est bien. Je vais faire quelque chose avec la blockchain.,IA / Machine Learning,Rseaux et Tlcommunications,Recherche applique,0.791,4,12,3,0.917,0,1,1,0,0,0,REJETE
PRJ-0160,Dveloppement d'une application mobile de tlmdecine pour les zones rurales togolaises,"Cette tude propose le dveloppement d'une application Android permettant aux patients des zones rurales d'accder  des consultations mdicales  distance. L'application intgre un module de golocalisation des centres de sant, un systme de prise de rendez-vous et un dossier mdical numrique simplifi.",Cloud / DevOps,Data Science,tude de cas,0.384,11,41,3,0.829,2,1,0,0,0,0,APPROUVE
PRJ-0422,Cration d'un site web pour une cole,"Le projet consiste  crer un site web pour une cole. Le site aura des pages pour prsenter l'cole, les cours et les professeurs. Il y aura aussi un espace pour les tudiants.",Bases de donnes,Gnie Informatique,Recherche exprimentale,0.503,7,32,4,0.75,0,0,0,0,1,0,REJETE
PRJ-0531,Faire un jeu vido,Je veux faire un jeu. Ce sera amusant.,Systmes Embarqus,Systmes Embarqus,Prototypage,0.852,4,8,3,1.0,0,0,1,0,0,0,REJETE
PRJ-0450,Application pour grer les notes des tudiants,Je veux faire une application pour grer les notes. Elle permettra d'entrer les notes et de calculer les moyennes. Ce sera utile pour les professeurs.,IA / Machine Learning,Data Science,Recherche exprimentale,0.321,7,25,4,0.84,0,0,0,0,0,0,REJETE
PRJ-0122,Mise en place d'un systme de vote lectronique scuris pour les lections universitaires,"Ce projet consiste  concevoir et dployer une plateforme de vote lectronique scurise base sur la cryptographie asymtrique et la blockchain lgre. L'objectif est de garantir l'anonymat, l'intgrit et la traabilit des votes lors des lections au sein de l'universit.",Mobile,Gnie Informatique,Recherche exprimentale,0.438,13,39,3,0.821,4,1,0,0,1,0,APPROUVE
PRJ-0285,tude sur la scurit des rseaux wifi,Ce projet parle de la scurit wifi. On va voir comment scuriser un rseau wifi et quels sont les problmes qui existent avec les rseaux sans fil dans les entreprises.,Cloud / DevOps,Data Science,Recherche applique,0.491,7,30,3,0.933,1,0,0,0,0,0,REJETE
PRJ-0183,Conception d'un entrept de donnes pour le suivi pidmiologique au Ministre de la Sant,"Ce projet vise  concevoir un data warehouse selon la modlisation en toile pour centraliser les donnes pidmiologiques nationales. Il inclut la mise en place d'un pipeline ETL, le dploiement sous PostgreSQL et la cration de rapports analytiques sur Power BI.",IA / Machine Learning,Gnie Logiciel,Recherche applique,0.053,14,40,3,0.925,2,1,0,0,1,0,APPROUVE
PRJ-0223,Implmentation d'un SIEM open source pour la dtection d'intrusions en entreprise,Ce travail consiste  dployer et configurer un SIEM bas sur Wazuh/ELK Stack pour centraliser la gestion des logs et dtecter les intrusions dans une PME locale. Il inclut la dfinition des rgles de corrlation et les procdures de rponse aux incidents.,Cloud / DevOps,Data Science,Dveloppement logiciel (SCRUM),0.319,11,41,3,0.854,1,0,0,0,1,0,APPROUVE
PRJ-0192,Analyse prdictive du taux de dcrochage scolaire par apprentissage automatique,"Cette recherche applique des algorithmes de machine learning (Random Forest, XGBoost) pour prdire le risque de dcrochage scolaire  partir de donnes acadmiques et socio-conomiques. Un tableau de bord de visualisation est dvelopp pour les responsables pdagogiques.",IA / Machine Learning,Data Science,Recherche exprimentale,0.066,10,36,3,0.861,3,2,0,0,0,0,REVISION_NECESSAIRE
PRJ-0466,Analyse des donnes de vente d'une entreprise,Ce travail va analyser les donnes de vente d'une entreprise commerciale pour trouver des tendances. On utilisera Excel et Python pour faire les analyses et crer des graphiques.,Cloud / DevOps,Rseaux et Tlcommunications,tude de cas,0.638,7,28,3,0.857,2,1,0,0,0,0,REJETE
PRJ-0018,Dveloppement d'une application mobile de tlmdecine pour les zones rurales togolaises,"Cette tude propose le dveloppement d'une application Android permettant aux patients des zones rurales d'accder  des consultations mdicales  distance. L'application intgre un module de golocalisation des centres de sant, un systme de prise de rendez-vous et un dossier mdical numrique simplifi.",Cloud / DevOps,Cyberscurit,Dveloppement logiciel (SCRUM),0.072,11,41,3,0.829,2,1,0,0,0,0,REVISION_NECESSAIRE
PRJ-0110,Systme embarqu de surveillance environnementale bas sur IoT,"Ce projet dveloppe un systme de capteurs connects (Arduino + Raspberry Pi) pour surveiller la qualit de l'air, l'humidit et la temprature dans un environnement industriel. Les donnes sont transmises via MQTT et visualises sur un dashboard Grafana.",Mobile,Data Science,Recherche exprimentale,0.372,8,38,3,0.868,2,2,0,0,0,0,REVISION_NECESSAIRE
PRJ-0493,Copie du systme bancaire,Reproduire exactement le systme de la banque Ecobank avec toutes ses fonctionnalits en 2 mois.,Cloud / DevOps,Gnie Logiciel,tude de cas,0.539,4,15,2,1.0,1,0,1,0,0,1,REJETE
PRJ-0451,Application de chat en temps rel v4,Ce projet vise  crer une application de messagerie instantane. Les utilisateurs pourront envoyer des messages en temps rel. On utilisera des websockets pour la communication.,Bases de donnes,Cyberscurit,Prototypage,0.452,7,25,4,0.96,0,0,0,0,1,0,REJETE
PRJ-0208,Conception d'un entrept de donnes pour le suivi pidmiologique au Ministre de la Sant,"Ce projet vise  concevoir un data warehouse selon la modlisation en toile pour centraliser les donnes pidmiologiques nationales. Il inclut la mise en place d'un pipeline ETL, le dploiement sous PostgreSQL et la cration de rapports analytiques sur Power BI.",Rseaux,Rseaux et Tlcommunications,tude de cas,0.158,14,40,3,0.925,2,1,0,0,1,0,APPROUVE
PRJ-0279,Application de chat en temps rel v3,Ce projet vise  crer une application de messagerie instantane. Les utilisateurs pourront envoyer des messages en temps rel. On utilisera des websockets pour la communication.,Cyberscurit,Gnie Informatique,tude de cas,0.595,7,25,4,0.96,0,0,0,0,1,0,REJETE
PRJ-0199,Systme embarqu de surveillance environnementale bas sur IoT,"Ce projet dveloppe un systme de capteurs connects (Arduino + Raspberry Pi) pour surveiller la qualit de l'air, l'humidit et la temprature dans un environnement industriel. Les donnes sont transmises via MQTT et visualises sur un dashboard Grafana.",Dveloppement Web,Data Science,Prototypage,0.2,8,38,3,0.868,2,2,0,0,0,0,APPROUVE
PRJ-0388,Analyse des donnes de vente d'une entreprise,Ce travail va analyser les donnes de vente d'une entreprise commerciale pour trouver des tendances. On utilisera Excel et Python pour faire les analyses et crer des graphiques.,Bases de donnes,Rseaux et Tlcommunications,Prototypage,0.596,7,28,3,0.857,2,1,0,0,0,0,REJETE
PRJ-0114,Plateforme e-commerce B2B pour l'approvisionnement des PME africaines,"Cette tude conoit une marketplace B2B permettant aux PME d'Afrique de l'Ouest de s'approvisionner auprs de fournisseurs locaux et internationaux. La plateforme intgre un module de paiement mobile money, une gestion des stocks et un systme de notation des fournisseurs.",Dveloppement Web,Rseaux et Tlcommunications,tude de cas,0.427,8,40,3,0.8,3,0,0,0,0,0,REVISION_NECESSAIRE
PRJ-0078,Conception d'un entrept de donnes pour le suivi pidmiologique au Ministre de la Sant,"Ce projet vise  concevoir un data warehouse selon la modlisation en toile pour centraliser les donnes pidmiologiques nationales. Il inclut la mise en place d'un pipeline ETL, le dploiement sous PostgreSQL et la cration de rapports analytiques sur Power BI.",IA / Machine Learning,Gnie Logiciel,Recherche exprimentale,0.09,14,40,3,0.925,2,1,0,0,1,0,APPROUVE
PRJ-0063,Conception d'un entrept de donnes pour le suivi pidmiologique au Ministre de la Sant,"Ce projet vise  concevoir un data warehouse selon la modlisation en toile pour centraliser les donnes pidmiologiques nationales. Il inclut la mise en place d'un pipeline ETL, le dploiement sous PostgreSQL et la cration de rapports analytiques sur Power BI.",Cloud / DevOps,Gnie Logiciel,tude de cas,0.316,14,40,3,0.925,2,1,0,0,1,0,APPROUVE
PRJ-0166,Systme embarqu de surveillance environnementale bas sur IoT  Cas d'tude 6,"Ce projet dveloppe un systme de capteurs connects (Arduino + Raspberry Pi) pour surveiller la qualit de l'air, l'humidit et la temprature dans un environnement industriel. Les donnes sont transmises via MQTT et visualises sur un dashboard Grafana.",Bases de donnes,Gnie Informatique,Recherche applique,0.064,11,38,3,0.868,2,2,0,0,0,0,APPROUVE
PRJ-0204,Dploiement d'une infrastructure rseau WiFi communautaire  faible cot,"Cette tude propose le dploiement d'un rseau WiFi communautaire dans un quartier priurbain de Lom en utilisant des quipements open source. Le projet couvre la conception, la simulation sous GNS3, le dploiement et la mesure des performances relles.",Cyberscurit,Gnie Informatique,tude de cas,0.168,8,38,3,0.842,2,0,0,0,0,0,APPROUVE
PRJ-0480,Copie du systme bancaire,Reproduire exactement le systme de la banque Ecobank avec toutes ses fonctionnalits en 2 mois.,Dveloppement Web,Cyberscurit,tude de cas,0.545,4,15,2,1.0,1,0,1,0,0,1,REJETE
PRJ-0264,Mise en place d'un rseau local pour une entreprise,"Ce projet va mettre en place un rseau local pour une petite entreprise. On va choisir les quipements, configurer les switches et les routeurs, et tester la connectivit.",Bases de donnes,Cyberscurit,Prototypage,0.66,9,28,3,0.857,1,0,0,0,0,0,REJETE
PRJ-0040,Conception d'un systme de dtection de fraude bancaire par deep learning au Togo,"Ce travail vise  concevoir et implmenter un systme intelligent de dtection de transactions frauduleuses en utilisant des rseaux de neurones LSTM appliqus aux donnes de mobile money au Togo. La mthodologie inclut la collecte de donnes anonymises, le prtraitement, l'entranement du modle et l'valuation des performances sur un jeu de test rel.",Bases de donnes,Data Science,tude de cas,0.119,13,52,3,0.808,7,1,0,1,1,0,APPROUVE
PRJ-0418,Analyse des donnes de vente d'une entreprise,Ce travail va analyser les donnes de vente d'une entreprise commerciale pour trouver des tendances. On utilisera Excel et Python pour faire les analyses et crer des graphiques.,Cyberscurit,Data Science,Recherche applique,0.437,7,28,3,0.857,2,1,0,0,0,0,REJETE
PRJ-0498,Application,Une application mobile.,IA / Machine Learning,Systmes Embarqus,Prototypage,0.73,1,3,2,1.0,0,0,0,0,0,0,REJETE
PRJ-0297,Cration d'un site web pour une cole,"Le projet consiste  crer un site web pour une cole. Le site aura des pages pour prsenter l'cole, les cours et les professeurs. Il y aura aussi un espace pour les tudiants.",Rseaux,Data Science,Prototypage,0.289,7,32,4,0.75,0,0,0,0,1,0,REJETE
PRJ-0379,Systme de gestion de bibliothque v4,"Dvelopper un logiciel de gestion de bibliothque qui permet d'enregistrer les livres, les emprunts et les retours. Le systme aura une interface simple pour les bibliothcaires.",Systmes Embarqus,Data Science,Dveloppement logiciel (SCRUM),0.678,6,26,3,0.846,2,1,1,0,0,0,REJETE
PRJ-0263,Systme de gestion de bibliothque v2,"Dvelopper un logiciel de gestion de bibliothque qui permet d'enregistrer les livres, les emprunts et les retours. Le systme aura une interface simple pour les bibliothcaires.",Cloud / DevOps,Gnie Informatique,Prototypage,0.226,6,26,3,0.846,2,1,1,0,0,0,REJETE
PRJ-0003,Analyse prdictive du taux de dcrochage scolaire par apprentissage automatique,"Cette recherche applique des algorithmes de machine learning (Random Forest, XGBoost) pour prdire le risque de dcrochage scolaire  partir de donnes acadmiques et socio-conomiques. Un tableau de bord de visualisation est dvelopp pour les responsables pdagogiques.",Rseaux,Gnie Informatique,Prototypage,0.012,10,36,3,0.861,3,2,0,0,0,0,APPROUVE
PRJ-0179,Plateforme e-commerce B2B pour l'approvisionnement des PME africaines,"Cette tude conoit une marketplace B2B permettant aux PME d'Afrique de l'Ouest de s'approvisionner auprs de fournisseurs locaux et internationaux. La plateforme intgre un module de paiement mobile money, une gestion des stocks et un systme de notation des fournisseurs.",IA / Machine Learning,Data Science,Prototypage,0.356,8,40,3,0.8,3,0,0,0,0,0,REVISION_NECESSAIRE
PRJ-0113,Analyse prdictive du taux de dcrochage scolaire par apprentissage automatique,"Cette recherche applique des algorithmes de machine learning (Random Forest, XGBoost) pour prdire le risque de dcrochage scolaire  partir de donnes acadmiques et socio-conomiques. Un tableau de bord de visualisation est dvelopp pour les responsables pdagogiques.",Mobile,Cyberscurit,Recherche applique,0.116,10,36,3,0.861,3,2,0,0,0,0,REVISION_NECESSAIRE
PRJ-0146,Conception d'un entrept de donnes pour le suivi pidmiologique au Ministre de la Sant  Cas d'tude 6,"Ce projet vise  concevoir un data warehouse selon la modlisation en toile pour centraliser les donnes pidmiologiques nationales. Il inclut la mise en place d'un pipeline ETL, le dploiement sous PostgreSQL et la cration de rapports analytiques sur Power BI.",Bases de donnes,Gnie Informatique,tude de cas,0.417,17,40,3,0.925,2,1,0,0,1,0,APPROUVE
PRJ-0022,Plateforme e-commerce B2B pour l'approvisionnement des PME africaines,"Cette tude conoit une marketplace B2B permettant aux PME d'Afrique de l'Ouest de s'approvisionner auprs de fournisseurs locaux et internationaux. La plateforme intgre un module de paiement mobile money, une gestion des stocks et un systme de notation des fournisseurs.",Dveloppement Web,Gnie Informatique,Recherche applique,0.228,8,40,3,0.8,3,0,0,0,0,0,APPROUVE
PRJ-0329,Application de chat en temps rel,Ce projet vise  crer une application de messagerie instantane. Les utilisateurs pourront envoyer des messages en temps rel. On utilisera des websockets pour la communication.,Rseaux,Data Science,Prototypage,0.306,6,25,4,0.96,0,0,0,0,1,0,REJETE
PRJ-0062,Mise en place d'un systme de vote lectronique scuris pour les lections universitaires,"Ce projet consiste  concevoir et dployer une plateforme de vote lectronique scurise base sur la cryptographie asymtrique et la blockchain lgre. L'objectif est de garantir l'anonymat, l'intgrit et la traabilit des votes lors des lections au sein de l'universit.",Cloud / DevOps,Gnie Informatique,Recherche exprimentale,0.149,13,39,3,0.821,4,1,0,0,1,0,APPROUVE
PRJ-0065,Analyse prdictive du taux de dcrochage scolaire par apprentissage automatique,"Cette recherche applique des algorithmes de machine learning (Random Forest, XGBoost) pour prdire le risque de dcrochage scolaire  partir de donnes acadmiques et socio-conomiques. Un tableau de bord de visualisation est dvelopp pour les responsables pdagogiques.",Systmes Embarqus,Data Science,Dveloppement logiciel (SCRUM),0.087,10,36,3,0.861,3,2,0,0,0,0,REVISION_NECESSAIRE
PRJ-0153,Conception d'un entrept de donnes pour le suivi pidmiologique au Ministre de la Sant,"Ce projet vise  concevoir un data warehouse selon la modlisation en toile pour centraliser les donnes pidmiologiques nationales. Il inclut la mise en place d'un pipeline ETL, le dploiement sous PostgreSQL et la cration de rapports analytiques sur Power BI.",Bases de donnes,Rseaux et Tlcommunications,tude de cas,0.261,14,40,3,0.925,2,1,0,0,1,0,APPROUVE
PRJ-0557,Application,Une application mobile.,Bases de donnes,Gnie Informatique,Dveloppement logiciel (SCRUM),0.943,1,3,2,1.0,0,0,0,0,0,0,REJETE
PRJ-0009,Conception d'un systme de dtection de fraude bancaire par deep learning au Togo,"Ce travail vise  concevoir et implmenter un systme intelligent de dtection de transactions frauduleuses en utilisant des rseaux de neurones LSTM appliqus aux donnes de mobile money au Togo. La mthodologie inclut la collecte de donnes anonymises, le prtraitement, l'entranement du modle et l'valuation des performances sur un jeu de test rel.",Dveloppement Web,Rseaux et Tlcommunications,Dveloppement logiciel (SCRUM),0.348,13,52,3,0.808,7,1,0,1,1,0,APPROUVE
PRJ-0017,Dploiement d'une infrastructure rseau WiFi communautaire  faible cot,"Cette tude propose le dploiement d'un rseau WiFi communautaire dans un quartier priurbain de Lom en utilisant des quipements open source. Le projet couvre la conception, la simulation sous GNS3, le dploiement et la mesure des performances relles.",Bases de donnes,Gnie Logiciel,Dveloppement logiciel (SCRUM),0.449,8,38,3,0.842,2,0,0,0,0,0,REVISION_NECESSAIRE
PRJ-0171,Conception d'un systme de dtection de fraude bancaire par deep learning au Togo  Cas d'tude 1,"Ce travail vise  concevoir et implmenter un systme intelligent de dtection de transactions frauduleuses en utilisant des rseaux de neurones LSTM appliqus aux donnes de mobile money au Togo. La mthodologie inclut la collecte de donnes anonymises, le prtraitement, l'entranement du modle et l'valuation des performances sur un jeu de test rel.",Mobile,Gnie Logiciel,Prototypage,0.296,16,52,3,0.808,7,1,0,1,1,0,APPROUVE
PRJ-0164,Dploiement d'une infrastructure rseau WiFi communautaire  faible cot,"Cette tude propose le dploiement d'un rseau WiFi communautaire dans un quartier priurbain de Lom en utilisant des quipements open source. Le projet couvre la conception, la simulation sous GNS3, le dploiement et la mesure des performances relles.",Cloud / DevOps,Cyberscurit,Recherche exprimentale,0.11,8,38,3,0.842,2,0,0,0,0,0,REVISION_NECESSAIRE
PRJ-0435,Cration d'un site web pour une cole v3,"Le projet consiste  crer un site web pour une cole. Le site aura des pages pour prsenter l'cole, les cours et les professeurs. Il y aura aussi un espace pour les tudiants.",Cyberscurit,Cyberscurit,Recherche exprimentale,0.607,8,32,4,0.75,0,0,0,0,1,0,REVISION_NECESSAIRE
PRJ-0368,Application pour grer les notes des tudiants,Je veux faire une application pour grer les notes. Elle permettra d'entrer les notes et de calculer les moyennes. Ce sera utile pour les professeurs.,Bases de donnes,Rseaux et Tlcommunications,Prototypage,0.224,7,25,4,0.84,0,0,0,0,0,0,REJETE
PRJ-0336,Systme de gestion de bibliothque,"Dvelopper un logiciel de gestion de bibliothque qui permet d'enregistrer les livres, les emprunts et les retours. Le systme aura une interface simple pour les bibliothcaires.",Cloud / DevOps,Data Science,tude de cas,0.229,5,26,3,0.846,2,1,1,0,0,0,REJETE
PRJ-0016,Analyse prdictive du taux de dcrochage scolaire par apprentissage automatique  Cas d'tude 6,"Cette recherche applique des algorithmes de machine learning (Random Forest, XGBoost) pour prdire le risque de dcrochage scolaire  partir de donnes acadmiques et socio-conomiques. Un tableau de bord de visualisation est dvelopp pour les responsables pdagogiques.",Cloud / DevOps,Cyberscurit,tude de cas,0.243,13,36,3,0.861,3,2,0,0,0,0,APPROUVE
PRJ-0587,Faire un jeu vido,Je veux faire un jeu. Ce sera amusant.,Bases de donnes,Rseaux et Tlcommunications,tude de cas,0.72,4,8,3,1.0,0,0,1,0,0,0,REJETE
PRJ-0577,Intelligence artificielle gnrale,Crer une intelligence artificielle gnrale capable de tout faire comme un humain.,Cloud / DevOps,Gnie Logiciel,tude de cas,0.778,3,12,2,1.0,0,0,1,0,0,1,REJETE
PRJ-0560,Intelligence artificielle gnrale,Crer une intelligence artificielle gnrale capable de tout faire comme un humain.,Dveloppement Web,Gnie Logiciel,tude de cas,0.634,3,12,2,1.0,0,0,1,0,0,1,REJETE
PRJ-0474,Application,Une application mobile.,Cyberscurit,Cyberscurit,Recherche exprimentale,0.715,1,3,2,1.0,0,0,0,0,0,0,REJETE
PRJ-0023,Plateforme e-commerce B2B pour l'approvisionnement des PME africaines,"Cette tude conoit une marketplace B2B permettant aux PME d'Afrique de l'Ouest de s'approvisionner auprs de fournisseurs locaux et internationaux. La plateforme intgre un module de paiement mobile money, une gestion des stocks et un systme de notation des fournisseurs.",Cyberscurit,Cyberscurit,Prototypage,0.069,8,40,3,0.8,3,0,0,0,0,0,APPROUVE
PRJ-0190,Classification automatique de documents administratifs par traitement du langage naturel,"Ce projet applique des techniques de NLP (TF-IDF, BERT) pour classifier automatiquement des documents administratifs numriss en catgories prdfinies. L'objectif est de rduire le temps de traitement manuel dans les services administratifs.",Systmes Embarqus,Rseaux et Tlcommunications,Recherche exprimentale,0.023,10,32,3,0.906,1,2,0,0,1,0,APPROUVE
PRJ-0436,Analyse des donnes de vente d'une entreprise,Ce travail va analyser les donnes de vente d'une entreprise commerciale pour trouver des tendances. On utilisera Excel et Python pour faire les analyses et crer des graphiques.,Rseaux,Systmes Embarqus,Recherche exprimentale,0.727,7,28,3,0.857,2,1,0,0,0,0,REJETE
PRJ-0318,Cration d'un site web pour une cole,"Le projet consiste  crer un site web pour une cole. Le site aura des pages pour prsenter l'cole, les cours et les professeurs. Il y aura aussi un espace pour les tudiants.",Systmes Embarqus,Cyberscurit,Recherche applique,0.484,7,32,4,0.75,0,0,0,0,1,0,REJETE
PRJ-0084,Plateforme e-commerce B2B pour l'approvisionnement des PME africaines,"Cette tude conoit une marketplace B2B permettant aux PME d'Afrique de l'Ouest de s'approvisionner auprs de fournisseurs locaux et internationaux. La plateforme intgre un module de paiement mobile money, une gestion des stocks et un systme de notation des fournisseurs.",Bases de donnes,Cyberscurit,Prototypage,0.428,8,40,3,0.8,3,0,0,0,0,0,APPROUVE
PRJ-0586,Copie du systme bancaire,Reproduire exactement le systme de la banque Ecobank avec toutes ses fonctionnalits en 2 mois.,Cloud / DevOps,Gnie Informatique,Dveloppement logiciel (SCRUM),0.871,4,15,2,1.0,1,0,1,0,0,1,REJETE
PRJ-0167,Systme embarqu de surveillance environnementale bas sur IoT,"Ce projet dveloppe un systme de capteurs connects (Arduino + Raspberry Pi) pour surveiller la qualit de l'air, l'humidit et la temprature dans un environnement industriel. Les donnes sont transmises via MQTT et visualises sur un dashboard Grafana.",Bases de donnes,Data Science,Prototypage,0.004,8,38,3,0.868,2,2,0,0,0,0,REVISION_NECESSAIRE
PRJ-0454,Application de chat en temps rel,Ce projet vise  crer une application de messagerie instantane. Les utilisateurs pourront envoyer des messages en temps rel. On utilisera des websockets pour la communication.,Mobile,Data Science,Dveloppement logiciel (SCRUM),0.218,6,25,4,0.96,0,0,0,0,1,0,REJETE
PRJ-0112,Implmentation d'un SIEM open source pour la dtection d'intrusions en entreprise,Ce travail consiste  dployer et configurer un SIEM bas sur Wazuh/ELK Stack pour centraliser la gestion des logs et dtecter les intrusions dans une PME locale. Il inclut la dfinition des rgles de corrlation et les procdures de rponse aux incidents.,Systmes Embarqus,Rseaux et Tlcommunications,tude de cas,0.222,11,41,3,0.854,1,0,0,0,1,0,REVISION_NECESSAIRE
PRJ-0249,Mise en place d'un systme de vote lectronique scuris pour les lections universitaires,"Ce projet consiste  concevoir et dployer une plateforme de vote lectronique scurise base sur la cryptographie asymtrique et la blockchain lgre. L'objectif est de garantir l'anonymat, l'intgrit et la traabilit des votes lors des lections au sein de l'universit.",Cyberscurit,Gnie Informatique,tude de cas,0.374,13,39,3,0.821,4,1,0,0,1,0,APPROUVE
PRJ-0080,Analyse prdictive du taux de dcrochage scolaire par apprentissage automatique,"Cette recherche applique des algorithmes de machine learning (Random Forest, XGBoost) pour prdire le risque de dcrochage scolaire  partir de donnes acadmiques et socio-conomiques. Un tableau de bord de visualisation est dvelopp pour les responsables pdagogiques.",Cloud / DevOps,Rseaux et Tlcommunications,Recherche exprimentale,0.173,10,36,3,0.861,3,2,0,0,0,0,APPROUVE
PRJ-0291,Cration d'un site web pour une cole v3,"Le projet consiste  crer un site web pour une cole. Le site aura des pages pour prsenter l'cole, les cours et les professeurs. Il y aura aussi un espace pour les tudiants.",Dveloppement Web,Rseaux et Tlcommunications,Recherche exprimentale,0.48,8,32,4,0.75,0,0,0,0,1,0,REVISION_NECESSAIRE
PRJ-0576,Systme comme Google,Crer un moteur de recherche similaire  Google pour l'Afrique.,Bases de donnes,Gnie Logiciel,Recherche exprimentale,0.757,3,9,2,1.0,1,0,1,0,0,0,REJETE
PRJ-0506,Intelligence artificielle gnrale,Crer une intelligence artificielle gnrale capable de tout faire comme un humain.,Systmes Embarqus,Cyberscurit,tude de cas,0.609,3,12,2,1.0,0,0,1,0,0,1,REJETE
PRJ-0357,Mise en place d'un rseau local pour une entreprise,"Ce projet va mettre en place un rseau local pour une petite entreprise. On va choisir les quipements, configurer les switches et les routeurs, et tester la connectivit.",IA / Machine Learning,Systmes Embarqus,Recherche exprimentale,0.481,9,28,3,0.857,1,0,0,0,0,0,REJETE
PRJ-0258,Application pour grer les notes des tudiants,Je veux faire une application pour grer les notes. Elle permettra d'entrer les notes et de calculer les moyennes. Ce sera utile pour les professeurs.,Systmes Embarqus,Rseaux et Tlcommunications,tude de cas,0.418,7,25,4,0.84,0,0,0,0,0,0,REJETE
PRJ-0284,Application pour grer les notes des tudiants,Je veux faire une application pour grer les notes. Elle permettra d'entrer les notes et de calculer les moyennes. Ce sera utile pour les professeurs.,Systmes Embarqus,Data Science,tude de cas,0.573,7,25,4,0.84,0,0,0,0,0,0,REJETE
PRJ-0125,Dveloppement d'une application mobile de tlmdecine pour les zones rurales togolaises,"Cette tude propose le dveloppement d'une application Android permettant aux patients des zones rurales d'accder  des consultations mdicales  distance. L'application intgre un module de golocalisation des centres de sant, un systme de prise de rendez-vous et un dossier mdical numrique simplifi.",IA / Machine Learning,Rseaux et Tlcommunications,Recherche exprimentale,0.033,11,41,3,0.829,2,1,0,0,0,0,REVISION_NECESSAIRE
PRJ-0288,Systme de gestion de bibliothque,"Dvelopper un logiciel de gestion de bibliothque qui permet d'enregistrer les livres, les emprunts et les retours. Le systme aura une interface simple pour les bibliothcaires.",Bases de donnes,Rseaux et Tlcommunications,Dveloppement logiciel (SCRUM),0.357,5,26,3,0.846,2,1,1,0,0,0,REJETE
PRJ-0387,Analyse des donnes de vente d'une entreprise v3,Ce travail va analyser les donnes de vente d'une entreprise commerciale pour trouver des tendances. On utilisera Excel et Python pour faire les analyses et crer des graphiques.,Bases de donnes,Systmes Embarqus,Recherche exprimentale,0.652,8,28,3,0.857,2,1,0,0,0,0,REJETE
PRJ-0556,Application,Une application mobile.,Cloud / DevOps,Rseaux et Tlcommunications,Dveloppement logiciel (SCRUM),0.577,1,3,2,1.0,0,0,0,0,0,0,REJETE
PRJ-0563,Application,Une application mobile.,Cloud / DevOps,Systmes Embarqus,tude de cas,0.552,1,3,2,1.0,0,0,0,0,0,0,REJETE
PRJ-0490,Application,Une application mobile.,Cyberscurit,Data Science,Dveloppement logiciel (SCRUM),0.742,1,3,2,1.0,0,0,0,0,0,0,REJETE
PRJ-0120,Systme embarqu de surveillance environnementale bas sur IoT,"Ce projet dveloppe un systme de capteurs connects (Arduino + Raspberry Pi) pour surveiller la qualit de l'air, l'humidit et la temprature dans un environnement industriel. Les donnes sont transmises via MQTT et visualises sur un dashboard Grafana.",Mobile,Gnie Logiciel,Recherche exprimentale,0.265,8,38,3,0.868,2,2,0,0,0,0,REVISION_NECESSAIRE
PRJ-0599,Systme comme Google,Crer un moteur de recherche similaire  Google pour l'Afrique.,Rseaux,Data Science,Recherche exprimentale,0.516,3,9,2,1.0,1,0,1,0,0,0,REJETE
PRJ-0380,Systme de gestion de bibliothque,"Dvelopper un logiciel de gestion de bibliothque qui permet d'enregistrer les livres, les emprunts et les retours. Le systme aura une interface simple pour les bibliothcaires.",Dveloppement Web,Gnie Informatique,tude de cas,0.729,5,26,3,0.846,2,1,1,0,0,0,REJETE
PRJ-0337,tude sur la scurit des rseaux wifi,Ce projet parle de la scurit wifi. On va voir comment scuriser un rseau wifi et quels sont les problmes qui existent avec les rseaux sans fil dans les entreprises.,Cyberscurit,Systmes Embarqus,tude de cas,0.276,7,30,3,0.933,1,0,0,0,0,0,REJETE
PRJ-0221,Implmentation d'un SIEM open source pour la dtection d'intrusions en entreprise  Cas d'tude 1,Ce travail consiste  dployer et configurer un SIEM bas sur Wazuh/ELK Stack pour centraliser la gestion des logs et dtecter les intrusions dans une PME locale. Il inclut la dfinition des rgles de corrlation et les procdures de rponse aux incidents.,Systmes Embarqus,Gnie Logiciel,tude de cas,0.104,14,41,3,0.854,1,0,0,0,1,0,APPROUVE
PRJ-0050,Dploiement d'une infrastructure rseau WiFi communautaire  faible cot,"Cette tude propose le dploiement d'un rseau WiFi communautaire dans un quartier priurbain de Lom en utilisant des quipements open source. Le projet couvre la conception, la simulation sous GNS3, le dploiement et la mesure des performances relles.",Mobile,Cyberscurit,Prototypage,0.197,8,38,3,0.842,2,0,0,0,0,0,REVISION_NECESSAIRE
PRJ-0272,Application pour grer les notes des tudiants,Je veux faire une application pour grer les notes. Elle permettra d'entrer les notes et de calculer les moyennes. Ce sera utile pour les professeurs.,Rseaux,Gnie Logiciel,Recherche applique,0.224,7,25,4,0.84,0,0,0,0,0,0,REJETE
PRJ-0561,Projet sur la blockchain,La blockchain c'est bien. Je vais faire quelque chose avec la blockchain.,Cloud / DevOps,Gnie Logiciel,Recherche applique,0.662,4,12,3,0.917,0,1,1,0,0,0,REJETE
PRJ-0239,Classification automatique de documents administratifs par traitement du langage naturel,"Ce projet applique des techniques de NLP (TF-IDF, BERT) pour classifier automatiquement des documents administratifs numriss en catgories prdfinies. L'objectif est de rduire le temps de traitement manuel dans les services administratifs.",Mobile,Systmes Embarqus,tude de cas,0.168,10,32,3,0.906,1,2,0,0,1,0,REVISION_NECESSAIRE
PRJ-0029,Systme embarqu de surveillance environnementale bas sur IoT,"Ce projet dveloppe un systme de capteurs connects (Arduino + Raspberry Pi) pour surveiller la qualit de l'air, l'humidit et la temprature dans un environnement industriel. Les donnes sont transmises via MQTT et visualises sur un dashboard Grafana.",Systmes Embarqus,Gnie Logiciel,Prototypage,0.101,8,38,3,0.868,2,2,0,0,0,0,REVISION_NECESSAIRE
PRJ-0072,Conception d'un entrept de donnes pour le suivi pidmiologique au Ministre de la Sant,"Ce projet vise  concevoir un data warehouse selon la modlisation en toile pour centraliser les donnes pidmiologiques nationales. Il inclut la mise en place d'un pipeline ETL, le dploiement sous PostgreSQL et la cration de rapports analytiques sur Power BI.",Systmes Embarqus,Systmes Embarqus,Recherche applique,0.3,14,40,3,0.925,2,1,0,0,1,0,APPROUVE
PRJ-0095,Systme embarqu de surveillance environnementale bas sur IoT,"Ce projet dveloppe un systme de capteurs connects (Arduino + Raspberry Pi) pour surveiller la qualit de l'air, l'humidit et la temprature dans un environnement industriel. Les donnes sont transmises via MQTT et visualises sur un dashboard Grafana.",IA / Machine Learning,Systmes Embarqus,Prototypage,0.441,8,38,3,0.868,2,2,0,0,0,0,APPROUVE
PRJ-0349,Application pour grer les notes des tudiants,Je veux faire une application pour grer les notes. Elle permettra d'entrer les notes et de calculer les moyennes. Ce sera utile pour les professeurs.,Rseaux,Gnie Logiciel,Dveloppement logiciel (SCRUM),0.398,7,25,4,0.84,0,0,0,0,0,0,REJETE
PRJ-0453,Mise en place d'un rseau local pour une entreprise,"Ce projet va mettre en place un rseau local pour une petite entreprise. On va choisir les quipements, configurer les switches et les routeurs, et tester la connectivit.",Dveloppement Web,Gnie Informatique,Recherche exprimentale,0.744,9,28,3,0.857,1,0,0,0,0,0,REJETE
PRJ-0554,Systme comme Google,Crer un moteur de recherche similaire  Google pour l'Afrique.,Rseaux,Rseaux et Tlcommunications,tude de cas,0.716,3,9,2,1.0,1,0,1,0,0,0,REJETE
PRJ-0327,Systme de gestion de bibliothque v3,"Dvelopper un logiciel de gestion de bibliothque qui permet d'enregistrer les livres, les emprunts et les retours. Le systme aura une interface simple pour les bibliothcaires.",Bases de donnes,Cyberscurit,tude de cas,0.749,6,26,3,0.846,2,1,1,0,0,0,REJETE
PRJ-0227,Mise en place d'un systme de vote lectronique scuris pour les lections universitaires,"Ce projet consiste  concevoir et dployer une plateforme de vote lectronique scurise base sur la cryptographie asymtrique et la blockchain lgre. L'objectif est de garantir l'anonymat, l'intgrit et la traabilit des votes lors des lections au sein de l'universit.",Rseaux,Data Science,Recherche applique,0.285,13,39,3,0.821,4,1,0,0,1,0,APPROUVE
PRJ-0479,Copie du systme bancaire,Reproduire exactement le systme de la banque Ecobank avec toutes ses fonctionnalits en 2 mois.,Cloud / DevOps,Cyberscurit,tude de cas,0.568,4,15,2,1.0,1,0,1,0,0,1,REJETE
PRJ-0370,Systme de gestion de bibliothque,"Dvelopper un logiciel de gestion de bibliothque qui permet d'enregistrer les livres, les emprunts et les retours. Le systme aura une interface simple pour les bibliothcaires.",Systmes Embarqus,Cyberscurit,Prototypage,0.602,5,26,3,0.846,2,1,1,0,0,0,REJETE
PRJ-0070,Implmentation d'un SIEM open source pour la dtection d'intrusions en entreprise,Ce travail consiste  dployer et configurer un SIEM bas sur Wazuh/ELK Stack pour centraliser la gestion des logs et dtecter les intrusions dans une PME locale. Il inclut la dfinition des rgles de corrlation et les procdures de rponse aux incidents.,Rseaux,Data Science,tude de cas,0.417,11,41,3,0.854,1,0,0,0,1,0,REVISION_NECESSAIRE
PRJ-0503,tude de tout ce qui concerne les rseaux,Ce mmoire va couvrir tous les aspects des rseaux informatiques depuis les dbuts jusqu' aujourd'hui.,IA / Machine Learning,Rseaux et Tlcommunications,Recherche exprimentale,0.803,8,15,2,0.933,0,0,0,0,1,1,REJETE
PRJ-0181,Dploiement d'une infrastructure rseau WiFi communautaire  faible cot  Cas d'tude 1,"Cette tude propose le dploiement d'un rseau WiFi communautaire dans un quartier priurbain de Lom en utilisant des quipements open source. Le projet couvre la conception, la simulation sous GNS3, le dploiement et la mesure des performances relles.",IA / Machine Learning,Cyberscurit,Prototypage,0.105,11,38,3,0.842,2,0,0,0,0,0,REVISION_NECESSAIRE
PRJ-0524,Intelligence artificielle gnrale,Crer une intelligence artificielle gnrale capable de tout faire comme un humain.,Dveloppement Web,Rseaux et Tlcommunications,tude de cas,0.534,3,12,2,1.0,0,0,1,0,0,1,REJETE
PRJ-0220,Conception d'un entrept de donnes pour le suivi pidmiologique au Ministre de la Sant,"Ce projet vise  concevoir un data warehouse selon la modlisation en toile pour centraliser les donnes pidmiologiques nationales. Il inclut la mise en place d'un pipeline ETL, le dploiement sous PostgreSQL et la cration de rapports analytiques sur Power BI.",Cloud / DevOps,Rseaux et Tlcommunications,Recherche exprimentale,0.003,14,40,3,0.925,2,1,0,0,1,0,APPROUVE
PRJ-0504,Faire un jeu vido,Je veux faire un jeu. Ce sera amusant.,Bases de donnes,Data Science,Recherche applique,0.531,4,8,3,1.0,0,0,1,0,0,0,REJETE
PRJ-0008,Classification automatique de documents administratifs par traitement du langage naturel,"Ce projet applique des techniques de NLP (TF-IDF, BERT) pour classifier automatiquement des documents administratifs numriss en catgories prdfinies. L'objectif est de rduire le temps de traitement manuel dans les services administratifs.",Rseaux,Gnie Informatique,Dveloppement logiciel (SCRUM),0.163,10,32,3,0.906,1,2,0,0,1,0,APPROUVE
PRJ-0355,tude sur la scurit des rseaux wifi v4,Ce projet parle de la scurit wifi. On va voir comment scuriser un rseau wifi et quels sont les problmes qui existent avec les rseaux sans fil dans les entreprises.,Rseaux,Cyberscurit,Prototypage,0.501,8,30,3,0.933,1,0,0,0,0,0,REJETE
PRJ-0270,Cration d'un site web pour une cole,"Le projet consiste  crer un site web pour une cole. Le site aura des pages pour prsenter l'cole, les cours et les professeurs. Il y aura aussi un espace pour les tudiants.",Cyberscurit,Gnie Informatique,tude de cas,0.5,7,32,4,0.75,0,0,0,0,1,0,REJETE
PRJ-0555,Application,Une application mobile.,IA / Machine Learning,Data Science,Recherche applique,0.515,1,3,2,1.0,0,0,0,0,0,0,REJETE
PRJ-0168,Mise en place d'un systme de vote lectronique scuris pour les lections universitaires,"Ce projet consiste  concevoir et dployer une plateforme de vote lectronique scurise base sur la cryptographie asymtrique et la blockchain lgre. L'objectif est de garantir l'anonymat, l'intgrit et la traabilit des votes lors des lections au sein de l'universit.",Mobile,Gnie Informatique,tude de cas,0.425,13,39,3,0.821,4,1,0,0,1,0,APPROUVE
PRJ-0037,Analyse prdictive du taux de dcrochage scolaire par apprentissage automatique,"Cette recherche applique des algorithmes de machine learning (Random Forest, XGBoost) pour prdire le risque de dcrochage scolaire  partir de donnes acadmiques et socio-conomiques. Un tableau de bord de visualisation est dvelopp pour les responsables pdagogiques.",Dveloppement Web,Gnie Logiciel,Prototypage,0.034,10,36,3,0.861,3,2,0,0,0,0,APPROUVE
PRJ-0126,Classification automatique de documents administratifs par traitement du langage naturel  Cas d'tude 6,"Ce projet applique des techniques de NLP (TF-IDF, BERT) pour classifier automatiquement des documents administratifs numriss en catgories prdfinies. L'objectif est de rduire le temps de traitement manuel dans les services administratifs.",Rseaux,Gnie Logiciel,Prototypage,0.038,13,32,3,0.906,1,2,0,0,1,0,APPROUVE
PRJ-0042,Conception d'un systme de dtection de fraude bancaire par deep learning au Togo,"Ce travail vise  concevoir et implmenter un systme intelligent de dtection de transactions frauduleuses en utilisant des rseaux de neurones LSTM appliqus aux donnes de mobile money au Togo. La mthodologie inclut la collecte de donnes anonymises, le prtraitement, l'entranement du modle et l'valuation des performances sur un jeu de test rel.",Systmes Embarqus,Gnie Logiciel,Dveloppement logiciel (SCRUM),0.244,13,52,3,0.808,7,1,0,1,1,0,APPROUVE
PRJ-0509,Systme comme Google,Crer un moteur de recherche similaire  Google pour l'Afrique.,Dveloppement Web,Rseaux et Tlcommunications,Prototypage,0.827,3,9,2,1.0,1,0,1,0,0,0,REJETE
PRJ-0277,Application de chat en temps rel,Ce projet vise  crer une application de messagerie instantane. Les utilisateurs pourront envoyer des messages en temps rel. On utilisera des websockets pour la communication.,Dveloppement Web,Systmes Embarqus,Prototypage,0.6,6,25,4,0.96,0,0,0,0,1,0,REJETE
PRJ-0331,Mise en place d'un rseau local pour une entreprise v4,"Ce projet va mettre en place un rseau local pour une petite entreprise. On va choisir les quipements, configurer les switches et les routeurs, et tester la connectivit.",Mobile,Data Science,Dveloppement logiciel (SCRUM),0.392,10,28,3,0.857,1,0,0,0,0,0,REJETE
PRJ-0014,Dploiement d'une infrastructure rseau WiFi communautaire  faible cot,"Cette tude propose le dploiement d'un rseau WiFi communautaire dans un quartier priurbain de Lom en utilisant des quipements open source. Le projet couvre la conception, la simulation sous GNS3, le dploiement et la mesure des performances relles.",Systmes Embarqus,Rseaux et Tlcommunications,tude de cas,0.03,8,38,3,0.842,2,0,0,0,0,0,REVISION_NECESSAIRE
PRJ-0038,Conception d'un systme de dtection de fraude bancaire par deep learning au Togo,"Ce travail vise  concevoir et implmenter un systme intelligent de dtection de transactions frauduleuses en utilisant des rseaux de neurones LSTM appliqus aux donnes de mobile money au Togo. La mthodologie inclut la collecte de donnes anonymises, le prtraitement, l'entranement du modle et l'valuation des performances sur un jeu de test rel.",Rseaux,Rseaux et Tlcommunications,tude de cas,0.417,13,52,3,0.808,7,1,0,1,1,0,APPROUVE
PRJ-0098,Dploiement d'une infrastructure rseau WiFi communautaire  faible cot,"Cette tude propose le dploiement d'un rseau WiFi communautaire dans un quartier priurbain de Lom en utilisant des quipements open source. Le projet couvre la conception, la simulation sous GNS3, le dploiement et la mesure des performances relles.",Cloud / DevOps,Data Science,Dveloppement logiciel (SCRUM),0.171,8,38,3,0.842,2,0,0,0,0,0,APPROUVE
PRJ-0473,Intelligence artificielle gnrale,Crer une intelligence artificielle gnrale capable de tout faire comme un humain.,Cloud / DevOps,Gnie Informatique,Dveloppement logiciel (SCRUM),0.84,3,12,2,1.0,0,0,1,0,0,1,REJETE
PRJ-0231,Classification automatique de documents administratifs par traitement du langage naturel  Cas d'tude 1,"Ce projet applique des techniques de NLP (TF-IDF, BERT) pour classifier automatiquement des documents administratifs numriss en catgories prdfinies. L'objectif est de rduire le temps de traitement manuel dans les services administratifs.",Systmes Embarqus,Rseaux et Tlcommunications,tude de cas,0.437,13,32,3,0.906,1,2,0,0,1,0,REVISION_NECESSAIRE
PRJ-0240,Dploiement d'une infrastructure rseau WiFi communautaire  faible cot,"Cette tude propose le dploiement d'un rseau WiFi communautaire dans un quartier priurbain de Lom en utilisant des quipements open source. Le projet couvre la conception, la simulation sous GNS3, le dploiement et la mesure des performances relles.",Systmes Embarqus,Gnie Logiciel,Recherche applique,0.024,8,38,3,0.842,2,0,0,0,0,0,APPROUVE
PRJ-0004,Implmentation d'un SIEM open source pour la dtection d'intrusions en entreprise,Ce travail consiste  dployer et configurer un SIEM bas sur Wazuh/ELK Stack pour centraliser la gestion des logs et dtecter les intrusions dans une PME locale. Il inclut la dfinition des rgles de corrlation et les procdures de rponse aux incidents.,IA / Machine Learning,Rseaux et Tlcommunications,tude de cas,0.265,11,41,3,0.854,1,0,0,0,1,0,REVISION_NECESSAIRE
PRJ-0491,Intelligence artificielle gnrale,Crer une intelligence artificielle gnrale capable de tout faire comme un humain.,Cyberscurit,Cyberscurit,Recherche applique,0.914,3,12,2,1.0,0,0,1,0,0,1,REJETE
PRJ-0074,Classification automatique de documents administratifs par traitement du langage naturel,"Ce projet applique des techniques de NLP (TF-IDF, BERT) pour classifier automatiquement des documents administratifs numriss en catgories prdfinies. L'objectif est de rduire le temps de traitement manuel dans les services administratifs.",IA / Machine Learning,Data Science,Recherche applique,0.183,10,32,3,0.906,1,2,0,0,1,0,APPROUVE
PRJ-0137,Systme embarqu de surveillance environnementale bas sur IoT,"Ce projet dveloppe un systme de capteurs connects (Arduino + Raspberry Pi) pour surveiller la qualit de l'air, l'humidit et la temprature dans un environnement industriel. Les donnes sont transmises via MQTT et visualises sur un dashboard Grafana.",Cloud / DevOps,Gnie Informatique,Recherche applique,0.269,8,38,3,0.868,2,2,0,0,0,0,REVISION_NECESSAIRE
PRJ-0209,Analyse prdictive du taux de dcrochage scolaire par apprentissage automatique,"Cette recherche applique des algorithmes de machine learning (Random Forest, XGBoost) pour prdire le risque de dcrochage scolaire  partir de donnes acadmiques et socio-conomiques. Un tableau de bord de visualisation est dvelopp pour les responsables pdagogiques.",Systmes Embarqus,Gnie Logiciel,Recherche applique,0.158,10,36,3,0.861,3,2,0,0,0,0,APPROUVE
PRJ-0594,Systme comme Google,Crer un moteur de recherche similaire  Google pour l'Afrique.,Systmes Embarqus,Cyberscurit,Prototypage,0.503,3,9,2,1.0,1,0,1,0,0,0,REJETE
PRJ-0144,Conception d'un systme de dtection de fraude bancaire par deep learning au Togo,"Ce travail vise  concevoir et implmenter un systme intelligent de dtection de transactions frauduleuses en utilisant des rseaux de neurones LSTM appliqus aux donnes de mobile money au Togo. La mthodologie inclut la collecte de donnes anonymises, le prtraitement, l'entranement du modle et l'valuation des performances sur un jeu de test rel.",Cloud / DevOps,Gnie Logiciel,Recherche exprimentale,0.244,13,52,3,0.808,7,1,0,1,1,0,APPROUVE
PRJ-0246,Conception d'un entrept de donnes pour le suivi pidmiologique au Ministre de la Sant  Cas d'tude 6,"Ce projet vise  concevoir un data warehouse selon la modlisation en toile pour centraliser les donnes pidmiologiques nationales. Il inclut la mise en place d'un pipeline ETL, le dploiement sous PostgreSQL et la cration de rapports analytiques sur Power BI.",Bases de donnes,Rseaux et Tlcommunications,Recherche exprimentale,0.096,17,40,3,0.925,2,1,0,0,1,0,APPROUVE
PRJ-0397,tude sur la scurit des rseaux wifi,Ce projet parle de la scurit wifi. On va voir comment scuriser un rseau wifi et quels sont les problmes qui existent avec les rseaux sans fil dans les entreprises.,Bases de donnes,Gnie Logiciel,Dveloppement logiciel (SCRUM),0.407,7,30,3,0.933,1,0,0,0,0,0,REJETE
PRJ-0358,Dveloppement d'une application Android pour les transports,On va dvelopper une application Android pour les transports en commun. L'application montrera les horaires et les itinraires disponibles dans la ville.,Bases de donnes,Gnie Informatique,Recherche applique,0.232,7,22,3,0.909,1,1,0,0,0,0,REJETE
PRJ-0441,Analyse des donnes de vente d'une entreprise,Ce travail va analyser les donnes de vente d'une entreprise commerciale pour trouver des tendances. On utilisera Excel et Python pour faire les analyses et crer des graphiques.,Dveloppement Web,Data Science,Recherche applique,0.536,7,28,3,0.857,2,1,0,0,0,0,REJETE
PRJ-0129,Classification automatique de documents administratifs par traitement du langage naturel,"Ce projet applique des techniques de NLP (TF-IDF, BERT) pour classifier automatiquement des documents administratifs numriss en catgories prdfinies. L'objectif est de rduire le temps de traitement manuel dans les services administratifs.",Dveloppement Web,Rseaux et Tlcommunications,Recherche exprimentale,0.432,10,32,3,0.906,1,2,0,0,1,0,REVISION_NECESSAIRE
PRJ-0600,Projet sur la blockchain,La blockchain c'est bien. Je vais faire quelque chose avec la blockchain.,Mobile,Rseaux et Tlcommunications,Prototypage,0.802,4,12,3,0.917,0,1,1,0,0,0,REJETE
PRJ-0034,Dveloppement d'une application mobile de tlmdecine pour les zones rurales togolaises,"Cette tude propose le dveloppement d'une application Android permettant aux patients des zones rurales d'accder  des consultations mdicales  distance. L'application intgre un module de golocalisation des centres de sant, un systme de prise de rendez-vous et un dossier mdical numrique simplifi.",Cloud / DevOps,Systmes Embarqus,Dveloppement logiciel (SCRUM),0.159,11,41,3,0.829,2,1,0,0,0,0,APPROUVE
PRJ-0089,Implmentation d'un SIEM open source pour la dtection d'intrusions en entreprise,Ce travail consiste  dployer et configurer un SIEM bas sur Wazuh/ELK Stack pour centraliser la gestion des logs et dtecter les intrusions dans une PME locale. Il inclut la dfinition des rgles de corrlation et les procdures de rponse aux incidents.,Dveloppement Web,Systmes Embarqus,tude de cas,0.318,11,41,3,0.854,1,0,0,0,1,0,APPROUVE
PRJ-0242,Mise en place d'un systme de vote lectronique scuris pour les lections universitaires,"Ce projet consiste  concevoir et dployer une plateforme de vote lectronique scurise base sur la cryptographie asymtrique et la blockchain lgre. L'objectif est de garantir l'anonymat, l'intgrit et la traabilit des votes lors des lections au sein de l'universit.",Cyberscurit,Data Science,Recherche applique,0.262,13,39,3,0.821,4,1,0,0,1,0,APPROUVE
PRJ-0342,Application de chat en temps rel,Ce projet vise  crer une application de messagerie instantane. Les utilisateurs pourront envoyer des messages en temps rel. On utilisera des websockets pour la communication.,Systmes Embarqus,Data Science,tude de cas,0.259,6,25,4,0.96,0,0,0,0,1,0,REJETE
PRJ-0584,Systme comme Google,Crer un moteur de recherche similaire  Google pour l'Afrique.,IA / Machine Learning,Rseaux et Tlcommunications,Recherche exprimentale,0.883,3,9,2,1.0,1,0,1,0,0,0,REJETE
PRJ-0218,Classification automatique de documents administratifs par traitement du langage naturel,"Ce projet applique des techniques de NLP (TF-IDF, BERT) pour classifier automatiquement des documents administratifs numriss en catgories prdfinies. L'objectif est de rduire le temps de traitement manuel dans les services administratifs.",IA / Machine Learning,Rseaux et Tlcommunications,tude de cas,0.3,10,32,3,0.906,1,2,0,0,1,0,REVISION_NECESSAIRE
PRJ-0278,Cration d'un site web pour une cole,"Le projet consiste  crer un site web pour une cole. Le site aura des pages pour prsenter l'cole, les cours et les professeurs. Il y aura aussi un espace pour les tudiants.",Dveloppement Web,Data Science,Recherche applique,0.377,7,32,4,0.75,0,0,0,0,1,0,REJETE
PRJ-0488,Application,Une application mobile.,IA / Machine Learning,Systmes Embarqus,Prototypage,0.597,1,3,2,1.0,0,0,0,0,0,0,REJETE
PRJ-0300,Analyse des donnes de vente d'une entreprise,Ce travail va analyser les donnes de vente d'une entreprise commerciale pour trouver des tendances. On utilisera Excel et Python pour faire les analyses et crer des graphiques.,IA / Machine Learning,Gnie Logiciel,Dveloppement logiciel (SCRUM),0.51,7,28,3,0.857,2,1,0,0,0,0,REJETE
PRJ-0521,Faire un jeu vido,Je veux faire un jeu. Ce sera amusant.,Rseaux,Gnie Logiciel,tude de cas,0.885,4,8,3,1.0,0,0,1,0,0,0,REJETE
PRJ-0389,Application pour grer les notes des tudiants,Je veux faire une application pour grer les notes. Elle permettra d'entrer les notes et de calculer les moyennes. Ce sera utile pour les professeurs.,Dveloppement Web,Gnie Informatique,Dveloppement logiciel (SCRUM),0.661,7,25,4,0.84,0,0,0,0,0,0,REJETE
PRJ-0447,Mise en place d'un rseau local pour une entreprise v3,"Ce projet va mettre en place un rseau local pour une petite entreprise. On va choisir les quipements, configurer les switches et les routeurs, et tester la connectivit.",IA / Machine Learning,Systmes Embarqus,Recherche exprimentale,0.676,10,28,3,0.857,1,0,0,0,0,0,REJETE
PRJ-0595,Intelligence artificielle gnrale,Crer une intelligence artificielle gnrale capable de tout faire comme un humain.,Dveloppement Web,Data Science,Recherche applique,0.549,3,12,2,1.0,0,0,1,0,0,1,REJETE
PRJ-0527,Projet sur la blockchain,La blockchain c'est bien. Je vais faire quelque chose avec la blockchain.,Cyberscurit,Data Science,Recherche exprimentale,0.807,4,12,3,0.917,0,1,1,0,0,0,REJETE
PRJ-0197,Analyse prdictive du taux de dcrochage scolaire par apprentissage automatique,"Cette recherche applique des algorithmes de machine learning (Random Forest, XGBoost) pour prdire le risque de dcrochage scolaire  partir de donnes acadmiques et socio-conomiques. Un tableau de bord de visualisation est dvelopp pour les responsables pdagogiques.",Mobile,Systmes Embarqus,Dveloppement logiciel (SCRUM),0.02,10,36,3,0.861,3,2,0,0,0,0,APPROUVE
PRJ-0202,Plateforme e-commerce B2B pour l'approvisionnement des PME africaines,"Cette tude conoit une marketplace B2B permettant aux PME d'Afrique de l'Ouest de s'approvisionner auprs de fournisseurs locaux et internationaux. La plateforme intgre un module de paiement mobile money, une gestion des stocks et un systme de notation des fournisseurs.",Bases de donnes,Rseaux et Tlcommunications,tude de cas,0.097,8,40,3,0.8,3,0,0,0,0,0,APPROUVE
PRJ-0076,Systme embarqu de surveillance environnementale bas sur IoT  Cas d'tude 6,"Ce projet dveloppe un systme de capteurs connects (Arduino + Raspberry Pi) pour surveiller la qualit de l'air, l'humidit et la temprature dans un environnement industriel. Les donnes sont transmises via MQTT et visualises sur un dashboard Grafana.",Cyberscurit,Gnie Informatique,Dveloppement logiciel (SCRUM),0.23,11,38,3,0.868,2,2,0,0,0,0,APPROUVE
PRJ-0309,Systme de gestion de bibliothque,"Dvelopper un logiciel de gestion de bibliothque qui permet d'enregistrer les livres, les emprunts et les retours. Le systme aura une interface simple pour les bibliothcaires.",Bases de donnes,Systmes Embarqus,Recherche applique,0.474,5,26,3,0.846,2,1,1,0,0,0,REJETE
PRJ-0569,Copie du systme bancaire,Reproduire exactement le systme de la banque Ecobank avec toutes ses fonctionnalits en 2 mois.,IA / Machine Learning,Cyberscurit,Prototypage,0.536,4,15,2,1.0,1,0,1,0,0,1,REJETE
PRJ-0432,Analyse des donnes de vente d'une entreprise,Ce travail va analyser les donnes de vente d'une entreprise commerciale pour trouver des tendances. On utilisera Excel et Python pour faire les analyses et crer des graphiques.,Rseaux,Cyberscurit,tude de cas,0.45,7,28,3,0.857,2,1,0,0,0,0,REJETE
PRJ-0458,Application de chat en temps rel,Ce projet vise  crer une application de messagerie instantane. Les utilisateurs pourront envoyer des messages en temps rel. On utilisera des websockets pour la communication.,Mobile,Data Science,Prototypage,0.293,6,25,4,0.96,0,0,0,0,1,0,REJETE
PRJ-0177,Conception d'un entrept de donnes pour le suivi pidmiologique au Ministre de la Sant,"Ce projet vise  concevoir un data warehouse selon la modlisation en toile pour centraliser les donnes pidmiologiques nationales. Il inclut la mise en place d'un pipeline ETL, le dploiement sous PostgreSQL et la cration de rapports analytiques sur Power BI.",Bases de donnes,Data Science,Recherche applique,0.116,14,40,3,0.925,2,1,0,0,1,0,APPROUVE
PRJ-0108,Systme embarqu de surveillance environnementale bas sur IoT,"Ce projet dveloppe un systme de capteurs connects (Arduino + Raspberry Pi) pour surveiller la qualit de l'air, l'humidit et la temprature dans un environnement industriel. Les donnes sont transmises via MQTT et visualises sur un dashboard Grafana.",Bases de donnes,Gnie Informatique,Recherche exprimentale,0.432,8,38,3,0.868,2,2,0,0,0,0,REVISION_NECESSAIRE
PRJ-0099,Systme embarqu de surveillance environnementale bas sur IoT,"Ce projet dveloppe un systme de capteurs connects (Arduino + Raspberry Pi) pour surveiller la qualit de l'air, l'humidit et la temprature dans un environnement industriel. Les donnes sont transmises via MQTT et visualises sur un dashboard Grafana.",Systmes Embarqus,Rseaux et Tlcommunications,Dveloppement logiciel (SCRUM),0.243,8,38,3,0.868,2,2,0,0,0,0,REVISION_NECESSAIRE
PRJ-0203,Dploiement d'une infrastructure rseau WiFi communautaire  faible cot,"Cette tude propose le dploiement d'un rseau WiFi communautaire dans un quartier priurbain de Lom en utilisant des quipements open source. Le projet couvre la conception, la simulation sous GNS3, le dploiement et la mesure des performances relles.",Dveloppement Web,Data Science,tude de cas,0.179,8,38,3,0.842,2,0,0,0,0,0,APPROUVE
PRJ-0413,Systme de gestion de bibliothque,"Dvelopper un logiciel de gestion de bibliothque qui permet d'enregistrer les livres, les emprunts et les retours. Le systme aura une interface simple pour les bibliothcaires.",Cloud / DevOps,Rseaux et Tlcommunications,Recherche exprimentale,0.293,5,26,3,0.846,2,1,1,0,0,0,REJETE
PRJ-0442,Mise en place d'un rseau local pour une entreprise,"Ce projet va mettre en place un rseau local pour une petite entreprise. On va choisir les quipements, configurer les switches et les routeurs, et tester la connectivit.",Mobile,Cyberscurit,Prototypage,0.648,9,28,3,0.857,1,0,0,0,0,0,REJETE
PRJ-0154,Plateforme e-commerce B2B pour l'approvisionnement des PME africaines,"Cette tude conoit une marketplace B2B permettant aux PME d'Afrique de l'Ouest de s'approvisionner auprs de fournisseurs locaux et internationaux. La plateforme intgre un module de paiement mobile money, une gestion des stocks et un systme de notation des fournisseurs.",Cloud / DevOps,Systmes Embarqus,Recherche applique,0.15,8,40,3,0.8,3,0,0,0,0,0,REVISION_NECESSAIRE
PRJ-0575,Application,Une application mobile.,Systmes Embarqus,Systmes Embarqus,Recherche applique,0.89,1,3,2,1.0,0,0,0,0,0,0,REJETE
PRJ-0598,Recherche sur internet,Je vais chercher des informations sur internet sur plusieurs sujets informatiques et faire un rsum de ce que j'ai trouv.,Mobile,Data Science,tude de cas,0.795,3,20,2,0.95,0,0,3,0,0,0,REJETE
PRJ-0027,Plateforme e-commerce B2B pour l'approvisionnement des PME africaines,"Cette tude conoit une marketplace B2B permettant aux PME d'Afrique de l'Ouest de s'approvisionner auprs de fournisseurs locaux et internationaux. La plateforme intgre un module de paiement mobile money, une gestion des stocks et un systme de notation des fournisseurs.",Cloud / DevOps,Rseaux et Tlcommunications,Prototypage,0.237,8,40,3,0.8,3,0,0,0,0,0,REVISION_NECESSAIRE
PRJ-0478,Application,Une application mobile.,Cyberscurit,Systmes Embarqus,Recherche applique,0.504,1,3,2,1.0,0,0,0,0,0,0,REJETE
PRJ-0045,Implmentation d'un SIEM open source pour la dtection d'intrusions en entreprise,Ce travail consiste  dployer et configurer un SIEM bas sur Wazuh/ELK Stack pour centraliser la gestion des logs et dtecter les intrusions dans une PME locale. Il inclut la dfinition des rgles de corrlation et les procdures de rponse aux incidents.,Rseaux,Cyberscurit,Prototypage,0.401,11,41,3,0.854,1,0,0,0,1,0,REVISION_NECESSAIRE
PRJ-0378,Systme de gestion de bibliothque,"Dvelopper un logiciel de gestion de bibliothque qui permet d'enregistrer les livres, les emprunts et les retours. Le systme aura une interface simple pour les bibliothcaires.",IA / Machine Learning,Gnie Logiciel,Recherche exprimentale,0.407,5,26,3,0.846,2,1,1,0,0,0,REJETE
PRJ-0308,Systme de gestion de bibliothque,"Dvelopper un logiciel de gestion de bibliothque qui permet d'enregistrer les livres, les emprunts et les retours. Le systme aura une interface simple pour les bibliothcaires.",Systmes Embarqus,Cyberscurit,Recherche applique,0.696,5,26,3,0.846,2,1,1,0,0,0,REJETE
PRJ-0280,Analyse des donnes de vente d'une entreprise,Ce travail va analyser les donnes de vente d'une entreprise commerciale pour trouver des tendances. On utilisera Excel et Python pour faire les analyses et crer des graphiques.,Systmes Embarqus,Cyberscurit,tude de cas,0.6,7,28,3,0.857,2,1,0,0,0,0,REJETE
PRJ-0476,Projet sur la blockchain,La blockchain c'est bien. Je vais faire quelque chose avec la blockchain.,Dveloppement Web,Gnie Logiciel,Recherche applique,0.672,4,12,3,0.917,0,1,1,0,0,0,REJETE
PRJ-0421,Dveloppement d'une application Android pour les transports,On va dvelopper une application Android pour les transports en commun. L'application montrera les horaires et les itinraires disponibles dans la ville.,Rseaux,Cyberscurit,Prototypage,0.713,7,22,3,0.909,1,1,0,0,0,0,REJETE
PRJ-0150,Plateforme e-commerce B2B pour l'approvisionnement des PME africaines,"Cette tude conoit une marketplace B2B permettant aux PME d'Afrique de l'Ouest de s'approvisionner auprs de fournisseurs locaux et internationaux. La plateforme intgre un module de paiement mobile money, une gestion des stocks et un systme de notation des fournisseurs.",Bases de donnes,Systmes Embarqus,Recherche exprimentale,0.187,8,40,3,0.8,3,0,0,0,0,0,APPROUVE
PRJ-0111,Dveloppement d'une application mobile de tlmdecine pour les zones rurales togolaises  Cas d'tude 1,"Cette tude propose le dveloppement d'une application Android permettant aux patients des zones rurales d'accder  des consultations mdicales  distance. L'application intgre un module de golocalisation des centres de sant, un systme de prise de rendez-vous et un dossier mdical numrique simplifi.",Bases de donnes,Cyberscurit,Prototypage,0.203,14,41,3,0.829,2,1,0,0,0,0,REVISION_NECESSAIRE
PRJ-0142,Implmentation d'un SIEM open source pour la dtection d'intrusions en entreprise,Ce travail consiste  dployer et configurer un SIEM bas sur Wazuh/ELK Stack pour centraliser la gestion des logs et dtecter les intrusions dans une PME locale. Il inclut la dfinition des rgles de corrlation et les procdures de rponse aux incidents.,Cloud / DevOps,Cyberscurit,Dveloppement logiciel (SCRUM),0.13,11,41,3,0.854,1,0,0,0,1,0,APPROUVE
PRJ-0013,Analyse prdictive du taux de dcrochage scolaire par apprentissage automatique,"Cette recherche applique des algorithmes de machine learning (Random Forest, XGBoost) pour prdire le risque de dcrochage scolaire  partir de donnes acadmiques et socio-conomiques. Un tableau de bord de visualisation est dvelopp pour les responsables pdagogiques.",IA / Machine Learning,Rseaux et Tlcommunications,Dveloppement logiciel (SCRUM),0.379,10,36,3,0.861,3,2,0,0,0,0,APPROUVE
PRJ-0189,Conception d'un entrept de donnes pour le suivi pidmiologique au Ministre de la Sant,"Ce projet vise  concevoir un data warehouse selon la modlisation en toile pour centraliser les donnes pidmiologiques nationales. Il inclut la mise en place d'un pipeline ETL, le dploiement sous PostgreSQL et la cration de rapports analytiques sur Power BI.",Bases de donnes,Gnie Logiciel,Recherche exprimentale,0.055,14,40,3,0.925,2,1,0,0,1,0,APPROUVE
PRJ-0384,Analyse des donnes de vente d'une entreprise,Ce travail va analyser les donnes de vente d'une entreprise commerciale pour trouver des tendances. On utilisera Excel et Python pour faire les analyses et crer des graphiques.,Cloud / DevOps,Gnie Logiciel,Prototypage,0.404,7,28,3,0.857,2,1,0,0,0,0,REJETE
PRJ-0404,Application pour grer les notes des tudiants,Je veux faire une application pour grer les notes. Elle permettra d'entrer les notes et de calculer les moyennes. Ce sera utile pour les professeurs.,Dveloppement Web,Data Science,Prototypage,0.328,7,25,4,0.84,0,0,0,0,0,0,REJETE
PRJ-0310,Mise en place d'un rseau local pour une entreprise,"Ce projet va mettre en place un rseau local pour une petite entreprise. On va choisir les quipements, configurer les switches et les routeurs, et tester la connectivit.",Bases de donnes,Rseaux et Tlcommunications,Recherche exprimentale,0.72,9,28,3,0.857,1,0,0,0,0,0,REJETE
PRJ-0035,Dveloppement d'une application mobile de tlmdecine pour les zones rurales togolaises,"Cette tude propose le dveloppement d'une application Android permettant aux patients des zones rurales d'accder  des consultations mdicales  distance. L'application intgre un module de golocalisation des centres de sant, un systme de prise de rendez-vous et un dossier mdical numrique simplifi.",Dveloppement Web,Rseaux et Tlcommunications,Recherche exprimentale,0.328,11,41,3,0.829,2,1,0,0,0,0,REVISION_NECESSAIRE
PRJ-0456,Analyse des donnes de vente d'une entreprise,Ce travail va analyser les donnes de vente d'une entreprise commerciale pour trouver des tendances. On utilisera Excel et Python pour faire les analyses et crer des graphiques.,Cloud / DevOps,Rseaux et Tlcommunications,Prototypage,0.536,7,28,3,0.857,2,1,0,0,0,0,REJETE
PRJ-0257,Cration d'un site web pour une cole,"Le projet consiste  crer un site web pour une cole. Le site aura des pages pour prsenter l'cole, les cours et les professeurs. Il y aura aussi un espace pour les tudiants.",Rseaux,Systmes Embarqus,Recherche applique,0.25,7,32,4,0.75,0,0,0,0,1,0,REJETE
PRJ-0477,tude de tout ce qui concerne les rseaux,Ce mmoire va couvrir tous les aspects des rseaux informatiques depuis les dbuts jusqu' aujourd'hui.,Cyberscurit,Gnie Informatique,Recherche exprimentale,0.562,8,15,2,0.933,0,0,0,0,1,1,REJETE
PRJ-0217,Analyse prdictive du taux de dcrochage scolaire par apprentissage automatique,"Cette recherche applique des algorithmes de machine learning (Random Forest, XGBoost) pour prdire le risque de dcrochage scolaire  partir de donnes acadmiques et socio-conomiques. Un tableau de bord de visualisation est dvelopp pour les responsables pdagogiques.",Cloud / DevOps,Gnie Logiciel,Recherche applique,0.051,10,36,3,0.861,3,2,0,0,0,0,APPROUVE
PRJ-0299,tude sur la scurit des rseaux wifi v2,Ce projet parle de la scurit wifi. On va voir comment scuriser un rseau wifi et quels sont les problmes qui existent avec les rseaux sans fil dans les entreprises.,Cyberscurit,Rseaux et Tlcommunications,Prototypage,0.293,8,30,3,0.933,1,0,0,0,0,0,REJETE
PRJ-0307,Cration d'un site web pour une cole v4,"Le projet consiste  crer un site web pour une cole. Le site aura des pages pour prsenter l'cole, les cours et les professeurs. Il y aura aussi un espace pour les tudiants.",Cloud / DevOps,Cyberscurit,tude de cas,0.36,8,32,4,0.75,0,0,0,0,1,0,REJETE
PRJ-0032,Analyse prdictive du taux de dcrochage scolaire par apprentissage automatique,"Cette recherche applique des algorithmes de machine learning (Random Forest, XGBoost) pour prdire le risque de dcrochage scolaire  partir de donnes acadmiques et socio-conomiques. Un tableau de bord de visualisation est dvelopp pour les responsables pdagogiques.",Cyberscurit,Gnie Informatique,Prototypage,0.218,10,36,3,0.861,3,2,0,0,0,0,REVISION_NECESSAIRE
PRJ-0151,Systme embarqu de surveillance environnementale bas sur IoT  Cas d'tude 1,"Ce projet dveloppe un systme de capteurs connects (Arduino + Raspberry Pi) pour surveiller la qualit de l'air, l'humidit et la temprature dans un environnement industriel. Les donnes sont transmises via MQTT et visualises sur un dashboard Grafana.",Cyberscurit,Gnie Logiciel,Recherche applique,0.173,11,38,3,0.868,2,2,0,0,0,0,APPROUVE
PRJ-0548,Recherche sur internet,Je vais chercher des informations sur internet sur plusieurs sujets informatiques et faire un rsum de ce que j'ai trouv.,Rseaux,Gnie Informatique,Prototypage,0.914,3,20,2,0.95,0,0,3,0,0,0,REJETE
PRJ-0244,Implmentation d'un SIEM open source pour la dtection d'intrusions en entreprise,Ce travail consiste  dployer et configurer un SIEM bas sur Wazuh/ELK Stack pour centraliser la gestion des logs et dtecter les intrusions dans une PME locale. Il inclut la dfinition des rgles de corrlation et les procdures de rponse aux incidents.,Cyberscurit,Gnie Informatique,Prototypage,0.148,11,41,3,0.854,1,0,0,0,1,0,APPROUVE
PRJ-0283,Mise en place d'un rseau local pour une entreprise v4,"Ce projet va mettre en place un rseau local pour une petite entreprise. On va choisir les quipements, configurer les switches et les routeurs, et tester la connectivit.",Systmes Embarqus,Data Science,tude de cas,0.237,10,28,3,0.857,1,0,0,0,0,0,REJETE
PRJ-0409,Analyse des donnes de vente d'une entreprise,Ce travail va analyser les donnes de vente d'une entreprise commerciale pour trouver des tendances. On utilisera Excel et Python pour faire les analyses et crer des graphiques.,Mobile,Systmes Embarqus,Recherche applique,0.25,7,28,3,0.857,2,1,0,0,0,0,REJETE
PRJ-0287,Dveloppement d'une application Android pour les transports v2,On va dvelopper une application Android pour les transports en commun. L'application montrera les horaires et les itinraires disponibles dans la ville.,Mobile,Gnie Informatique,tude de cas,0.265,8,22,3,0.909,1,1,0,0,0,0,REJETE
PRJ-0325,Analyse des donnes de vente d'une entreprise,Ce travail va analyser les donnes de vente d'une entreprise commerciale pour trouver des tendances. On utilisera Excel et Python pour faire les analyses et crer des graphiques.,Rseaux,Systmes Embarqus,Prototypage,0.427,7,28,3,0.857,2,1,0,0,0,0,REJETE
PRJ-0501,Projet sur la blockchain,La blockchain c'est bien. Je vais faire quelque chose avec la blockchain.,Cyberscurit,Gnie Logiciel,Prototypage,0.914,4,12,3,0.917,0,1,1,0,0,0,REJETE
PRJ-0235,Plateforme e-commerce B2B pour l'approvisionnement des PME africaines,"Cette tude conoit une marketplace B2B permettant aux PME d'Afrique de l'Ouest de s'approvisionner auprs de fournisseurs locaux et internationaux. La plateforme intgre un module de paiement mobile money, une gestion des stocks et un systme de notation des fournisseurs.",IA / Machine Learning,Systmes Embarqus,Prototypage,0.261,8,40,3,0.8,3,0,0,0,0,0,REVISION_NECESSAIRE
PRJ-0439,Systme de gestion de bibliothque v4,"Dvelopper un logiciel de gestion de bibliothque qui permet d'enregistrer les livres, les emprunts et les retours. Le systme aura une interface simple pour les bibliothcaires.",Dveloppement Web,Cyberscurit,Dveloppement logiciel (SCRUM),0.587,6,26,3,0.846,2,1,1,0,0,0,REJETE
PRJ-0201,Plateforme e-commerce B2B pour l'approvisionnement des PME africaines  Cas d'tude 1,"Cette tude conoit une marketplace B2B permettant aux PME d'Afrique de l'Ouest de s'approvisionner auprs de fournisseurs locaux et internationaux. La plateforme intgre un module de paiement mobile money, une gestion des stocks et un systme de notation des fournisseurs.",Cloud / DevOps,Gnie Logiciel,Dveloppement logiciel (SCRUM),0.227,11,40,3,0.8,3,0,0,0,0,0,REVISION_NECESSAIRE
PRJ-0271,Mise en place d'un rseau local pour une entreprise v4,"Ce projet va mettre en place un rseau local pour une petite entreprise. On va choisir les quipements, configurer les switches et les routeurs, et tester la connectivit.",Dveloppement Web,Gnie Informatique,tude de cas,0.646,10,28,3,0.857,1,0,0,0,0,0,REJETE
PRJ-0118,Dploiement d'une infrastructure rseau WiFi communautaire  faible cot,"Cette tude propose le dploiement d'un rseau WiFi communautaire dans un quartier priurbain de Lom en utilisant des quipements open source. Le projet couvre la conception, la simulation sous GNS3, le dploiement et la mesure des performances relles.",Mobile,Data Science,Recherche exprimentale,0.204,8,38,3,0.842,2,0,0,0,0,0,REVISION_NECESSAIRE
PRJ-0468,Cration d'un site web pour une cole,"Le projet consiste  crer un site web pour une cole. Le site aura des pages pour prsenter l'cole, les cours et les professeurs. Il y aura aussi un espace pour les tudiants.",Systmes Embarqus,Gnie Informatique,Dveloppement logiciel (SCRUM),0.467,7,32,4,0.75,0,0,0,0,1,0,REJETE
PRJ-0101,Mise en place d'un systme de vote lectronique scuris pour les lections universitaires  Cas d'tude 1,"Ce projet consiste  concevoir et dployer une plateforme de vote lectronique scurise base sur la cryptographie asymtrique et la blockchain lgre. L'objectif est de garantir l'anonymat, l'intgrit et la traabilit des votes lors des lections au sein de l'universit.",Dveloppement Web,Cyberscurit,Recherche exprimentale,0.213,16,39,3,0.821,4,1,0,0,1,0,APPROUVE
PRJ-0374,Dveloppement d'une application Android pour les transports,On va dvelopper une application Android pour les transports en commun. L'application montrera les horaires et les itinraires disponibles dans la ville.,Cyberscurit,Cyberscurit,tude de cas,0.365,7,22,3,0.909,1,1,0,0,0,0,REJETE
PRJ-0427,tude sur la scurit des rseaux wifi v4,Ce projet parle de la scurit wifi. On va voir comment scuriser un rseau wifi et quels sont les problmes qui existent avec les rseaux sans fil dans les entreprises.,Systmes Embarqus,Rseaux et Tlcommunications,Prototypage,0.337,8,30,3,0.933,1,0,0,0,0,0,REJETE
PRJ-0423,Mise en place d'un rseau local pour une entreprise v3,"Ce projet va mettre en place un rseau local pour une petite entreprise. On va choisir les quipements, configurer les switches et les routeurs, et tester la connectivit.",Dveloppement Web,Systmes Embarqus,tude de cas,0.657,10,28,3,0.857,1,0,0,0,0,0,REJETE
PRJ-0051,Conception d'un systme de dtection de fraude bancaire par deep learning au Togo  Cas d'tude 1,"Ce travail vise  concevoir et implmenter un systme intelligent de dtection de transactions frauduleuses en utilisant des rseaux de neurones LSTM appliqus aux donnes de mobile money au Togo. La mthodologie inclut la collecte de donnes anonymises, le prtraitement, l'entranement du modle et l'valuation des performances sur un jeu de test rel.",Dveloppement Web,Rseaux et Tlcommunications,Recherche applique,0.25,16,52,3,0.808,7,1,0,1,1,0,APPROUVE
PRJ-0157,Systme embarqu de surveillance environnementale bas sur IoT,"Ce projet dveloppe un systme de capteurs connects (Arduino + Raspberry Pi) pour surveiller la qualit de l'air, l'humidit et la temprature dans un environnement industriel. Les donnes sont transmises via MQTT et visualises sur un dashboard Grafana.",Systmes Embarqus,Gnie Logiciel,tude de cas,0.057,8,38,3,0.868,2,2,0,0,0,0,APPROUVE
PRJ-0066,Conception d'un entrept de donnes pour le suivi pidmiologique au Ministre de la Sant  Cas d'tude 6,"Ce projet vise  concevoir un data warehouse selon la modlisation en toile pour centraliser les donnes pidmiologiques nationales. Il inclut la mise en place d'un pipeline ETL, le dploiement sous PostgreSQL et la cration de rapports analytiques sur Power BI.",Systmes Embarqus,Gnie Logiciel,Dveloppement logiciel (SCRUM),0.229,17,40,3,0.925,2,1,0,0,1,0,APPROUVE
PRJ-0237,Dveloppement d'une application mobile de tlmdecine pour les zones rurales togolaises,"Cette tude propose le dveloppement d'une application Android permettant aux patients des zones rurales d'accder  des consultations mdicales  distance. L'application intgre un module de golocalisation des centres de sant, un systme de prise de rendez-vous et un dossier mdical numrique simplifi.",Dveloppement Web,Cyberscurit,Recherche exprimentale,0.377,11,41,3,0.829,2,1,0,0,0,0,APPROUVE
PRJ-0105,Dveloppement d'une application mobile de tlmdecine pour les zones rurales togolaises,"Cette tude propose le dveloppement d'une application Android permettant aux patients des zones rurales d'accder  des consultations mdicales  distance. L'application intgre un module de golocalisation des centres de sant, un systme de prise de rendez-vous et un dossier mdical numrique simplifi.",Rseaux,Gnie Logiciel,Recherche applique,0.374,11,41,3,0.829,2,1,0,0,0,0,APPROUVE
PRJ-0377,Application de chat en temps rel,Ce projet vise  crer une application de messagerie instantane. Les utilisateurs pourront envoyer des messages en temps rel. On utilisera des websockets pour la communication.,Bases de donnes,Data Science,Dveloppement logiciel (SCRUM),0.556,6,25,4,0.96,0,0,0,0,1,0,REJETE
PRJ-0438,Systme de gestion de bibliothque,"Dvelopper un logiciel de gestion de bibliothque qui permet d'enregistrer les livres, les emprunts et les retours. Le systme aura une interface simple pour les bibliothcaires.",IA / Machine Learning,Gnie Informatique,Recherche exprimentale,0.436,5,26,3,0.846,2,1,1,0,0,0,REJETE
PRJ-0275,Application de chat en temps rel v2,Ce projet vise  crer une application de messagerie instantane. Les utilisateurs pourront envoyer des messages en temps rel. On utilisera des websockets pour la communication.,Cloud / DevOps,Gnie Informatique,tude de cas,0.402,7,25,4,0.96,0,0,0,0,1,0,REJETE
PRJ-0326,Mise en place d'un rseau local pour une entreprise,"Ce projet va mettre en place un rseau local pour une petite entreprise. On va choisir les quipements, configurer les switches et les routeurs, et tester la connectivit.",IA / Machine Learning,Gnie Informatique,Recherche exprimentale,0.605,9,28,3,0.857,1,0,0,0,0,0,REJETE
PRJ-0036,Analyse prdictive du taux de dcrochage scolaire par apprentissage automatique  Cas d'tude 6,"Cette recherche applique des algorithmes de machine learning (Random Forest, XGBoost) pour prdire le risque de dcrochage scolaire  partir de donnes acadmiques et socio-conomiques. Un tableau de bord de visualisation est dvelopp pour les responsables pdagogiques.",Cyberscurit,Data Science,tude de cas,0.063,13,36,3,0.861,3,2,0,0,0,0,APPROUVE
PRJ-0127,Implmentation d'un SIEM open source pour la dtection d'intrusions en entreprise,Ce travail consiste  dployer et configurer un SIEM bas sur Wazuh/ELK Stack pour centraliser la gestion des logs et dtecter les intrusions dans une PME locale. Il inclut la dfinition des rgles de corrlation et les procdures de rponse aux incidents.,Rseaux,Cyberscurit,tude de cas,0.356,11,41,3,0.854,1,0,0,0,1,0,APPROUVE
PRJ-0043,Classification automatique de documents administratifs par traitement du langage naturel,"Ce projet applique des techniques de NLP (TF-IDF, BERT) pour classifier automatiquement des documents administratifs numriss en catgories prdfinies. L'objectif est de rduire le temps de traitement manuel dans les services administratifs.",Cyberscurit,Gnie Logiciel,Prototypage,0.414,10,32,3,0.906,1,2,0,0,1,0,REVISION_NECESSAIRE
PRJ-0411,Dveloppement d'une application Android pour les transports v3,On va dvelopper une application Android pour les transports en commun. L'application montrera les horaires et les itinraires disponibles dans la ville.,Dveloppement Web,Cyberscurit,Prototypage,0.249,8,22,3,0.909,1,1,0,0,0,0,REJETE
PRJ-0539,Recherche sur internet,Je vais chercher des informations sur internet sur plusieurs sujets informatiques et faire un rsum de ce que j'ai trouv.,Rseaux,Cyberscurit,Recherche exprimentale,0.541,3,20,2,0.95,0,0,3,0,0,0,REJETE
PRJ-0367,Application pour grer les notes des tudiants v4,Je veux faire une application pour grer les notes. Elle permettra d'entrer les notes et de calculer les moyennes. Ce sera utile pour les professeurs.,IA / Machine Learning,Systmes Embarqus,Prototypage,0.237,8,25,4,0.84,0,0,0,0,0,0,REJETE
PRJ-0180,Dveloppement d'une application mobile de tlmdecine pour les zones rurales togolaises,"Cette tude propose le dveloppement d'une application Android permettant aux patients des zones rurales d'accder  des consultations mdicales  distance. L'application intgre un module de golocalisation des centres de sant, un systme de prise de rendez-vous et un dossier mdical numrique simplifi.",Mobile,Cyberscurit,tude de cas,0.303,11,41,3,0.829,2,1,0,0,0,0,REVISION_NECESSAIRE
PRJ-0096,Classification automatique de documents administratifs par traitement du langage naturel  Cas d'tude 6,"Ce projet applique des techniques de NLP (TF-IDF, BERT) pour classifier automatiquement des documents administratifs numriss en catgories prdfinies. L'objectif est de rduire le temps de traitement manuel dans les services administratifs.",Cloud / DevOps,Rseaux et Tlcommunications,tude de cas,0.038,13,32,3,0.906,1,2,0,0,1,0,APPROUVE
PRJ-0322,Application de chat en temps rel,Ce projet vise  crer une application de messagerie instantane. Les utilisateurs pourront envoyer des messages en temps rel. On utilisera des websockets pour la communication.,Rseaux,Gnie Informatique,Dveloppement logiciel (SCRUM),0.631,6,25,4,0.96,0,0,0,0,1,0,REJETE
PRJ-0566,Copie du systme bancaire,Reproduire exactement le systme de la banque Ecobank avec toutes ses fonctionnalits en 2 mois.,Cyberscurit,Gnie Informatique,Dveloppement logiciel (SCRUM),0.754,4,15,2,1.0,1,0,1,0,0,1,REJETE
PRJ-0075,Analyse prdictive du taux de dcrochage scolaire par apprentissage automatique,"Cette recherche applique des algorithmes de machine learning (Random Forest, XGBoost) pour prdire le risque de dcrochage scolaire  partir de donnes acadmiques et socio-conomiques. Un tableau de bord de visualisation est dvelopp pour les responsables pdagogiques.",Systmes Embarqus,Systmes Embarqus,tude de cas,0.261,10,36,3,0.861,3,2,0,0,0,0,REVISION_NECESSAIRE
PRJ-0551,Projet sur la blockchain,La blockchain c'est bien. Je vais faire quelque chose avec la blockchain.,Dveloppement Web,Data Science,Recherche applique,0.594,4,12,3,0.917,0,1,1,0,0,0,REJETE
PRJ-0547,Faire un jeu vido,Je veux faire un jeu. Ce sera amusant.,Cloud / DevOps,Cyberscurit,Dveloppement logiciel (SCRUM),0.927,4,8,3,1.0,0,0,1,0,0,0,REJETE
PRJ-0213,Conception d'un systme de dtection de fraude bancaire par deep learning au Togo,"Ce travail vise  concevoir et implmenter un systme intelligent de dtection de transactions frauduleuses en utilisant des rseaux de neurones LSTM appliqus aux donnes de mobile money au Togo. La mthodologie inclut la collecte de donnes anonymises, le prtraitement, l'entranement du modle et l'valuation des performances sur un jeu de test rel.",Cloud / DevOps,Systmes Embarqus,tude de cas,0.239,13,52,3,0.808,7,1,0,1,1,0,APPROUVE
PRJ-0545,Projet sur la blockchain,La blockchain c'est bien. Je vais faire quelque chose avec la blockchain.,Systmes Embarqus,Rseaux et Tlcommunications,Prototypage,0.578,4,12,3,0.917,0,1,1,0,0,0,REJETE
PRJ-0366,Mise en place d'un rseau local pour une entreprise,"Ce projet va mettre en place un rseau local pour une petite entreprise. On va choisir les quipements, configurer les switches et les routeurs, et tester la connectivit.",Dveloppement Web,Gnie Logiciel,tude de cas,0.352,9,28,3,0.857,1,0,0,0,0,0,REJETE
PRJ-0362,Analyse des donnes de vente d'une entreprise,Ce travail va analyser les donnes de vente d'une entreprise commerciale pour trouver des tendances. On utilisera Excel et Python pour faire les analyses et crer des graphiques.,Cloud / DevOps,Systmes Embarqus,Dveloppement logiciel (SCRUM),0.41,7,28,3,0.857,2,1,0,0,0,0,REJETE
PRJ-0400,tude sur la scurit des rseaux wifi,Ce projet parle de la scurit wifi. On va voir comment scuriser un rseau wifi et quels sont les problmes qui existent avec les rseaux sans fil dans les entreprises.,IA / Machine Learning,Rseaux et Tlcommunications,Recherche applique,0.354,7,30,3,0.933,1,0,0,0,0,0,REJETE
PRJ-0597,Copie du systme bancaire,Reproduire exactement le systme de la banque Ecobank avec toutes ses fonctionnalits en 2 mois.,Cloud / DevOps,Gnie Informatique,Recherche applique,0.862,4,15,2,1.0,1,0,1,0,0,1,REJETE
PRJ-0579,Faire un jeu vido,Je veux faire un jeu. Ce sera amusant.,Mobile,Data Science,tude de cas,0.857,4,8,3,1.0,0,0,1,0,0,0,REJETE
PRJ-0464,Application de chat en temps rel,Ce projet vise  crer une application de messagerie instantane. Les utilisateurs pourront envoyer des messages en temps rel. On utilisera des websockets pour la communication.,Bases de donnes,Systmes Embarqus,Recherche applique,0.683,6,25,4,0.96,0,0,0,0,1,0,REJETE
PRJ-0030,Plateforme e-commerce B2B pour l'approvisionnement des PME africaines,"Cette tude conoit une marketplace B2B permettant aux PME d'Afrique de l'Ouest de s'approvisionner auprs de fournisseurs locaux et internationaux. La plateforme intgre un module de paiement mobile money, une gestion des stocks et un systme de notation des fournisseurs.",Dveloppement Web,Gnie Informatique,Dveloppement logiciel (SCRUM),0.099,8,40,3,0.8,3,0,0,0,0,0,REVISION_NECESSAIRE
PRJ-0116,Systme embarqu de surveillance environnementale bas sur IoT  Cas d'tude 6,"Ce projet dveloppe un systme de capteurs connects (Arduino + Raspberry Pi) pour surveiller la qualit de l'air, l'humidit et la temprature dans un environnement industriel. Les donnes sont transmises via MQTT et visualises sur un dashboard Grafana.",Rseaux,Systmes Embarqus,Recherche exprimentale,0.042,11,38,3,0.868,2,2,0,0,0,0,APPROUVE
PRJ-0348,Dveloppement d'une application Android pour les transports,On va dvelopper une application Android pour les transports en commun. L'application montrera les horaires et les itinraires disponibles dans la ville.,Systmes Embarqus,Data Science,Prototypage,0.615,7,22,3,0.909,1,1,0,0,0,0,REJETE
PRJ-0394,tude sur la scurit des rseaux wifi,Ce projet parle de la scurit wifi. On va voir comment scuriser un rseau wifi et quels sont les problmes qui existent avec les rseaux sans fil dans les entreprises.,Mobile,Data Science,Recherche applique,0.333,7,30,3,0.933,1,0,0,0,0,0,REJETE
PRJ-0511,Application,Une application mobile.,Cloud / DevOps,Gnie Informatique,Recherche applique,0.604,1,3,2,1.0,0,0,0,0,0,0,REJETE
PRJ-0293,Cration d'un site web pour une cole,"Le projet consiste  crer un site web pour une cole. Le site aura des pages pour prsenter l'cole, les cours et les professeurs. Il y aura aussi un espace pour les tudiants.",Mobile,Systmes Embarqus,tude de cas,0.247,7,32,4,0.75,0,0,0,0,1,0,REJETE
PRJ-0233,Dploiement d'une infrastructure rseau WiFi communautaire  faible cot,"Cette tude propose le dploiement d'un rseau WiFi communautaire dans un quartier priurbain de Lom en utilisant des quipements open source. Le projet couvre la conception, la simulation sous GNS3, le dploiement et la mesure des performances relles.",Bases de donnes,Gnie Logiciel,Dveloppement logiciel (SCRUM),0.14,8,38,3,0.842,2,0,0,0,0,0,APPROUVE
PRJ-0289,Cration d'un site web pour une cole,"Le projet consiste  crer un site web pour une cole. Le site aura des pages pour prsenter l'cole, les cours et les professeurs. Il y aura aussi un espace pour les tudiants.",Bases de donnes,Gnie Logiciel,Recherche applique,0.449,7,32,4,0.75,0,0,0,0,1,0,REJETE
PRJ-0304,Dveloppement d'une application Android pour les transports,On va dvelopper une application Android pour les transports en commun. L'application montrera les horaires et les itinraires disponibles dans la ville.,Cyberscurit,Data Science,Recherche applique,0.312,7,22,3,0.909,1,1,0,0,0,0,REJETE
PRJ-0187,Dploiement d'une infrastructure rseau WiFi communautaire  faible cot,"Cette tude propose le dploiement d'un rseau WiFi communautaire dans un quartier priurbain de Lom en utilisant des quipements open source. Le projet couvre la conception, la simulation sous GNS3, le dploiement et la mesure des performances relles.",Rseaux,Data Science,Dveloppement logiciel (SCRUM),0.2,8,38,3,0.842,2,0,0,0,0,0,REVISION_NECESSAIRE
PRJ-0175,Classification automatique de documents administratifs par traitement du langage naturel,"Ce projet applique des techniques de NLP (TF-IDF, BERT) pour classifier automatiquement des documents administratifs numriss en catgories prdfinies. L'objectif est de rduire le temps de traitement manuel dans les services administratifs.",Mobile,Data Science,tude de cas,0.059,10,32,3,0.906,1,2,0,0,1,0,REVISION_NECESSAIRE
PRJ-0408,tude sur la scurit des rseaux wifi,Ce projet parle de la scurit wifi. On va voir comment scuriser un rseau wifi et quels sont les problmes qui existent avec les rseaux sans fil dans les entreprises.,Cyberscurit,Gnie Informatique,tude de cas,0.409,7,30,3,0.933,1,0,0,0,0,0,REJETE
PRJ-0452,tude sur la scurit des rseaux wifi,Ce projet parle de la scurit wifi. On va voir comment scuriser un rseau wifi et quels sont les problmes qui existent avec les rseaux sans fil dans les entreprises.,Systmes Embarqus,Cyberscurit,Dveloppement logiciel (SCRUM),0.347,7,30,3,0.933,1,0,0,0,0,0,REJETE
PRJ-0261,Mise en place d'un rseau local pour une entreprise,"Ce projet va mettre en place un rseau local pour une petite entreprise. On va choisir les quipements, configurer les switches et les routeurs, et tester la connectivit.",Dveloppement Web,Gnie Logiciel,Recherche applique,0.203,9,28,3,0.857,1,0,0,0,0,0,REJETE
PRJ-0156,Conception d'un systme de dtection de fraude bancaire par deep learning au Togo  Cas d'tude 6,"Ce travail vise  concevoir et implmenter un systme intelligent de dtection de transactions frauduleuses en utilisant des rseaux de neurones LSTM appliqus aux donnes de mobile money au Togo. La mthodologie inclut la collecte de donnes anonymises, le prtraitement, l'entranement du modle et l'valuation des performances sur un jeu de test rel.",Cloud / DevOps,Systmes Embarqus,Recherche exprimentale,0.213,16,52,3,0.808,7,1,0,1,1,0,APPROUVE
PRJ-0581,tude de tout ce qui concerne les rseaux,Ce mmoire va couvrir tous les aspects des rseaux informatiques depuis les dbuts jusqu' aujourd'hui.,Dveloppement Web,Rseaux et Tlcommunications,tude de cas,0.688,8,15,2,0.933,0,0,0,0,1,1,REJETE
PRJ-0001,Dveloppement d'une application mobile de tlmdecine pour les zones rurales togolaises  Cas d'tude 1,"Cette tude propose le dveloppement d'une application Android permettant aux patients des zones rurales d'accder  des consultations mdicales  distance. L'application intgre un module de golocalisation des centres de sant, un systme de prise de rendez-vous et un dossier mdical numrique simplifi.",Rseaux,Rseaux et Tlcommunications,Dveloppement logiciel (SCRUM),0.124,14,41,3,0.829,2,1,0,0,0,0,REVISION_NECESSAIRE
PRJ-0530,Intelligence artificielle gnrale,Crer une intelligence artificielle gnrale capable de tout faire comme un humain.,Rseaux,Gnie Informatique,Prototypage,0.689,3,12,2,1.0,0,0,1,0,0,1,REJETE
PRJ-0212,Conception d'un systme de dtection de fraude bancaire par deep learning au Togo,"Ce travail vise  concevoir et implmenter un systme intelligent de dtection de transactions frauduleuses en utilisant des rseaux de neurones LSTM appliqus aux donnes de mobile money au Togo. La mthodologie inclut la collecte de donnes anonymises, le prtraitement, l'entranement du modle et l'valuation des performances sur un jeu de test rel.",Cloud / DevOps,Gnie Logiciel,Recherche exprimentale,0.064,13,52,3,0.808,7,1,0,1,1,0,APPROUVE
PRJ-0499,Recherche sur internet,Je vais chercher des informations sur internet sur plusieurs sujets informatiques et faire un rsum de ce que j'ai trouv.,Dveloppement Web,Cyberscurit,Dveloppement logiciel (SCRUM),0.615,3,20,2,0.95,0,0,3,0,0,0,REJETE
PRJ-0053,Classification automatique de documents administratifs par traitement du langage naturel,"Ce projet applique des techniques de NLP (TF-IDF, BERT) pour classifier automatiquement des documents administratifs numriss en catgories prdfinies. L'objectif est de rduire le temps de traitement manuel dans les services administratifs.",Mobile,Cyberscurit,tude de cas,0.154,10,32,3,0.906,1,2,0,0,1,0,REVISION_NECESSAIRE
PRJ-0496,Intelligence artificielle gnrale,Crer une intelligence artificielle gnrale capable de tout faire comme un humain.,Mobile,Gnie Informatique,Dveloppement logiciel (SCRUM),0.557,3,12,2,1.0,0,0,1,0,0,1,REJETE
PRJ-0410,Application de chat en temps rel,Ce projet vise  crer une application de messagerie instantane. Les utilisateurs pourront envoyer des messages en temps rel. On utilisera des websockets pour la communication.,Cloud / DevOps,Systmes Embarqus,Prototypage,0.248,6,25,4,0.96,0,0,0,0,1,0,REJETE
PRJ-0430,Dveloppement d'une application Android pour les transports,On va dvelopper une application Android pour les transports en commun. L'application montrera les horaires et les itinraires disponibles dans la ville.,Cyberscurit,Data Science,Dveloppement logiciel (SCRUM),0.574,7,22,3,0.909,1,1,0,0,0,0,REJETE
PRJ-0162,Implmentation d'un SIEM open source pour la dtection d'intrusions en entreprise,Ce travail consiste  dployer et configurer un SIEM bas sur Wazuh/ELK Stack pour centraliser la gestion des logs et dtecter les intrusions dans une PME locale. Il inclut la dfinition des rgles de corrlation et les procdures de rponse aux incidents.,Dveloppement Web,Systmes Embarqus,Recherche exprimentale,0.342,11,41,3,0.854,1,0,0,0,1,0,APPROUVE
PRJ-0588,tude de tout ce qui concerne les rseaux,Ce mmoire va couvrir tous les aspects des rseaux informatiques depuis les dbuts jusqu' aujourd'hui.,Mobile,Gnie Informatique,Dveloppement logiciel (SCRUM),0.877,8,15,2,0.933,0,0,0,0,1,1,REJETE
PRJ-0256,tude sur la scurit des rseaux wifi,Ce projet parle de la scurit wifi. On va voir comment scuriser un rseau wifi et quels sont les problmes qui existent avec les rseaux sans fil dans les entreprises.,Mobile,Systmes Embarqus,Prototypage,0.62,7,30,3,0.933,1,0,0,0,0,0,REJETE
PRJ-0401,Application pour grer les notes des tudiants,Je veux faire une application pour grer les notes. Elle permettra d'entrer les notes et de calculer les moyennes. Ce sera utile pour les professeurs.,Cloud / DevOps,Gnie Logiciel,Recherche applique,0.523,7,25,4,0.84,0,0,0,0,0,0,REJETE
PRJ-0230,Systme embarqu de surveillance environnementale bas sur IoT,"Ce projet dveloppe un systme de capteurs connects (Arduino + Raspberry Pi) pour surveiller la qualit de l'air, l'humidit et la temprature dans un environnement industriel. Les donnes sont transmises via MQTT et visualises sur un dashboard Grafana.",Bases de donnes,Gnie Informatique,Prototypage,0.342,8,38,3,0.868,2,2,0,0,0,0,APPROUVE
PRJ-0460,Application pour grer les notes des tudiants,Je veux faire une application pour grer les notes. Elle permettra d'entrer les notes et de calculer les moyennes. Ce sera utile pour les professeurs.,Cyberscurit,Gnie Informatique,Recherche exprimentale,0.677,7,25,4,0.84,0,0,0,0,0,0,REJETE
PRJ-0236,Analyse prdictive du taux de dcrochage scolaire par apprentissage automatique  Cas d'tude 6,"Cette recherche applique des algorithmes de machine learning (Random Forest, XGBoost) pour prdire le risque de dcrochage scolaire  partir de donnes acadmiques et socio-conomiques. Un tableau de bord de visualisation est dvelopp pour les responsables pdagogiques.",Cyberscurit,Gnie Logiciel,tude de cas,0.214,13,36,3,0.861,3,2,0,0,0,0,REVISION_NECESSAIRE
PRJ-0041,Plateforme e-commerce B2B pour l'approvisionnement des PME africaines  Cas d'tude 1,"Cette tude conoit une marketplace B2B permettant aux PME d'Afrique de l'Ouest de s'approvisionner auprs de fournisseurs locaux et internationaux. La plateforme intgre un module de paiement mobile money, une gestion des stocks et un systme de notation des fournisseurs.",Rseaux,Data Science,Recherche exprimentale,0.219,11,40,3,0.8,3,0,0,0,0,0,APPROUVE
PRJ-0405,Dveloppement d'une application Android pour les transports,On va dvelopper une application Android pour les transports en commun. L'application montrera les horaires et les itinraires disponibles dans la ville.,Mobile,Systmes Embarqus,tude de cas,0.38,7,22,3,0.909,1,1,0,0,0,0,REJETE
PRJ-0497,Faire un jeu vido,Je veux faire un jeu. Ce sera amusant.,Dveloppement Web,Data Science,Prototypage,0.693,4,8,3,1.0,0,0,1,0,0,0,REJETE
PRJ-0194,Mise en place d'un systme de vote lectronique scuris pour les lections universitaires,"Ce projet consiste  concevoir et dployer une plateforme de vote lectronique scurise base sur la cryptographie asymtrique et la blockchain lgre. L'objectif est de garantir l'anonymat, l'intgrit et la traabilit des votes lors des lections au sein de l'universit.",Rseaux,Cyberscurit,Recherche applique,0.355,13,39,3,0.821,4,1,0,0,1,0,APPROUVE
PRJ-0282,Analyse des donnes de vente d'une entreprise,Ce travail va analyser les donnes de vente d'une entreprise commerciale pour trouver des tendances. On utilisera Excel et Python pour faire les analyses et crer des graphiques.,Cyberscurit,Gnie Logiciel,Recherche exprimentale,0.612,7,28,3,0.857,2,1,0,0,0,0,REJETE
PRJ-0316,Analyse des donnes de vente d'une entreprise,Ce travail va analyser les donnes de vente d'une entreprise commerciale pour trouver des tendances. On utilisera Excel et Python pour faire les analyses et crer des graphiques.,Cloud / DevOps,Cyberscurit,Dveloppement logiciel (SCRUM),0.309,7,28,3,0.857,2,1,0,0,0,0,REJETE
PRJ-0260,Cration d'un site web pour une cole,"Le projet consiste  crer un site web pour une cole. Le site aura des pages pour prsenter l'cole, les cours et les professeurs. Il y aura aussi un espace pour les tudiants.",Bases de donnes,Gnie Informatique,Recherche exprimentale,0.358,7,32,4,0.75,0,0,0,0,1,0,REJETE
PRJ-0382,Analyse des donnes de vente d'une entreprise,Ce travail va analyser les donnes de vente d'une entreprise commerciale pour trouver des tendances. On utilisera Excel et Python pour faire les analyses et crer des graphiques.,Systmes Embarqus,Data Science,Recherche applique,0.409,7,28,3,0.857,2,1,0,0,0,0,REJETE
PRJ-0143,Systme embarqu de surveillance environnementale bas sur IoT,"Ce projet dveloppe un systme de capteurs connects (Arduino + Raspberry Pi) pour surveiller la qualit de l'air, l'humidit et la temprature dans un environnement industriel. Les donnes sont transmises via MQTT et visualises sur un dashboard Grafana.",Dveloppement Web,Systmes Embarqus,Prototypage,0.114,8,38,3,0.868,2,2,0,0,0,0,REVISION_NECESSAIRE
PRJ-0481,tude de tout ce qui concerne les rseaux,Ce mmoire va couvrir tous les aspects des rseaux informatiques depuis les dbuts jusqu' aujourd'hui.,Cyberscurit,Rseaux et Tlcommunications,Recherche applique,0.642,8,15,2,0.933,0,0,0,0,1,1,REJETE
PRJ-0124,Systme embarqu de surveillance environnementale bas sur IoT,"Ce projet dveloppe un systme de capteurs connects (Arduino + Raspberry Pi) pour surveiller la qualit de l'air, l'humidit et la temprature dans un environnement industriel. Les donnes sont transmises via MQTT et visualises sur un dashboard Grafana.",Mobile,Systmes Embarqus,Dveloppement logiciel (SCRUM),0.434,8,38,3,0.868,2,2,0,0,0,0,REVISION_NECESSAIRE
PRJ-0165,Mise en place d'un systme de vote lectronique scuris pour les lections universitaires,"Ce projet consiste  concevoir et dployer une plateforme de vote lectronique scurise base sur la cryptographie asymtrique et la blockchain lgre. L'objectif est de garantir l'anonymat, l'intgrit et la traabilit des votes lors des lections au sein de l'universit.",Cloud / DevOps,Cyberscurit,Recherche exprimentale,0.274,13,39,3,0.821,4,1,0,0,1,0,APPROUVE
PRJ-0252,Application de chat en temps rel,Ce projet vise  crer une application de messagerie instantane. Les utilisateurs pourront envoyer des messages en temps rel. On utilisera des websockets pour la communication.,Rseaux,Data Science,Prototypage,0.631,6,25,4,0.96,0,0,0,0,1,0,REJETE
PRJ-0522,Application,Une application mobile.,IA / Machine Learning,Gnie Logiciel,Recherche exprimentale,0.563,1,3,2,1.0,0,0,0,0,0,0,REJETE
PRJ-0546,Recherche sur internet,Je vais chercher des informations sur internet sur plusieurs sujets informatiques et faire un rsum de ce que j'ai trouv.,Mobile,Rseaux et Tlcommunications,Recherche exprimentale,0.83,3,20,2,0.95,0,0,3,0,0,0,REJETE
PRJ-0254,Dveloppement d'une application Android pour les transports,On va dvelopper une application Android pour les transports en commun. L'application montrera les horaires et les itinraires disponibles dans la ville.,Cyberscurit,Data Science,Dveloppement logiciel (SCRUM),0.649,7,22,3,0.909,1,1,0,0,0,0,REJETE
PRJ-0241,Dveloppement d'une application mobile de tlmdecine pour les zones rurales togolaises  Cas d'tude 1,"Cette tude propose le dveloppement d'une application Android permettant aux patients des zones rurales d'accder  des consultations mdicales  distance. L'application intgre un module de golocalisation des centres de sant, un systme de prise de rendez-vous et un dossier mdical numrique simplifi.",Mobile,Gnie Informatique,Prototypage,0.174,14,41,3,0.829,2,1,0,0,0,0,APPROUVE
PRJ-0487,Recherche sur internet,Je vais chercher des informations sur internet sur plusieurs sujets informatiques et faire un rsum de ce que j'ai trouv.,Dveloppement Web,Gnie Logiciel,Prototypage,0.93,3,20,2,0.95,0,0,3,0,0,0,REJETE
PRJ-0081,Conception d'un systme de dtection de fraude bancaire par deep learning au Togo  Cas d'tude 1,"Ce travail vise  concevoir et implmenter un systme intelligent de dtection de transactions frauduleuses en utilisant des rseaux de neurones LSTM appliqus aux donnes de mobile money au Togo. La mthodologie inclut la collecte de donnes anonymises, le prtraitement, l'entranement du modle et l'valuation des performances sur un jeu de test rel.",Dveloppement Web,Systmes Embarqus,Recherche exprimentale,0.387,16,52,3,0.808,7,1,0,1,1,0,APPROUVE
PRJ-0006,Implmentation d'un SIEM open source pour la dtection d'intrusions en entreprise  Cas d'tude 6,Ce travail consiste  dployer et configurer un SIEM bas sur Wazuh/ELK Stack pour centraliser la gestion des logs et dtecter les intrusions dans une PME locale. Il inclut la dfinition des rgles de corrlation et les procdures de rponse aux incidents.,Mobile,Gnie Logiciel,tude de cas,0.381,14,41,3,0.854,1,0,0,0,1,0,REVISION_NECESSAIRE
PRJ-0028,Analyse prdictive du taux de dcrochage scolaire par apprentissage automatique,"Cette recherche applique des algorithmes de machine learning (Random Forest, XGBoost) pour prdire le risque de dcrochage scolaire  partir de donnes acadmiques et socio-conomiques. Un tableau de bord de visualisation est dvelopp pour les responsables pdagogiques.",Systmes Embarqus,Systmes Embarqus,Prototypage,0.18,10,36,3,0.861,3,2,0,0,0,0,APPROUVE
PRJ-0286,Systme de gestion de bibliothque,"Dvelopper un logiciel de gestion de bibliothque qui permet d'enregistrer les livres, les emprunts et les retours. Le systme aura une interface simple pour les bibliothcaires.",Cyberscurit,Systmes Embarqus,Prototypage,0.214,5,26,3,0.846,2,1,1,0,0,0,REJETE
PRJ-0396,Systme de gestion de bibliothque,"Dvelopper un logiciel de gestion de bibliothque qui permet d'enregistrer les livres, les emprunts et les retours. Le systme aura une interface simple pour les bibliothcaires.",Dveloppement Web,Gnie Informatique,Dveloppement logiciel (SCRUM),0.655,5,26,3,0.846,2,1,1,0,0,0,REJETE
PRJ-0564,Intelligence artificielle gnrale,Crer une intelligence artificielle gnrale capable de tout faire comme un humain.,Cyberscurit,Data Science,tude de cas,0.745,3,12,2,1.0,0,0,1,0,0,1,REJETE
PRJ-0178,Dveloppement d'une application mobile de tlmdecine pour les zones rurales togolaises,"Cette tude propose le dveloppement d'une application Android permettant aux patients des zones rurales d'accder  des consultations mdicales  distance. L'application intgre un module de golocalisation des centres de sant, un systme de prise de rendez-vous et un dossier mdical numrique simplifi.",Rseaux,Gnie Informatique,tude de cas,0.034,11,41,3,0.829,2,1,0,0,0,0,REVISION_NECESSAIRE
PRJ-0407,Dveloppement d'une application Android pour les transports v2,On va dvelopper une application Android pour les transports en commun. L'application montrera les horaires et les itinraires disponibles dans la ville.,Rseaux,Gnie Informatique,Dveloppement logiciel (SCRUM),0.54,8,22,3,0.909,1,1,0,0,0,0,REJETE
PRJ-0128,Systme embarqu de surveillance environnementale bas sur IoT,"Ce projet dveloppe un systme de capteurs connects (Arduino + Raspberry Pi) pour surveiller la qualit de l'air, l'humidit et la temprature dans un environnement industriel. Les donnes sont transmises via MQTT et visualises sur un dashboard Grafana.",Cloud / DevOps,Data Science,Prototypage,0.134,8,38,3,0.868,2,2,0,0,0,0,APPROUVE
PRJ-0222,Conception d'un systme de dtection de fraude bancaire par deep learning au Togo,"Ce travail vise  concevoir et implmenter un systme intelligent de dtection de transactions frauduleuses en utilisant des rseaux de neurones LSTM appliqus aux donnes de mobile money au Togo. La mthodologie inclut la collecte de donnes anonymises, le prtraitement, l'entranement du modle et l'valuation des performances sur un jeu de test rel.",Dveloppement Web,Data Science,Prototypage,0.207,13,52,3,0.808,7,1,0,1,1,0,APPROUVE
PRJ-0372,Application de chat en temps rel,Ce projet vise  crer une application de messagerie instantane. Les utilisateurs pourront envoyer des messages en temps rel. On utilisera des websockets pour la communication.,Cyberscurit,Gnie Informatique,tude de cas,0.722,6,25,4,0.96,0,0,0,0,1,0,REJETE
PRJ-0419,Systme de gestion de bibliothque v2,"Dvelopper un logiciel de gestion de bibliothque qui permet d'enregistrer les livres, les emprunts et les retours. Le systme aura une interface simple pour les bibliothcaires.",Cloud / DevOps,Data Science,Recherche applique,0.298,6,26,3,0.846,2,1,1,0,0,0,REJETE
PRJ-0266,Application pour grer les notes des tudiants,Je veux faire une application pour grer les notes. Elle permettra d'entrer les notes et de calculer les moyennes. Ce sera utile pour les professeurs.,Cloud / DevOps,Rseaux et Tlcommunications,Dveloppement logiciel (SCRUM),0.332,7,25,4,0.84,0,0,0,0,0,0,REJETE
PRJ-0174,Dveloppement d'une application mobile de tlmdecine pour les zones rurales togolaises,"Cette tude propose le dveloppement d'une application Android permettant aux patients des zones rurales d'accder  des consultations mdicales  distance. L'application intgre un module de golocalisation des centres de sant, un systme de prise de rendez-vous et un dossier mdical numrique simplifi.",Mobile,Systmes Embarqus,Dveloppement logiciel (SCRUM),0.291,11,41,3,0.829,2,1,0,0,0,0,APPROUVE
PRJ-0494,Faire un jeu vido,Je veux faire un jeu. Ce sera amusant.,Cyberscurit,Gnie Logiciel,Dveloppement logiciel (SCRUM),0.834,4,8,3,1.0,0,0,1,0,0,0,REJETE
PRJ-0290,Analyse des donnes de vente d'une entreprise,Ce travail va analyser les donnes de vente d'une entreprise commerciale pour trouver des tendances. On utilisera Excel et Python pour faire les analyses et crer des graphiques.,Mobile,Data Science,Recherche exprimentale,0.502,7,28,3,0.857,2,1,0,0,0,0,REJETE
PRJ-0296,Cration d'un site web pour une cole,"Le projet consiste  crer un site web pour une cole. Le site aura des pages pour prsenter l'cole, les cours et les professeurs. Il y aura aussi un espace pour les tudiants.",IA / Machine Learning,Gnie Logiciel,Prototypage,0.271,7,32,4,0.75,0,0,0,0,1,0,REJETE
PRJ-0269,Analyse des donnes de vente d'une entreprise,Ce travail va analyser les donnes de vente d'une entreprise commerciale pour trouver des tendances. On utilisera Excel et Python pour faire les analyses et crer des graphiques.,Dveloppement Web,Cyberscurit,Recherche applique,0.39,7,28,3,0.857,2,1,0,0,0,0,REJETE
PRJ-0403,Analyse des donnes de vente d'une entreprise v4,Ce travail va analyser les donnes de vente d'une entreprise commerciale pour trouver des tendances. On utilisera Excel et Python pour faire les analyses et crer des graphiques.,Dveloppement Web,Cyberscurit,Recherche applique,0.607,8,28,3,0.857,2,1,0,0,0,0,REJETE
PRJ-0375,Systme de gestion de bibliothque v3,"Dvelopper un logiciel de gestion de bibliothque qui permet d'enregistrer les livres, les emprunts et les retours. Le systme aura une interface simple pour les bibliothcaires.",Cyberscurit,Systmes Embarqus,Dveloppement logiciel (SCRUM),0.365,6,26,3,0.846,2,1,1,0,0,0,REJETE
PRJ-0134,Plateforme e-commerce B2B pour l'approvisionnement des PME africaines,"Cette tude conoit une marketplace B2B permettant aux PME d'Afrique de l'Ouest de s'approvisionner auprs de fournisseurs locaux et internationaux. La plateforme intgre un module de paiement mobile money, une gestion des stocks et un systme de notation des fournisseurs.",Mobile,Rseaux et Tlcommunications,Dveloppement logiciel (SCRUM),0.067,8,40,3,0.8,3,0,0,0,0,0,REVISION_NECESSAIRE
PRJ-0033,Classification automatique de documents administratifs par traitement du langage naturel,"Ce projet applique des techniques de NLP (TF-IDF, BERT) pour classifier automatiquement des documents administratifs numriss en catgories prdfinies. L'objectif est de rduire le temps de traitement manuel dans les services administratifs.",Cloud / DevOps,Rseaux et Tlcommunications,Dveloppement logiciel (SCRUM),0.353,10,32,3,0.906,1,2,0,0,1,0,REVISION_NECESSAIRE
PRJ-0572,Intelligence artificielle gnrale,Crer une intelligence artificielle gnrale capable de tout faire comme un humain.,Dveloppement Web,Gnie Logiciel,tude de cas,0.827,3,12,2,1.0,0,0,1,0,0,1,REJETE
PRJ-0226,Plateforme e-commerce B2B pour l'approvisionnement des PME africaines  Cas d'tude 6,"Cette tude conoit une marketplace B2B permettant aux PME d'Afrique de l'Ouest de s'approvisionner auprs de fournisseurs locaux et internationaux. La plateforme intgre un module de paiement mobile money, une gestion des stocks et un systme de notation des fournisseurs.",Systmes Embarqus,Rseaux et Tlcommunications,Recherche applique,0.392,11,40,3,0.8,3,0,0,0,0,0,REVISION_NECESSAIRE
PRJ-0211,Conception d'un systme de dtection de fraude bancaire par deep learning au Togo  Cas d'tude 1,"Ce travail vise  concevoir et implmenter un systme intelligent de dtection de transactions frauduleuses en utilisant des rseaux de neurones LSTM appliqus aux donnes de mobile money au Togo. La mthodologie inclut la collecte de donnes anonymises, le prtraitement, l'entranement du modle et l'valuation des performances sur un jeu de test rel.",Mobile,Data Science,Recherche applique,0.316,16,52,3,0.808,7,1,0,1,1,0,APPROUVE
PRJ-0574,Systme comme Google,Crer un moteur de recherche similaire  Google pour l'Afrique.,Dveloppement Web,Gnie Logiciel,Prototypage,0.567,3,9,2,1.0,1,0,1,0,0,0,REJETE
PRJ-0250,Conception d'un systme de dtection de fraude bancaire par deep learning au Togo,"Ce travail vise  concevoir et implmenter un systme intelligent de dtection de transactions frauduleuses en utilisant des rseaux de neurones LSTM appliqus aux donnes de mobile money au Togo. La mthodologie inclut la collecte de donnes anonymises, le prtraitement, l'entranement du modle et l'valuation des performances sur un jeu de test rel.",Rseaux,Systmes Embarqus,Prototypage,0.304,13,52,3,0.808,7,1,0,1,1,0,APPROUVE
PRJ-0512,Projet sur la blockchain,La blockchain c'est bien. Je vais faire quelque chose avec la blockchain.,Dveloppement Web,Cyberscurit,Recherche exprimentale,0.538,4,12,3,0.917,0,1,1,0,0,0,REJETE
PRJ-0518,Projet sur la blockchain,La blockchain c'est bien. Je vais faire quelque chose avec la blockchain.,Cyberscurit,Gnie Informatique,Recherche applique,0.554,4,12,3,0.917,0,1,1,0,0,0,REJETE
PRJ-0533,Recherche sur internet,Je vais chercher des informations sur internet sur plusieurs sujets informatiques et faire un rsum de ce que j'ai trouv.,IA / Machine Learning,Data Science,Dveloppement logiciel (SCRUM),0.769,3,20,2,0.95,0,0,3,0,0,0,REJETE
PRJ-0520,tude de tout ce qui concerne les rseaux,Ce mmoire va couvrir tous les aspects des rseaux informatiques depuis les dbuts jusqu' aujourd'hui.,Mobile,Data Science,Recherche exprimentale,0.522,8,15,2,0.933,0,0,0,0,1,1,REJETE
PRJ-0589,Intelligence artificielle gnrale,Crer une intelligence artificielle gnrale capable de tout faire comme un humain.,Rseaux,Rseaux et Tlcommunications,Recherche exprimentale,0.522,3,12,2,1.0,0,0,1,0,0,1,REJETE
PRJ-0459,Application de chat en temps rel v3,Ce projet vise  crer une application de messagerie instantane. Les utilisateurs pourront envoyer des messages en temps rel. On utilisera des websockets pour la communication.,Dveloppement Web,Rseaux et Tlcommunications,tude de cas,0.483,7,25,4,0.96,0,0,0,0,1,0,REJETE
PRJ-0313,Dveloppement d'une application Android pour les transports,On va dvelopper une application Android pour les transports en commun. L'application montrera les horaires et les itinraires disponibles dans la ville.,Rseaux,Data Science,Prototypage,0.42,7,22,3,0.909,1,1,0,0,0,0,REJETE
PRJ-0093,Classification automatique de documents administratifs par traitement du langage naturel,"Ce projet applique des techniques de NLP (TF-IDF, BERT) pour classifier automatiquement des documents administratifs numriss en catgories prdfinies. L'objectif est de rduire le temps de traitement manuel dans les services administratifs.",Mobile,Systmes Embarqus,tude de cas,0.22,10,32,3,0.906,1,2,0,0,1,0,APPROUVE
PRJ-0363,Cration d'un site web pour une cole v3,"Le projet consiste  crer un site web pour une cole. Le site aura des pages pour prsenter l'cole, les cours et les professeurs. Il y aura aussi un espace pour les tudiants.",Cyberscurit,Cyberscurit,tude de cas,0.391,8,32,4,0.75,0,0,0,0,1,0,REVISION_NECESSAIRE
PRJ-0292,Systme de gestion de bibliothque,"Dvelopper un logiciel de gestion de bibliothque qui permet d'enregistrer les livres, les emprunts et les retours. Le systme aura une interface simple pour les bibliothcaires.",Systmes Embarqus,Systmes Embarqus,Prototypage,0.214,5,26,3,0.846,2,1,1,0,0,0,REJETE
PRJ-0248,Plateforme e-commerce B2B pour l'approvisionnement des PME africaines,"Cette tude conoit une marketplace B2B permettant aux PME d'Afrique de l'Ouest de s'approvisionner auprs de fournisseurs locaux et internationaux. La plateforme intgre un module de paiement mobile money, une gestion des stocks et un systme de notation des fournisseurs.",Cyberscurit,Cyberscurit,tude de cas,0.152,8,40,3,0.8,3,0,0,0,0,0,REVISION_NECESSAIRE
PRJ-0303,Dveloppement d'une application Android pour les transports v3,On va dvelopper une application Android pour les transports en commun. L'application montrera les horaires et les itinraires disponibles dans la ville.,IA / Machine Learning,Rseaux et Tlcommunications,tude de cas,0.24,8,22,3,0.909,1,1,0,0,0,0,REJETE
PRJ-0461,Systme de gestion de bibliothque,"Dvelopper un logiciel de gestion de bibliothque qui permet d'enregistrer les livres, les emprunts et les retours. Le systme aura une interface simple pour les bibliothcaires.",Rseaux,Gnie Informatique,tude de cas,0.377,5,26,3,0.846,2,1,1,0,0,0,REJETE
PRJ-0434,Application de chat en temps rel,Ce projet vise  crer une application de messagerie instantane. Les utilisateurs pourront envoyer des messages en temps rel. On utilisera des websockets pour la communication.,IA / Machine Learning,Data Science,Dveloppement logiciel (SCRUM),0.591,6,25,4,0.96,0,0,0,0,1,0,REJETE
PRJ-0082,Mise en place d'un systme de vote lectronique scuris pour les lections universitaires,"Ce projet consiste  concevoir et dployer une plateforme de vote lectronique scurise base sur la cryptographie asymtrique et la blockchain lgre. L'objectif est de garantir l'anonymat, l'intgrit et la traabilit des votes lors des lections au sein de l'universit.",Bases de donnes,Gnie Logiciel,Prototypage,0.313,13,39,3,0.821,4,1,0,0,1,0,APPROUVE
PRJ-0031,Analyse prdictive du taux de dcrochage scolaire par apprentissage automatique  Cas d'tude 1,"Cette recherche applique des algorithmes de machine learning (Random Forest, XGBoost) pour prdire le risque de dcrochage scolaire  partir de donnes acadmiques et socio-conomiques. Un tableau de bord de visualisation est dvelopp pour les responsables pdagogiques.",Systmes Embarqus,Gnie Logiciel,Prototypage,0.014,13,36,3,0.861,3,2,0,0,0,0,REVISION_NECESSAIRE
PRJ-0492,Systme comme Google,Crer un moteur de recherche similaire  Google pour l'Afrique.,Dveloppement Web,Data Science,tude de cas,0.843,3,9,2,1.0,1,0,1,0,0,0,REJETE
PRJ-0058,Dploiement d'une infrastructure rseau WiFi communautaire  faible cot,"Cette tude propose le dploiement d'un rseau WiFi communautaire dans un quartier priurbain de Lom en utilisant des quipements open source. Le projet couvre la conception, la simulation sous GNS3, le dploiement et la mesure des performances relles.",Cyberscurit,Gnie Logiciel,Recherche applique,0.067,8,38,3,0.842,2,0,0,0,0,0,APPROUVE
PRJ-0086,Systme embarqu de surveillance environnementale bas sur IoT  Cas d'tude 6,"Ce projet dveloppe un systme de capteurs connects (Arduino + Raspberry Pi) pour surveiller la qualit de l'air, l'humidit et la temprature dans un environnement industriel. Les donnes sont transmises via MQTT et visualises sur un dashboard Grafana.",Mobile,Cyberscurit,tude de cas,0.111,11,38,3,0.868,2,2,0,0,0,0,REVISION_NECESSAIRE
PRJ-0333,Application pour grer les notes des tudiants,Je veux faire une application pour grer les notes. Elle permettra d'entrer les notes et de calculer les moyennes. Ce sera utile pour les professeurs.,Systmes Embarqus,Systmes Embarqus,Recherche applique,0.593,7,25,4,0.84,0,0,0,0,0,0,REJETE
PRJ-0446,Cration d'un site web pour une cole,"Le projet consiste  crer un site web pour une cole. Le site aura des pages pour prsenter l'cole, les cours et les professeurs. Il y aura aussi un espace pour les tudiants.",Cyberscurit,Rseaux et Tlcommunications,Recherche applique,0.469,7,32,4,0.75,0,0,0,0,1,0,REJETE
PRJ-0245,Dveloppement d'une application mobile de tlmdecine pour les zones rurales togolaises,"Cette tude propose le dveloppement d'une application Android permettant aux patients des zones rurales d'accder  des consultations mdicales  distance. L'application intgre un module de golocalisation des centres de sant, un systme de prise de rendez-vous et un dossier mdical numrique simplifi.",Systmes Embarqus,Gnie Logiciel,Recherche applique,0.191,11,41,3,0.829,2,1,0,0,0,0,APPROUVE
PRJ-0198,Conception d'un systme de dtection de fraude bancaire par deep learning au Togo,"Ce travail vise  concevoir et implmenter un systme intelligent de dtection de transactions frauduleuses en utilisant des rseaux de neurones LSTM appliqus aux donnes de mobile money au Togo. La mthodologie inclut la collecte de donnes anonymises, le prtraitement, l'entranement du modle et l'valuation des performances sur un jeu de test rel.",Cloud / DevOps,Gnie Informatique,Dveloppement logiciel (SCRUM),0.381,13,52,3,0.808,7,1,0,1,1,0,APPROUVE
PRJ-0140,Conception d'un entrept de donnes pour le suivi pidmiologique au Ministre de la Sant,"Ce projet vise  concevoir un data warehouse selon la modlisation en toile pour centraliser les donnes pidmiologiques nationales. Il inclut la mise en place d'un pipeline ETL, le dploiement sous PostgreSQL et la cration de rapports analytiques sur Power BI.",Bases de donnes,Gnie Logiciel,tude de cas,0.263,14,40,3,0.925,2,1,0,0,1,0,APPROUVE
PRJ-0386,Systme de gestion de bibliothque,"Dvelopper un logiciel de gestion de bibliothque qui permet d'enregistrer les livres, les emprunts et les retours. Le systme aura une interface simple pour les bibliothcaires.",Rseaux,Systmes Embarqus,Prototypage,0.409,5,26,3,0.846,2,1,1,0,0,0,REJETE
PRJ-0535,Copie du systme bancaire,Reproduire exactement le systme de la banque Ecobank avec toutes ses fonctionnalits en 2 mois.,IA / Machine Learning,Rseaux et Tlcommunications,Prototypage,0.62,4,15,2,1.0,1,0,1,0,0,1,REJETE
PRJ-0565,tude de tout ce qui concerne les rseaux,Ce mmoire va couvrir tous les aspects des rseaux informatiques depuis les dbuts jusqu' aujourd'hui.,Bases de donnes,Systmes Embarqus,Recherche applique,0.52,8,15,2,0.933,0,0,0,0,1,1,REJETE
PRJ-0428,Application pour grer les notes des tudiants,Je veux faire une application pour grer les notes. Elle permettra d'entrer les notes et de calculer les moyennes. Ce sera utile pour les professeurs.,Cloud / DevOps,Data Science,tude de cas,0.555,7,25,4,0.84,0,0,0,0,0,0,REJETE
PRJ-0094,Conception d'un systme de dtection de fraude bancaire par deep learning au Togo,"Ce travail vise  concevoir et implmenter un systme intelligent de dtection de transactions frauduleuses en utilisant des rseaux de neurones LSTM appliqus aux donnes de mobile money au Togo. La mthodologie inclut la collecte de donnes anonymises, le prtraitement, l'entranement du modle et l'valuation des performances sur un jeu de test rel.",Cloud / DevOps,Gnie Informatique,Recherche exprimentale,0.301,13,52,3,0.808,7,1,0,1,1,0,APPROUVE
PRJ-0508,Systme comme Google,Crer un moteur de recherche similaire  Google pour l'Afrique.,IA / Machine Learning,Data Science,Dveloppement logiciel (SCRUM),0.744,3,9,2,1.0,1,0,1,0,0,0,REJETE
PRJ-0191,Classification automatique de documents administratifs par traitement du langage naturel  Cas d'tude 1,"Ce projet applique des techniques de NLP (TF-IDF, BERT) pour classifier automatiquement des documents administratifs numriss en catgories prdfinies. L'objectif est de rduire le temps de traitement manuel dans les services administratifs.",Rseaux,Cyberscurit,Recherche exprimentale,0.373,13,32,3,0.906,1,2,0,0,1,0,REVISION_NECESSAIRE
PRJ-0048,Dveloppement d'une application mobile de tlmdecine pour les zones rurales togolaises,"Cette tude propose le dveloppement d'une application Android permettant aux patients des zones rurales d'accder  des consultations mdicales  distance. L'application intgre un module de golocalisation des centres de sant, un systme de prise de rendez-vous et un dossier mdical numrique simplifi.",Dveloppement Web,Gnie Logiciel,Prototypage,0.28,11,41,3,0.829,2,1,0,0,0,0,REVISION_NECESSAIRE
PRJ-0138,Classification automatique de documents administratifs par traitement du langage naturel,"Ce projet applique des techniques de NLP (TF-IDF, BERT) pour classifier automatiquement des documents administratifs numriss en catgories prdfinies. L'objectif est de rduire le temps de traitement manuel dans les services administratifs.",IA / Machine Learning,Gnie Informatique,Recherche applique,0.041,10,32,3,0.906,1,2,0,0,1,0,REVISION_NECESSAIRE
PRJ-0540,Faire un jeu vido,Je veux faire un jeu. Ce sera amusant.,Rseaux,Rseaux et Tlcommunications,Recherche applique,0.5,4,8,3,1.0,0,0,1,0,0,0,REJETE
PRJ-0225,Dveloppement d'une application mobile de tlmdecine pour les zones rurales togolaises,"Cette tude propose le dveloppement d'une application Android permettant aux patients des zones rurales d'accder  des consultations mdicales  distance. L'application intgre un module de golocalisation des centres de sant, un systme de prise de rendez-vous et un dossier mdical numrique simplifi.",Cloud / DevOps,Cyberscurit,tude de cas,0.048,11,41,3,0.829,2,1,0,0,0,0,REVISION_NECESSAIRE
PRJ-0417,Cration d'un site web pour une cole,"Le projet consiste  crer un site web pour une cole. Le site aura des pages pour prsenter l'cole, les cours et les professeurs. Il y aura aussi un espace pour les tudiants.",Systmes Embarqus,Cyberscurit,tude de cas,0.722,7,32,4,0.75,0,0,0,0,1,0,REJETE
PRJ-0169,Conception d'un entrept de donnes pour le suivi pidmiologique au Ministre de la Sant,"Ce projet vise  concevoir un data warehouse selon la modlisation en toile pour centraliser les donnes pidmiologiques nationales. Il inclut la mise en place d'un pipeline ETL, le dploiement sous PostgreSQL et la cration de rapports analytiques sur Power BI.",Cloud / DevOps,Systmes Embarqus,Dveloppement logiciel (SCRUM),0.136,14,40,3,0.925,2,1,0,0,1,0,APPROUVE
PRJ-0088,Dploiement d'une infrastructure rseau WiFi communautaire  faible cot,"Cette tude propose le dploiement d'un rseau WiFi communautaire dans un quartier priurbain de Lom en utilisant des quipements open source. Le projet couvre la conception, la simulation sous GNS3, le dploiement et la mesure des performances relles.",Cyberscurit,Rseaux et Tlcommunications,Recherche exprimentale,0.243,8,38,3,0.842,2,0,0,0,0,0,REVISION_NECESSAIRE
PRJ-0332,Dveloppement d'une application Android pour les transports,On va dvelopper une application Android pour les transports en commun. L'application montrera les horaires et les itinraires disponibles dans la ville.,Systmes Embarqus,Rseaux et Tlcommunications,Recherche applique,0.417,7,22,3,0.909,1,1,0,0,0,0,REJETE
PRJ-0443,tude sur la scurit des rseaux wifi v2,Ce projet parle de la scurit wifi. On va voir comment scuriser un rseau wifi et quels sont les problmes qui existent avec les rseaux sans fil dans les entreprises.,Rseaux,Data Science,Dveloppement logiciel (SCRUM),0.372,8,30,3,0.933,1,0,0,0,0,0,REJETE
PRJ-0437,Cration d'un site web pour une cole,"Le projet consiste  crer un site web pour une cole. Le site aura des pages pour prsenter l'cole, les cours et les professeurs. Il y aura aussi un espace pour les tudiants.",IA / Machine Learning,Gnie Informatique,Prototypage,0.438,7,32,4,0.75,0,0,0,0,1,0,REJETE
PRJ-0448,Systme de gestion de bibliothque,"Dvelopper un logiciel de gestion de bibliothque qui permet d'enregistrer les livres, les emprunts et les retours. Le systme aura une interface simple pour les bibliothcaires.",Bases de donnes,Systmes Embarqus,tude de cas,0.73,5,26,3,0.846,2,1,1,0,0,0,REJETE
PRJ-0024,Conception d'un systme de dtection de fraude bancaire par deep learning au Togo,"Ce travail vise  concevoir et implmenter un systme intelligent de dtection de transactions frauduleuses en utilisant des rseaux de neurones LSTM appliqus aux donnes de mobile money au Togo. La mthodologie inclut la collecte de donnes anonymises, le prtraitement, l'entranement du modle et l'valuation des performances sur un jeu de test rel.",Dveloppement Web,Data Science,Recherche applique,0.22,13,52,3,0.808,7,1,0,1,1,0,APPROUVE
PRJ-0049,Analyse prdictive du taux de dcrochage scolaire par apprentissage automatique,"Cette recherche applique des algorithmes de machine learning (Random Forest, XGBoost) pour prdire le risque de dcrochage scolaire  partir de donnes acadmiques et socio-conomiques. Un tableau de bord de visualisation est dvelopp pour les responsables pdagogiques.",Systmes Embarqus,Gnie Logiciel,Recherche exprimentale,0.06,10,36,3,0.861,3,2,0,0,0,0,APPROUVE
PRJ-0507,Copie du systme bancaire,Reproduire exactement le systme de la banque Ecobank avec toutes ses fonctionnalits en 2 mois.,Rseaux,Rseaux et Tlcommunications,Dveloppement logiciel (SCRUM),0.746,4,15,2,1.0,1,0,1,0,0,1,REJETE
PRJ-0219,Classification automatique de documents administratifs par traitement du langage naturel,"Ce projet applique des techniques de NLP (TF-IDF, BERT) pour classifier automatiquement des documents administratifs numriss en catgories prdfinies. L'objectif est de rduire le temps de traitement manuel dans les services administratifs.",Rseaux,Rseaux et Tlcommunications,Recherche applique,0.092,10,32,3,0.906,1,2,0,0,1,0,REVISION_NECESSAIRE
PRJ-0161,Plateforme e-commerce B2B pour l'approvisionnement des PME africaines  Cas d'tude 1,"Cette tude conoit une marketplace B2B permettant aux PME d'Afrique de l'Ouest de s'approvisionner auprs de fournisseurs locaux et internationaux. La plateforme intgre un module de paiement mobile money, une gestion des stocks et un systme de notation des fournisseurs.",Mobile,Rseaux et Tlcommunications,Dveloppement logiciel (SCRUM),0.031,11,40,3,0.8,3,0,0,0,0,0,REVISION_NECESSAIRE
PRJ-0347,Cration d'un site web pour une cole v2,"Le projet consiste  crer un site web pour une cole. Le site aura des pages pour prsenter l'cole, les cours et les professeurs. Il y aura aussi un espace pour les tudiants.",Rseaux,Gnie Logiciel,Recherche applique,0.463,8,32,4,0.75,0,0,0,0,1,0,REVISION_NECESSAIRE
PRJ-0559,Application,Une application mobile.,Cloud / DevOps,Gnie Informatique,Prototypage,0.938,1,3,2,1.0,0,0,0,0,0,0,REJETE
PRJ-0149,Systme embarqu de surveillance environnementale bas sur IoT,"Ce projet dveloppe un systme de capteurs connects (Arduino + Raspberry Pi) pour surveiller la qualit de l'air, l'humidit et la temprature dans un environnement industriel. Les donnes sont transmises via MQTT et visualises sur un dashboard Grafana.",Cyberscurit,Systmes Embarqus,Recherche applique,0.291,8,38,3,0.868,2,2,0,0,0,0,APPROUVE
PRJ-0412,Analyse des donnes de vente d'une entreprise,Ce travail va analyser les donnes de vente d'une entreprise commerciale pour trouver des tendances. On utilisera Excel et Python pour faire les analyses et crer des graphiques.,Cloud / DevOps,Systmes Embarqus,Dveloppement logiciel (SCRUM),0.207,7,28,3,0.857,2,1,0,0,0,0,REJETE
PRJ-0090,Dploiement d'une infrastructure rseau WiFi communautaire  faible cot,"Cette tude propose le dploiement d'un rseau WiFi communautaire dans un quartier priurbain de Lom en utilisant des quipements open source. Le projet couvre la conception, la simulation sous GNS3, le dploiement et la mesure des performances relles.",Rseaux,Systmes Embarqus,tude de cas,0.187,8,38,3,0.842,2,0,0,0,0,0,APPROUVE
PRJ-0390,Application pour grer les notes des tudiants,Je veux faire une application pour grer les notes. Elle permettra d'entrer les notes et de calculer les moyennes. Ce sera utile pour les professeurs.,Rseaux,Gnie Logiciel,Recherche exprimentale,0.663,7,25,4,0.84,0,0,0,0,0,0,REJETE
PRJ-0026,Dveloppement d'une application mobile de tlmdecine pour les zones rurales togolaises  Cas d'tude 6,"Cette tude propose le dveloppement d'une application Android permettant aux patients des zones rurales d'accder  des consultations mdicales  distance. L'application intgre un module de golocalisation des centres de sant, un systme de prise de rendez-vous et un dossier mdical numrique simplifi.",Cyberscurit,Rseaux et Tlcommunications,tude de cas,0.24,14,41,3,0.829,2,1,0,0,0,0,APPROUVE
PRJ-0238,Conception d'un systme de dtection de fraude bancaire par deep learning au Togo,"Ce travail vise  concevoir et implmenter un systme intelligent de dtection de transactions frauduleuses en utilisant des rseaux de neurones LSTM appliqus aux donnes de mobile money au Togo. La mthodologie inclut la collecte de donnes anonymises, le prtraitement, l'entranement du modle et l'valuation des performances sur un jeu de test rel.",Bases de donnes,Cyberscurit,Prototypage,0.197,13,52,3,0.808,7,1,0,1,1,0,APPROUVE
PRJ-0136,Systme embarqu de surveillance environnementale bas sur IoT  Cas d'tude 6,"Ce projet dveloppe un systme de capteurs connects (Arduino + Raspberry Pi) pour surveiller la qualit de l'air, l'humidit et la temprature dans un environnement industriel. Les donnes sont transmises via MQTT et visualises sur un dashboard Grafana.",Mobile,Cyberscurit,Prototypage,0.315,11,38,3,0.868,2,2,0,0,0,0,APPROUVE
PRJ-0541,Recherche sur internet,Je vais chercher des informations sur internet sur plusieurs sujets informatiques et faire un rsum de ce que j'ai trouv.,Systmes Embarqus,Gnie Logiciel,Dveloppement logiciel (SCRUM),0.88,3,20,2,0.95,0,0,3,0,0,0,REJETE
PRJ-0234,Dploiement d'une infrastructure rseau WiFi communautaire  faible cot,"Cette tude propose le dploiement d'un rseau WiFi communautaire dans un quartier priurbain de Lom en utilisant des quipements open source. Le projet couvre la conception, la simulation sous GNS3, le dploiement et la mesure des performances relles.",Dveloppement Web,Cyberscurit,Prototypage,0.035,8,38,3,0.842,2,0,0,0,0,0,APPROUVE
PRJ-0119,Dveloppement d'une application mobile de tlmdecine pour les zones rurales togolaises,"Cette tude propose le dveloppement d'une application Android permettant aux patients des zones rurales d'accder  des consultations mdicales  distance. L'application intgre un module de golocalisation des centres de sant, un systme de prise de rendez-vous et un dossier mdical numrique simplifi.",Cyberscurit,Rseaux et Tlcommunications,Recherche exprimentale,0.142,11,41,3,0.829,2,1,0,0,0,0,APPROUVE
PRJ-0532,Projet sur la blockchain,La blockchain c'est bien. Je vais faire quelque chose avec la blockchain.,Systmes Embarqus,Systmes Embarqus,Recherche applique,0.755,4,12,3,0.917,0,1,1,0,0,0,REJETE
PRJ-0596,tude de tout ce qui concerne les rseaux,Ce mmoire va couvrir tous les aspects des rseaux informatiques depuis les dbuts jusqu' aujourd'hui.,Mobile,Rseaux et Tlcommunications,Recherche exprimentale,0.618,8,15,2,0.933,0,0,0,0,1,1,REJETE
PRJ-0444,Cration d'un site web pour une cole,"Le projet consiste  crer un site web pour une cole. Le site aura des pages pour prsenter l'cole, les cours et les professeurs. Il y aura aussi un espace pour les tudiants.",Cloud / DevOps,Systmes Embarqus,Prototypage,0.278,7,32,4,0.75,0,0,0,0,1,0,REJETE
PRJ-0392,Mise en place d'un rseau local pour une entreprise,"Ce projet va mettre en place un rseau local pour une petite entreprise. On va choisir les quipements, configurer les switches et les routeurs, et tester la connectivit.",Cloud / DevOps,Gnie Logiciel,Dveloppement logiciel (SCRUM),0.209,9,28,3,0.857,1,0,0,0,0,0,REJETE
PRJ-0371,Analyse des donnes de vente d'une entreprise v2,Ce travail va analyser les donnes de vente d'une entreprise commerciale pour trouver des tendances. On utilisera Excel et Python pour faire les analyses et crer des graphiques.,Rseaux,Systmes Embarqus,Recherche applique,0.682,8,28,3,0.857,2,1,0,0,0,0,REJETE
PRJ-0536,Systme comme Google,Crer un moteur de recherche similaire  Google pour l'Afrique.,Cyberscurit,Rseaux et Tlcommunications,Recherche exprimentale,0.878,3,9,2,1.0,1,0,1,0,0,0,REJETE
PRJ-0433,Analyse des donnes de vente d'une entreprise,Ce travail va analyser les donnes de vente d'une entreprise commerciale pour trouver des tendances. On utilisera Excel et Python pour faire les analyses et crer des graphiques.,Bases de donnes,Data Science,Dveloppement logiciel (SCRUM),0.441,7,28,3,0.857,2,1,0,0,0,0,REJETE
PRJ-0517,Application,Une application mobile.,Rseaux,Systmes Embarqus,Recherche applique,0.934,1,3,2,1.0,0,0,0,0,0,0,REJETE
PRJ-0077,Conception d'un entrept de donnes pour le suivi pidmiologique au Ministre de la Sant,"Ce projet vise  concevoir un data warehouse selon la modlisation en toile pour centraliser les donnes pidmiologiques nationales. Il inclut la mise en place d'un pipeline ETL, le dploiement sous PostgreSQL et la cration de rapports analytiques sur Power BI.",Systmes Embarqus,Gnie Logiciel,Recherche exprimentale,0.285,14,40,3,0.925,2,1,0,0,1,0,APPROUVE
PRJ-0253,Mise en place d'un rseau local pour une entreprise,"Ce projet va mettre en place un rseau local pour une petite entreprise. On va choisir les quipements, configurer les switches et les routeurs, et tester la connectivit.",Cloud / DevOps,Cyberscurit,Prototypage,0.355,9,28,3,0.857,1,0,0,0,0,0,REJETE
PRJ-0343,Mise en place d'un rseau local pour une entreprise v4,"Ce projet va mettre en place un rseau local pour une petite entreprise. On va choisir les quipements, configurer les switches et les routeurs, et tester la connectivit.",Bases de donnes,Data Science,Recherche exprimentale,0.274,10,28,3,0.857,1,0,0,0,0,0,REJETE
PRJ-0294,Dveloppement d'une application Android pour les transports,On va dvelopper une application Android pour les transports en commun. L'application montrera les horaires et les itinraires disponibles dans la ville.,Dveloppement Web,Rseaux et Tlcommunications,Recherche applique,0.653,7,22,3,0.909,1,1,0,0,0,0,REJETE
PRJ-0057,Dveloppement d'une application mobile de tlmdecine pour les zones rurales togolaises,"Cette tude propose le dveloppement d'une application Android permettant aux patients des zones rurales d'accder  des consultations mdicales  distance. L'application intgre un module de golocalisation des centres de sant, un systme de prise de rendez-vous et un dossier mdical numrique simplifi.",Cyberscurit,Cyberscurit,Dveloppement logiciel (SCRUM),0.397,11,41,3,0.829,2,1,0,0,0,0,REVISION_NECESSAIRE
PRJ-0046,Conception d'un systme de dtection de fraude bancaire par deep learning au Togo  Cas d'tude 6,"Ce travail vise  concevoir et implmenter un systme intelligent de dtection de transactions frauduleuses en utilisant des rseaux de neurones LSTM appliqus aux donnes de mobile money au Togo. La mthodologie inclut la collecte de donnes anonymises, le prtraitement, l'entranement du modle et l'valuation des performances sur un jeu de test rel.",Systmes Embarqus,Data Science,Recherche exprimentale,0.189,16,52,3,0.808,7,1,0,1,1,0,APPROUVE
PRJ-0592,Intelligence artificielle gnrale,Crer une intelligence artificielle gnrale capable de tout faire comme un humain.,Mobile,Systmes Embarqus,tude de cas,0.819,3,12,2,1.0,0,0,1,0,0,1,REJETE
PRJ-0007,Plateforme e-commerce B2B pour l'approvisionnement des PME africaines,"Cette tude conoit une marketplace B2B permettant aux PME d'Afrique de l'Ouest de s'approvisionner auprs de fournisseurs locaux et internationaux. La plateforme intgre un module de paiement mobile money, une gestion des stocks et un systme de notation des fournisseurs.",Dveloppement Web,Cyberscurit,Recherche applique,0.415,8,40,3,0.8,3,0,0,0,0,0,REVISION_NECESSAIRE
PRJ-0002,Plateforme e-commerce B2B pour l'approvisionnement des PME africaines,"Cette tude conoit une marketplace B2B permettant aux PME d'Afrique de l'Ouest de s'approvisionner auprs de fournisseurs locaux et internationaux. La plateforme intgre un module de paiement mobile money, une gestion des stocks et un systme de notation des fournisseurs.",IA / Machine Learning,Gnie Logiciel,Recherche exprimentale,0.19,8,40,3,0.8,3,0,0,0,0,0,REVISION_NECESSAIRE
PRJ-0580,Application,Une application mobile.,Mobile,Gnie Informatique,tude de cas,0.603,1,3,2,1.0,0,0,0,0,0,0,REJETE
PRJ-0170,Analyse prdictive du taux de dcrochage scolaire par apprentissage automatique,"Cette recherche applique des algorithmes de machine learning (Random Forest, XGBoost) pour prdire le risque de dcrochage scolaire  partir de donnes acadmiques et socio-conomiques. Un tableau de bord de visualisation est dvelopp pour les responsables pdagogiques.",Mobile,Gnie Informatique,Recherche applique,0.162,10,36,3,0.861,3,2,0,0,0,0,REVISION_NECESSAIRE
PRJ-0247,Mise en place d'un systme de vote lectronique scuris pour les lections universitaires,"Ce projet consiste  concevoir et dployer une plateforme de vote lectronique scurise base sur la cryptographie asymtrique et la blockchain lgre. L'objectif est de garantir l'anonymat, l'intgrit et la traabilit des votes lors des lections au sein de l'universit.",Dveloppement Web,Cyberscurit,Prototypage,0.133,13,39,3,0.821,4,1,0,0,1,0,APPROUVE
PRJ-0526,Projet sur la blockchain,La blockchain c'est bien. Je vais faire quelque chose avec la blockchain.,Cloud / DevOps,Gnie Informatique,tude de cas,0.916,4,12,3,0.917,0,1,1,0,0,0,REJETE
PRJ-0107,Implmentation d'un SIEM open source pour la dtection d'intrusions en entreprise,Ce travail consiste  dployer et configurer un SIEM bas sur Wazuh/ELK Stack pour centraliser la gestion des logs et dtecter les intrusions dans une PME locale. Il inclut la dfinition des rgles de corrlation et les procdures de rponse aux incidents.,Systmes Embarqus,Gnie Logiciel,tude de cas,0.031,11,41,3,0.854,1,0,0,0,1,0,APPROUVE
PRJ-0425,Dveloppement d'une application Android pour les transports,On va dvelopper une application Android pour les transports en commun. L'application montrera les horaires et les itinraires disponibles dans la ville.,Bases de donnes,Cyberscurit,tude de cas,0.745,7,22,3,0.909,1,1,0,0,0,0,REJETE
PRJ-0457,Cration d'un site web pour une cole,"Le projet consiste  crer un site web pour une cole. Le site aura des pages pour prsenter l'cole, les cours et les professeurs. Il y aura aussi un espace pour les tudiants.",IA / Machine Learning,Cyberscurit,Recherche applique,0.647,7,32,4,0.75,0,0,0,0,1,0,REJETE
PRJ-0021,Dveloppement d'une application mobile de tlmdecine pour les zones rurales togolaises  Cas d'tude 1,"Cette tude propose le dveloppement d'une application Android permettant aux patients des zones rurales d'accder  des consultations mdicales  distance. L'application intgre un module de golocalisation des centres de sant, un systme de prise de rendez-vous et un dossier mdical numrique simplifi.",IA / Machine Learning,Gnie Informatique,Recherche applique,0.071,14,41,3,0.829,2,1,0,0,0,0,REVISION_NECESSAIRE
PRJ-0558,Systme comme Google,Crer un moteur de recherche similaire  Google pour l'Afrique.,Cloud / DevOps,Rseaux et Tlcommunications,Dveloppement logiciel (SCRUM),0.574,3,9,2,1.0,1,0,1,0,0,0,REJETE
PRJ-0152,Implmentation d'un SIEM open source pour la dtection d'intrusions en entreprise,Ce travail consiste  dployer et configurer un SIEM bas sur Wazuh/ELK Stack pour centraliser la gestion des logs et dtecter les intrusions dans une PME locale. Il inclut la dfinition des rgles de corrlation et les procdures de rponse aux incidents.,Mobile,Gnie Logiciel,Recherche applique,0.354,11,41,3,0.854,1,0,0,0,1,0,REVISION_NECESSAIRE
PRJ-0210,Classification automatique de documents administratifs par traitement du langage naturel,"Ce projet applique des techniques de NLP (TF-IDF, BERT) pour classifier automatiquement des documents administratifs numriss en catgories prdfinies. L'objectif est de rduire le temps de traitement manuel dans les services administratifs.",IA / Machine Learning,Cyberscurit,Recherche applique,0.193,10,32,3,0.906,1,2,0,0,1,0,REVISION_NECESSAIRE
PRJ-0361,Application pour grer les notes des tudiants,Je veux faire une application pour grer les notes. Elle permettra d'entrer les notes et de calculer les moyennes. Ce sera utile pour les professeurs.,Cyberscurit,Gnie Informatique,tude de cas,0.299,7,25,4,0.84,0,0,0,0,0,0,REJETE
PRJ-0505,tude de tout ce qui concerne les rseaux,Ce mmoire va couvrir tous les aspects des rseaux informatiques depuis les dbuts jusqu' aujourd'hui.,Systmes Embarqus,Rseaux et Tlcommunications,Recherche applique,0.706,8,15,2,0.933,0,0,0,0,1,1,REJETE
PRJ-0104,Conception d'un systme de dtection de fraude bancaire par deep learning au Togo,"Ce travail vise  concevoir et implmenter un systme intelligent de dtection de transactions frauduleuses en utilisant des rseaux de neurones LSTM appliqus aux donnes de mobile money au Togo. La mthodologie inclut la collecte de donnes anonymises, le prtraitement, l'entranement du modle et l'valuation des performances sur un jeu de test rel.",Cloud / DevOps,Systmes Embarqus,Recherche exprimentale,0.259,13,52,3,0.808,7,1,0,1,1,0,APPROUVE
PRJ-0268,Application pour grer les notes des tudiants,Je veux faire une application pour grer les notes. Elle permettra d'entrer les notes et de calculer les moyennes. Ce sera utile pour les professeurs.,Mobile,Gnie Informatique,Dveloppement logiciel (SCRUM),0.74,7,25,4,0.84,0,0,0,0,0,0,REJETE
PRJ-0135,Conception d'un systme de dtection de fraude bancaire par deep learning au Togo,"Ce travail vise  concevoir et implmenter un systme intelligent de dtection de transactions frauduleuses en utilisant des rseaux de neurones LSTM appliqus aux donnes de mobile money au Togo. La mthodologie inclut la collecte de donnes anonymises, le prtraitement, l'entranement du modle et l'valuation des performances sur un jeu de test rel.",Mobile,Systmes Embarqus,Dveloppement logiciel (SCRUM),0.138,13,52,3,0.808,7,1,0,1,1,0,APPROUVE
PRJ-0399,Application pour grer les notes des tudiants v3,Je veux faire une application pour grer les notes. Elle permettra d'entrer les notes et de calculer les moyennes. Ce sera utile pour les professeurs.,Bases de donnes,Data Science,Dveloppement logiciel (SCRUM),0.696,8,25,4,0.84,0,0,0,0,0,0,REJETE
PRJ-0103,Dveloppement d'une application mobile de tlmdecine pour les zones rurales togolaises,"Cette tude propose le dveloppement d'une application Android permettant aux patients des zones rurales d'accder  des consultations mdicales  distance. L'application intgre un module de golocalisation des centres de sant, un systme de prise de rendez-vous et un dossier mdical numrique simplifi.",Mobile,Gnie Logiciel,Prototypage,0.074,11,41,3,0.829,2,1,0,0,0,0,APPROUVE
PRJ-0312,Application pour grer les notes des tudiants,Je veux faire une application pour grer les notes. Elle permettra d'entrer les notes et de calculer les moyennes. Ce sera utile pour les professeurs.,Mobile,Gnie Informatique,Recherche applique,0.437,7,25,4,0.84,0,0,0,0,0,0,REJETE
PRJ-0102,Systme embarqu de surveillance environnementale bas sur IoT,"Ce projet dveloppe un systme de capteurs connects (Arduino + Raspberry Pi) pour surveiller la qualit de l'air, l'humidit et la temprature dans un environnement industriel. Les donnes sont transmises via MQTT et visualises sur un dashboard Grafana.",Cyberscurit,Cyberscurit,Prototypage,0.345,8,38,3,0.868,2,2,0,0,0,0,APPROUVE
PRJ-0528,Recherche sur internet,Je vais chercher des informations sur internet sur plusieurs sujets informatiques et faire un rsum de ce que j'ai trouv.,Cyberscurit,Gnie Logiciel,Prototypage,0.701,3,20,2,0.95,0,0,3,0,0,0,REJETE
PRJ-0578,tude de tout ce qui concerne les rseaux,Ce mmoire va couvrir tous les aspects des rseaux informatiques depuis les dbuts jusqu' aujourd'hui.,Bases de donnes,Data Science,Recherche applique,0.522,8,15,2,0.933,0,0,0,0,1,1,REJETE
PRJ-0402,Cration d'un site web pour une cole,"Le projet consiste  crer un site web pour une cole. Le site aura des pages pour prsenter l'cole, les cours et les professeurs. Il y aura aussi un espace pour les tudiants.",Cloud / DevOps,Gnie Informatique,Prototypage,0.512,7,32,4,0.75,0,0,0,0,1,0,REJETE
PRJ-0059,Dploiement d'une infrastructure rseau WiFi communautaire  faible cot,"Cette tude propose le dploiement d'un rseau WiFi communautaire dans un quartier priurbain de Lom en utilisant des quipements open source. Le projet couvre la conception, la simulation sous GNS3, le dploiement et la mesure des performances relles.",IA / Machine Learning,Data Science,Recherche exprimentale,0.358,8,38,3,0.842,2,0,0,0,0,0,APPROUVE
PRJ-0145,Plateforme e-commerce B2B pour l'approvisionnement des PME africaines,"Cette tude conoit une marketplace B2B permettant aux PME d'Afrique de l'Ouest de s'approvisionner auprs de fournisseurs locaux et internationaux. La plateforme intgre un module de paiement mobile money, une gestion des stocks et un systme de notation des fournisseurs.",Bases de donnes,Gnie Logiciel,Recherche exprimentale,0.34,8,40,3,0.8,3,0,0,0,0,0,REVISION_NECESSAIRE
PRJ-0061,Analyse prdictive du taux de dcrochage scolaire par apprentissage automatique  Cas d'tude 1,"Cette recherche applique des algorithmes de machine learning (Random Forest, XGBoost) pour prdire le risque de dcrochage scolaire  partir de donnes acadmiques et socio-conomiques. Un tableau de bord de visualisation est dvelopp pour les responsables pdagogiques.",Cyberscurit,Systmes Embarqus,Dveloppement logiciel (SCRUM),0.439,13,36,3,0.861,3,2,0,0,0,0,APPROUVE
PRJ-0317,Application pour grer les notes des tudiants,Je veux faire une application pour grer les notes. Elle permettra d'entrer les notes et de calculer les moyennes. Ce sera utile pour les professeurs.,Bases de donnes,Cyberscurit,tude de cas,0.592,7,25,4,0.84,0,0,0,0,0,0,REJETE
PRJ-0369,Systme de gestion de bibliothque,"Dvelopper un logiciel de gestion de bibliothque qui permet d'enregistrer les livres, les emprunts et les retours. Le systme aura une interface simple pour les bibliothcaires.",Cyberscurit,Cyberscurit,Recherche applique,0.627,5,26,3,0.846,2,1,1,0,0,0,REJETE
PRJ-0262,Systme de gestion de bibliothque,"Dvelopper un logiciel de gestion de bibliothque qui permet d'enregistrer les livres, les emprunts et les retours. Le systme aura une interface simple pour les bibliothcaires.",Cloud / DevOps,Gnie Logiciel,Recherche applique,0.502,5,26,3,0.846,2,1,1,0,0,0,REJETE
PRJ-0054,Conception d'un entrept de donnes pour le suivi pidmiologique au Ministre de la Sant,"Ce projet vise  concevoir un data warehouse selon la modlisation en toile pour centraliser les donnes pidmiologiques nationales. Il inclut la mise en place d'un pipeline ETL, le dploiement sous PostgreSQL et la cration de rapports analytiques sur Power BI.",Dveloppement Web,Gnie Informatique,tude de cas,0.381,14,40,3,0.925,2,1,0,0,1,0,APPROUVE
PRJ-0426,Dveloppement d'une application Android pour les transports,On va dvelopper une application Android pour les transports en commun. L'application montrera les horaires et les itinraires disponibles dans la ville.,Systmes Embarqus,Gnie Informatique,Prototypage,0.635,7,22,3,0.909,1,1,0,0,0,0,REJETE
PRJ-0549,Application,Une application mobile.,Dveloppement Web,Rseaux et Tlcommunications,Recherche applique,0.563,1,3,2,1.0,0,0,0,0,0,0,REJETE
PRJ-0071,Dveloppement d'une application mobile de tlmdecine pour les zones rurales togolaises  Cas d'tude 1,"Cette tude propose le dveloppement d'une application Android permettant aux patients des zones rurales d'accder  des consultations mdicales  distance. L'application intgre un module de golocalisation des centres de sant, un systme de prise de rendez-vous et un dossier mdical numrique simplifi.",Systmes Embarqus,Gnie Informatique,Dveloppement logiciel (SCRUM),0.414,14,41,3,0.829,2,1,0,0,0,0,APPROUVE
PRJ-0359,Application pour grer les notes des tudiants v2,Je veux faire une application pour grer les notes. Elle permettra d'entrer les notes et de calculer les moyennes. Ce sera utile pour les professeurs.,Rseaux,Cyberscurit,Dveloppement logiciel (SCRUM),0.649,8,25,4,0.84,0,0,0,0,0,0,REJETE
PRJ-0311,Analyse des donnes de vente d'une entreprise v2,Ce travail va analyser les donnes de vente d'une entreprise commerciale pour trouver des tendances. On utilisera Excel et Python pour faire les analyses et crer des graphiques.,Bases de donnes,Data Science,Prototypage,0.355,8,28,3,0.857,2,1,0,0,0,0,REJETE
PRJ-0319,Cration d'un site web pour une cole v4,"Le projet consiste  crer un site web pour une cole. Le site aura des pages pour prsenter l'cole, les cours et les professeurs. Il y aura aussi un espace pour les tudiants.",Mobile,Cyberscurit,Recherche applique,0.539,8,32,4,0.75,0,0,0,0,1,0,REJETE
PRJ-0139,Classification automatique de documents administratifs par traitement du langage naturel,"Ce projet applique des techniques de NLP (TF-IDF, BERT) pour classifier automatiquement des documents administratifs numriss en catgories prdfinies. L'objectif est de rduire le temps de traitement manuel dans les services administratifs.",Bases de donnes,Cyberscurit,tude de cas,0.34,10,32,3,0.906,1,2,0,0,1,0,REVISION_NECESSAIRE
PRJ-0583,Faire un jeu vido,Je veux faire un jeu. Ce sera amusant.,Mobile,Gnie Informatique,Prototypage,0.572,4,8,3,1.0,0,0,1,0,0,0,REJETE
PRJ-0585,Copie du systme bancaire,Reproduire exactement le systme de la banque Ecobank avec toutes ses fonctionnalits en 2 mois.,Bases de donnes,Gnie Logiciel,Recherche applique,0.612,4,15,2,1.0,1,0,1,0,0,1,REJETE
PRJ-0052,Dveloppement d'une application mobile de tlmdecine pour les zones rurales togolaises,"Cette tude propose le dveloppement d'une application Android permettant aux patients des zones rurales d'accder  des consultations mdicales  distance. L'application intgre un module de golocalisation des centres de sant, un systme de prise de rendez-vous et un dossier mdical numrique simplifi.",Cyberscurit,Data Science,Recherche applique,0.334,11,41,3,0.829,2,1,0,0,0,0,APPROUVE
PRJ-0562,Projet sur la blockchain,La blockchain c'est bien. Je vais faire quelque chose avec la blockchain.,Cyberscurit,Gnie Informatique,Recherche applique,0.512,4,12,3,0.917,0,1,1,0,0,0,REJETE
PRJ-0216,Conception d'un entrept de donnes pour le suivi pidmiologique au Ministre de la Sant  Cas d'tude 6,"Ce projet vise  concevoir un data warehouse selon la modlisation en toile pour centraliser les donnes pidmiologiques nationales. Il inclut la mise en place d'un pipeline ETL, le dploiement sous PostgreSQL et la cration de rapports analytiques sur Power BI.",Bases de donnes,Systmes Embarqus,Recherche applique,0.191,17,40,3,0.925,2,1,0,0,1,0,APPROUVE
PRJ-0567,Application,Une application mobile.,Cloud / DevOps,Cyberscurit,Recherche exprimentale,0.864,1,3,2,1.0,0,0,0,0,0,0,REJETE
PRJ-0529,Copie du systme bancaire,Reproduire exactement le systme de la banque Ecobank avec toutes ses fonctionnalits en 2 mois.,Bases de donnes,Gnie Logiciel,Dveloppement logiciel (SCRUM),0.725,4,15,2,1.0,1,0,1,0,0,1,REJETE
PRJ-0323,Mise en place d'un rseau local pour une entreprise v2,"Ce projet va mettre en place un rseau local pour une petite entreprise. On va choisir les quipements, configurer les switches et les routeurs, et tester la connectivit.",Cloud / DevOps,Rseaux et Tlcommunications,Recherche exprimentale,0.546,10,28,3,0.857,1,0,0,0,0,0,REJETE
PRJ-0510,Copie du systme bancaire,Reproduire exactement le systme de la banque Ecobank avec toutes ses fonctionnalits en 2 mois.,Cyberscurit,Gnie Informatique,Recherche applique,0.933,4,15,2,1.0,1,0,1,0,0,1,REJETE
PRJ-0356,Cration d'un site web pour une cole,"Le projet consiste  crer un site web pour une cole. Le site aura des pages pour prsenter l'cole, les cours et les professeurs. Il y aura aussi un espace pour les tudiants.",Bases de donnes,Gnie Logiciel,Recherche exprimentale,0.67,7,32,4,0.75,0,0,0,0,1,0,REJETE
PRJ-0523,Recherche sur internet,Je vais chercher des informations sur internet sur plusieurs sujets informatiques et faire un rsum de ce que j'ai trouv.,Dveloppement Web,Cyberscurit,Prototypage,0.68,3,20,2,0.95,0,0,3,0,0,0,REJETE
PRJ-0079,Systme embarqu de surveillance environnementale bas sur IoT,"Ce projet dveloppe un systme de capteurs connects (Arduino + Raspberry Pi) pour surveiller la qualit de l'air, l'humidit et la temprature dans un environnement industriel. Les donnes sont transmises via MQTT et visualises sur un dashboard Grafana.",Bases de donnes,Systmes Embarqus,Prototypage,0.346,8,38,3,0.868,2,2,0,0,0,0,APPROUVE
PRJ-0360,Application pour grer les notes des tudiants,Je veux faire une application pour grer les notes. Elle permettra d'entrer les notes et de calculer les moyennes. Ce sera utile pour les professeurs.,IA / Machine Learning,Gnie Logiciel,tude de cas,0.585,7,25,4,0.84,0,0,0,0,0,0,REJETE
PRJ-0243,Implmentation d'un SIEM open source pour la dtection d'intrusions en entreprise,Ce travail consiste  dployer et configurer un SIEM bas sur Wazuh/ELK Stack pour centraliser la gestion des logs et dtecter les intrusions dans une PME locale. Il inclut la dfinition des rgles de corrlation et les procdures de rponse aux incidents.,Dveloppement Web,Data Science,Prototypage,0.319,11,41,3,0.854,1,0,0,0,1,0,REVISION_NECESSAIRE
PRJ-0130,Conception d'un entrept de donnes pour le suivi pidmiologique au Ministre de la Sant,"Ce projet vise  concevoir un data warehouse selon la modlisation en toile pour centraliser les donnes pidmiologiques nationales. Il inclut la mise en place d'un pipeline ETL, le dploiement sous PostgreSQL et la cration de rapports analytiques sur Power BI.",Cyberscurit,Cyberscurit,Dveloppement logiciel (SCRUM),0.071,14,40,3,0.925,2,1,0,0,1,0,APPROUVE
PRJ-0550,tude de tout ce qui concerne les rseaux,Ce mmoire va couvrir tous les aspects des rseaux informatiques depuis les dbuts jusqu' aujourd'hui.,Dveloppement Web,Gnie Informatique,Recherche applique,0.898,8,15,2,0.933,0,0,0,0,1,1,REJETE
PRJ-0485,Application,Une application mobile.,Dveloppement Web,Cyberscurit,Dveloppement logiciel (SCRUM),0.787,1,3,2,1.0,0,0,0,0,0,0,REJETE
PRJ-0195,Conception d'un systme de dtection de fraude bancaire par deep learning au Togo,"Ce travail vise  concevoir et implmenter un systme intelligent de dtection de transactions frauduleuses en utilisant des rseaux de neurones LSTM appliqus aux donnes de mobile money au Togo. La mthodologie inclut la collecte de donnes anonymises, le prtraitement, l'entranement du modle et l'valuation des performances sur un jeu de test rel.",Cloud / DevOps,Cyberscurit,Dveloppement logiciel (SCRUM),0.024,13,52,3,0.808,7,1,0,1,1,0,APPROUVE
PRJ-0590,Copie du systme bancaire,Reproduire exactement le systme de la banque Ecobank avec toutes ses fonctionnalits en 2 mois.,IA / Machine Learning,Gnie Informatique,Dveloppement logiciel (SCRUM),0.684,4,15,2,1.0,1,0,1,0,0,1,REJETE
PRJ-0214,Dploiement d'une infrastructure rseau WiFi communautaire  faible cot,"Cette tude propose le dploiement d'un rseau WiFi communautaire dans un quartier priurbain de Lom en utilisant des quipements open source. Le projet couvre la conception, la simulation sous GNS3, le dploiement et la mesure des performances relles.",Systmes Embarqus,Cyberscurit,Prototypage,0.14,8,38,3,0.842,2,0,0,0,0,0,REVISION_NECESSAIRE
PRJ-0553,Recherche sur internet,Je vais chercher des informations sur internet sur plusieurs sujets informatiques et faire un rsum de ce que j'ai trouv.,Cloud / DevOps,Data Science,Prototypage,0.722,3,20,2,0.95,0,0,3,0,0,0,REJETE
PRJ-0354,tude sur la scurit des rseaux wifi,Ce projet parle de la scurit wifi. On va voir comment scuriser un rseau wifi et quels sont les problmes qui existent avec les rseaux sans fil dans les entreprises.,Systmes Embarqus,Gnie Logiciel,Prototypage,0.49,7,30,3,0.933,1,0,0,0,0,0,REJETE
PRJ-0470,Cration d'un site web pour une cole,"Le projet consiste  crer un site web pour une cole. Le site aura des pages pour prsenter l'cole, les cours et les professeurs. Il y aura aussi un espace pour les tudiants.",Cloud / DevOps,Rseaux et Tlcommunications,Recherche exprimentale,0.2,7,32,4,0.75,0,0,0,0,1,0,REJETE
PRJ-0011,Dploiement d'une infrastructure rseau WiFi communautaire  faible cot  Cas d'tude 1,"Cette tude propose le dploiement d'un rseau WiFi communautaire dans un quartier priurbain de Lom en utilisant des quipements open source. Le projet couvre la conception, la simulation sous GNS3, le dploiement et la mesure des performances relles.",Dveloppement Web,Cyberscurit,Recherche exprimentale,0.12,11,38,3,0.842,2,0,0,0,0,0,REVISION_NECESSAIRE
PRJ-0429,tude sur la scurit des rseaux wifi,Ce projet parle de la scurit wifi. On va voir comment scuriser un rseau wifi et quels sont les problmes qui existent avec les rseaux sans fil dans les entreprises.,Rseaux,Systmes Embarqus,Recherche applique,0.342,7,30,3,0.933,1,0,0,0,0,0,REJETE
PRJ-0335,Cration d'un site web pour une cole v2,"Le projet consiste  crer un site web pour une cole. Le site aura des pages pour prsenter l'cole, les cours et les professeurs. Il y aura aussi un espace pour les tudiants.",Rseaux,Rseaux et Tlcommunications,Dveloppement logiciel (SCRUM),0.607,8,32,4,0.75,0,0,0,0,1,0,REJETE
PRJ-0568,Faire un jeu vido,Je veux faire un jeu. Ce sera amusant.,Cloud / DevOps,Cyberscurit,tude de cas,0.868,4,8,3,1.0,0,0,1,0,0,0,REJETE
PRJ-0339,Application pour grer les notes des tudiants v3,Je veux faire une application pour grer les notes. Elle permettra d'entrer les notes et de calculer les moyennes. Ce sera utile pour les professeurs.,Rseaux,Cyberscurit,Dveloppement logiciel (SCRUM),0.249,8,25,4,0.84,0,0,0,0,0,0,REJETE
PRJ-0472,Intelligence artificielle gnrale,Crer une intelligence artificielle gnrale capable de tout faire comme un humain.,Cyberscurit,Gnie Logiciel,tude de cas,0.799,3,12,2,1.0,0,0,1,0,0,1,REJETE
PRJ-0305,Analyse des donnes de vente d'une entreprise,Ce travail va analyser les donnes de vente d'une entreprise commerciale pour trouver des tendances. On utilisera Excel et Python pour faire les analyses et crer des graphiques.,Systmes Embarqus,Cyberscurit,Prototypage,0.272,7,28,3,0.857,2,1,0,0,0,0,REJETE
PRJ-0025,Analyse prdictive du taux de dcrochage scolaire par apprentissage automatique,"Cette recherche applique des algorithmes de machine learning (Random Forest, XGBoost) pour prdire le risque de dcrochage scolaire  partir de donnes acadmiques et socio-conomiques. Un tableau de bord de visualisation est dvelopp pour les responsables pdagogiques.",Dveloppement Web,Gnie Logiciel,tude de cas,0.395,10,36,3,0.861,3,2,0,0,0,0,REVISION_NECESSAIRE
PRJ-0525,Recherche sur internet,Je vais chercher des informations sur internet sur plusieurs sujets informatiques et faire un rsum de ce que j'ai trouv.,Systmes Embarqus,Gnie Logiciel,Dveloppement logiciel (SCRUM),0.881,3,20,2,0.95,0,0,3,0,0,0,REJETE
PRJ-0274,Systme de gestion de bibliothque,"Dvelopper un logiciel de gestion de bibliothque qui permet d'enregistrer les livres, les emprunts et les retours. Le systme aura une interface simple pour les bibliothcaires.",IA / Machine Learning,Gnie Informatique,Recherche applique,0.674,5,26,3,0.846,2,1,1,0,0,0,REJETE
PRJ-0395,Dveloppement d'une application Android pour les transports v2,On va dvelopper une application Android pour les transports en commun. L'application montrera les horaires et les itinraires disponibles dans la ville.,Bases de donnes,Cyberscurit,Recherche exprimentale,0.728,8,22,3,0.909,1,1,0,0,0,0,REJETE
PRJ-0131,Mise en place d'un systme de vote lectronique scuris pour les lections universitaires  Cas d'tude 1,"Ce projet consiste  concevoir et dployer une plateforme de vote lectronique scurise base sur la cryptographie asymtrique et la blockchain lgre. L'objectif est de garantir l'anonymat, l'intgrit et la traabilit des votes lors des lections au sein de l'universit.",Bases de donnes,Data Science,Dveloppement logiciel (SCRUM),0.203,16,39,3,0.821,4,1,0,0,1,0,APPROUVE
PRJ-0328,Analyse des donnes de vente d'une entreprise,Ce travail va analyser les donnes de vente d'une entreprise commerciale pour trouver des tendances. On utilisera Excel et Python pour faire les analyses et crer des graphiques.,Systmes Embarqus,Cyberscurit,Recherche applique,0.453,7,28,3,0.857,2,1,0,0,0,0,REJETE
PRJ-0449,Dveloppement d'une application Android pour les transports,On va dvelopper une application Android pour les transports en commun. L'application montrera les horaires et les itinraires disponibles dans la ville.,Cyberscurit,Gnie Logiciel,Prototypage,0.444,7,22,3,0.909,1,1,0,0,0,0,REJETE
PRJ-0193,Mise en place d'un systme de vote lectronique scuris pour les lections universitaires,"Ce projet consiste  concevoir et dployer une plateforme de vote lectronique scurise base sur la cryptographie asymtrique et la blockchain lgre. L'objectif est de garantir l'anonymat, l'intgrit et la traabilit des votes lors des lections au sein de l'universit.",Dveloppement Web,Gnie Informatique,Dveloppement logiciel (SCRUM),0.359,13,39,3,0.821,4,1,0,0,1,0,APPROUVE
PRJ-0020,Dveloppement d'une application mobile de tlmdecine pour les zones rurales togolaises,"Cette tude propose le dveloppement d'une application Android permettant aux patients des zones rurales d'accder  des consultations mdicales  distance. L'application intgre un module de golocalisation des centres de sant, un systme de prise de rendez-vous et un dossier mdical numrique simplifi.",Mobile,Gnie Informatique,Recherche applique,0.242,11,41,3,0.829,2,1,0,0,0,0,APPROUVE
PRJ-0406,Systme de gestion de bibliothque,"Dvelopper un logiciel de gestion de bibliothque qui permet d'enregistrer les livres, les emprunts et les retours. Le systme aura une interface simple pour les bibliothcaires.",Cloud / DevOps,Rseaux et Tlcommunications,Prototypage,0.718,5,26,3,0.846,2,1,1,0,0,0,REJETE
PRJ-0334,Mise en place d'un rseau local pour une entreprise,"Ce projet va mettre en place un rseau local pour une petite entreprise. On va choisir les quipements, configurer les switches et les routeurs, et tester la connectivit.",Mobile,Cyberscurit,Recherche applique,0.655,9,28,3,0.857,1,0,0,0,0,0,REJETE
PRJ-0365,Mise en place d'un rseau local pour une entreprise,"Ce projet va mettre en place un rseau local pour une petite entreprise. On va choisir les quipements, configurer les switches et les routeurs, et tester la connectivit.",Cloud / DevOps,Rseaux et Tlcommunications,Recherche exprimentale,0.499,9,28,3,0.857,1,0,0,0,0,0,REJETE
PRJ-0593,tude de tout ce qui concerne les rseaux,Ce mmoire va couvrir tous les aspects des rseaux informatiques depuis les dbuts jusqu' aujourd'hui.,Mobile,Gnie Informatique,Prototypage,0.598,8,15,2,0.933,0,0,0,0,1,1,REJETE
PRJ-0064,Analyse prdictive du taux de dcrochage scolaire par apprentissage automatique,"Cette recherche applique des algorithmes de machine learning (Random Forest, XGBoost) pour prdire le risque de dcrochage scolaire  partir de donnes acadmiques et socio-conomiques. Un tableau de bord de visualisation est dvelopp pour les responsables pdagogiques.",Systmes Embarqus,Data Science,Recherche exprimentale,0.413,10,36,3,0.861,3,2,0,0,0,0,REVISION_NECESSAIRE
PRJ-0087,Analyse prdictive du taux de dcrochage scolaire par apprentissage automatique,"Cette recherche applique des algorithmes de machine learning (Random Forest, XGBoost) pour prdire le risque de dcrochage scolaire  partir de donnes acadmiques et socio-conomiques. Un tableau de bord de visualisation est dvelopp pour les responsables pdagogiques.",Mobile,Rseaux et Tlcommunications,Recherche applique,0.035,10,36,3,0.861,3,2,0,0,0,0,REVISION_NECESSAIRE
PRJ-0259,tude sur la scurit des rseaux wifi v4,Ce projet parle de la scurit wifi. On va voir comment scuriser un rseau wifi et quels sont les problmes qui existent avec les rseaux sans fil dans les entreprises.,Dveloppement Web,Gnie Informatique,Recherche applique,0.216,8,30,3,0.933,1,0,0,0,0,0,REJETE
PRJ-0582,Copie du systme bancaire,Reproduire exactement le systme de la banque Ecobank avec toutes ses fonctionnalits en 2 mois.,Bases de donnes,Cyberscurit,Recherche applique,0.683,4,15,2,1.0,1,0,1,0,0,1,REJETE
PRJ-0012,Plateforme e-commerce B2B pour l'approvisionnement des PME africaines,"Cette tude conoit une marketplace B2B permettant aux PME d'Afrique de l'Ouest de s'approvisionner auprs de fournisseurs locaux et internationaux. La plateforme intgre un module de paiement mobile money, une gestion des stocks et un systme de notation des fournisseurs.",Cloud / DevOps,Data Science,Prototypage,0.074,8,40,3,0.8,3,0,0,0,0,0,APPROUVE
PRJ-0376,Dveloppement d'une application Android pour les transports,On va dvelopper une application Android pour les transports en commun. L'application montrera les horaires et les itinraires disponibles dans la ville.,Cyberscurit,Systmes Embarqus,Recherche exprimentale,0.507,7,22,3,0.909,1,1,0,0,0,0,REJETE
PRJ-0109,Implmentation d'un SIEM open source pour la dtection d'intrusions en entreprise,Ce travail consiste  dployer et configurer un SIEM bas sur Wazuh/ELK Stack pour centraliser la gestion des logs et dtecter les intrusions dans une PME locale. Il inclut la dfinition des rgles de corrlation et les procdures de rponse aux incidents.,Mobile,Cyberscurit,Prototypage,0.235,11,41,3,0.854,1,0,0,0,1,0,REVISION_NECESSAIRE
PRJ-0068,Classification automatique de documents administratifs par traitement du langage naturel,"Ce projet applique des techniques de NLP (TF-IDF, BERT) pour classifier automatiquement des documents administratifs numriss en catgories prdfinies. L'objectif est de rduire le temps de traitement manuel dans les services administratifs.",Systmes Embarqus,Systmes Embarqus,Prototypage,0.328,10,32,3,0.906,1,2,0,0,1,0,REVISION_NECESSAIRE
PRJ-0373,Mise en place d'un rseau local pour une entreprise,"Ce projet va mettre en place un rseau local pour une petite entreprise. On va choisir les quipements, configurer les switches et les routeurs, et tester la connectivit.",Cloud / DevOps,Cyberscurit,Recherche applique,0.389,9,28,3,0.857,1,0,0,0,0,0,REJETE
PRJ-0115,Systme embarqu de surveillance environnementale bas sur IoT,"Ce projet dveloppe un systme de capteurs connects (Arduino + Raspberry Pi) pour surveiller la qualit de l'air, l'humidit et la temprature dans un environnement industriel. Les donnes sont transmises via MQTT et visualises sur un dashboard Grafana.",Bases de donnes,Gnie Informatique,tude de cas,0.108,8,38,3,0.868,2,2,0,0,0,0,APPROUVE
PRJ-0117,Conception d'un entrept de donnes pour le suivi pidmiologique au Ministre de la Sant,"Ce projet vise  concevoir un data warehouse selon la modlisation en toile pour centraliser les donnes pidmiologiques nationales. Il inclut la mise en place d'un pipeline ETL, le dploiement sous PostgreSQL et la cration de rapports analytiques sur Power BI.",Systmes Embarqus,Systmes Embarqus,Prototypage,0.166,14,40,3,0.925,2,1,0,0,1,0,APPROUVE
PRJ-0010,Implmentation d'un SIEM open source pour la dtection d'intrusions en entreprise,Ce travail consiste  dployer et configurer un SIEM bas sur Wazuh/ELK Stack pour centraliser la gestion des logs et dtecter les intrusions dans une PME locale. Il inclut la dfinition des rgles de corrlation et les procdures de rponse aux incidents.,Systmes Embarqus,Rseaux et Tlcommunications,Recherche applique,0.286,11,41,3,0.854,1,0,0,0,1,0,REVISION_NECESSAIRE
PRJ-0207,Implmentation d'un SIEM open source pour la dtection d'intrusions en entreprise,Ce travail consiste  dployer et configurer un SIEM bas sur Wazuh/ELK Stack pour centraliser la gestion des logs et dtecter les intrusions dans une PME locale. Il inclut la dfinition des rgles de corrlation et les procdures de rponse aux incidents.,Cloud / DevOps,Gnie Informatique,Dveloppement logiciel (SCRUM),0.299,11,41,3,0.854,1,0,0,0,1,0,REVISION_NECESSAIRE
PRJ-0416,Systme de gestion de bibliothque,"Dvelopper un logiciel de gestion de bibliothque qui permet d'enregistrer les livres, les emprunts et les retours. Le systme aura une interface simple pour les bibliothcaires.",Rseaux,Systmes Embarqus,Dveloppement logiciel (SCRUM),0.473,5,26,3,0.846,2,1,1,0,0,0,REJETE
PRJ-0471,Intelligence artificielle gnrale,Crer une intelligence artificielle gnrale capable de tout faire comme un humain.,Mobile,Gnie Logiciel,Recherche applique,0.92,3,12,2,1.0,0,0,1,0,0,1,REJETE
PRJ-0465,Application pour grer les notes des tudiants,Je veux faire une application pour grer les notes. Elle permettra d'entrer les notes et de calculer les moyennes. Ce sera utile pour les professeurs.,Dveloppement Web,Gnie Informatique,tude de cas,0.666,7,25,4,0.84,0,0,0,0,0,0,REJETE
PRJ-0486,tude de tout ce qui concerne les rseaux,Ce mmoire va couvrir tous les aspects des rseaux informatiques depuis les dbuts jusqu' aujourd'hui.,Cloud / DevOps,Data Science,Prototypage,0.559,8,15,2,0.933,0,0,0,0,1,1,REJETE
PRJ-0085,Implmentation d'un SIEM open source pour la dtection d'intrusions en entreprise,Ce travail consiste  dployer et configurer un SIEM bas sur Wazuh/ELK Stack pour centraliser la gestion des logs et dtecter les intrusions dans une PME locale. Il inclut la dfinition des rgles de corrlation et les procdures de rponse aux incidents.,Cyberscurit,Gnie Informatique,tude de cas,0.247,11,41,3,0.854,1,0,0,0,1,0,APPROUVE
PRJ-0097,Mise en place d'un systme de vote lectronique scuris pour les lections universitaires,"Ce projet consiste  concevoir et dployer une plateforme de vote lectronique scurise base sur la cryptographie asymtrique et la blockchain lgre. L'objectif est de garantir l'anonymat, l'intgrit et la traabilit des votes lors des lections au sein de l'universit.",Rseaux,Systmes Embarqus,Recherche applique,0.171,13,39,3,0.821,4,1,0,0,1,0,APPROUVE
PRJ-0385,Systme de gestion de bibliothque,"Dvelopper un logiciel de gestion de bibliothque qui permet d'enregistrer les livres, les emprunts et les retours. Le systme aura une interface simple pour les bibliothcaires.",Cloud / DevOps,Data Science,Recherche exprimentale,0.209,5,26,3,0.846,2,1,1,0,0,0,REJETE
PRJ-0184,Systme embarqu de surveillance environnementale bas sur IoT,"Ce projet dveloppe un systme de capteurs connects (Arduino + Raspberry Pi) pour surveiller la qualit de l'air, l'humidit et la temprature dans un environnement industriel. Les donnes sont transmises via MQTT et visualises sur un dashboard Grafana.",Cyberscurit,Systmes Embarqus,tude de cas,0.106,8,38,3,0.868,2,2,0,0,0,0,REVISION_NECESSAIRE
PRJ-0251,Application de chat en temps rel v2,Ce projet vise  crer une application de messagerie instantane. Les utilisateurs pourront envoyer des messages en temps rel. On utilisera des websockets pour la communication.,Rseaux,Cyberscurit,Recherche exprimentale,0.631,7,25,4,0.96,0,0,0,0,1,0,REJETE
PRJ-0462,Mise en place d'un rseau local pour une entreprise,"Ce projet va mettre en place un rseau local pour une petite entreprise. On va choisir les quipements, configurer les switches et les routeurs, et tester la connectivit.",Cloud / DevOps,Systmes Embarqus,tude de cas,0.548,9,28,3,0.857,1,0,0,0,0,0,REJETE
PRJ-0176,Mise en place d'un systme de vote lectronique scuris pour les lections universitaires  Cas d'tude 6,"Ce projet consiste  concevoir et dployer une plateforme de vote lectronique scurise base sur la cryptographie asymtrique et la blockchain lgre. L'objectif est de garantir l'anonymat, l'intgrit et la traabilit des votes lors des lections au sein de l'universit.",Systmes Embarqus,Cyberscurit,Prototypage,0.354,16,39,3,0.821,4,1,0,0,1,0,APPROUVE
PRJ-0069,Plateforme e-commerce B2B pour l'approvisionnement des PME africaines,"Cette tude conoit une marketplace B2B permettant aux PME d'Afrique de l'Ouest de s'approvisionner auprs de fournisseurs locaux et internationaux. La plateforme intgre un module de paiement mobile money, une gestion des stocks et un systme de notation des fournisseurs.",Rseaux,Data Science,Dveloppement logiciel (SCRUM),0.405,8,40,3,0.8,3,0,0,0,0,0,REVISION_NECESSAIRE
PRJ-0352,Mise en place d'un rseau local pour une entreprise,"Ce projet va mettre en place un rseau local pour une petite entreprise. On va choisir les quipements, configurer les switches et les routeurs, et tester la connectivit.",Cloud / DevOps,Gnie Informatique,Prototypage,0.533,9,28,3,0.857,1,0,0,0,0,0,REJETE
PRJ-0455,Mise en place d'un rseau local pour une entreprise v2,"Ce projet va mettre en place un rseau local pour une petite entreprise. On va choisir les quipements, configurer les switches et les routeurs, et tester la connectivit.",Rseaux,Rseaux et Tlcommunications,Prototypage,0.265,10,28,3,0.857,1,0,0,0,0,0,REJETE
PRJ-0571,Copie du systme bancaire,Reproduire exactement le systme de la banque Ecobank avec toutes ses fonctionnalits en 2 mois.,Cloud / DevOps,Rseaux et Tlcommunications,Recherche exprimentale,0.691,4,15,2,1.0,1,0,1,0,0,1,REJETE
PRJ-0346,Dveloppement d'une application Android pour les transports,On va dvelopper une application Android pour les transports en commun. L'application montrera les horaires et les itinraires disponibles dans la ville.,Dveloppement Web,Systmes Embarqus,Dveloppement logiciel (SCRUM),0.483,7,22,3,0.909,1,1,0,0,0,0,REJETE
PRJ-0467,Systme de gestion de bibliothque v2,"Dvelopper un logiciel de gestion de bibliothque qui permet d'enregistrer les livres, les emprunts et les retours. Le systme aura une interface simple pour les bibliothcaires.",Mobile,Data Science,Prototypage,0.378,6,26,3,0.846,2,1,1,0,0,0,REJETE
PRJ-0298,Application de chat en temps rel,Ce projet vise  crer une application de messagerie instantane. Les utilisateurs pourront envoyer des messages en temps rel. On utilisera des websockets pour la communication.,Mobile,Rseaux et Tlcommunications,Recherche applique,0.338,6,25,4,0.96,0,0,0,0,1,0,REJETE
PRJ-0570,Recherche sur internet,Je vais chercher des informations sur internet sur plusieurs sujets informatiques et faire un rsum de ce que j'ai trouv.,Cyberscurit,Rseaux et Tlcommunications,Recherche exprimentale,0.841,3,20,2,0.95,0,0,3,0,0,0,REJETE
PRJ-0047,Dploiement d'une infrastructure rseau WiFi communautaire  faible cot,"Cette tude propose le dploiement d'un rseau WiFi communautaire dans un quartier priurbain de Lom en utilisant des quipements open source. Le projet couvre la conception, la simulation sous GNS3, le dploiement et la mesure des performances relles.",Mobile,Systmes Embarqus,Recherche applique,0.178,8,38,3,0.842,2,0,0,0,0,0,REVISION_NECESSAIRE
PRJ-0067,Conception d'un entrept de donnes pour le suivi pidmiologique au Ministre de la Sant,"Ce projet vise  concevoir un data warehouse selon la modlisation en toile pour centraliser les donnes pidmiologiques nationales. Il inclut la mise en place d'un pipeline ETL, le dploiement sous PostgreSQL et la cration de rapports analytiques sur Power BI.",Mobile,Gnie Logiciel,Dveloppement logiciel (SCRUM),0.433,14,40,3,0.925,2,1,0,0,1,0,APPROUVE
PRJ-0172,Conception d'un systme de dtection de fraude bancaire par deep learning au Togo,"Ce travail vise  concevoir et implmenter un systme intelligent de dtection de transactions frauduleuses en utilisant des rseaux de neurones LSTM appliqus aux donnes de mobile money au Togo. La mthodologie inclut la collecte de donnes anonymises, le prtraitement, l'entranement du modle et l'valuation des performances sur un jeu de test rel.",Mobile,Rseaux et Tlcommunications,Prototypage,0.335,13,52,3,0.808,7,1,0,1,1,0,APPROUVE
PRJ-0314,Application de chat en temps rel,Ce projet vise  crer une application de messagerie instantane. Les utilisateurs pourront envoyer des messages en temps rel. On utilisera des websockets pour la communication.,Mobile,Cyberscurit,Prototypage,0.477,6,25,4,0.96,0,0,0,0,1,0,REJETE
PRJ-0516,Application,Une application mobile.,Bases de donnes,Data Science,tude de cas,0.574,1,3,2,1.0,0,0,0,0,0,0,REJETE
PRJ-0538,Recherche sur internet,Je vais chercher des informations sur internet sur plusieurs sujets informatiques et faire un rsum de ce que j'ai trouv.,Bases de donnes,Cyberscurit,Recherche applique,0.585,3,20,2,0.95,0,0,3,0,0,0,REJETE
PRJ-0106,Classification automatique de documents administratifs par traitement du langage naturel  Cas d'tude 6,"Ce projet applique des techniques de NLP (TF-IDF, BERT) pour classifier automatiquement des documents administratifs numriss en catgories prdfinies. L'objectif est de rduire le temps de traitement manuel dans les services administratifs.",IA / Machine Learning,Data Science,Prototypage,0.358,13,32,3,0.906,1,2,0,0,1,0,APPROUVE
PRJ-0544,tude de tout ce qui concerne les rseaux,Ce mmoire va couvrir tous les aspects des rseaux informatiques depuis les dbuts jusqu' aujourd'hui.,Cyberscurit,Gnie Informatique,tude de cas,0.561,8,15,2,0.933,0,0,0,0,1,1,REJETE
PRJ-0320,Mise en place d'un rseau local pour une entreprise,"Ce projet va mettre en place un rseau local pour une petite entreprise. On va choisir les quipements, configurer les switches et les routeurs, et tester la connectivit.",IA / Machine Learning,Data Science,Recherche applique,0.365,9,28,3,0.857,1,0,0,0,0,0,REJETE
PRJ-0353,Mise en place d'un rseau local pour une entreprise,"Ce projet va mettre en place un rseau local pour une petite entreprise. On va choisir les quipements, configurer les switches et les routeurs, et tester la connectivit.",Rseaux,Rseaux et Tlcommunications,Prototypage,0.641,9,28,3,0.857,1,0,0,0,0,0,REJETE
PRJ-0232,Dveloppement d'une application mobile de tlmdecine pour les zones rurales togolaises,"Cette tude propose le dveloppement d'une application Android permettant aux patients des zones rurales d'accder  des consultations mdicales  distance. L'application intgre un module de golocalisation des centres de sant, un systme de prise de rendez-vous et un dossier mdical numrique simplifi.",Mobile,Cyberscurit,Dveloppement logiciel (SCRUM),0.284,11,41,3,0.829,2,1,0,0,0,0,REVISION_NECESSAIRE
PRJ-0255,Mise en place d'un rseau local pour une entreprise v3,"Ce projet va mettre en place un rseau local pour une petite entreprise. On va choisir les quipements, configurer les switches et les routeurs, et tester la connectivit.",Dveloppement Web,Gnie Informatique,Prototypage,0.505,10,28,3,0.857,1,0,0,0,0,0,REJETE
PRJ-0537,tude de tout ce qui concerne les rseaux,Ce mmoire va couvrir tous les aspects des rseaux informatiques depuis les dbuts jusqu' aujourd'hui.,IA / Machine Learning,Gnie Informatique,Recherche applique,0.814,8,15,2,0.933,0,0,0,0,1,1,REJETE
PRJ-0019,Implmentation d'un SIEM open source pour la dtection d'intrusions en entreprise,Ce travail consiste  dployer et configurer un SIEM bas sur Wazuh/ELK Stack pour centraliser la gestion des logs et dtecter les intrusions dans une PME locale. Il inclut la dfinition des rgles de corrlation et les procdures de rponse aux incidents.,Mobile,Cyberscurit,Dveloppement logiciel (SCRUM),0.448,11,41,3,0.854,1,0,0,0,1,0,REVISION_NECESSAIRE
PRJ-0196,Dveloppement d'une application mobile de tlmdecine pour les zones rurales togolaises  Cas d'tude 6,"Cette tude propose le dveloppement d'une application Android permettant aux patients des zones rurales d'accder  des consultations mdicales  distance. L'application intgre un module de golocalisation des centres de sant, un systme de prise de rendez-vous et un dossier mdical numrique simplifi.",Dveloppement Web,Systmes Embarqus,Prototypage,0.35,14,41,3,0.829,2,1,0,0,0,0,REVISION_NECESSAIRE
PRJ-0330,Application de chat en temps rel,Ce projet vise  crer une application de messagerie instantane. Les utilisateurs pourront envoyer des messages en temps rel. On utilisera des websockets pour la communication.,Mobile,Data Science,Recherche exprimentale,0.735,6,25,4,0.96,0,0,0,0,1,0,REJETE
PRJ-0015,Implmentation d'un SIEM open source pour la dtection d'intrusions en entreprise,Ce travail consiste  dployer et configurer un SIEM bas sur Wazuh/ELK Stack pour centraliser la gestion des logs et dtecter les intrusions dans une PME locale. Il inclut la dfinition des rgles de corrlation et les procdures de rponse aux incidents.,Cyberscurit,Data Science,Recherche exprimentale,0.289,11,41,3,0.854,1,0,0,0,1,0,APPROUVE
PRJ-0383,Analyse des donnes de vente d'une entreprise v2,Ce travail va analyser les donnes de vente d'une entreprise commerciale pour trouver des tendances. On utilisera Excel et Python pour faire les analyses et crer des graphiques.,Dveloppement Web,Gnie Informatique,tude de cas,0.474,8,28,3,0.857,2,1,0,0,0,0,REJETE
PRJ-0205,Dveloppement d'une application mobile de tlmdecine pour les zones rurales togolaises,"Cette tude propose le dveloppement d'une application Android permettant aux patients des zones rurales d'accder  des consultations mdicales  distance. L'application intgre un module de golocalisation des centres de sant, un systme de prise de rendez-vous et un dossier mdical numrique simplifi.",Cloud / DevOps,Gnie Logiciel,Recherche applique,0.038,11,41,3,0.829,2,1,0,0,0,0,REVISION_NECESSAIRE
PRJ-0039,Systme embarqu de surveillance environnementale bas sur IoT,"Ce projet dveloppe un systme de capteurs connects (Arduino + Raspberry Pi) pour surveiller la qualit de l'air, l'humidit et la temprature dans un environnement industriel. Les donnes sont transmises via MQTT et visualises sur un dashboard Grafana.",IA / Machine Learning,Rseaux et Tlcommunications,tude de cas,0.389,8,38,3,0.868,2,2,0,0,0,0,REVISION_NECESSAIRE
PRJ-0552,Application,Une application mobile.,Bases de donnes,Gnie Informatique,tude de cas,0.522,1,3,2,1.0,0,0,0,0,0,0,REJETE
PRJ-0393,Application de chat en temps rel,Ce projet vise  crer une application de messagerie instantane. Les utilisateurs pourront envoyer des messages en temps rel. On utilisera des websockets pour la communication.,Cloud / DevOps,Rseaux et Tlcommunications,Dveloppement logiciel (SCRUM),0.358,6,25,4,0.96,0,0,0,0,1,0,REJETE
PRJ-0489,Intelligence artificielle gnrale,Crer une intelligence artificielle gnrale capable de tout faire comme un humain.,Cloud / DevOps,Systmes Embarqus,tude de cas,0.725,3,12,2,1.0,0,0,1,0,0,1,REJETE
PRJ-0542,Recherche sur internet,Je vais chercher des informations sur internet sur plusieurs sujets informatiques et faire un rsum de ce que j'ai trouv.,Dveloppement Web,Cyberscurit,Recherche applique,0.913,3,20,2,0.95,0,0,3,0,0,0,REJETE
PRJ-0414,Application de chat en temps rel,Ce projet vise  crer une application de messagerie instantane. Les utilisateurs pourront envoyer des messages en temps rel. On utilisera des websockets pour la communication.,Dveloppement Web,Rseaux et Tlcommunications,tude de cas,0.471,6,25,4,0.96,0,0,0,0,1,0,REJETE
PRJ-0440,Cration d'un site web pour une cole,"Le projet consiste  crer un site web pour une cole. Le site aura des pages pour prsenter l'cole, les cours et les professeurs. Il y aura aussi un espace pour les tudiants.",Dveloppement Web,Data Science,tude de cas,0.308,7,32,4,0.75,0,0,0,0,1,0,REJETE
PRJ-0445,Cration d'un site web pour une cole,"Le projet consiste  crer un site web pour une cole. Le site aura des pages pour prsenter l'cole, les cours et les professeurs. Il y aura aussi un espace pour les tudiants.",Bases de donnes,Gnie Informatique,Prototypage,0.433,7,32,4,0.75,0,0,0,0,1,0,REJETE
PRJ-0133,Conception d'un entrept de donnes pour le suivi pidmiologique au Ministre de la Sant,"Ce projet vise  concevoir un data warehouse selon la modlisation en toile pour centraliser les donnes pidmiologiques nationales. Il inclut la mise en place d'un pipeline ETL, le dploiement sous PostgreSQL et la cration de rapports analytiques sur Power BI.",Rseaux,Systmes Embarqus,Dveloppement logiciel (SCRUM),0.281,14,40,3,0.925,2,1,0,0,1,0,APPROUVE
PRJ-0091,Classification automatique de documents administratifs par traitement du langage naturel  Cas d'tude 1,"Ce projet applique des techniques de NLP (TF-IDF, BERT) pour classifier automatiquement des documents administratifs numriss en catgories prdfinies. L'objectif est de rduire le temps de traitement manuel dans les services administratifs.",Cloud / DevOps,Systmes Embarqus,Dveloppement logiciel (SCRUM),0.009,13,32,3,0.906,1,2,0,0,1,0,APPROUVE
PRJ-0502,Systme comme Google,Crer un moteur de recherche similaire  Google pour l'Afrique.,Systmes Embarqus,Data Science,Dveloppement logiciel (SCRUM),0.612,3,9,2,1.0,1,0,1,0,0,0,REJETE
PRJ-0163,Conception d'un entrept de donnes pour le suivi pidmiologique au Ministre de la Sant,"Ce projet vise  concevoir un data warehouse selon la modlisation en toile pour centraliser les donnes pidmiologiques nationales. Il inclut la mise en place d'un pipeline ETL, le dploiement sous PostgreSQL et la cration de rapports analytiques sur Power BI.",IA / Machine Learning,Data Science,Recherche applique,0.021,14,40,3,0.925,2,1,0,0,1,0,APPROUVE
PRJ-0173,Dploiement d'une infrastructure rseau WiFi communautaire  faible cot,"Cette tude propose le dploiement d'un rseau WiFi communautaire dans un quartier priurbain de Lom en utilisant des quipements open source. Le projet couvre la conception, la simulation sous GNS3, le dploiement et la mesure des performances relles.",Mobile,Gnie Informatique,Recherche exprimentale,0.086,8,38,3,0.842,2,0,0,0,0,0,REVISION_NECESSAIRE
PRJ-0215,Dveloppement d'une application mobile de tlmdecine pour les zones rurales togolaises,"Cette tude propose le dveloppement d'une application Android permettant aux patients des zones rurales d'accder  des consultations mdicales  distance. L'application intgre un module de golocalisation des centres de sant, un systme de prise de rendez-vous et un dossier mdical numrique simplifi.",IA / Machine Learning,Gnie Informatique,Dveloppement logiciel (SCRUM),0.07,11,41,3,0.829,2,1,0,0,0,0,APPROUVE
PRJ-0281,Application de chat en temps rel,Ce projet vise  crer une application de messagerie instantane. Les utilisateurs pourront envoyer des messages en temps rel. On utilisera des websockets pour la communication.,IA / Machine Learning,Gnie Logiciel,tude de cas,0.635,6,25,4,0.96,0,0,0,0,1,0,REJETE
PRJ-0463,tude sur la scurit des rseaux wifi v4,Ce projet parle de la scurit wifi. On va voir comment scuriser un rseau wifi et quels sont les problmes qui existent avec les rseaux sans fil dans les entreprises.,Dveloppement Web,Systmes Embarqus,Prototypage,0.684,8,30,3,0.933,1,0,0,0,0,0,REJETE
PRJ-0005,Dploiement d'une infrastructure rseau WiFi communautaire  faible cot,"Cette tude propose le dploiement d'un rseau WiFi communautaire dans un quartier priurbain de Lom en utilisant des quipements open source. Le projet couvre la conception, la simulation sous GNS3, le dploiement et la mesure des performances relles.",Systmes Embarqus,Gnie Logiciel,Dveloppement logiciel (SCRUM),0.097,8,38,3,0.842,2,0,0,0,0,0,REVISION_NECESSAIRE
PRJ-0060,Analyse prdictive du taux de dcrochage scolaire par apprentissage automatique,"Cette recherche applique des algorithmes de machine learning (Random Forest, XGBoost) pour prdire le risque de dcrochage scolaire  partir de donnes acadmiques et socio-conomiques. Un tableau de bord de visualisation est dvelopp pour les responsables pdagogiques.",Cloud / DevOps,Cyberscurit,Recherche exprimentale,0.159,10,36,3,0.861,3,2,0,0,0,0,APPROUVE
PRJ-0321,tude sur la scurit des rseaux wifi,Ce projet parle de la scurit wifi. On va voir comment scuriser un rseau wifi et quels sont les problmes qui existent avec les rseaux sans fil dans les entreprises.,IA / Machine Learning,Cyberscurit,tude de cas,0.521,7,30,3,0.933,1,0,0,0,0,0,REJETE
PRJ-0182,Dploiement d'une infrastructure rseau WiFi communautaire  faible cot,"Cette tude propose le dploiement d'un rseau WiFi communautaire dans un quartier priurbain de Lom en utilisant des quipements open source. Le projet couvre la conception, la simulation sous GNS3, le dploiement et la mesure des performances relles.",Dveloppement Web,Gnie Informatique,tude de cas,0.1,8,38,3,0.842,2,0,0,0,0,0,APPROUVE
PRJ-0341,Cration d'un site web pour une cole,"Le projet consiste  crer un site web pour une cole. Le site aura des pages pour prsenter l'cole, les cours et les professeurs. Il y aura aussi un espace pour les tudiants.",Mobile,Gnie Logiciel,Dveloppement logiciel (SCRUM),0.729,7,32,4,0.75,0,0,0,0,1,0,REJETE
PRJ-0500,Copie du systme bancaire,Reproduire exactement le systme de la banque Ecobank avec toutes ses fonctionnalits en 2 mois.,IA / Machine Learning,Rseaux et Tlcommunications,Dveloppement logiciel (SCRUM),0.501,4,15,2,1.0,1,0,1,0,0,1,REJETE
PRJ-0083,Analyse prdictive du taux de dcrochage scolaire par apprentissage automatique,"Cette recherche applique des algorithmes de machine learning (Random Forest, XGBoost) pour prdire le risque de dcrochage scolaire  partir de donnes acadmiques et socio-conomiques. Un tableau de bord de visualisation est dvelopp pour les responsables pdagogiques.",Cyberscurit,Systmes Embarqus,Prototypage,0.055,10,36,3,0.861,3,2,0,0,0,0,APPROUVE
PRJ-0185,Dploiement d'une infrastructure rseau WiFi communautaire  faible cot,"Cette tude propose le dploiement d'un rseau WiFi communautaire dans un quartier priurbain de Lom en utilisant des quipements open source. Le projet couvre la conception, la simulation sous GNS3, le dploiement et la mesure des performances relles.",Cloud / DevOps,Cyberscurit,Recherche exprimentale,0.334,8,38,3,0.842,2,0,0,0,0,0,APPROUVE
PRJ-0324,Application pour grer les notes des tudiants,Je veux faire une application pour grer les notes. Elle permettra d'entrer les notes et de calculer les moyennes. Ce sera utile pour les professeurs.,Rseaux,Gnie Logiciel,tude de cas,0.585,7,25,4,0.84,0,0,0,0,0,0,REJETE
PRJ-0147,Dveloppement d'une application mobile de tlmdecine pour les zones rurales togolaises,"Cette tude propose le dveloppement d'une application Android permettant aux patients des zones rurales d'accder  des consultations mdicales  distance. L'application intgre un module de golocalisation des centres de sant, un systme de prise de rendez-vous et un dossier mdical numrique simplifi.",Rseaux,Gnie Informatique,Recherche exprimentale,0.284,11,41,3,0.829,2,1,0,0,0,0,REVISION_NECESSAIRE
PRJ-0469,Application pour grer les notes des tudiants,Je veux faire une application pour grer les notes. Elle permettra d'entrer les notes et de calculer les moyennes. Ce sera utile pour les professeurs.,Bases de donnes,Gnie Logiciel,Dveloppement logiciel (SCRUM),0.631,7,25,4,0.84,0,0,0,0,0,0,REJETE
PRJ-0420,Mise en place d'un rseau local pour une entreprise,"Ce projet va mettre en place un rseau local pour une petite entreprise. On va choisir les quipements, configurer les switches et les routeurs, et tester la connectivit.",Systmes Embarqus,Systmes Embarqus,Recherche applique,0.63,9,28,3,0.857,1,0,0,0,0,0,REJETE
PRJ-0351,Application de chat en temps rel v3,Ce projet vise  crer une application de messagerie instantane. Les utilisateurs pourront envoyer des messages en temps rel. On utilisera des websockets pour la communication.,Cyberscurit,Systmes Embarqus,Recherche exprimentale,0.321,7,25,4,0.96,0,0,0,0,1,0,REJETE
PRJ-0206,Mise en place d'un systme de vote lectronique scuris pour les lections universitaires  Cas d'tude 6,"Ce projet consiste  concevoir et dployer une plateforme de vote lectronique scurise base sur la cryptographie asymtrique et la blockchain lgre. L'objectif est de garantir l'anonymat, l'intgrit et la traabilit des votes lors des lections au sein de l'universit.",Systmes Embarqus,Gnie Informatique,Dveloppement logiciel (SCRUM),0.264,16,39,3,0.821,4,1,0,0,1,0,APPROUVE
PRJ-0141,Dploiement d'une infrastructure rseau WiFi communautaire  faible cot  Cas d'tude 1,"Cette tude propose le dploiement d'un rseau WiFi communautaire dans un quartier priurbain de Lom en utilisant des quipements open source. Le projet couvre la conception, la simulation sous GNS3, le dploiement et la mesure des performances relles.",Dveloppement Web,Rseaux et Tlcommunications,Recherche applique,0.144,11,38,3,0.842,2,0,0,0,0,0,REVISION_NECESSAIRE
PRJ-0155,Analyse prdictive du taux de dcrochage scolaire par apprentissage automatique,"Cette recherche applique des algorithmes de machine learning (Random Forest, XGBoost) pour prdire le risque de dcrochage scolaire  partir de donnes acadmiques et socio-conomiques. Un tableau de bord de visualisation est dvelopp pour les responsables pdagogiques.",Cloud / DevOps,Rseaux et Tlcommunications,tude de cas,0.107,10,36,3,0.861,3,2,0,0,0,0,APPROUVE
PRJ-0056,Mise en place d'un systme de vote lectronique scuris pour les lections universitaires  Cas d'tude 6,"Ce projet consiste  concevoir et dployer une plateforme de vote lectronique scurise base sur la cryptographie asymtrique et la blockchain lgre. L'objectif est de garantir l'anonymat, l'intgrit et la traabilit des votes lors des lections au sein de l'universit.",Cloud / DevOps,Cyberscurit,Dveloppement logiciel (SCRUM),0.248,16,39,3,0.821,4,1,0,0,1,0,APPROUVE
PRJ-0424,Cration d'un site web pour une cole,"Le projet consiste  crer un site web pour une cole. Le site aura des pages pour prsenter l'cole, les cours et les professeurs. Il y aura aussi un espace pour les tudiants.",Cyberscurit,Gnie Informatique,tude de cas,0.333,7,32,4,0.75,0,0,0,0,1,0,REJETE
PRJ-0306,tude sur la scurit des rseaux wifi,Ce projet parle de la scurit wifi. On va voir comment scuriser un rseau wifi et quels sont les problmes qui existent avec les rseaux sans fil dans les entreprises.,Mobile,Systmes Embarqus,Recherche exprimentale,0.457,7,30,3,0.933,1,0,0,0,0,0,REJETE
PRJ-0543,Application,Une application mobile.,Cloud / DevOps,Cyberscurit,Dveloppement logiciel (SCRUM),0.924,1,3,2,1.0,0,0,0,0,0,0,REJETE
PRJ-0391,Application pour grer les notes des tudiants v4,Je veux faire une application pour grer les notes. Elle permettra d'entrer les notes et de calculer les moyennes. Ce sera utile pour les professeurs.,IA / Machine Learning,Cyberscurit,Prototypage,0.451,8,25,4,0.84,0,0,0,0,0,0,REJETE
PRJ-0123,Systme embarqu de surveillance environnementale bas sur IoT,"Ce projet dveloppe un systme de capteurs connects (Arduino + Raspberry Pi) pour surveiller la qualit de l'air, l'humidit et la temprature dans un environnement industriel. Les donnes sont transmises via MQTT et visualises sur un dashboard Grafana.",Mobile,Systmes Embarqus,tude de cas,0.006,8,38,3,0.868,2,2,0,0,0,0,REVISION_NECESSAIRE
PRJ-0513,Systme comme Google,Crer un moteur de recherche similaire  Google pour l'Afrique.,Cloud / DevOps,Gnie Informatique,Recherche exprimentale,0.756,3,9,2,1.0,1,0,1,0,0,0,REJETE
PRJ-0200,Mise en place d'un systme de vote lectronique scuris pour les lections universitaires,"Ce projet consiste  concevoir et dployer une plateforme de vote lectronique scurise base sur la cryptographie asymtrique et la blockchain lgre. L'objectif est de garantir l'anonymat, l'intgrit et la traabilit des votes lors des lections au sein de l'universit.",Systmes Embarqus,Systmes Embarqus,Prototypage,0.124,13,39,3,0.821,4,1,0,0,1,0,APPROUVE
PRJ-0484,Intelligence artificielle gnrale,Crer une intelligence artificielle gnrale capable de tout faire comme un humain.,Rseaux,Systmes Embarqus,tude de cas,0.853,3,12,2,1.0,0,0,1,0,0,1,REJETE
PRJ-0073,Plateforme e-commerce B2B pour l'approvisionnement des PME africaines,"Cette tude conoit une marketplace B2B permettant aux PME d'Afrique de l'Ouest de s'approvisionner auprs de fournisseurs locaux et internationaux. La plateforme intgre un module de paiement mobile money, une gestion des stocks et un systme de notation des fournisseurs.",Cloud / DevOps,Gnie Informatique,Recherche exprimentale,0.189,8,40,3,0.8,3,0,0,0,0,0,REVISION_NECESSAIRE
PRJ-0055,Conception d'un entrept de donnes pour le suivi pidmiologique au Ministre de la Sant,"Ce projet vise  concevoir un data warehouse selon la modlisation en toile pour centraliser les donnes pidmiologiques nationales. Il inclut la mise en place d'un pipeline ETL, le dploiement sous PostgreSQL et la cration de rapports analytiques sur Power BI.",Cyberscurit,Gnie Informatique,Recherche applique,0.15,14,40,3,0.925,2,1,0,0,1,0,APPROUVE
PRJ-0482,Application,Une application mobile.,Mobile,Gnie Informatique,Dveloppement logiciel (SCRUM),0.77,1,3,2,1.0,0,0,0,0,0,0,REJETE
PRJ-0121,Conception d'un entrept de donnes pour le suivi pidmiologique au Ministre de la Sant  Cas d'tude 1,"Ce projet vise  concevoir un data warehouse selon la modlisation en toile pour centraliser les donnes pidmiologiques nationales. Il inclut la mise en place d'un pipeline ETL, le dploiement sous PostgreSQL et la cration de rapports analytiques sur Power BI.",IA / Machine Learning,Gnie Informatique,Prototypage,0.081,17,40,3,0.925,2,1,0,0,1,0,APPROUVE
PRJ-0475,Projet sur la blockchain,La blockchain c'est bien. Je vais faire quelque chose avec la blockchain.,Dveloppement Web,Systmes Embarqus,Recherche exprimentale,0.813,4,12,3,0.917,0,1,1,0,0,0,REJETE
PRJ-0302,Mise en place d'un rseau local pour une entreprise,"Ce projet va mettre en place un rseau local pour une petite entreprise. On va choisir les quipements, configurer les switches et les routeurs, et tester la connectivit.",Mobile,Systmes Embarqus,Recherche exprimentale,0.5,9,28,3,0.857,1,0,0,0,0,0,REJETE
PRJ-0267,Analyse des donnes de vente d'une entreprise v3,Ce travail va analyser les donnes de vente d'une entreprise commerciale pour trouver des tendances. On utilisera Excel et Python pour faire les analyses et crer des graphiques.,IA / Machine Learning,Systmes Embarqus,tude de cas,0.489,8,28,3,0.857,2,1,0,0,0,0,REJETE
PRJ-0381,Systme de gestion de bibliothque,"Dvelopper un logiciel de gestion de bibliothque qui permet d'enregistrer les livres, les emprunts et les retours. Le systme aura une interface simple pour les bibliothcaires.",Cloud / DevOps,Rseaux et Tlcommunications,Prototypage,0.587,5,26,3,0.846,2,1,1,0,0,0,REJETE
PRJ-0340,Cration d'un site web pour une cole,"Le projet consiste  crer un site web pour une cole. Le site aura des pages pour prsenter l'cole, les cours et les professeurs. Il y aura aussi un espace pour les tudiants.",IA / Machine Learning,Systmes Embarqus,tude de cas,0.661,7,32,4,0.75,0,0,0,0,1,0,REJETE
PRJ-0431,Mise en place d'un rseau local pour une entreprise v2,"Ce projet va mettre en place un rseau local pour une petite entreprise. On va choisir les quipements, configurer les switches et les routeurs, et tester la connectivit.",Dveloppement Web,Gnie Logiciel,Recherche exprimentale,0.429,10,28,3,0.857,1,0,0,0,0,0,REJETE
PRJ-0315,tude sur la scurit des rseaux wifi v3,Ce projet parle de la scurit wifi. On va voir comment scuriser un rseau wifi et quels sont les problmes qui existent avec les rseaux sans fil dans les entreprises.,Systmes Embarqus,Data Science,Prototypage,0.253,8,30,3,0.933,1,0,0,0,0,0,REJETE
PRJ-0229,Mise en place d'un systme de vote lectronique scuris pour les lections universitaires,"Ce projet consiste  concevoir et dployer une plateforme de vote lectronique scurise base sur la cryptographie asymtrique et la blockchain lgre. L'objectif est de garantir l'anonymat, l'intgrit et la traabilit des votes lors des lections au sein de l'universit.",Cyberscurit,Gnie Informatique,tude de cas,0.295,13,39,3,0.821,4,1,0,0,1,0,APPROUVE
PRJ-0364,Cration d'un site web pour une cole,"Le projet consiste  crer un site web pour une cole. Le site aura des pages pour prsenter l'cole, les cours et les professeurs. Il y aura aussi un espace pour les tudiants.",IA / Machine Learning,Gnie Logiciel,Recherche applique,0.322,7,32,4,0.75,0,0,0,0,1,0,REJETE
PRJ-0228,Mise en place d'un systme de vote lectronique scuris pour les lections universitaires,"Ce projet consiste  concevoir et dployer une plateforme de vote lectronique scurise base sur la cryptographie asymtrique et la blockchain lgre. L'objectif est de garantir l'anonymat, l'intgrit et la traabilit des votes lors des lections au sein de l'universit.",Rseaux,Rseaux et Tlcommunications,Prototypage,0.066,13,39,3,0.821,4,1,0,0,1,0,APPROUVE
PRJ-0092,Dploiement d'une infrastructure rseau WiFi communautaire  faible cot,"Cette tude propose le dploiement d'un rseau WiFi communautaire dans un quartier priurbain de Lom en utilisant des quipements open source. Le projet couvre la conception, la simulation sous GNS3, le dploiement et la mesure des performances relles.",Cloud / DevOps,Cyberscurit,Prototypage,0.175,8,38,3,0.842,2,0,0,0,0,0,REVISION_NECESSAIRE
PRJ-0344,tude sur la scurit des rseaux wifi,Ce projet parle de la scurit wifi. On va voir comment scuriser un rseau wifi et quels sont les problmes qui existent avec les rseaux sans fil dans les entreprises.,Mobile,Gnie Informatique,Recherche exprimentale,0.602,7,30,3,0.933,1,0,0,0,0,0,REJETE
PRJ-0188,Dploiement d'une infrastructure rseau WiFi communautaire  faible cot,"Cette tude propose le dploiement d'un rseau WiFi communautaire dans un quartier priurbain de Lom en utilisant des quipements open source. Le projet couvre la conception, la simulation sous GNS3, le dploiement et la mesure des performances relles.",Systmes Embarqus,Gnie Logiciel,tude de cas,0.44,8,38,3,0.842,2,0,0,0,0,0,APPROUVE
PRJ-0573,Systme comme Google,Crer un moteur de recherche similaire  Google pour l'Afrique.,Bases de donnes,Gnie Logiciel,Prototypage,0.885,3,9,2,1.0,1,0,1,0,0,0,REJETE
PRJ-0265,Application pour grer les notes des tudiants,Je veux faire une application pour grer les notes. Elle permettra d'entrer les notes et de calculer les moyennes. Ce sera utile pour les professeurs.,Cyberscurit,Data Science,tude de cas,0.516,7,25,4,0.84,0,0,0,0,0,0,REJETE
PRJ-0132,Analyse prdictive du taux de dcrochage scolaire par apprentissage automatique,"Cette recherche applique des algorithmes de machine learning (Random Forest, XGBoost) pour prdire le risque de dcrochage scolaire  partir de donnes acadmiques et socio-conomiques. Un tableau de bord de visualisation est dvelopp pour les responsables pdagogiques.",Bases de donnes,Gnie Logiciel,Recherche exprimentale,0.127,10,36,3,0.861,3,2,0,0,0,0,REVISION_NECESSAIRE
PRJ-0483,Intelligence artificielle gnrale,Crer une intelligence artificielle gnrale capable de tout faire comme un humain.,Rseaux,Gnie Informatique,tude de cas,0.773,3,12,2,1.0,0,0,1,0,0,1,REJETE
PRJ-0100,Conception d'un systme de dtection de fraude bancaire par deep learning au Togo,"Ce travail vise  concevoir et implmenter un systme intelligent de dtection de transactions frauduleuses en utilisant des rseaux de neurones LSTM appliqus aux donnes de mobile money au Togo. La mthodologie inclut la collecte de donnes anonymises, le prtraitement, l'entranement du modle et l'valuation des performances sur un jeu de test rel.",Rseaux,Gnie Logiciel,Prototypage,0.427,13,52,3,0.808,7,1,0,1,1,0,APPROUVE
PRJ-0301,Application de chat en temps rel,Ce projet vise  crer une application de messagerie instantane. Les utilisateurs pourront envoyer des messages en temps rel. On utilisera des websockets pour la communication.,Cloud / DevOps,Cyberscurit,Dveloppement logiciel (SCRUM),0.622,6,25,4,0.96,0,0,0,0,1,0,REJETE
PRJ-0186,Implmentation d'un SIEM open source pour la dtection d'intrusions en entreprise  Cas d'tude 6,Ce travail consiste  dployer et configurer un SIEM bas sur Wazuh/ELK Stack pour centraliser la gestion des logs et dtecter les intrusions dans une PME locale. Il inclut la dfinition des rgles de corrlation et les procdures de rponse aux incidents.,Cloud / DevOps,Data Science,Dveloppement logiciel (SCRUM),0.375,14,41,3,0.854,1,0,0,0,1,0,APPROUVE
